_step,train/loss,eval/paloma/c4_en/loss,eval/loss,eval/macro_loss,_segment
0,,12.252840042114258,12.24875259399414,12.25217342376709,adamh-scaling-ladder-nemotron-optimal-1e+23-v5-27f2fb
60,9.050137519836426,,,,adamh-scaling-ladder-nemotron-optimal-1e+23-v5-27f2fb
62,9.029511451721191,,,,adamh-scaling-ladder-nemotron-optimal-1e+23-v5-27f2fb
73,8.930889129638672,,,,adamh-scaling-ladder-nemotron-optimal-1e+23-v5-27f2fb
181,7.011078834533691,,,,adamh-scaling-ladder-nemotron-optimal-1e+23-v5-27f2fb
184,7.004236698150635,,,,adamh-scaling-ladder-nemotron-optimal-1e+23-v5-27f2fb
269,6.034397125244141,,,,adamh-scaling-ladder-nemotron-optimal-1e+23-v5-27f2fb
283,5.950476169586182,,,,adamh-scaling-ladder-nemotron-optimal-1e+23-v5-27f2fb
313,5.695106506347656,,,,adamh-scaling-ladder-nemotron-optimal-1e+23-v5-27f2fb
321,5.641918659210205,,,,adamh-scaling-ladder-nemotron-optimal-1e+23-v5-27f2fb
360,5.381232738494873,,,,adamh-scaling-ladder-nemotron-optimal-1e+23-v5-27f2fb
377,5.273423671722412,,,,adamh-scaling-ladder-nemotron-optimal-1e+23-v5-27f2fb
518,4.677948474884033,,,,adamh-scaling-ladder-nemotron-optimal-1e+23-v5-27f2fb
570,4.532471179962158,,,,adamh-scaling-ladder-nemotron-optimal-1e+23-v5-27f2fb
680,4.236110687255859,,,,adamh-scaling-ladder-nemotron-optimal-1e+23-v5-27f2fb
733,4.124416351318359,,,,adamh-scaling-ladder-nemotron-optimal-1e+23-v5-27f2fb
867,3.800398111343384,,,,adamh-scaling-ladder-nemotron-optimal-1e+23-v5-27f2fb
904,3.7485580444335938,,,,adamh-scaling-ladder-nemotron-optimal-1e+23-v5-27f2fb
927,3.7168221473693848,,,,adamh-scaling-ladder-nemotron-optimal-1e+23-v5-27f2fb
1000,,3.900498390197754,3.8173415660858154,3.986083507537842,adamh-scaling-ladder-nemotron-optimal-1e+23-v5-27f2fb
1055,3.528322696685791,,,,adamh-scaling-ladder-nemotron-optimal-1e+23-v5-27f2fb
1067,3.5185189247131348,,,,adamh-scaling-ladder-nemotron-optimal-1e+23-v5-27f2fb
1133,3.4731791019439697,,,,adamh-scaling-ladder-nemotron-optimal-1e+23-v5-27f2fb
1150,3.44305157661438,,,,adamh-scaling-ladder-nemotron-optimal-1e+23-v5-27f2fb
1152,3.435476303100586,,,,adamh-scaling-ladder-nemotron-optimal-1e+23-v5-27f2fb
1164,3.425318717956543,,,,adamh-scaling-ladder-nemotron-optimal-1e+23-v5-27f2fb
1212,3.3745903968811035,,,,adamh-scaling-ladder-nemotron-optimal-1e+23-v5-27f2fb
1412,3.232144594192505,,,,adamh-scaling-ladder-nemotron-optimal-1e+23-v5-27f2fb
1453,3.2001771926879883,,,,adamh-scaling-ladder-nemotron-optimal-1e+23-v5-27f2fb
1504,3.1581666469573975,,,,adamh-scaling-ladder-nemotron-optimal-1e+23-v5-27f2fb
1623,3.0907294750213623,,,,adamh-scaling-ladder-nemotron-optimal-1e+23-v5-27f2fb
1668,3.086744546890259,,,,adamh-scaling-ladder-nemotron-optimal-1e+23-v5-27f2fb
1684,3.070208787918091,,,,adamh-scaling-ladder-nemotron-optimal-1e+23-v5-27f2fb
1701,3.074558734893799,,,,adamh-scaling-ladder-nemotron-optimal-1e+23-v5-27f2fb
1769,3.0240485668182373,,,,adamh-scaling-ladder-nemotron-optimal-1e+23-v5-27f2fb
1843,3.009190559387207,,,,adamh-scaling-ladder-nemotron-optimal-1e+23-v5-27f2fb
1859,2.9826772212982178,,,,adamh-scaling-ladder-nemotron-optimal-1e+23-v5-27f2fb
1903,2.968419313430786,,,,adamh-scaling-ladder-nemotron-optimal-1e+23-v5-27f2fb
1916,2.9757957458496094,,,,adamh-scaling-ladder-nemotron-optimal-1e+23-v5-27f2fb
2000,,3.2361702919006348,3.048757791519165,3.1934640407562256,adamh-scaling-ladder-nemotron-optimal-1e+23-v5-27f2fb
2008,2.947812080383301,,,,adamh-scaling-ladder-nemotron-optimal-1e+23-v5-27f2fb
2126,2.9028289318084717,,,,adamh-scaling-ladder-nemotron-optimal-1e+23-v5-27f2fb
2132,2.911219835281372,,,,adamh-scaling-ladder-nemotron-optimal-1e+23-v5-27f2fb
2140,2.9060287475585938,,,,adamh-scaling-ladder-nemotron-optimal-1e+23-v5-27f2fb
2183,2.881004810333252,,,,adamh-scaling-ladder-nemotron-optimal-1e+23-v5-27f2fb
2215,2.890906810760498,,,,adamh-scaling-ladder-nemotron-optimal-1e+23-v5-27f2fb
2266,2.8628690242767334,,,,adamh-scaling-ladder-nemotron-optimal-1e+23-v5-27f2fb
2374,2.8487141132354736,,,,adamh-scaling-ladder-nemotron-optimal-1e+23-v5-27f2fb
2413,2.8200490474700928,,,,adamh-scaling-ladder-nemotron-optimal-1e+23-v5-27f2fb
2417,2.8324074745178223,,,,adamh-scaling-ladder-nemotron-optimal-1e+23-v5-27f2fb
2445,2.8384594917297363,,,,adamh-scaling-ladder-nemotron-optimal-1e+23-v5-27f2fb
2452,2.8209381103515625,,,,adamh-scaling-ladder-nemotron-optimal-1e+23-v5-27f2fb
2580,2.780489444732666,,,,adamh-scaling-ladder-nemotron-optimal-1e+23-v5-27f2fb
2606,2.8052008152008057,,,,adamh-scaling-ladder-nemotron-optimal-1e+23-v5-27f2fb
2634,2.7806012630462646,,,,adamh-scaling-ladder-nemotron-optimal-1e+23-v5-27f2fb
2724,2.7648813724517822,,,,adamh-scaling-ladder-nemotron-optimal-1e+23-v5-27f2fb
2785,2.7563865184783936,,,,adamh-scaling-ladder-nemotron-optimal-1e+23-v5-27f2fb
2984,2.7391858100891113,,,,adamh-scaling-ladder-nemotron-optimal-1e+23-v5-27f2fb
3000,,3.0090556144714355,2.8068954944610596,2.94747257232666,adamh-scaling-ladder-nemotron-optimal-1e+23-v5-27f2fb
3091,2.7180404663085938,,,,adamh-scaling-ladder-nemotron-optimal-1e+23-v5-27f2fb
3092,2.703033924102783,,,,adamh-scaling-ladder-nemotron-optimal-1e+23-v5-27f2fb
3122,2.706406354904175,,,,adamh-scaling-ladder-nemotron-optimal-1e+23-v5-27f2fb
3180,2.6954212188720703,,,,adamh-scaling-ladder-nemotron-optimal-1e+23-v5-27f2fb
3188,2.6955204010009766,,,,adamh-scaling-ladder-nemotron-optimal-1e+23-v5-27f2fb
3271,2.691416025161743,,,,adamh-scaling-ladder-nemotron-optimal-1e+23-v5-27f2fb
3372,2.6629273891448975,,,,adamh-scaling-ladder-nemotron-optimal-1e+23-v5-27f2fb
3398,2.641566276550293,,,,adamh-scaling-ladder-nemotron-optimal-1e+23-v5-27f2fb
3424,2.672374725341797,,,,adamh-scaling-ladder-nemotron-optimal-1e+23-v5-27f2fb
3441,2.6627161502838135,,,,adamh-scaling-ladder-nemotron-optimal-1e+23-v5-27f2fb
3447,2.6842665672302246,,,,adamh-scaling-ladder-nemotron-optimal-1e+23-v5-27f2fb
3505,2.648505210876465,,,,adamh-scaling-ladder-nemotron-optimal-1e+23-v5-27f2fb
3558,2.6563713550567627,,,,adamh-scaling-ladder-nemotron-optimal-1e+23-v5-27f2fb
3610,2.6561222076416016,,,,adamh-scaling-ladder-nemotron-optimal-1e+23-v5-27f2fb
3705,2.626539945602417,,,,adamh-scaling-ladder-nemotron-optimal-1e+23-v5-27f2fb
3901,2.6267049312591553,,,,adamh-scaling-ladder-nemotron-optimal-1e+23-v5-27f2fb
3906,2.625628709793091,,,,adamh-scaling-ladder-nemotron-optimal-1e+23-v5-27f2fb
3912,2.6148054599761963,,,,adamh-scaling-ladder-nemotron-optimal-1e+23-v5-27f2fb
3925,2.620645046234131,,,,adamh-scaling-ladder-nemotron-optimal-1e+23-v5-27f2fb
3963,2.6077675819396973,,,,adamh-scaling-ladder-nemotron-optimal-1e+23-v5-27f2fb
4000,2.6145713329315186,2.9004018306732178,2.6936042308807373,2.828864336013794,adamh-scaling-ladder-nemotron-optimal-1e+23-v5-27f2fb
4080,2.600109815597534,,,,adamh-scaling-ladder-nemotron-optimal-1e+23-v5-27f2fb
4146,2.588258981704712,,,,adamh-scaling-ladder-nemotron-optimal-1e+23-v5-27f2fb
4175,2.588247299194336,,,,adamh-scaling-ladder-nemotron-optimal-1e+23-v5-27f2fb
4310,2.601325511932373,,,,adamh-scaling-ladder-nemotron-optimal-1e+23-v5-27f2fb
4333,2.5887811183929443,,,,adamh-scaling-ladder-nemotron-optimal-1e+23-v5-27f2fb
4343,2.596743106842041,,,,adamh-scaling-ladder-nemotron-optimal-1e+23-v5-27f2fb
4519,2.5710337162017822,,,,adamh-scaling-ladder-nemotron-optimal-1e+23-v5-27f2fb
4603,2.560748815536499,,,,adamh-scaling-ladder-nemotron-optimal-1e+23-v5-27f2fb
4648,2.5679996013641357,,,,adamh-scaling-ladder-nemotron-optimal-1e+23-v5-27f2fb
4708,2.5660016536712646,,,,adamh-scaling-ladder-nemotron-optimal-1e+23-v5-27f2fb
4811,2.565521478652954,,,,adamh-scaling-ladder-nemotron-optimal-1e+23-v5-27f2fb
4865,2.548861265182495,,,,adamh-scaling-ladder-nemotron-optimal-1e+23-v5-27f2fb
4875,2.5550897121429443,,,,adamh-scaling-ladder-nemotron-optimal-1e+23-v5-27f2fb
4909,2.5382885932922363,,,,adamh-scaling-ladder-nemotron-optimal-1e+23-v5-27f2fb
4926,2.5499234199523926,,,,adamh-scaling-ladder-nemotron-optimal-1e+23-v5-27f2fb
4996,2.5616815090179443,,,,adamh-scaling-ladder-nemotron-optimal-1e+23-v5-27f2fb
5000,,2.837230920791626,2.627054452896118,2.7604787349700928,adamh-scaling-ladder-nemotron-optimal-1e+23-v5-27f2fb
5036,2.519430160522461,,,,adamh-scaling-ladder-nemotron-optimal-1e+23-v5-27f2fb
5168,2.555436611175537,,,,adamh-scaling-ladder-nemotron-optimal-1e+23-v5-27f2fb
5192,2.553826332092285,,,,adamh-scaling-ladder-nemotron-optimal-1e+23-v5-27f2fb
5387,2.536600112915039,,,,adamh-scaling-ladder-nemotron-optimal-1e+23-v5-27f2fb
5546,2.5266220569610596,,,,adamh-scaling-ladder-nemotron-optimal-1e+23-v5-27f2fb
5555,2.5205063819885254,,,,adamh-scaling-ladder-nemotron-optimal-1e+23-v5-27f2fb
5588,2.5266852378845215,,,,adamh-scaling-ladder-nemotron-optimal-1e+23-v5-27f2fb
5605,2.5239388942718506,,,,adamh-scaling-ladder-nemotron-optimal-1e+23-v5-27f2fb
5644,2.5236217975616455,,,,adamh-scaling-ladder-nemotron-optimal-1e+23-v5-27f2fb
5866,2.5378589630126953,,,,adamh-scaling-ladder-nemotron-optimal-1e+23-v5-27f2fb
5934,2.529711961746216,,,,adamh-scaling-ladder-nemotron-optimal-1e+23-v5-27f2fb
5936,2.5006394386291504,,,,adamh-scaling-ladder-nemotron-optimal-1e+23-v5-27f2fb
5962,2.502094268798828,,,,adamh-scaling-ladder-nemotron-optimal-1e+23-v5-27f2fb
5978,2.5276455879211426,,,,adamh-scaling-ladder-nemotron-optimal-1e+23-v5-27f2fb
5984,2.505298614501953,,,,adamh-scaling-ladder-nemotron-optimal-1e+23-v5-27f2fb
6000,,2.8023734092712402,2.5903007984161377,2.7206332683563232,adamh-scaling-ladder-nemotron-optimal-1e+23-v5-27f2fb
6011,2.5155129432678223,,,,adamh-scaling-ladder-nemotron-optimal-1e+23-v5-27f2fb
6032,2.516047716140747,,,,adamh-scaling-ladder-nemotron-optimal-1e+23-v5-27f2fb
6091,2.560511589050293,,,,adamh-scaling-ladder-nemotron-optimal-1e+23-v5-27f2fb
6108,2.5355067253112793,,,,adamh-scaling-ladder-nemotron-optimal-1e+23-v5-27f2fb
6115,2.5337226390838623,,,,adamh-scaling-ladder-nemotron-optimal-1e+23-v5-27f2fb
6207,2.5033130645751953,,,,adamh-scaling-ladder-nemotron-optimal-1e+23-v5-27f2fb
6367,2.518038511276245,,,,adamh-scaling-ladder-nemotron-optimal-1e+23-v5-27f2fb
6513,2.5486056804656982,,,,adamh-scaling-ladder-nemotron-optimal-1e+23-v5-27f2fb
6515,2.5673298835754395,,,,adamh-scaling-ladder-nemotron-optimal-1e+23-v5-27f2fb
6582,2.5241148471832275,,,,adamh-scaling-ladder-nemotron-optimal-1e+23-v5-27f2fb
6711,2.496854066848755,,,,adamh-scaling-ladder-nemotron-optimal-1e+23-v5-27f2fb
6742,2.5001888275146484,,,,adamh-scaling-ladder-nemotron-optimal-1e+23-v5-27f2fb
6806,2.5099518299102783,,,,adamh-scaling-ladder-nemotron-optimal-1e+23-v5-27f2fb
6814,2.4962151050567627,,,,adamh-scaling-ladder-nemotron-optimal-1e+23-v5-27f2fb
6993,2.5553722381591797,,,,adamh-scaling-ladder-nemotron-optimal-1e+23-v5-27f2fb
7000,,2.8292183876037598,2.6075010299682617,2.7389109134674072,adamh-scaling-ladder-nemotron-optimal-1e+23-v5-27f2fb
7070,2.511253833770752,,,,adamh-scaling-ladder-nemotron-optimal-1e+23-v5-27f2fb
7140,2.4995341300964355,,,,adamh-scaling-ladder-nemotron-optimal-1e+23-v5-27f2fb
7193,2.509906768798828,,,,adamh-scaling-ladder-nemotron-optimal-1e+23-v5-27f2fb
7222,2.490386486053467,,,,adamh-scaling-ladder-nemotron-optimal-1e+23-v5-27f2fb
7304,2.58345103263855,,,,adamh-scaling-ladder-nemotron-optimal-1e+23-v5-27f2fb
7370,2.5461266040802,,,,adamh-scaling-ladder-nemotron-optimal-1e+23-v5-27f2fb
7374,2.513655662536621,,,,adamh-scaling-ladder-nemotron-optimal-1e+23-v5-27f2fb
7445,2.5070364475250244,,,,adamh-scaling-ladder-nemotron-optimal-1e+23-v5-27f2fb
7484,2.497448444366455,,,,adamh-scaling-ladder-nemotron-optimal-1e+23-v5-27f2fb
7525,2.5211384296417236,,,,adamh-scaling-ladder-nemotron-optimal-1e+23-v5-27f2fb
7557,2.5098087787628174,,,,adamh-scaling-ladder-nemotron-optimal-1e+23-v5-27f2fb
7629,2.520946979522705,,,,adamh-scaling-ladder-nemotron-optimal-1e+23-v5-27f2fb
7663,2.503486394882202,,,,adamh-scaling-ladder-nemotron-optimal-1e+23-v5-27f2fb
7730,2.498178720474243,,,,adamh-scaling-ladder-nemotron-optimal-1e+23-v5-27f2fb
7745,2.4822945594787598,,,,adamh-scaling-ladder-nemotron-optimal-1e+23-v5-27f2fb
7820,2.4977991580963135,,,,adamh-scaling-ladder-nemotron-optimal-1e+23-v5-27f2fb
7840,2.486891508102417,,,,adamh-scaling-ladder-nemotron-optimal-1e+23-v5-27f2fb
7923,2.494704246520996,,,,adamh-scaling-ladder-nemotron-optimal-1e+23-v5-27f2fb
7931,2.479081392288208,,,,adamh-scaling-ladder-nemotron-optimal-1e+23-v5-27f2fb
8000,,2.7734546661376953,2.556723117828369,2.6856956481933594,adamh-scaling-ladder-nemotron-optimal-1e+23-v5-27f2fb
8168,2.4959959983825684,,,,adamh-scaling-ladder-nemotron-optimal-1e+23-v5-27f2fb
8256,2.62095046043396,,,,adamh-scaling-ladder-nemotron-optimal-1e+23-v5-27f2fb
8289,2.5291616916656494,,,,adamh-scaling-ladder-nemotron-optimal-1e+23-v5-27f2fb
8305,2.550706148147583,,,,adamh-scaling-ladder-nemotron-optimal-1e+23-v5-27f2fb
8377,2.497307300567627,,,,adamh-scaling-ladder-nemotron-optimal-1e+23-v5-27f2fb
8407,2.470301628112793,,,,adamh-scaling-ladder-nemotron-optimal-1e+23-v5-27f2fb
8445,2.472376823425293,,,,adamh-scaling-ladder-nemotron-optimal-1e+23-v5-27f2fb
8484,2.4846959114074707,,,,adamh-scaling-ladder-nemotron-optimal-1e+23-v5-27f2fb
8520,2.4700050354003906,,,,adamh-scaling-ladder-nemotron-optimal-1e+23-v5-27f2fb
8555,2.468954563140869,,,,adamh-scaling-ladder-nemotron-optimal-1e+23-v5-27f2fb
8566,2.4661788940429688,,,,adamh-scaling-ladder-nemotron-optimal-1e+23-v5-27f2fb
8576,2.4800150394439697,,,,adamh-scaling-ladder-nemotron-optimal-1e+23-v5-27f2fb
8578,2.484375476837158,,,,adamh-scaling-ladder-nemotron-optimal-1e+23-v5-27f2fb
8700,2.4682931900024414,,,,adamh-scaling-ladder-nemotron-optimal-1e+23-v5-27f2fb
8749,2.4538450241088867,,,,adamh-scaling-ladder-nemotron-optimal-1e+23-v5-27f2fb
8756,2.4696567058563232,,,,adamh-scaling-ladder-nemotron-optimal-1e+23-v5-27f2fb
8781,2.4782822132110596,,,,adamh-scaling-ladder-nemotron-optimal-1e+23-v5-27f2fb
8798,2.474048376083374,,,,adamh-scaling-ladder-nemotron-optimal-1e+23-v5-27f2fb
8804,2.4589738845825195,,,,adamh-scaling-ladder-nemotron-optimal-1e+23-v5-27f2fb
8805,2.474623680114746,,,,adamh-scaling-ladder-nemotron-optimal-1e+23-v5-27f2fb
8825,2.4573757648468018,,,,adamh-scaling-ladder-nemotron-optimal-1e+23-v5-27f2fb
8892,2.447246551513672,,,,adamh-scaling-ladder-nemotron-optimal-1e+23-v5-27f2fb
8925,2.462423086166382,,,,adamh-scaling-ladder-nemotron-optimal-1e+23-v5-27f2fb
8934,2.445594549179077,,,,adamh-scaling-ladder-nemotron-optimal-1e+23-v5-27f2fb
8976,2.463789939880371,,,,adamh-scaling-ladder-nemotron-optimal-1e+23-v5-27f2fb
8980,2.4585819244384766,,,,adamh-scaling-ladder-nemotron-optimal-1e+23-v5-27f2fb
9000,,2.748016834259033,2.527230978012085,2.656693458557129,adamh-scaling-ladder-nemotron-optimal-1e+23-v5-27f2fb
9044,2.4688711166381836,,,,adamh-scaling-ladder-nemotron-optimal-1e+23-v5-27f2fb
9050,2.4663305282592773,,,,adamh-scaling-ladder-nemotron-optimal-1e+23-v5-27f2fb
9088,2.456101655960083,,,,adamh-scaling-ladder-nemotron-optimal-1e+23-v5-27f2fb
9102,2.453383684158325,,,,adamh-scaling-ladder-nemotron-optimal-1e+23-v5-27f2fb
9330,2.4665040969848633,,,,adamh-scaling-ladder-nemotron-optimal-1e+23-v5-27f2fb
9333,2.4524576663970947,,,,adamh-scaling-ladder-nemotron-optimal-1e+23-v5-27f2fb
9429,2.439789295196533,,,,adamh-scaling-ladder-nemotron-optimal-1e+23-v5-27f2fb
9542,2.5352821350097656,,,,adamh-scaling-ladder-nemotron-optimal-1e+23-v5-27f2fb
9673,2.449063539505005,,,,adamh-scaling-ladder-nemotron-optimal-1e+23-v5-27f2fb
9674,2.437389850616455,,,,adamh-scaling-ladder-nemotron-optimal-1e+23-v5-27f2fb
9740,2.4419379234313965,,,,adamh-scaling-ladder-nemotron-optimal-1e+23-v5-27f2fb
9841,2.4329655170440674,,,,adamh-scaling-ladder-nemotron-optimal-1e+23-v5-27f2fb
9842,2.451216220855713,,,,adamh-scaling-ladder-nemotron-optimal-1e+23-v5-27f2fb
9878,2.456883192062378,,,,adamh-scaling-ladder-nemotron-optimal-1e+23-v5-27f2fb
9898,2.4445722103118896,,,,adamh-scaling-ladder-nemotron-optimal-1e+23-v5-27f2fb
9923,2.4452197551727295,,,,adamh-scaling-ladder-nemotron-optimal-1e+23-v5-27f2fb
9941,2.437521457672119,,,,adamh-scaling-ladder-nemotron-optimal-1e+23-v5-27f2fb
10000,,2.726213216781616,2.5041770935058594,2.6295077800750732,adamh-scaling-ladder-nemotron-optimal-1e+23-v5-27f2fb
10071,2.4415907859802246,,,,adamh-scaling-ladder-nemotron-optimal-1e+23-v5-27f2fb
10256,2.438032627105713,,,,adamh-scaling-ladder-nemotron-optimal-1e+23-v5-27f2fb
10282,2.439936399459839,,,,adamh-scaling-ladder-nemotron-optimal-1e+23-v5-27f2fb
10296,2.4364147186279297,,,,adamh-scaling-ladder-nemotron-optimal-1e+23-v5-27f2fb
10303,2.430330514907837,,,,adamh-scaling-ladder-nemotron-optimal-1e+23-v5-27f2fb
10304,2.4452192783355713,,,,adamh-scaling-ladder-nemotron-optimal-1e+23-v5-27f2fb
10340,2.4055917263031006,,,,adamh-scaling-ladder-nemotron-optimal-1e+23-v5-27f2fb
10362,2.423058032989502,,,,adamh-scaling-ladder-nemotron-optimal-1e+23-v5-27f2fb
10395,2.445732831954956,,,,adamh-scaling-ladder-nemotron-optimal-1e+23-v5-27f2fb
10449,2.431647539138794,,,,adamh-scaling-ladder-nemotron-optimal-1e+23-v5-27f2fb
10642,2.4218475818634033,,,,adamh-scaling-ladder-nemotron-optimal-1e+23-v5-27f2fb
10667,2.4421651363372803,,,,adamh-scaling-ladder-nemotron-optimal-1e+23-v5-27f2fb
10705,2.423987865447998,,,,adamh-scaling-ladder-nemotron-optimal-1e+23-v5-27f2fb
10813,2.420686721801758,,,,adamh-scaling-ladder-nemotron-optimal-1e+23-v5-27f2fb
10817,2.4070146083831787,,,,adamh-scaling-ladder-nemotron-optimal-1e+23-v5-27f2fb
10833,2.415597438812256,,,,adamh-scaling-ladder-nemotron-optimal-1e+23-v5-27f2fb
10870,2.429708242416382,,,,adamh-scaling-ladder-nemotron-optimal-1e+23-v5-27f2fb
10885,2.415034055709839,,,,adamh-scaling-ladder-nemotron-optimal-1e+23-v5-27f2fb
10895,2.4112436771392822,,,,adamh-scaling-ladder-nemotron-optimal-1e+23-v5-27f2fb
10926,2.415300130844116,,,,adamh-scaling-ladder-nemotron-optimal-1e+23-v5-27f2fb
10941,2.4560184478759766,,,,adamh-scaling-ladder-nemotron-optimal-1e+23-v5-27f2fb
11000,,2.7248034477233887,2.4986584186553955,2.629063606262207,adamh-scaling-ladder-nemotron-optimal-1e+23-v5-27f2fb
11077,2.4311366081237793,,,,adamh-scaling-ladder-nemotron-optimal-1e+23-v5-27f2fb
11180,2.4098527431488037,,,,adamh-scaling-ladder-nemotron-optimal-1e+23-v5-27f2fb
11244,2.4153175354003906,,,,adamh-scaling-ladder-nemotron-optimal-1e+23-v5-27f2fb
11266,2.428619146347046,,,,adamh-scaling-ladder-nemotron-optimal-1e+23-v5-27f2fb
11307,2.415565013885498,,,,adamh-scaling-ladder-nemotron-optimal-1e+23-v5-27f2fb
11321,2.4133307933807373,,,,adamh-scaling-ladder-nemotron-optimal-1e+23-v5-27f2fb
11347,2.4227168560028076,,,,adamh-scaling-ladder-nemotron-optimal-1e+23-v5-27f2fb
11368,2.4132204055786133,,,,adamh-scaling-ladder-nemotron-optimal-1e+23-v5-27f2fb
11395,2.4134163856506348,,,,adamh-scaling-ladder-nemotron-optimal-1e+23-v5-27f2fb
11401,2.4214835166931152,,,,adamh-scaling-ladder-nemotron-optimal-1e+23-v5-27f2fb
11430,2.412112236022949,,,,adamh-scaling-ladder-nemotron-optimal-1e+23-v5-27f2fb
11464,2.4172523021698,,,,adamh-scaling-ladder-nemotron-optimal-1e+23-v5-27f2fb
11469,2.4189000129699707,,,,adamh-scaling-ladder-nemotron-optimal-1e+23-v5-27f2fb
11475,2.402695894241333,,,,adamh-scaling-ladder-nemotron-optimal-1e+23-v5-27f2fb
11489,2.4219648838043213,,,,adamh-scaling-ladder-nemotron-optimal-1e+23-v5-27f2fb
11523,2.416419744491577,,,,adamh-scaling-ladder-nemotron-optimal-1e+23-v5-27f2fb
11612,2.4162814617156982,,,,adamh-scaling-ladder-nemotron-optimal-1e+23-v5-27f2fb
11664,2.412414312362671,,,,adamh-scaling-ladder-nemotron-optimal-1e+23-v5-27f2fb
11684,2.4147961139678955,,,,adamh-scaling-ladder-nemotron-optimal-1e+23-v5-27f2fb
11703,2.4175381660461426,,,,adamh-scaling-ladder-nemotron-optimal-1e+23-v5-27f2fb
11716,2.411362648010254,,,,adamh-scaling-ladder-nemotron-optimal-1e+23-v5-27f2fb
11792,2.4008665084838867,,,,adamh-scaling-ladder-nemotron-optimal-1e+23-v5-27f2fb
11802,2.4079477787017822,,,,adamh-scaling-ladder-nemotron-optimal-1e+23-v5-27f2fb
11952,2.4032962322235107,,,,adamh-scaling-ladder-nemotron-optimal-1e+23-v5-27f2fb
12000,,2.6994926929473877,2.4738399982452393,2.5987541675567627,adamh-scaling-ladder-nemotron-optimal-1e+23-v5-27f2fb
12007,2.4044699668884277,,,,adamh-scaling-ladder-nemotron-optimal-1e+23-v5-27f2fb
12128,2.453974962234497,,,,adamh-scaling-ladder-nemotron-optimal-1e+23-v5-27f2fb
12251,2.412675142288208,,,,adamh-scaling-ladder-nemotron-optimal-1e+23-v5-27f2fb
12276,2.4089159965515137,,,,adamh-scaling-ladder-nemotron-optimal-1e+23-v5-27f2fb
12291,2.4109244346618652,,,,adamh-scaling-ladder-nemotron-optimal-1e+23-v5-27f2fb
12347,2.3954646587371826,,,,adamh-scaling-ladder-nemotron-optimal-1e+23-v5-27f2fb
12457,2.4034125804901123,,,,adamh-scaling-ladder-nemotron-optimal-1e+23-v5-27f2fb
12477,2.4080772399902344,,,,adamh-scaling-ladder-nemotron-optimal-1e+23-v5-27f2fb
12540,2.394385814666748,,,,adamh-scaling-ladder-nemotron-optimal-1e+23-v5-27f2fb
12658,2.4510185718536377,,,,adamh-scaling-ladder-nemotron-optimal-1e+23-v5-27f2fb
12683,2.396559238433838,,,,adamh-scaling-ladder-nemotron-optimal-1e+23-v5-27f2fb
12805,2.411966323852539,,,,adamh-scaling-ladder-nemotron-optimal-1e+23-v5-27f2fb
12827,2.4005887508392334,,,,adamh-scaling-ladder-nemotron-optimal-1e+23-v5-27f2fb
12836,2.4252941608428955,,,,adamh-scaling-ladder-nemotron-optimal-1e+23-v5-27f2fb
12876,2.4305217266082764,,,,adamh-scaling-ladder-nemotron-optimal-1e+23-v5-27f2fb
12893,2.3847382068634033,,,,adamh-scaling-ladder-nemotron-optimal-1e+23-v5-27f2fb
12963,2.3991236686706543,,,,adamh-scaling-ladder-nemotron-optimal-1e+23-v5-27f2fb
12984,2.39646315574646,,,,adamh-scaling-ladder-nemotron-optimal-1e+23-v5-27f2fb
12990,2.3846848011016846,,,,adamh-scaling-ladder-nemotron-optimal-1e+23-v5-27f2fb
12999,2.3966965675354004,,,,adamh-scaling-ladder-nemotron-optimal-1e+23-v5-27f2fb
13000,,2.688967227935791,2.462261915206909,2.5854170322418213,adamh-scaling-ladder-nemotron-optimal-1e+23-v5-27f2fb
13021,2.398071050643921,,,,adamh-scaling-ladder-nemotron-optimal-1e+23-v5-27f2fb
13041,2.3895134925842285,,,,adamh-scaling-ladder-nemotron-optimal-1e+23-v5-27f2fb
13099,2.409066677093506,,,,adamh-scaling-ladder-nemotron-optimal-1e+23-v5-27f2fb
13231,2.4104034900665283,,,,adamh-scaling-ladder-nemotron-optimal-1e+23-v5-27f2fb
13241,2.411022186279297,,,,adamh-scaling-ladder-nemotron-optimal-1e+23-v5-27f2fb
13243,2.4084599018096924,,,,adamh-scaling-ladder-nemotron-optimal-1e+23-v5-27f2fb
13358,2.3986968994140625,,,,adamh-scaling-ladder-nemotron-optimal-1e+23-v5-27f2fb
13466,2.407031774520874,,,,adamh-scaling-ladder-nemotron-optimal-1e+23-v5-27f2fb
13635,2.4567151069641113,,,,adamh-scaling-ladder-nemotron-optimal-1e+23-v5-27f2fb
13697,2.4644815921783447,,,,adamh-scaling-ladder-nemotron-optimal-1e+23-v5-27f2fb
13790,2.4036705493927,,,,adamh-scaling-ladder-nemotron-optimal-1e+23-v5-27f2fb
13840,2.39646315574646,,,,adamh-scaling-ladder-nemotron-optimal-1e+23-v5-27f2fb
13884,2.4096860885620117,,,,adamh-scaling-ladder-nemotron-optimal-1e+23-v5-27f2fb
13957,2.4026317596435547,,,,adamh-scaling-ladder-nemotron-optimal-1e+23-v5-27f2fb
14000,,2.688349723815918,2.457289695739746,2.582071542739868,adamh-scaling-ladder-nemotron-optimal-1e+23-v5-27f2fb
14007,2.3977303504943848,,,,adamh-scaling-ladder-nemotron-optimal-1e+23-v5-27f2fb
14013,2.396583080291748,,,,adamh-scaling-ladder-nemotron-optimal-1e+23-v5-27f2fb
14043,2.400010585784912,,,,adamh-scaling-ladder-nemotron-optimal-1e+23-v5-27f2fb
14047,2.406768798828125,,,,adamh-scaling-ladder-nemotron-optimal-1e+23-v5-27f2fb
14088,2.3995273113250732,,,,adamh-scaling-ladder-nemotron-optimal-1e+23-v5-27f2fb
14091,2.400665044784546,,,,adamh-scaling-ladder-nemotron-optimal-1e+23-v5-27f2fb
14104,2.379952907562256,,,,adamh-scaling-ladder-nemotron-optimal-1e+23-v5-27f2fb
14130,2.3897998332977295,,,,adamh-scaling-ladder-nemotron-optimal-1e+23-v5-27f2fb
14154,2.403207778930664,,,,adamh-scaling-ladder-nemotron-optimal-1e+23-v5-27f2fb
14179,2.4120283126831055,,,,adamh-scaling-ladder-nemotron-optimal-1e+23-v5-27f2fb
14196,2.3926732540130615,,,,adamh-scaling-ladder-nemotron-optimal-1e+23-v5-27f2fb
14250,2.4056692123413086,,,,adamh-scaling-ladder-nemotron-optimal-1e+23-v5-27f2fb
14259,2.4001011848449707,,,,adamh-scaling-ladder-nemotron-optimal-1e+23-v5-27f2fb
14267,2.389667272567749,,,,adamh-scaling-ladder-nemotron-optimal-1e+23-v5-27f2fb
14416,2.394368886947632,,,,adamh-scaling-ladder-nemotron-optimal-1e+23-v5-27f2fb
14430,2.392364263534546,,,,adamh-scaling-ladder-nemotron-optimal-1e+23-v5-27f2fb
14516,2.3866348266601562,,,,adamh-scaling-ladder-nemotron-optimal-1e+23-v5-27f2fb
14519,2.399747371673584,,,,adamh-scaling-ladder-nemotron-optimal-1e+23-v5-27f2fb
14682,2.3789222240448,,,,adamh-scaling-ladder-nemotron-optimal-1e+23-v5-27f2fb
14713,2.3913674354553223,,,,adamh-scaling-ladder-nemotron-optimal-1e+23-v5-27f2fb
14755,2.3961775302886963,,,,adamh-scaling-ladder-nemotron-optimal-1e+23-v5-27f2fb
14782,2.3906350135803223,,,,adamh-scaling-ladder-nemotron-optimal-1e+23-v5-27f2fb
14816,2.3954274654388428,,,,adamh-scaling-ladder-nemotron-optimal-1e+23-v5-27f2fb
14851,2.3805510997772217,,,,adamh-scaling-ladder-nemotron-optimal-1e+23-v5-27f2fb
14927,2.478606700897217,,,,adamh-scaling-ladder-nemotron-optimal-1e+23-v5-27f2fb
14954,2.4149484634399414,,,,adamh-scaling-ladder-nemotron-optimal-1e+23-v5-27f2fb
15000,,2.6733012199401855,2.447810411453247,2.5709574222564697,adamh-scaling-ladder-nemotron-optimal-1e+23-v5-27f2fb
15018,2.370643138885498,,,,adamh-scaling-ladder-nemotron-optimal-1e+23-v5-27f2fb
15304,2.3789868354797363,,,,adamh-scaling-ladder-nemotron-optimal-1e+23-v5-27f2fb
15323,2.3829939365386963,,,,adamh-scaling-ladder-nemotron-optimal-1e+23-v5-27f2fb
15387,2.368959426879883,,,,adamh-scaling-ladder-nemotron-optimal-1e+23-v5-27f2fb
15445,2.3960793018341064,,,,adamh-scaling-ladder-nemotron-optimal-1e+23-v5-27f2fb
15469,2.373401403427124,,,,adamh-scaling-ladder-nemotron-optimal-1e+23-v5-27f2fb
15530,2.380601406097412,,,,adamh-scaling-ladder-nemotron-optimal-1e+23-v5-27f2fb
15569,2.3857245445251465,,,,adamh-scaling-ladder-nemotron-optimal-1e+23-v5-27f2fb
15637,2.3902571201324463,,,,adamh-scaling-ladder-nemotron-optimal-1e+23-v5-27f2fb
15695,2.3831984996795654,,,,adamh-scaling-ladder-nemotron-optimal-1e+23-v5-27f2fb
15713,2.370588541030884,,,,adamh-scaling-ladder-nemotron-optimal-1e+23-v5-27f2fb
15776,2.3865437507629395,,,,adamh-scaling-ladder-nemotron-optimal-1e+23-v5-27f2fb
15824,2.3758480548858643,,,,adamh-scaling-ladder-nemotron-optimal-1e+23-v5-27f2fb
15829,2.3656256198883057,,,,adamh-scaling-ladder-nemotron-optimal-1e+23-v5-27f2fb
15835,2.3778510093688965,,,,adamh-scaling-ladder-nemotron-optimal-1e+23-v5-27f2fb
15852,2.3656985759735107,,,,adamh-scaling-ladder-nemotron-optimal-1e+23-v5-27f2fb
15907,2.3674566745758057,,,,adamh-scaling-ladder-nemotron-optimal-1e+23-v5-27f2fb
15928,2.3767924308776855,,,,adamh-scaling-ladder-nemotron-optimal-1e+23-v5-27f2fb
16000,,2.667771577835083,2.434248447418213,2.55741548538208,adamh-scaling-ladder-nemotron-optimal-1e+23-v5-27f2fb
16044,2.377511739730835,,,,adamh-scaling-ladder-nemotron-optimal-1e+23-v5-27f2fb
16150,2.3855819702148438,,,,adamh-scaling-ladder-nemotron-optimal-1e+23-v5-27f2fb
16211,2.367727041244507,,,,adamh-scaling-ladder-nemotron-optimal-1e+23-v5-27f2fb
16245,2.3840386867523193,,,,adamh-scaling-ladder-nemotron-optimal-1e+23-v5-27f2fb
16364,2.3701720237731934,,,,adamh-scaling-ladder-nemotron-optimal-1e+23-v5-27f2fb
16463,2.3705596923828125,,,,adamh-scaling-ladder-nemotron-optimal-1e+23-v5-27f2fb
16468,2.3767051696777344,,,,adamh-scaling-ladder-nemotron-optimal-1e+23-v5-27f2fb
16554,2.376055955886841,,,,adamh-scaling-ladder-nemotron-optimal-1e+23-v5-27f2fb
16601,2.374664306640625,,,,adamh-scaling-ladder-nemotron-optimal-1e+23-v5-27f2fb
16622,2.3702404499053955,,,,adamh-scaling-ladder-nemotron-optimal-1e+23-v5-27f2fb
16627,2.359064817428589,,,,adamh-scaling-ladder-nemotron-optimal-1e+23-v5-27f2fb
16706,2.3765769004821777,,,,adamh-scaling-ladder-nemotron-optimal-1e+23-v5-27f2fb
16722,2.3634605407714844,,,,adamh-scaling-ladder-nemotron-optimal-1e+23-v5-27f2fb
16852,2.3673527240753174,,,,adamh-scaling-ladder-nemotron-optimal-1e+23-v5-27f2fb
16857,2.3688454627990723,,,,adamh-scaling-ladder-nemotron-optimal-1e+23-v5-27f2fb
16916,2.38218355178833,,,,adamh-scaling-ladder-nemotron-optimal-1e+23-v5-27f2fb
16935,2.377871036529541,,,,adamh-scaling-ladder-nemotron-optimal-1e+23-v5-27f2fb
16962,2.3615360260009766,,,,adamh-scaling-ladder-nemotron-optimal-1e+23-v5-27f2fb
17000,,2.6566379070281982,2.4329264163970947,2.5531740188598633,adamh-scaling-ladder-nemotron-optimal-1e+23-v5-27f2fb
17062,2.498312473297119,,,,adamh-scaling-ladder-nemotron-optimal-1e+23-v5-27f2fb
17195,2.4194254875183105,,,,adamh-scaling-ladder-nemotron-optimal-1e+23-v5-27f2fb
17207,2.402531862258911,,,,adamh-scaling-ladder-nemotron-optimal-1e+23-v5-27f2fb
17287,2.3765718936920166,,,,adamh-scaling-ladder-nemotron-optimal-1e+23-v5-27f2fb
17447,2.3731887340545654,,,,adamh-scaling-ladder-nemotron-optimal-1e+23-v5-27f2fb
17506,2.3620193004608154,,,,adamh-scaling-ladder-nemotron-optimal-1e+23-v5-27f2fb
17602,2.3864078521728516,,,,adamh-scaling-ladder-nemotron-optimal-1e+23-v5-27f2fb
17678,2.370608329772949,,,,adamh-scaling-ladder-nemotron-optimal-1e+23-v5-27f2fb
17732,2.3764874935150146,,,,adamh-scaling-ladder-nemotron-optimal-1e+23-v5-27f2fb
17743,2.364619016647339,,,,adamh-scaling-ladder-nemotron-optimal-1e+23-v5-27f2fb
17745,2.3697404861450195,,,,adamh-scaling-ladder-nemotron-optimal-1e+23-v5-27f2fb
17748,2.365748882293701,,,,adamh-scaling-ladder-nemotron-optimal-1e+23-v5-27f2fb
17795,2.3818538188934326,,,,adamh-scaling-ladder-nemotron-optimal-1e+23-v5-27f2fb
17799,2.379394292831421,,,,adamh-scaling-ladder-nemotron-optimal-1e+23-v5-27f2fb
17850,2.3751721382141113,,,,adamh-scaling-ladder-nemotron-optimal-1e+23-v5-27f2fb
17872,2.370461940765381,,,,adamh-scaling-ladder-nemotron-optimal-1e+23-v5-27f2fb
17936,2.381186008453369,,,,adamh-scaling-ladder-nemotron-optimal-1e+23-v5-27f2fb
17988,2.371539831161499,,,,adamh-scaling-ladder-nemotron-optimal-1e+23-v5-27f2fb
18000,,2.65533447265625,2.429232358932495,2.5512328147888184,adamh-scaling-ladder-nemotron-optimal-1e+23-v5-27f2fb
18014,2.366149663925171,,,,adamh-scaling-ladder-nemotron-optimal-1e+23-v5-27f2fb
18018,2.3600618839263916,,,,adamh-scaling-ladder-nemotron-optimal-1e+23-v5-27f2fb
18062,2.357767343521118,,,,adamh-scaling-ladder-nemotron-optimal-1e+23-v5-27f2fb
18067,2.3613789081573486,,,,adamh-scaling-ladder-nemotron-optimal-1e+23-v5-27f2fb
18106,2.3538966178894043,,,,adamh-scaling-ladder-nemotron-optimal-1e+23-v5-27f2fb
18232,2.3700952529907227,,,,adamh-scaling-ladder-nemotron-optimal-1e+23-v5-27f2fb
18249,2.397073268890381,,,,adamh-scaling-ladder-nemotron-optimal-1e+23-v5-27f2fb
18285,2.3879146575927734,,,,adamh-scaling-ladder-nemotron-optimal-1e+23-v5-27f2fb
18317,2.3638784885406494,,,,adamh-scaling-ladder-nemotron-optimal-1e+23-v5-27f2fb
18343,2.365858316421509,,,,adamh-scaling-ladder-nemotron-optimal-1e+23-v5-27f2fb
18447,2.3478403091430664,,,,adamh-scaling-ladder-nemotron-optimal-1e+23-v5-27f2fb
18582,2.35646653175354,,,,adamh-scaling-ladder-nemotron-optimal-1e+23-v5-27f2fb
18597,2.3571157455444336,,,,adamh-scaling-ladder-nemotron-optimal-1e+23-v5-27f2fb
18642,2.3643431663513184,,,,adamh-scaling-ladder-nemotron-optimal-1e+23-v5-27f2fb
18699,2.367833375930786,,,,adamh-scaling-ladder-nemotron-optimal-1e+23-v5-27f2fb
18718,2.364701271057129,,,,adamh-scaling-ladder-nemotron-optimal-1e+23-v5-27f2fb
18733,2.3480875492095947,,,,adamh-scaling-ladder-nemotron-optimal-1e+23-v5-27f2fb
18777,2.3647327423095703,,,,adamh-scaling-ladder-nemotron-optimal-1e+23-v5-27f2fb
18814,2.3666133880615234,,,,adamh-scaling-ladder-nemotron-optimal-1e+23-v5-27f2fb
18860,2.3548808097839355,,,,adamh-scaling-ladder-nemotron-optimal-1e+23-v5-27f2fb
18920,2.3664097785949707,,,,adamh-scaling-ladder-nemotron-optimal-1e+23-v5-27f2fb
18921,2.3459255695343018,,,,adamh-scaling-ladder-nemotron-optimal-1e+23-v5-27f2fb
19000,,2.6486432552337646,2.417544364929199,2.539267063140869,adamh-scaling-ladder-nemotron-optimal-1e+23-v5-27f2fb
19137,2.358281373977661,,,,adamh-scaling-ladder-nemotron-optimal-1e+23-v5-27f2fb
19182,2.3512299060821533,,,,adamh-scaling-ladder-nemotron-optimal-1e+23-v5-27f2fb
19195,2.364656925201416,,,,adamh-scaling-ladder-nemotron-optimal-1e+23-v5-27f2fb
19201,2.383206844329834,,,,adamh-scaling-ladder-nemotron-optimal-1e+23-v5-27f2fb
19245,2.3585205078125,,,,adamh-scaling-ladder-nemotron-optimal-1e+23-v5-27f2fb
19253,2.3645780086517334,,,,adamh-scaling-ladder-nemotron-optimal-1e+23-v5-27f2fb
19367,2.377483367919922,,,,adamh-scaling-ladder-nemotron-optimal-1e+23-v5-27f2fb
19442,2.3738725185394287,,,,adamh-scaling-ladder-nemotron-optimal-1e+23-v5-27f2fb
19636,2.368769645690918,,,,adamh-scaling-ladder-nemotron-optimal-1e+23-v5-27f2fb
19677,2.3480546474456787,,,,adamh-scaling-ladder-nemotron-optimal-1e+23-v5-27f2fb
19723,2.371786117553711,,,,adamh-scaling-ladder-nemotron-optimal-1e+23-v5-27f2fb
19880,2.3984127044677734,,,,adamh-scaling-ladder-nemotron-optimal-1e+23-v5-27f2fb
19924,2.367619514465332,,,,adamh-scaling-ladder-nemotron-optimal-1e+23-v5-27f2fb
20000,,2.651935577392578,2.4201645851135254,2.543889284133911,adamh-scaling-ladder-nemotron-optimal-1e+23-v5-27f2fb
20074,2.3606314659118652,,,,adamh-scaling-ladder-nemotron-optimal-1e+23-v5-27f2fb
20093,2.3829846382141113,,,,adamh-scaling-ladder-nemotron-optimal-1e+23-v5-27f2fb
20201,2.3723573684692383,,,,adamh-scaling-ladder-nemotron-optimal-1e+23-v5-27f2fb
20208,2.356447458267212,,,,adamh-scaling-ladder-nemotron-optimal-1e+23-v5-27f2fb
20227,2.3708717823028564,,,,adamh-scaling-ladder-nemotron-optimal-1e+23-v5-27f2fb
20250,2.369211196899414,,,,adamh-scaling-ladder-nemotron-optimal-1e+23-v5-27f2fb
20267,2.338165044784546,,,,adamh-scaling-ladder-nemotron-optimal-1e+23-v5-27f2fb
20269,2.349714756011963,,,,adamh-scaling-ladder-nemotron-optimal-1e+23-v5-27f2fb
20333,2.3690648078918457,,,,adamh-scaling-ladder-nemotron-optimal-1e+23-v5-27f2fb
20342,2.3644728660583496,,,,adamh-scaling-ladder-nemotron-optimal-1e+23-v5-27f2fb
20345,2.3574252128601074,,,,adamh-scaling-ladder-nemotron-optimal-1e+23-v5-27f2fb
20350,2.3657634258270264,,,,adamh-scaling-ladder-nemotron-optimal-1e+23-v5-27f2fb
20461,2.3553242683410645,,,,adamh-scaling-ladder-nemotron-optimal-1e+23-v5-27f2fb
20487,2.3498520851135254,,,,adamh-scaling-ladder-nemotron-optimal-1e+23-v5-27f2fb
20493,2.358114004135132,,,,adamh-scaling-ladder-nemotron-optimal-1e+23-v5-27f2fb
20534,2.344064950942993,,,,adamh-scaling-ladder-nemotron-optimal-1e+23-v5-27f2fb
20540,2.358347177505493,,,,adamh-scaling-ladder-nemotron-optimal-1e+23-v5-27f2fb
20704,2.36494517326355,,,,adamh-scaling-ladder-nemotron-optimal-1e+23-v5-27f2fb
20723,2.358511209487915,,,,adamh-scaling-ladder-nemotron-optimal-1e+23-v5-27f2fb
20778,2.3561198711395264,,,,adamh-scaling-ladder-nemotron-optimal-1e+23-v5-27f2fb
20869,2.369772434234619,,,,adamh-scaling-ladder-nemotron-optimal-1e+23-v5-27f2fb
20874,2.3434202671051025,,,,adamh-scaling-ladder-nemotron-optimal-1e+23-v5-27f2fb
20912,2.357074737548828,,,,adamh-scaling-ladder-nemotron-optimal-1e+23-v5-27f2fb
20942,2.3547110557556152,,,,adamh-scaling-ladder-nemotron-optimal-1e+23-v5-27f2fb
20977,2.3746745586395264,,,,adamh-scaling-ladder-nemotron-optimal-1e+23-v5-27f2fb
21000,,2.6454555988311768,2.4146151542663574,2.537153482437134,adamh-scaling-ladder-nemotron-optimal-1e+23-v5-27f2fb
21040,2.3544628620147705,,,,adamh-scaling-ladder-nemotron-optimal-1e+23-v5-27f2fb
21091,2.3604722023010254,,,,adamh-scaling-ladder-nemotron-optimal-1e+23-v5-27f2fb
21092,2.358772039413452,,,,adamh-scaling-ladder-nemotron-optimal-1e+23-v5-27f2fb
21132,2.3534483909606934,,,,adamh-scaling-ladder-nemotron-optimal-1e+23-v5-27f2fb
21165,2.3788933753967285,,,,adamh-scaling-ladder-nemotron-optimal-1e+23-v5-27f2fb
21201,2.342108726501465,,,,adamh-scaling-ladder-nemotron-optimal-1e+23-v5-27f2fb
21249,2.340632677078247,,,,adamh-scaling-ladder-nemotron-optimal-1e+23-v5-27f2fb
21297,2.343623161315918,,,,adamh-scaling-ladder-nemotron-optimal-1e+23-v5-27f2fb
21318,2.3644211292266846,,,,adamh-scaling-ladder-nemotron-optimal-1e+23-v5-27f2fb
21385,2.357083320617676,,,,adamh-scaling-ladder-nemotron-optimal-1e+23-v5-27f2fb
21433,2.3700108528137207,,,,adamh-scaling-ladder-nemotron-optimal-1e+23-v5-27f2fb
21447,2.349081516265869,,,,adamh-scaling-ladder-nemotron-optimal-1e+23-v5-27f2fb
21469,2.339938163757324,,,,adamh-scaling-ladder-nemotron-optimal-1e+23-v5-27f2fb
21621,2.356114625930786,,,,adamh-scaling-ladder-nemotron-optimal-1e+23-v5-27f2fb
21659,2.353682279586792,,,,adamh-scaling-ladder-nemotron-optimal-1e+23-v5-27f2fb
21665,2.349540948867798,,,,adamh-scaling-ladder-nemotron-optimal-1e+23-v5-27f2fb
21953,2.359511137008667,,,,adamh-scaling-ladder-nemotron-optimal-1e+23-v5-27f2fb
22000,,2.6403744220733643,2.4083633422851562,2.5285704135894775,adamh-scaling-ladder-nemotron-optimal-1e+23-v5-27f2fb
22219,2.3421266078948975,,,,adamh-scaling-ladder-nemotron-optimal-1e+23-v5-27f2fb
22300,2.3369762897491455,,,,adamh-scaling-ladder-nemotron-optimal-1e+23-v5-27f2fb
22346,2.358794689178467,,,,adamh-scaling-ladder-nemotron-optimal-1e+23-v5-27f2fb
22395,2.3411030769348145,,,,adamh-scaling-ladder-nemotron-optimal-1e+23-v5-27f2fb
22403,2.346010208129883,,,,adamh-scaling-ladder-nemotron-optimal-1e+23-v5-27f2fb
22527,2.3569042682647705,,,,adamh-scaling-ladder-nemotron-optimal-1e+23-v5-27f2fb
22528,2.3440053462982178,,,,adamh-scaling-ladder-nemotron-optimal-1e+23-v5-27f2fb
22555,2.3494110107421875,,,,adamh-scaling-ladder-nemotron-optimal-1e+23-v5-27f2fb
22639,2.3557815551757812,,,,adamh-scaling-ladder-nemotron-optimal-1e+23-v5-27f2fb
22698,2.3545572757720947,,,,adamh-scaling-ladder-nemotron-optimal-1e+23-v5-27f2fb
22767,2.353419780731201,,,,adamh-scaling-ladder-nemotron-optimal-1e+23-v5-27f2fb
22857,2.3568344116210938,,,,adamh-scaling-ladder-nemotron-optimal-1e+23-v5-27f2fb
22916,2.354290246963501,,,,adamh-scaling-ladder-nemotron-optimal-1e+23-v5-27f2fb
23000,,2.63814640045166,2.4042749404907227,2.525499105453491,adamh-scaling-ladder-nemotron-optimal-1e+23-v5-27f2fb
23006,2.349241256713867,,,,adamh-scaling-ladder-nemotron-optimal-1e+23-v5-27f2fb
23033,2.350581645965576,,,,adamh-scaling-ladder-nemotron-optimal-1e+23-v5-27f2fb
23048,2.3459858894348145,,,,adamh-scaling-ladder-nemotron-optimal-1e+23-v5-27f2fb
23103,2.351860523223877,,,,adamh-scaling-ladder-nemotron-optimal-1e+23-v5-27f2fb
23124,2.3341283798217773,,,,adamh-scaling-ladder-nemotron-optimal-1e+23-v5-27f2fb
23127,2.33453369140625,,,,adamh-scaling-ladder-nemotron-optimal-1e+23-v5-27f2fb
23258,2.34724497795105,,,,adamh-scaling-ladder-nemotron-optimal-1e+23-v5-27f2fb
23340,2.3555893898010254,,,,adamh-scaling-ladder-nemotron-optimal-1e+23-v5-27f2fb
23345,2.3431410789489746,,,,adamh-scaling-ladder-nemotron-optimal-1e+23-v5-27f2fb
23388,2.3501291275024414,,,,adamh-scaling-ladder-nemotron-optimal-1e+23-v5-27f2fb
23468,2.3366756439208984,,,,adamh-scaling-ladder-nemotron-optimal-1e+23-v5-27f2fb
23547,2.5783913135528564,,,,adamh-scaling-ladder-nemotron-optimal-1e+23-v5-27f2fb
23584,2.4716451168060303,,,,adamh-scaling-ladder-nemotron-optimal-1e+23-v5-27f2fb
23678,2.3554670810699463,,,,adamh-scaling-ladder-nemotron-optimal-1e+23-v5-27f2fb
23721,2.354492664337158,,,,adamh-scaling-ladder-nemotron-optimal-1e+23-v5-27f2fb
23763,2.346193552017212,,,,adamh-scaling-ladder-nemotron-optimal-1e+23-v5-27f2fb
23807,2.349426031112671,,,,adamh-scaling-ladder-nemotron-optimal-1e+23-v5-27f2fb
23883,2.33907413482666,,,,adamh-scaling-ladder-nemotron-optimal-1e+23-v5-27f2fb
23922,2.3422160148620605,,,,adamh-scaling-ladder-nemotron-optimal-1e+23-v5-27f2fb
23968,2.354526996612549,,,,adamh-scaling-ladder-nemotron-optimal-1e+23-v5-27f2fb
23998,2.347623348236084,,,,adamh-scaling-ladder-nemotron-optimal-1e+23-v5-27f2fb
24000,,2.6324427127838135,2.4092323780059814,2.5287506580352783,adamh-scaling-ladder-nemotron-optimal-1e+23-v5-27f2fb
24048,2.340785026550293,,,,adamh-scaling-ladder-nemotron-optimal-1e+23-v5-27f2fb
24076,2.349419116973877,,,,adamh-scaling-ladder-nemotron-optimal-1e+23-v5-27f2fb
24099,2.347174882888794,,,,adamh-scaling-ladder-nemotron-optimal-1e+23-v5-27f2fb
24141,2.3569984436035156,,,,adamh-scaling-ladder-nemotron-optimal-1e+23-v5-27f2fb
24208,2.3464014530181885,,,,adamh-scaling-ladder-nemotron-optimal-1e+23-v5-27f2fb
24295,2.3361504077911377,,,,adamh-scaling-ladder-nemotron-optimal-1e+23-v5-27f2fb
24401,2.334662914276123,,,,adamh-scaling-ladder-nemotron-optimal-1e+23-v5-27f2fb
24405,2.3472890853881836,,,,adamh-scaling-ladder-nemotron-optimal-1e+23-v5-27f2fb
24409,2.3517539501190186,,,,adamh-scaling-ladder-nemotron-optimal-1e+23-v5-27f2fb
24410,2.3445913791656494,,,,adamh-scaling-ladder-nemotron-optimal-1e+23-v5-27f2fb
24418,2.344486713409424,,,,adamh-scaling-ladder-nemotron-optimal-1e+23-v5-27f2fb
24450,2.3497796058654785,,,,adamh-scaling-ladder-nemotron-optimal-1e+23-v5-27f2fb
24452,2.3931808471679688,,,,adamh-scaling-ladder-nemotron-optimal-1e+23-v5-27f2fb
24529,2.3253142833709717,,,,adamh-scaling-ladder-nemotron-optimal-1e+23-v5-27f2fb
24681,2.3562166690826416,,,,adamh-scaling-ladder-nemotron-optimal-1e+23-v5-27f2fb
24788,2.3879168033599854,,,,adamh-scaling-ladder-nemotron-optimal-1e+23-v5-27f2fb
24870,2.3504369258880615,,,,adamh-scaling-ladder-nemotron-optimal-1e+23-v5-27f2fb
24874,2.348924160003662,,,,adamh-scaling-ladder-nemotron-optimal-1e+23-v5-27f2fb
24916,2.345365285873413,,,,adamh-scaling-ladder-nemotron-optimal-1e+23-v5-27f2fb
24945,2.3599870204925537,,,,adamh-scaling-ladder-nemotron-optimal-1e+23-v5-27f2fb
25000,,2.630772352218628,2.4099981784820557,2.531040906906128,adamh-scaling-ladder-nemotron-optimal-1e+23-v5-27f2fb
25074,2.360766649246216,,,,adamh-scaling-ladder-nemotron-optimal-1e+23-v5-27f2fb
25224,2.331693172454834,,,,adamh-scaling-ladder-nemotron-optimal-1e+23-v5-27f2fb
25236,2.355055809020996,,,,adamh-scaling-ladder-nemotron-optimal-1e+23-v5-27f2fb
25324,2.3540875911712646,,,,adamh-scaling-ladder-nemotron-optimal-1e+23-v5-27f2fb
25383,2.3503518104553223,,,,adamh-scaling-ladder-nemotron-optimal-1e+23-v5-27f2fb
25467,2.3456945419311523,,,,adamh-scaling-ladder-nemotron-optimal-1e+23-v5-27f2fb
25546,2.353280782699585,,,,adamh-scaling-ladder-nemotron-optimal-1e+23-v5-27f2fb
25566,2.34405517578125,,,,adamh-scaling-ladder-nemotron-optimal-1e+23-v5-27f2fb
25585,2.347980499267578,,,,adamh-scaling-ladder-nemotron-optimal-1e+23-v5-27f2fb
25652,2.3459270000457764,,,,adamh-scaling-ladder-nemotron-optimal-1e+23-v5-27f2fb
25683,2.345735788345337,,,,adamh-scaling-ladder-nemotron-optimal-1e+23-v5-27f2fb
25733,2.3475329875946045,,,,adamh-scaling-ladder-nemotron-optimal-1e+23-v5-27f2fb
25794,2.3358659744262695,,,,adamh-scaling-ladder-nemotron-optimal-1e+23-v5-27f2fb
25814,2.335334300994873,,,,adamh-scaling-ladder-nemotron-optimal-1e+23-v5-27f2fb
25851,2.3419816493988037,,,,adamh-scaling-ladder-nemotron-optimal-1e+23-v5-27f2fb
26000,,2.6260509490966797,2.395254135131836,2.517220973968506,adamh-scaling-ladder-nemotron-optimal-1e+23-v5-27f2fb
26012,2.3353190422058105,,,,adamh-scaling-ladder-nemotron-optimal-1e+23-v5-27f2fb
26045,2.3411853313446045,,,,adamh-scaling-ladder-nemotron-optimal-1e+23-v5-27f2fb
26060,2.334531545639038,,,,adamh-scaling-ladder-nemotron-optimal-1e+23-v5-27f2fb
26217,2.3383727073669434,,,,adamh-scaling-ladder-nemotron-optimal-1e+23-v5-27f2fb
26227,2.334545373916626,,,,adamh-scaling-ladder-nemotron-optimal-1e+23-v5-27f2fb
26256,2.3428807258605957,,,,adamh-scaling-ladder-nemotron-optimal-1e+23-v5-27f2fb
26284,2.340823173522949,,,,adamh-scaling-ladder-nemotron-optimal-1e+23-v5-27f2fb
26389,2.363741397857666,,,,adamh-scaling-ladder-nemotron-optimal-1e+23-v5-27f2fb
26410,2.3366403579711914,,,,adamh-scaling-ladder-nemotron-optimal-1e+23-v5-27f2fb
26443,2.3257088661193848,,,,adamh-scaling-ladder-nemotron-optimal-1e+23-v5-27f2fb
26481,2.342371940612793,,,,adamh-scaling-ladder-nemotron-optimal-1e+23-v5-27f2fb
26555,2.334285259246826,,,,adamh-scaling-ladder-nemotron-optimal-1e+23-v5-27f2fb
26647,2.339047431945801,,,,adamh-scaling-ladder-nemotron-optimal-1e+23-v5-27f2fb
26711,2.3236420154571533,,,,adamh-scaling-ladder-nemotron-optimal-1e+23-v5-27f2fb
26745,2.337956428527832,,,,adamh-scaling-ladder-nemotron-optimal-1e+23-v5-27f2fb
26835,2.341186285018921,,,,adamh-scaling-ladder-nemotron-optimal-1e+23-v5-27f2fb
26851,2.356872320175171,,,,adamh-scaling-ladder-nemotron-optimal-1e+23-v5-27f2fb
26857,2.3491711616516113,,,,adamh-scaling-ladder-nemotron-optimal-1e+23-v5-27f2fb
26862,2.3350400924682617,,,,adamh-scaling-ladder-nemotron-optimal-1e+23-v5-27f2fb
26866,2.328519344329834,,,,adamh-scaling-ladder-nemotron-optimal-1e+23-v5-27f2fb
26903,2.334237813949585,,,,adamh-scaling-ladder-nemotron-optimal-1e+23-v5-27f2fb
26924,2.328977108001709,,,,adamh-scaling-ladder-nemotron-optimal-1e+23-v5-27f2fb
26954,2.3287606239318848,,,,adamh-scaling-ladder-nemotron-optimal-1e+23-v5-27f2fb
27000,,2.624207019805908,2.395162582397461,2.51567006111145,adamh-scaling-ladder-nemotron-optimal-1e+23-v5-27f2fb
27017,2.3356871604919434,,,,adamh-scaling-ladder-nemotron-optimal-1e+23-v5-27f2fb
27064,2.3438520431518555,,,,adamh-scaling-ladder-nemotron-optimal-1e+23-v5-27f2fb
27083,2.334535837173462,,,,adamh-scaling-ladder-nemotron-optimal-1e+23-v5-27f2fb
27103,2.3339710235595703,,,,adamh-scaling-ladder-nemotron-optimal-1e+23-v5-27f2fb
27107,2.3359570503234863,,,,adamh-scaling-ladder-nemotron-optimal-1e+23-v5-27f2fb
27120,2.4328086376190186,,,,adamh-scaling-ladder-nemotron-optimal-1e+23-v5-27f2fb
27141,2.4888463020324707,,,,adamh-scaling-ladder-nemotron-optimal-1e+23-v5-27f2fb
27217,2.3480818271636963,,,,adamh-scaling-ladder-nemotron-optimal-1e+23-v5-27f2fb
27239,2.345930337905884,,,,adamh-scaling-ladder-nemotron-optimal-1e+23-v5-27f2fb
27387,2.3490800857543945,,,,adamh-scaling-ladder-nemotron-optimal-1e+23-v5-27f2fb
27468,2.3444113731384277,,,,adamh-scaling-ladder-nemotron-optimal-1e+23-v5-27f2fb
27672,2.3376266956329346,,,,adamh-scaling-ladder-nemotron-optimal-1e+23-v5-27f2fb
27743,2.326610803604126,,,,adamh-scaling-ladder-nemotron-optimal-1e+23-v5-27f2fb
27820,2.330096960067749,,,,adamh-scaling-ladder-nemotron-optimal-1e+23-v5-27f2fb
27893,2.3313941955566406,,,,adamh-scaling-ladder-nemotron-optimal-1e+23-v5-27f2fb
27895,2.3311524391174316,,,,adamh-scaling-ladder-nemotron-optimal-1e+23-v5-27f2fb
27921,2.339470624923706,,,,adamh-scaling-ladder-nemotron-optimal-1e+23-v5-27f2fb
28000,,2.6259565353393555,2.398491859436035,2.518968343734741,adamh-scaling-ladder-nemotron-optimal-1e+23-v5-27f2fb
28033,2.342046022415161,,,,adamh-scaling-ladder-nemotron-optimal-1e+23-v5-27f2fb
28048,2.337397575378418,,,,adamh-scaling-ladder-nemotron-optimal-1e+23-v5-27f2fb
28057,2.3340251445770264,,,,adamh-scaling-ladder-nemotron-optimal-1e+23-v5-27f2fb
28085,2.3488218784332275,,,,adamh-scaling-ladder-nemotron-optimal-1e+23-v5-27f2fb
28144,2.3307316303253174,,,,adamh-scaling-ladder-nemotron-optimal-1e+23-v5-27f2fb
28188,2.459303379058838,,,,adamh-scaling-ladder-nemotron-optimal-1e+23-v5-27f2fb
28239,2.367563009262085,,,,adamh-scaling-ladder-nemotron-optimal-1e+23-v5-27f2fb
28255,2.346712112426758,,,,adamh-scaling-ladder-nemotron-optimal-1e+23-v5-27f2fb
28275,2.340029239654541,,,,adamh-scaling-ladder-nemotron-optimal-1e+23-v5-27f2fb
28438,2.3705663681030273,,,,adamh-scaling-ladder-nemotron-optimal-1e+23-v5-27f2fb
28439,2.357883930206299,,,,adamh-scaling-ladder-nemotron-optimal-1e+23-v5-27f2fb
28442,2.3480069637298584,,,,adamh-scaling-ladder-nemotron-optimal-1e+23-v5-27f2fb
28449,2.3491482734680176,,,,adamh-scaling-ladder-nemotron-optimal-1e+23-v5-27f2fb
28469,2.3225953578948975,,,,adamh-scaling-ladder-nemotron-optimal-1e+23-v5-27f2fb
28522,2.3470349311828613,,,,adamh-scaling-ladder-nemotron-optimal-1e+23-v5-27f2fb
28549,2.3458869457244873,,,,adamh-scaling-ladder-nemotron-optimal-1e+23-v5-27f2fb
28711,2.3448562622070312,,,,adamh-scaling-ladder-nemotron-optimal-1e+23-v5-27f2fb
28785,2.3420450687408447,,,,adamh-scaling-ladder-nemotron-optimal-1e+23-v5-27f2fb
28857,2.32840633392334,,,,adamh-scaling-ladder-nemotron-optimal-1e+23-v5-27f2fb
28867,2.3266687393188477,,,,adamh-scaling-ladder-nemotron-optimal-1e+23-v5-27f2fb
28896,2.350321054458618,,,,adamh-scaling-ladder-nemotron-optimal-1e+23-v5-27f2fb
28901,2.32429838180542,,,,adamh-scaling-ladder-nemotron-optimal-1e+23-v5-27f2fb
29000,,2.62383770942688,2.3945000171661377,2.5176031589508057,adamh-scaling-ladder-nemotron-optimal-1e+23-v5-27f2fb
29004,2.336538076400757,,,,adamh-scaling-ladder-nemotron-optimal-1e+23-v5-27f2fb
29261,2.336125373840332,,,,adamh-scaling-ladder-nemotron-optimal-1e+23-v5-27f2fb
29475,2.327984571456909,,,,adamh-scaling-ladder-nemotron-optimal-1e+23-v5-27f2fb
29503,2.3303186893463135,,,,adamh-scaling-ladder-nemotron-optimal-1e+23-v5-27f2fb
29587,2.338580369949341,,,,adamh-scaling-ladder-nemotron-optimal-1e+23-v5-27f2fb
29606,2.311044692993164,,,,adamh-scaling-ladder-nemotron-optimal-1e+23-v5-27f2fb
29717,2.326565980911255,,,,adamh-scaling-ladder-nemotron-optimal-1e+23-v5-27f2fb
29782,2.3351120948791504,,,,adamh-scaling-ladder-nemotron-optimal-1e+23-v5-27f2fb
29802,2.3257555961608887,,,,adamh-scaling-ladder-nemotron-optimal-1e+23-v5-27f2fb
29836,2.345778226852417,,,,adamh-scaling-ladder-nemotron-optimal-1e+23-v5-27f2fb
29886,2.362468957901001,,,,adamh-scaling-ladder-nemotron-optimal-1e+23-v5-27f2fb
29936,2.3351492881774902,,,,adamh-scaling-ladder-nemotron-optimal-1e+23-v5-27f2fb
29975,2.3263401985168457,,,,adamh-scaling-ladder-nemotron-optimal-1e+23-v5-27f2fb
29991,2.343604564666748,,,,adamh-scaling-ladder-nemotron-optimal-1e+23-v5-27f2fb
30000,,2.619183301925659,2.4030048847198486,2.5181143283843994,adamh-scaling-ladder-nemotron-optimal-1e+23-v5-27f2fb
30015,2.339643716812134,,,,adamh-scaling-ladder-nemotron-optimal-1e+23-v5-27f2fb
30108,2.331026554107666,,,,adamh-scaling-ladder-nemotron-optimal-1e+23-v5-27f2fb
30126,2.342108726501465,,,,adamh-scaling-ladder-nemotron-optimal-1e+23-v5-27f2fb
30156,2.3396570682525635,,,,adamh-scaling-ladder-nemotron-optimal-1e+23-v5-27f2fb
30162,2.3360161781311035,,,,adamh-scaling-ladder-nemotron-optimal-1e+23-v5-27f2fb
30261,2.3228986263275146,,,,adamh-scaling-ladder-nemotron-optimal-1e+23-v5-27f2fb
30263,2.3317384719848633,,,,adamh-scaling-ladder-nemotron-optimal-1e+23-v5-27f2fb
30291,2.3334341049194336,,,,adamh-scaling-ladder-nemotron-optimal-1e+23-v5-27f2fb
30295,2.3351550102233887,,,,adamh-scaling-ladder-nemotron-optimal-1e+23-v5-27f2fb
30373,2.3430802822113037,,,,adamh-scaling-ladder-nemotron-optimal-1e+23-v5-27f2fb
30395,2.337951898574829,,,,adamh-scaling-ladder-nemotron-optimal-1e+23-v5-27f2fb
30419,2.333641290664673,,,,adamh-scaling-ladder-nemotron-optimal-1e+23-v5-27f2fb
30477,2.33825421333313,,,,adamh-scaling-ladder-nemotron-optimal-1e+23-v5-27f2fb
30513,2.337737560272217,,,,adamh-scaling-ladder-nemotron-optimal-1e+23-v5-27f2fb
30537,2.3414864540100098,,,,adamh-scaling-ladder-nemotron-optimal-1e+23-v5-27f2fb
30729,2.331533670425415,,,,adamh-scaling-ladder-nemotron-optimal-1e+23-v5-27f2fb
30748,2.320800304412842,,,,adamh-scaling-ladder-nemotron-optimal-1e+23-v5-27f2fb
30768,2.339503526687622,,,,adamh-scaling-ladder-nemotron-optimal-1e+23-v5-27f2fb
30776,2.321169376373291,,,,adamh-scaling-ladder-nemotron-optimal-1e+23-v5-27f2fb
30868,2.3407156467437744,,,,adamh-scaling-ladder-nemotron-optimal-1e+23-v5-27f2fb
30945,2.3450586795806885,,,,adamh-scaling-ladder-nemotron-optimal-1e+23-v5-27f2fb
30998,2.341952085494995,,,,adamh-scaling-ladder-nemotron-optimal-1e+23-v5-27f2fb
31000,,2.6253576278686523,2.4009644985198975,2.5192489624023438,adamh-scaling-ladder-nemotron-optimal-1e+23-v5-27f2fb
31037,2.342749834060669,,,,adamh-scaling-ladder-nemotron-optimal-1e+23-v5-27f2fb
31132,2.3368163108825684,,,,adamh-scaling-ladder-nemotron-optimal-1e+23-v5-27f2fb
31134,2.3341498374938965,,,,adamh-scaling-ladder-nemotron-optimal-1e+23-v5-27f2fb
31148,2.3142333030700684,,,,adamh-scaling-ladder-nemotron-optimal-1e+23-v5-27f2fb
31172,2.360745429992676,,,,adamh-scaling-ladder-nemotron-optimal-1e+23-v5-27f2fb
31174,2.362551689147949,,,,adamh-scaling-ladder-nemotron-optimal-1e+23-v5-27f2fb
31225,2.347609281539917,,,,adamh-scaling-ladder-nemotron-optimal-1e+23-v5-27f2fb
31240,2.340432643890381,,,,adamh-scaling-ladder-nemotron-optimal-1e+23-v5-27f2fb
31242,2.3323113918304443,,,,adamh-scaling-ladder-nemotron-optimal-1e+23-v5-27f2fb
31251,2.3300530910491943,,,,adamh-scaling-ladder-nemotron-optimal-1e+23-v5-27f2fb
31298,2.3324456214904785,,,,adamh-scaling-ladder-nemotron-optimal-1e+23-v5-27f2fb
31361,2.323554277420044,,,,adamh-scaling-ladder-nemotron-optimal-1e+23-v5-27f2fb
31363,2.3277089595794678,,,,adamh-scaling-ladder-nemotron-optimal-1e+23-v5-27f2fb
31385,2.3192601203918457,,,,adamh-scaling-ladder-nemotron-optimal-1e+23-v5-27f2fb
31394,2.344062089920044,,,,adamh-scaling-ladder-nemotron-optimal-1e+23-v5-27f2fb
31402,2.338740110397339,,,,adamh-scaling-ladder-nemotron-optimal-1e+23-v5-27f2fb
31426,2.3366692066192627,,,,adamh-scaling-ladder-nemotron-optimal-1e+23-v5-27f2fb
31538,2.336087703704834,,,,adamh-scaling-ladder-nemotron-optimal-1e+23-v5-27f2fb
31605,2.319681167602539,,,,adamh-scaling-ladder-nemotron-optimal-1e+23-v5-27f2fb
31624,2.3408823013305664,,,,adamh-scaling-ladder-nemotron-optimal-1e+23-v5-27f2fb
31721,2.3215255737304688,,,,adamh-scaling-ladder-nemotron-optimal-1e+23-v5-27f2fb
31735,2.339024305343628,,,,adamh-scaling-ladder-nemotron-optimal-1e+23-v5-27f2fb
31763,2.331974506378174,,,,adamh-scaling-ladder-nemotron-optimal-1e+23-v5-27f2fb
31766,2.345808506011963,,,,adamh-scaling-ladder-nemotron-optimal-1e+23-v5-27f2fb
31787,2.3212785720825195,,,,adamh-scaling-ladder-nemotron-optimal-1e+23-v5-27f2fb
31792,2.3410379886627197,,,,adamh-scaling-ladder-nemotron-optimal-1e+23-v5-27f2fb
31847,2.3614132404327393,,,,adamh-scaling-ladder-nemotron-optimal-1e+23-v5-27f2fb
31924,2.326014995574951,,,,adamh-scaling-ladder-nemotron-optimal-1e+23-v5-27f2fb
31986,2.335549831390381,,,,adamh-scaling-ladder-nemotron-optimal-1e+23-v5-27f2fb
32000,,2.6818222999572754,2.448899030685425,2.5723729133605957,adamh-scaling-ladder-nemotron-optimal-1e+23-v5-27f2fb
32012,2.412766456604004,,,,adamh-scaling-ladder-nemotron-optimal-1e+23-v5-27f2fb
32016,2.3840713500976562,,,,adamh-scaling-ladder-nemotron-optimal-1e+23-v5-27f2fb
32089,2.355170965194702,,,,adamh-scaling-ladder-nemotron-optimal-1e+23-v5-27f2fb
32166,2.3285884857177734,,,,adamh-scaling-ladder-nemotron-optimal-1e+23-v5-27f2fb
32172,2.3291397094726562,,,,adamh-scaling-ladder-nemotron-optimal-1e+23-v5-27f2fb
32186,2.348906993865967,,,,adamh-scaling-ladder-nemotron-optimal-1e+23-v5-27f2fb
32209,2.352543592453003,,,,adamh-scaling-ladder-nemotron-optimal-1e+23-v5-27f2fb
32211,2.3548073768615723,,,,adamh-scaling-ladder-nemotron-optimal-1e+23-v5-27f2fb
32384,2.3760433197021484,,,,adamh-scaling-ladder-nemotron-optimal-1e+23-v5-27f2fb
32471,2.3546698093414307,,,,adamh-scaling-ladder-nemotron-optimal-1e+23-v5-27f2fb
32493,2.3388047218322754,,,,adamh-scaling-ladder-nemotron-optimal-1e+23-v5-27f2fb
32528,2.3265738487243652,,,,adamh-scaling-ladder-nemotron-optimal-1e+23-v5-27f2fb
32629,2.3488621711730957,,,,adamh-scaling-ladder-nemotron-optimal-1e+23-v5-27f2fb
32694,2.3347671031951904,,,,adamh-scaling-ladder-nemotron-optimal-1e+23-v5-27f2fb
32703,2.3348255157470703,,,,adamh-scaling-ladder-nemotron-optimal-1e+23-v5-27f2fb
32726,2.3392493724823,,,,adamh-scaling-ladder-nemotron-optimal-1e+23-v5-27f2fb
32767,2.3409955501556396,,,,adamh-scaling-ladder-nemotron-optimal-1e+23-v5-27f2fb
32775,2.3322951793670654,,,,adamh-scaling-ladder-nemotron-optimal-1e+23-v5-27f2fb
32786,2.3347017765045166,,,,adamh-scaling-ladder-nemotron-optimal-1e+23-v5-27f2fb
32787,2.326984405517578,,,,adamh-scaling-ladder-nemotron-optimal-1e+23-v5-27f2fb
32837,2.3411154747009277,,,,adamh-scaling-ladder-nemotron-optimal-1e+23-v5-27f2fb
32853,2.3569560050964355,,,,adamh-scaling-ladder-nemotron-optimal-1e+23-v5-27f2fb
32901,2.331972599029541,,,,adamh-scaling-ladder-nemotron-optimal-1e+23-v5-27f2fb
32934,2.3428752422332764,,,,adamh-scaling-ladder-nemotron-optimal-1e+23-v5-27f2fb
32995,2.3388943672180176,,,,adamh-scaling-ladder-nemotron-optimal-1e+23-v5-27f2fb
33000,,2.6187641620635986,2.4060323238372803,2.5208771228790283,adamh-scaling-ladder-nemotron-optimal-1e+23-v5-27f2fb
33129,2.3295018672943115,,,,adamh-scaling-ladder-nemotron-optimal-1e+23-v5-27f2fb
33165,2.3353114128112793,,,,adamh-scaling-ladder-nemotron-optimal-1e+23-v5-27f2fb
33171,2.3286333084106445,,,,adamh-scaling-ladder-nemotron-optimal-1e+23-v5-27f2fb
33214,2.3286900520324707,,,,adamh-scaling-ladder-nemotron-optimal-1e+23-v5-27f2fb
33327,2.322251081466675,,,,adamh-scaling-ladder-nemotron-optimal-1e+23-v5-27f2fb
33341,2.3332250118255615,,,,adamh-scaling-ladder-nemotron-optimal-1e+23-v5-27f2fb
33362,2.3479080200195312,,,,adamh-scaling-ladder-nemotron-optimal-1e+23-v5-27f2fb
33374,2.3304898738861084,,,,adamh-scaling-ladder-nemotron-optimal-1e+23-v5-27f2fb
33439,2.334519863128662,,,,adamh-scaling-ladder-nemotron-optimal-1e+23-v5-27f2fb
33685,2.3327231407165527,,,,adamh-scaling-ladder-nemotron-optimal-1e+23-v5-27f2fb
33726,2.3330438137054443,,,,adamh-scaling-ladder-nemotron-optimal-1e+23-v5-27f2fb
33784,2.331089735031128,,,,adamh-scaling-ladder-nemotron-optimal-1e+23-v5-27f2fb
33815,2.3271374702453613,,,,adamh-scaling-ladder-nemotron-optimal-1e+23-v5-27f2fb
33920,2.319847345352173,,,,adamh-scaling-ladder-nemotron-optimal-1e+23-v5-27f2fb
33955,2.3208749294281006,,,,adamh-scaling-ladder-nemotron-optimal-1e+23-v5-27f2fb
33979,2.3272173404693604,,,,adamh-scaling-ladder-nemotron-optimal-1e+23-v5-27f2fb
33990,2.334916591644287,,,,adamh-scaling-ladder-nemotron-optimal-1e+23-v5-27f2fb
34000,,2.6164281368255615,2.388190746307373,2.507307767868042,adamh-scaling-ladder-nemotron-optimal-1e+23-v5-27f2fb
34034,2.3235039710998535,,,,adamh-scaling-ladder-nemotron-optimal-1e+23-v5-27f2fb
34063,2.3311691284179688,,,,adamh-scaling-ladder-nemotron-optimal-1e+23-v5-27f2fb
34124,2.323899745941162,,,,adamh-scaling-ladder-nemotron-optimal-1e+23-v5-27f2fb
34131,2.3182852268218994,,,,adamh-scaling-ladder-nemotron-optimal-1e+23-v5-27f2fb
34217,2.3263614177703857,,,,adamh-scaling-ladder-nemotron-optimal-1e+23-v5-27f2fb
34338,2.3474678993225098,,,,adamh-scaling-ladder-nemotron-optimal-1e+23-v5-27f2fb
34367,2.3303587436676025,,,,adamh-scaling-ladder-nemotron-optimal-1e+23-v5-27f2fb
34399,2.3497438430786133,,,,adamh-scaling-ladder-nemotron-optimal-1e+23-v5-27f2fb
34413,2.53315806388855,,,,adamh-scaling-ladder-nemotron-optimal-1e+23-v5-27f2fb
34474,2.4179019927978516,,,,adamh-scaling-ladder-nemotron-optimal-1e+23-v5-27f2fb
34525,2.3539350032806396,,,,adamh-scaling-ladder-nemotron-optimal-1e+23-v5-27f2fb
34537,2.3509557247161865,,,,adamh-scaling-ladder-nemotron-optimal-1e+23-v5-27f2fb
34548,2.3394289016723633,,,,adamh-scaling-ladder-nemotron-optimal-1e+23-v5-27f2fb
34643,2.3364298343658447,,,,adamh-scaling-ladder-nemotron-optimal-1e+23-v5-27f2fb
34675,2.3259782791137695,,,,adamh-scaling-ladder-nemotron-optimal-1e+23-v5-27f2fb
34708,2.3306217193603516,,,,adamh-scaling-ladder-nemotron-optimal-1e+23-v5-27f2fb
34750,2.326829195022583,,,,adamh-scaling-ladder-nemotron-optimal-1e+23-v5-27f2fb
34766,2.3402957916259766,,,,adamh-scaling-ladder-nemotron-optimal-1e+23-v5-27f2fb
34802,2.3394041061401367,,,,adamh-scaling-ladder-nemotron-optimal-1e+23-v5-27f2fb
34916,2.327953338623047,,,,adamh-scaling-ladder-nemotron-optimal-1e+23-v5-27f2fb
34918,2.3174362182617188,,,,adamh-scaling-ladder-nemotron-optimal-1e+23-v5-27f2fb
34933,2.335554838180542,,,,adamh-scaling-ladder-nemotron-optimal-1e+23-v5-27f2fb
34960,2.3457717895507812,,,,adamh-scaling-ladder-nemotron-optimal-1e+23-v5-27f2fb
35000,,2.614243268966675,2.385776996612549,2.5059027671813965,adamh-scaling-ladder-nemotron-optimal-1e+23-v5-27f2fb
35018,2.334530830383301,,,,adamh-scaling-ladder-nemotron-optimal-1e+23-v5-27f2fb
35098,2.3391287326812744,,,,adamh-scaling-ladder-nemotron-optimal-1e+23-v5-27f2fb
35199,2.331397771835327,,,,adamh-scaling-ladder-nemotron-optimal-1e+23-v5-27f2fb
35230,2.3331313133239746,,,,adamh-scaling-ladder-nemotron-optimal-1e+23-v5-27f2fb
35440,2.3249142169952393,,,,adamh-scaling-ladder-nemotron-optimal-1e+23-v5-27f2fb
35631,2.3343770503997803,,,,adamh-scaling-ladder-nemotron-optimal-1e+23-v5-27f2fb
35781,2.320178747177124,,,,adamh-scaling-ladder-nemotron-optimal-1e+23-v5-27f2fb
35796,2.3199915885925293,,,,adamh-scaling-ladder-nemotron-optimal-1e+23-v5-27f2fb
35797,2.322033643722534,,,,adamh-scaling-ladder-nemotron-optimal-1e+23-v5-27f2fb
35838,2.3254144191741943,,,,adamh-scaling-ladder-nemotron-optimal-1e+23-v5-27f2fb
35862,2.330151319503784,,,,adamh-scaling-ladder-nemotron-optimal-1e+23-v5-27f2fb
35864,2.314013719558716,,,,adamh-scaling-ladder-nemotron-optimal-1e+23-v5-27f2fb
35868,2.3143582344055176,,,,adamh-scaling-ladder-nemotron-optimal-1e+23-v5-27f2fb
35962,2.326178789138794,,,,adamh-scaling-ladder-nemotron-optimal-1e+23-v5-27f2fb
36000,,2.616790294647217,2.3926992416381836,2.51363205909729,adamh-scaling-ladder-nemotron-optimal-1e+23-v5-27f2fb
36005,2.3436944484710693,,,,adamh-scaling-ladder-nemotron-optimal-1e+23-v5-27f2fb
36013,2.3263466358184814,,,,adamh-scaling-ladder-nemotron-optimal-1e+23-v5-27f2fb
36069,2.330235004425049,,,,adamh-scaling-ladder-nemotron-optimal-1e+23-v5-27f2fb
36184,2.320955991744995,,,,adamh-scaling-ladder-nemotron-optimal-1e+23-v5-27f2fb
36208,2.3191497325897217,,,,adamh-scaling-ladder-nemotron-optimal-1e+23-v5-27f2fb
36291,2.321336030960083,,,,adamh-scaling-ladder-nemotron-optimal-1e+23-v5-27f2fb
36315,2.3097503185272217,,,,adamh-scaling-ladder-nemotron-optimal-1e+23-v5-27f2fb
36326,2.3083720207214355,,,,adamh-scaling-ladder-nemotron-optimal-1e+23-v5-27f2fb
36441,2.32745623588562,,,,adamh-scaling-ladder-nemotron-optimal-1e+23-v5-27f2fb
36454,2.3304927349090576,,,,adamh-scaling-ladder-nemotron-optimal-1e+23-v5-27f2fb
36493,2.3251593112945557,,,,adamh-scaling-ladder-nemotron-optimal-1e+23-v5-27f2fb
36512,2.318049192428589,,,,adamh-scaling-ladder-nemotron-optimal-1e+23-v5-27f2fb
36527,2.3393678665161133,,,,adamh-scaling-ladder-nemotron-optimal-1e+23-v5-27f2fb
36578,2.3142223358154297,,,,adamh-scaling-ladder-nemotron-optimal-1e+23-v5-27f2fb
36596,2.3136661052703857,,,,adamh-scaling-ladder-nemotron-optimal-1e+23-v5-27f2fb
36711,2.3135569095611572,,,,adamh-scaling-ladder-nemotron-optimal-1e+23-v5-27f2fb
36797,2.3181681632995605,,,,adamh-scaling-ladder-nemotron-optimal-1e+23-v5-27f2fb
36999,2.313807964324951,,,,adamh-scaling-ladder-nemotron-optimal-1e+23-v5-27f2fb
37000,,2.614072322845459,2.3891260623931885,2.5086865425109863,adamh-scaling-ladder-nemotron-optimal-1e+23-v5-27f2fb
37025,2.3225443363189697,,,,adamh-scaling-ladder-nemotron-optimal-1e+23-v5-27f2fb
37045,2.3271982669830322,,,,adamh-scaling-ladder-nemotron-optimal-1e+23-v5-27f2fb
37062,2.3311333656311035,,,,adamh-scaling-ladder-nemotron-optimal-1e+23-v5-27f2fb
37220,2.320756435394287,,,,adamh-scaling-ladder-nemotron-optimal-1e+23-v5-27f2fb
37267,2.3332951068878174,,,,adamh-scaling-ladder-nemotron-optimal-1e+23-v5-27f2fb
37291,2.3293230533599854,,,,adamh-scaling-ladder-nemotron-optimal-1e+23-v5-27f2fb
37299,2.3372037410736084,,,,adamh-scaling-ladder-nemotron-optimal-1e+23-v5-27f2fb
37319,2.332890272140503,,,,adamh-scaling-ladder-nemotron-optimal-1e+23-v5-27f2fb
37346,2.327012538909912,,,,adamh-scaling-ladder-nemotron-optimal-1e+23-v5-27f2fb
37424,2.3157689571380615,,,,adamh-scaling-ladder-nemotron-optimal-1e+23-v5-27f2fb
37486,2.3248417377471924,,,,adamh-scaling-ladder-nemotron-optimal-1e+23-v5-27f2fb
37542,2.3326923847198486,,,,adamh-scaling-ladder-nemotron-optimal-1e+23-v5-27f2fb
37610,2.3160979747772217,,,,adamh-scaling-ladder-nemotron-optimal-1e+23-v5-27f2fb
37617,2.316240072250366,,,,adamh-scaling-ladder-nemotron-optimal-1e+23-v5-27f2fb
37666,2.3414463996887207,,,,adamh-scaling-ladder-nemotron-optimal-1e+23-v5-27f2fb
37677,2.325827121734619,,,,adamh-scaling-ladder-nemotron-optimal-1e+23-v5-27f2fb
37730,2.337369203567505,,,,adamh-scaling-ladder-nemotron-optimal-1e+23-v5-27f2fb
37753,2.3233981132507324,,,,adamh-scaling-ladder-nemotron-optimal-1e+23-v5-27f2fb
37769,2.322659730911255,,,,adamh-scaling-ladder-nemotron-optimal-1e+23-v5-27f2fb
38000,,2.605081081390381,2.3761086463928223,2.496028184890747,adamh-scaling-ladder-nemotron-optimal-1e+23-v5-27f2fb
38021,2.3193490505218506,,,,adamh-scaling-ladder-nemotron-optimal-1e+23-v5-27f2fb
38040,2.3236377239227295,,,,adamh-scaling-ladder-nemotron-optimal-1e+23-v5-27f2fb
38128,2.3046534061431885,,,,adamh-scaling-ladder-nemotron-optimal-1e+23-v5-27f2fb
38149,2.3141608238220215,,,,adamh-scaling-ladder-nemotron-optimal-1e+23-v5-27f2fb
38241,2.3235809803009033,,,,adamh-scaling-ladder-nemotron-optimal-1e+23-v5-27f2fb
38272,2.297422409057617,,,,adamh-scaling-ladder-nemotron-optimal-1e+23-v5-27f2fb
38382,2.3410263061523438,,,,adamh-scaling-ladder-nemotron-optimal-1e+23-v5-27f2fb
38442,2.3365824222564697,,,,adamh-scaling-ladder-nemotron-optimal-1e+23-v5-27f2fb
38477,2.3209524154663086,,,,adamh-scaling-ladder-nemotron-optimal-1e+23-v5-27f2fb
38548,2.311537981033325,,,,adamh-scaling-ladder-nemotron-optimal-1e+23-v5-27f2fb
38575,2.3214902877807617,,,,adamh-scaling-ladder-nemotron-optimal-1e+23-v5-27f2fb
38604,2.328984260559082,,,,adamh-scaling-ladder-nemotron-optimal-1e+23-v5-27f2fb
38605,2.3192803859710693,,,,adamh-scaling-ladder-nemotron-optimal-1e+23-v5-27f2fb
38612,2.32700514793396,,,,adamh-scaling-ladder-nemotron-optimal-1e+23-v5-27f2fb
38688,2.328070878982544,,,,adamh-scaling-ladder-nemotron-optimal-1e+23-v5-27f2fb
38751,2.3279545307159424,,,,adamh-scaling-ladder-nemotron-optimal-1e+23-v5-27f2fb
38769,2.3205533027648926,,,,adamh-scaling-ladder-nemotron-optimal-1e+23-v5-27f2fb
38872,2.320749521255493,,,,adamh-scaling-ladder-nemotron-optimal-1e+23-v5-27f2fb
39000,,2.606666088104248,2.3778085708618164,2.4979193210601807,adamh-scaling-ladder-nemotron-optimal-1e+23-v5-27f2fb
39077,2.310926914215088,,,,adamh-scaling-ladder-nemotron-optimal-1e+23-v5-27f2fb
39108,2.3265552520751953,,,,adamh-scaling-ladder-nemotron-optimal-1e+23-v5-27f2fb
39149,2.3295395374298096,,,,adamh-scaling-ladder-nemotron-optimal-1e+23-v5-27f2fb
39150,2.3164451122283936,,,,adamh-scaling-ladder-nemotron-optimal-1e+23-v5-27f2fb
39298,2.310192823410034,,,,adamh-scaling-ladder-nemotron-optimal-1e+23-v5-27f2fb
39315,2.3319215774536133,,,,adamh-scaling-ladder-nemotron-optimal-1e+23-v5-27f2fb
39329,2.3065013885498047,,,,adamh-scaling-ladder-nemotron-optimal-1e+23-v5-27f2fb
39333,2.3068859577178955,,,,adamh-scaling-ladder-nemotron-optimal-1e+23-v5-27f2fb
39355,2.3165764808654785,,,,adamh-scaling-ladder-nemotron-optimal-1e+23-v5-27f2fb
39368,2.3176090717315674,,,,adamh-scaling-ladder-nemotron-optimal-1e+23-v5-27f2fb
39453,2.310603618621826,,,,adamh-scaling-ladder-nemotron-optimal-1e+23-v5-27f2fb
39558,2.4049530029296875,,,,adamh-scaling-ladder-nemotron-optimal-1e+23-v5-27f2fb
39601,2.327239513397217,,,,adamh-scaling-ladder-nemotron-optimal-1e+23-v5-27f2fb
39656,2.3277602195739746,,,,adamh-scaling-ladder-nemotron-optimal-1e+23-v5-27f2fb
39776,2.325760841369629,,,,adamh-scaling-ladder-nemotron-optimal-1e+23-v5-27f2fb
39796,2.3066771030426025,,,,adamh-scaling-ladder-nemotron-optimal-1e+23-v5-27f2fb
39817,2.3143882751464844,,,,adamh-scaling-ladder-nemotron-optimal-1e+23-v5-27f2fb
39822,2.3114027976989746,,,,adamh-scaling-ladder-nemotron-optimal-1e+23-v5-27f2fb
39941,2.3185606002807617,,,,adamh-scaling-ladder-nemotron-optimal-1e+23-v5-27f2fb
40000,,2.6064326763153076,2.378230333328247,2.4995040893554688,adamh-scaling-ladder-nemotron-optimal-1e+23-v5-27f2fb
40014,2.311880350112915,,,,adamh-scaling-ladder-nemotron-optimal-1e+23-v5-27f2fb
40309,2.3371219635009766,,,,adamh-scaling-ladder-nemotron-optimal-1e+23-v5-27f2fb
40373,2.326045274734497,,,,adamh-scaling-ladder-nemotron-optimal-1e+23-v5-27f2fb
40394,2.339573860168457,,,,adamh-scaling-ladder-nemotron-optimal-1e+23-v5-27f2fb
40429,2.322197914123535,,,,adamh-scaling-ladder-nemotron-optimal-1e+23-v5-27f2fb
40447,2.3357653617858887,,,,adamh-scaling-ladder-nemotron-optimal-1e+23-v5-27f2fb
40482,2.3396732807159424,,,,adamh-scaling-ladder-nemotron-optimal-1e+23-v5-27f2fb
40522,2.3101840019226074,,,,adamh-scaling-ladder-nemotron-optimal-1e+23-v5-27f2fb
40562,2.328559398651123,,,,adamh-scaling-ladder-nemotron-optimal-1e+23-v5-27f2fb
40580,2.3242483139038086,,,,adamh-scaling-ladder-nemotron-optimal-1e+23-v5-27f2fb
40605,2.31783390045166,,,,adamh-scaling-ladder-nemotron-optimal-1e+23-v5-27f2fb
40673,2.333953380584717,,,,adamh-scaling-ladder-nemotron-optimal-1e+23-v5-27f2fb
40706,2.3365800380706787,,,,adamh-scaling-ladder-nemotron-optimal-1e+23-v5-27f2fb
40710,2.3210811614990234,,,,adamh-scaling-ladder-nemotron-optimal-1e+23-v5-27f2fb
40793,2.3331103324890137,,,,adamh-scaling-ladder-nemotron-optimal-1e+23-v5-27f2fb
40864,2.327404260635376,,,,adamh-scaling-ladder-nemotron-optimal-1e+23-v5-27f2fb
40888,2.3134334087371826,,,,adamh-scaling-ladder-nemotron-optimal-1e+23-v5-27f2fb
40983,2.3245599269866943,,,,adamh-scaling-ladder-nemotron-optimal-1e+23-v5-27f2fb
41000,,2.605489492416382,2.3793904781341553,2.4993152618408203,adamh-scaling-ladder-nemotron-optimal-1e+23-v5-27f2fb
41039,2.3139736652374268,,,,adamh-scaling-ladder-nemotron-optimal-1e+23-v5-27f2fb
41119,2.3361618518829346,,,,adamh-scaling-ladder-nemotron-optimal-1e+23-v5-27f2fb
41140,2.3198623657226562,,,,adamh-scaling-ladder-nemotron-optimal-1e+23-v5-27f2fb
41314,2.3137683868408203,,,,adamh-scaling-ladder-nemotron-optimal-1e+23-v5-27f2fb
41334,2.308980941772461,,,,adamh-scaling-ladder-nemotron-optimal-1e+23-v5-27f2fb
41341,2.3031511306762695,,,,adamh-scaling-ladder-nemotron-optimal-1e+23-v5-27f2fb
41355,2.329385995864868,,,,adamh-scaling-ladder-nemotron-optimal-1e+23-v5-27f2fb
41370,2.3224833011627197,,,,adamh-scaling-ladder-nemotron-optimal-1e+23-v5-27f2fb
41457,2.3155624866485596,,,,adamh-scaling-ladder-nemotron-optimal-1e+23-v5-27f2fb
41465,2.3280551433563232,,,,adamh-scaling-ladder-nemotron-optimal-1e+23-v5-27f2fb
41547,2.3230173587799072,,,,adamh-scaling-ladder-nemotron-optimal-1e+23-v5-27f2fb
41612,2.3182613849639893,,,,adamh-scaling-ladder-nemotron-optimal-1e+23-v5-27f2fb
41614,2.3330681324005127,,,,adamh-scaling-ladder-nemotron-optimal-1e+23-v5-27f2fb
41791,2.314457654953003,,,,adamh-scaling-ladder-nemotron-optimal-1e+23-v5-27f2fb
41814,2.313295841217041,,,,adamh-scaling-ladder-nemotron-optimal-1e+23-v5-27f2fb
41838,2.3226115703582764,,,,adamh-scaling-ladder-nemotron-optimal-1e+23-v5-27f2fb
42000,,2.6056101322174072,2.3800203800201416,2.4995899200439453,adamh-scaling-ladder-nemotron-optimal-1e+23-v5-27f2fb
42027,2.3204545974731445,,,,adamh-scaling-ladder-nemotron-optimal-1e+23-v5-27f2fb
42065,2.308422565460205,,,,adamh-scaling-ladder-nemotron-optimal-1e+23-v5-27f2fb
42097,2.314291000366211,,,,adamh-scaling-ladder-nemotron-optimal-1e+23-v5-27f2fb
42168,2.313082695007324,,,,adamh-scaling-ladder-nemotron-optimal-1e+23-v5-27f2fb
42188,2.322716236114502,,,,adamh-scaling-ladder-nemotron-optimal-1e+23-v5-27f2fb
42220,2.3262887001037598,,,,adamh-scaling-ladder-nemotron-optimal-1e+23-v5-27f2fb
42302,2.321084976196289,,,,adamh-scaling-ladder-nemotron-optimal-1e+23-v5-27f2fb
42378,2.30383038520813,,,,adamh-scaling-ladder-nemotron-optimal-1e+23-v5-27f2fb
42478,2.323402166366577,,,,adamh-scaling-ladder-nemotron-optimal-1e+23-v5-27f2fb
42501,2.320187568664551,,,,adamh-scaling-ladder-nemotron-optimal-1e+23-v5-27f2fb
42564,2.3096413612365723,,,,adamh-scaling-ladder-nemotron-optimal-1e+23-v5-27f2fb
42668,2.307603359222412,,,,adamh-scaling-ladder-nemotron-optimal-1e+23-v5-27f2fb
42754,2.307464122772217,,,,adamh-scaling-ladder-nemotron-optimal-1e+23-v5-27f2fb
42792,2.3201279640197754,,,,adamh-scaling-ladder-nemotron-optimal-1e+23-v5-27f2fb
42883,2.3140311241149902,,,,adamh-scaling-ladder-nemotron-optimal-1e+23-v5-27f2fb
42929,2.314387559890747,,,,adamh-scaling-ladder-nemotron-optimal-1e+23-v5-27f2fb
42970,2.314509153366089,,,,adamh-scaling-ladder-nemotron-optimal-1e+23-v5-27f2fb
42977,2.309473752975464,,,,adamh-scaling-ladder-nemotron-optimal-1e+23-v5-27f2fb
43000,,2.6073107719421387,2.3811025619506836,2.5001485347747803,adamh-scaling-ladder-nemotron-optimal-1e+23-v5-27f2fb
43019,2.297748327255249,,,,adamh-scaling-ladder-nemotron-optimal-1e+23-v5-27f2fb
43021,2.3118393421173096,,,,adamh-scaling-ladder-nemotron-optimal-1e+23-v5-27f2fb
43058,2.3175089359283447,,,,adamh-scaling-ladder-nemotron-optimal-1e+23-v5-27f2fb
43064,2.3241469860076904,,,,adamh-scaling-ladder-nemotron-optimal-1e+23-v5-27f2fb
43070,2.319784164428711,,,,adamh-scaling-ladder-nemotron-optimal-1e+23-v5-27f2fb
43303,2.3340353965759277,,,,adamh-scaling-ladder-nemotron-optimal-1e+23-v5-27f2fb
43319,2.306426763534546,,,,adamh-scaling-ladder-nemotron-optimal-1e+23-v5-27f2fb
43335,2.3176913261413574,,,,adamh-scaling-ladder-nemotron-optimal-1e+23-v5-27f2fb
43411,2.3593239784240723,,,,adamh-scaling-ladder-nemotron-optimal-1e+23-v5-27f2fb
43483,2.314556360244751,,,,adamh-scaling-ladder-nemotron-optimal-1e+23-v5-27f2fb
43493,2.3101983070373535,,,,adamh-scaling-ladder-nemotron-optimal-1e+23-v5-27f2fb
43504,2.326997995376587,,,,adamh-scaling-ladder-nemotron-optimal-1e+23-v5-27f2fb
43525,2.3039767742156982,,,,adamh-scaling-ladder-nemotron-optimal-1e+23-v5-27f2fb
43547,2.3245766162872314,,,,adamh-scaling-ladder-nemotron-optimal-1e+23-v5-27f2fb
43644,2.319291353225708,,,,adamh-scaling-ladder-nemotron-optimal-1e+23-v5-27f2fb
43676,2.324174642562866,,,,adamh-scaling-ladder-nemotron-optimal-1e+23-v5-27f2fb
43712,2.3178811073303223,,,,adamh-scaling-ladder-nemotron-optimal-1e+23-v5-27f2fb
43818,2.3172717094421387,,,,adamh-scaling-ladder-nemotron-optimal-1e+23-v5-27f2fb
43859,2.2961652278900146,,,,adamh-scaling-ladder-nemotron-optimal-1e+23-v5-27f2fb
43888,2.3160009384155273,,,,adamh-scaling-ladder-nemotron-optimal-1e+23-v5-27f2fb
43913,2.3093409538269043,,,,adamh-scaling-ladder-nemotron-optimal-1e+23-v5-27f2fb
43943,2.306323528289795,,,,adamh-scaling-ladder-nemotron-optimal-1e+23-v5-27f2fb
43954,2.3078174591064453,,,,adamh-scaling-ladder-nemotron-optimal-1e+23-v5-27f2fb
43976,2.340219497680664,,,,adamh-scaling-ladder-nemotron-optimal-1e+23-v5-27f2fb
43989,2.3163039684295654,,,,adamh-scaling-ladder-nemotron-optimal-1e+23-v5-27f2fb
44000,,2.609081983566284,2.379181385040283,2.4983479976654053,adamh-scaling-ladder-nemotron-optimal-1e+23-v5-27f2fb
44014,2.318148374557495,,,,adamh-scaling-ladder-nemotron-optimal-1e+23-v5-27f2fb
44031,2.2944161891937256,,,,adamh-scaling-ladder-nemotron-optimal-1e+23-v5-27f2fb
44056,2.315356492996216,,,,adamh-scaling-ladder-nemotron-optimal-1e+23-v5-27f2fb
44058,2.3015403747558594,,,,adamh-scaling-ladder-nemotron-optimal-1e+23-v5-27f2fb
44081,2.3228070735931396,,,,adamh-scaling-ladder-nemotron-optimal-1e+23-v5-27f2fb
44206,2.30502986907959,,,,adamh-scaling-ladder-nemotron-optimal-1e+23-v5-27f2fb
44224,2.309649705886841,,,,adamh-scaling-ladder-nemotron-optimal-1e+23-v5-27f2fb
44301,2.3194332122802734,,,,adamh-scaling-ladder-nemotron-optimal-1e+23-v5-27f2fb
44457,2.308382272720337,,,,adamh-scaling-ladder-nemotron-optimal-1e+23-v5-27f2fb
44533,2.3221778869628906,,,,adamh-scaling-ladder-nemotron-optimal-1e+23-v5-27f2fb
44539,2.319056749343872,,,,adamh-scaling-ladder-nemotron-optimal-1e+23-v5-27f2fb
44546,2.31980299949646,,,,adamh-scaling-ladder-nemotron-optimal-1e+23-v5-27f2fb
44585,2.3146474361419678,,,,adamh-scaling-ladder-nemotron-optimal-1e+23-v5-27f2fb
44758,2.3175241947174072,,,,adamh-scaling-ladder-nemotron-optimal-1e+23-v5-27f2fb
44776,2.3286051750183105,,,,adamh-scaling-ladder-nemotron-optimal-1e+23-v5-27f2fb
44855,2.3397715091705322,,,,adamh-scaling-ladder-nemotron-optimal-1e+23-v5-27f2fb
44875,2.30273699760437,,,,adamh-scaling-ladder-nemotron-optimal-1e+23-v5-27f2fb
44950,2.313920736312866,,,,adamh-scaling-ladder-nemotron-optimal-1e+23-v5-27f2fb
44957,2.330979585647583,,,,adamh-scaling-ladder-nemotron-optimal-1e+23-v5-27f2fb
45000,,2.6050314903259277,2.373473882675171,2.493602991104126,adamh-scaling-ladder-nemotron-optimal-1e+23-v5-27f2fb
45035,2.3226537704467773,,,,adamh-scaling-ladder-nemotron-optimal-1e+23-v5-27f2fb
45098,2.312455892562866,,,,adamh-scaling-ladder-nemotron-optimal-1e+23-v5-27f2fb
45109,2.317720413208008,,,,adamh-scaling-ladder-nemotron-optimal-1e+23-v5-27f2fb
45115,2.302243947982788,,,,adamh-scaling-ladder-nemotron-optimal-1e+23-v5-27f2fb
45198,2.3042404651641846,,,,adamh-scaling-ladder-nemotron-optimal-1e+23-v5-27f2fb
45307,2.316096544265747,,,,adamh-scaling-ladder-nemotron-optimal-1e+23-v5-27f2fb
45315,2.308680772781372,,,,adamh-scaling-ladder-nemotron-optimal-1e+23-v5-27f2fb
45329,2.3280348777770996,,,,adamh-scaling-ladder-nemotron-optimal-1e+23-v5-27f2fb
45384,2.315000057220459,,,,adamh-scaling-ladder-nemotron-optimal-1e+23-v5-27f2fb
45451,2.314160108566284,,,,adamh-scaling-ladder-nemotron-optimal-1e+23-v5-27f2fb
45527,2.318420886993408,,,,adamh-scaling-ladder-nemotron-optimal-1e+23-v5-27f2fb
45599,2.32242488861084,,,,adamh-scaling-ladder-nemotron-optimal-1e+23-v5-27f2fb
45615,2.320176124572754,,,,adamh-scaling-ladder-nemotron-optimal-1e+23-v5-27f2fb
45728,2.3013007640838623,,,,adamh-scaling-ladder-nemotron-optimal-1e+23-v5-27f2fb
45801,2.3113763332366943,,,,adamh-scaling-ladder-nemotron-optimal-1e+23-v5-27f2fb
45856,2.3019800186157227,,,,adamh-scaling-ladder-nemotron-optimal-1e+23-v5-27f2fb
45871,2.309053421020508,,,,adamh-scaling-ladder-nemotron-optimal-1e+23-v5-27f2fb
45877,2.322608709335327,,,,adamh-scaling-ladder-nemotron-optimal-1e+23-v5-27f2fb
45887,2.3101229667663574,,,,adamh-scaling-ladder-nemotron-optimal-1e+23-v5-27f2fb
45970,2.310483455657959,,,,adamh-scaling-ladder-nemotron-optimal-1e+23-v5-27f2fb
46000,,2.5986127853393555,2.372683525085449,2.492253541946411,adamh-scaling-ladder-nemotron-optimal-1e+23-v5-27f2fb
46100,2.304828405380249,,,,adamh-scaling-ladder-nemotron-optimal-1e+23-v5-27f2fb
46175,2.3121213912963867,,,,adamh-scaling-ladder-nemotron-optimal-1e+23-v5-27f2fb
46197,2.313417911529541,,,,adamh-scaling-ladder-nemotron-optimal-1e+23-v5-27f2fb
46245,2.3062217235565186,,,,adamh-scaling-ladder-nemotron-optimal-1e+23-v5-27f2fb
46255,2.300859212875366,,,,adamh-scaling-ladder-nemotron-optimal-1e+23-v5-27f2fb
46369,2.3142309188842773,,,,adamh-scaling-ladder-nemotron-optimal-1e+23-v5-27f2fb
46402,3.031398057937622,,,,adamh-scaling-ladder-nemotron-optimal-1e+23-v5-27f2fb
46435,2.5533416271209717,,,,adamh-scaling-ladder-nemotron-optimal-1e+23-v5-27f2fb
46461,2.4329476356506348,,,,adamh-scaling-ladder-nemotron-optimal-1e+23-v5-27f2fb
46488,2.531557321548462,,,,adamh-scaling-ladder-nemotron-optimal-1e+23-v5-27f2fb
46495,2.383756160736084,,,,adamh-scaling-ladder-nemotron-optimal-1e+23-v5-27f2fb
46535,2.3420705795288086,,,,adamh-scaling-ladder-nemotron-optimal-1e+23-v5-27f2fb
46559,2.3225061893463135,,,,adamh-scaling-ladder-nemotron-optimal-1e+23-v5-27f2fb
46579,2.3266725540161133,,,,adamh-scaling-ladder-nemotron-optimal-1e+23-v5-27f2fb
46590,2.332550287246704,,,,adamh-scaling-ladder-nemotron-optimal-1e+23-v5-27f2fb
46622,2.3093338012695312,,,,adamh-scaling-ladder-nemotron-optimal-1e+23-v5-27f2fb
46673,2.3242006301879883,,,,adamh-scaling-ladder-nemotron-optimal-1e+23-v5-27f2fb
46706,2.3242077827453613,,,,adamh-scaling-ladder-nemotron-optimal-1e+23-v5-27f2fb
46772,2.327725410461426,,,,adamh-scaling-ladder-nemotron-optimal-1e+23-v5-27f2fb
46804,2.324032783508301,,,,adamh-scaling-ladder-nemotron-optimal-1e+23-v5-27f2fb
46831,2.3218142986297607,,,,adamh-scaling-ladder-nemotron-optimal-1e+23-v5-27f2fb
46907,2.319786310195923,,,,adamh-scaling-ladder-nemotron-optimal-1e+23-v5-27f2fb
46954,2.323129653930664,,,,adamh-scaling-ladder-nemotron-optimal-1e+23-v5-27f2fb
47000,,2.6050119400024414,2.3797190189361572,2.49989914894104,adamh-scaling-ladder-nemotron-optimal-1e+23-v5-27f2fb
47038,2.3244385719299316,,,,adamh-scaling-ladder-nemotron-optimal-1e+23-v5-27f2fb
47108,2.3223581314086914,,,,adamh-scaling-ladder-nemotron-optimal-1e+23-v5-27f2fb
47143,2.3346333503723145,,,,adamh-scaling-ladder-nemotron-optimal-1e+23-v5-27f2fb
47154,2.3283424377441406,,,,adamh-scaling-ladder-nemotron-optimal-1e+23-v5-27f2fb
47170,2.3233890533447266,,,,adamh-scaling-ladder-nemotron-optimal-1e+23-v5-27f2fb
47204,2.3235080242156982,,,,adamh-scaling-ladder-nemotron-optimal-1e+23-v5-27f2fb
47259,2.3166871070861816,,,,adamh-scaling-ladder-nemotron-optimal-1e+23-v5-27f2fb
47307,2.309420108795166,,,,adamh-scaling-ladder-nemotron-optimal-1e+23-v5-27f2fb
47315,2.3257977962493896,,,,adamh-scaling-ladder-nemotron-optimal-1e+23-v5-27f2fb
47363,2.3080315589904785,,,,adamh-scaling-ladder-nemotron-optimal-1e+23-v5-27f2fb
47426,2.3192527294158936,,,,adamh-scaling-ladder-nemotron-optimal-1e+23-v5-27f2fb
47462,2.3082351684570312,,,,adamh-scaling-ladder-nemotron-optimal-1e+23-v5-27f2fb
47554,2.3167433738708496,,,,adamh-scaling-ladder-nemotron-optimal-1e+23-v5-27f2fb
47674,2.704726457595825,,,,adamh-scaling-ladder-nemotron-optimal-1e+23-v5-27f2fb
47724,2.4471969604492188,,,,adamh-scaling-ladder-nemotron-optimal-1e+23-v5-27f2fb
47747,2.4196486473083496,,,,adamh-scaling-ladder-nemotron-optimal-1e+23-v5-27f2fb
47872,2.33550763130188,,,,adamh-scaling-ladder-nemotron-optimal-1e+23-v5-27f2fb
47934,2.338740110397339,,,,adamh-scaling-ladder-nemotron-optimal-1e+23-v5-27f2fb
47948,2.3371706008911133,,,,adamh-scaling-ladder-nemotron-optimal-1e+23-v5-27f2fb
47958,2.31486177444458,,,,adamh-scaling-ladder-nemotron-optimal-1e+23-v5-27f2fb
48000,,2.6128451824188232,2.388481855392456,2.508906126022339,adamh-scaling-ladder-nemotron-optimal-1e+23-v5-27f2fb
48078,2.3365726470947266,,,,adamh-scaling-ladder-nemotron-optimal-1e+23-v5-27f2fb
48102,2.331801176071167,,,,adamh-scaling-ladder-nemotron-optimal-1e+23-v5-27f2fb
48127,2.3206100463867188,,,,adamh-scaling-ladder-nemotron-optimal-1e+23-v5-27f2fb
48165,2.327674388885498,,,,adamh-scaling-ladder-nemotron-optimal-1e+23-v5-27f2fb
48168,2.332286834716797,,,,adamh-scaling-ladder-nemotron-optimal-1e+23-v5-27f2fb
48171,2.335111618041992,,,,adamh-scaling-ladder-nemotron-optimal-1e+23-v5-27f2fb
48214,2.3154683113098145,,,,adamh-scaling-ladder-nemotron-optimal-1e+23-v5-27f2fb
48226,2.3201448917388916,,,,adamh-scaling-ladder-nemotron-optimal-1e+23-v5-27f2fb
48233,2.3121585845947266,,,,adamh-scaling-ladder-nemotron-optimal-1e+23-v5-27f2fb
48234,2.34313702583313,,,,adamh-scaling-ladder-nemotron-optimal-1e+23-v5-27f2fb
48249,2.329930305480957,,,,adamh-scaling-ladder-nemotron-optimal-1e+23-v5-27f2fb
48273,2.320850372314453,,,,adamh-scaling-ladder-nemotron-optimal-1e+23-v5-27f2fb
48406,2.3113012313842773,,,,adamh-scaling-ladder-nemotron-optimal-1e+23-v5-27f2fb
48434,2.3100879192352295,,,,adamh-scaling-ladder-nemotron-optimal-1e+23-v5-27f2fb
48469,2.3147449493408203,,,,adamh-scaling-ladder-nemotron-optimal-1e+23-v5-27f2fb
48559,2.315382719039917,,,,adamh-scaling-ladder-nemotron-optimal-1e+23-v5-27f2fb
48610,2.311335325241089,,,,adamh-scaling-ladder-nemotron-optimal-1e+23-v5-27f2fb
48642,2.313584566116333,,,,adamh-scaling-ladder-nemotron-optimal-1e+23-v5-27f2fb
48645,2.310129404067993,,,,adamh-scaling-ladder-nemotron-optimal-1e+23-v5-27f2fb
48658,2.328378438949585,,,,adamh-scaling-ladder-nemotron-optimal-1e+23-v5-27f2fb
48670,2.3045566082000732,,,,adamh-scaling-ladder-nemotron-optimal-1e+23-v5-27f2fb
48842,2.3219144344329834,,,,adamh-scaling-ladder-nemotron-optimal-1e+23-v5-27f2fb
48901,2.31673002243042,,,,adamh-scaling-ladder-nemotron-optimal-1e+23-v5-27f2fb
48958,2.300945520401001,,,,adamh-scaling-ladder-nemotron-optimal-1e+23-v5-27f2fb
49000,,2.6006505489349365,2.387691020965576,2.506917953491211,adamh-scaling-ladder-nemotron-optimal-1e+23-v5-27f2fb
49008,2.310124397277832,,,,adamh-scaling-ladder-nemotron-optimal-1e+23-v5-27f2fb
49039,2.327115058898926,,,,adamh-scaling-ladder-nemotron-optimal-1e+23-v5-27f2fb
49054,2.316848039627075,,,,adamh-scaling-ladder-nemotron-optimal-1e+23-v5-27f2fb
49143,2.3113887310028076,,,,adamh-scaling-ladder-nemotron-optimal-1e+23-v5-27f2fb
49193,2.5034945011138916,,,,adamh-scaling-ladder-nemotron-optimal-1e+23-v5-27f2fb
49215,2.3483219146728516,,,,adamh-scaling-ladder-nemotron-optimal-1e+23-v5-27f2fb
49280,2.316145420074463,,,,adamh-scaling-ladder-nemotron-optimal-1e+23-v5-27f2fb
49289,2.3213634490966797,,,,adamh-scaling-ladder-nemotron-optimal-1e+23-v5-27f2fb
49294,2.3351218700408936,,,,adamh-scaling-ladder-nemotron-optimal-1e+23-v5-27f2fb
49349,2.329969644546509,,,,adamh-scaling-ladder-nemotron-optimal-1e+23-v5-27f2fb
49372,2.341431140899658,,,,adamh-scaling-ladder-nemotron-optimal-1e+23-v5-27f2fb
49444,2.339723825454712,,,,adamh-scaling-ladder-nemotron-optimal-1e+23-v5-27f2fb
49447,2.319312572479248,,,,adamh-scaling-ladder-nemotron-optimal-1e+23-v5-27f2fb
49468,2.310166358947754,,,,adamh-scaling-ladder-nemotron-optimal-1e+23-v5-27f2fb
49504,2.3090994358062744,,,,adamh-scaling-ladder-nemotron-optimal-1e+23-v5-27f2fb
49526,2.307424783706665,,,,adamh-scaling-ladder-nemotron-optimal-1e+23-v5-27f2fb
49558,2.304692506790161,,,,adamh-scaling-ladder-nemotron-optimal-1e+23-v5-27f2fb
49573,2.326561689376831,,,,adamh-scaling-ladder-nemotron-optimal-1e+23-v5-27f2fb
49621,2.3212673664093018,,,,adamh-scaling-ladder-nemotron-optimal-1e+23-v5-27f2fb
49738,2.3179819583892822,,,,adamh-scaling-ladder-nemotron-optimal-1e+23-v5-27f2fb
49746,2.30891489982605,,,,adamh-scaling-ladder-nemotron-optimal-1e+23-v5-27f2fb
49909,2.3191096782684326,,,,adamh-scaling-ladder-nemotron-optimal-1e+23-v5-27f2fb
50000,,2.603121042251587,2.385333776473999,2.5084972381591797,adamh-scaling-ladder-nemotron-optimal-1e+23-v5-27f2fb
50052,2.311373472213745,,,,adamh-scaling-ladder-nemotron-optimal-1e+23-v5-27f2fb
50102,2.3246028423309326,,,,adamh-scaling-ladder-nemotron-optimal-1e+23-v5-27f2fb
50108,2.318321466445923,,,,adamh-scaling-ladder-nemotron-optimal-1e+23-v5-27f2fb
50184,2.318882942199707,,,,adamh-scaling-ladder-nemotron-optimal-1e+23-v5-27f2fb
50275,2.309083938598633,,,,adamh-scaling-ladder-nemotron-optimal-1e+23-v5-27f2fb
50308,2.314812183380127,,,,adamh-scaling-ladder-nemotron-optimal-1e+23-v5-27f2fb
50310,2.3137898445129395,,,,adamh-scaling-ladder-nemotron-optimal-1e+23-v5-27f2fb
50428,2.3185596466064453,,,,adamh-scaling-ladder-nemotron-optimal-1e+23-v5-27f2fb
50459,2.322678327560425,,,,adamh-scaling-ladder-nemotron-optimal-1e+23-v5-27f2fb
50465,2.302180290222168,,,,adamh-scaling-ladder-nemotron-optimal-1e+23-v5-27f2fb
50471,2.311406135559082,,,,adamh-scaling-ladder-nemotron-optimal-1e+23-v5-27f2fb
50506,2.3239097595214844,,,,adamh-scaling-ladder-nemotron-optimal-1e+23-v5-27f2fb
50577,2.336841106414795,,,,adamh-scaling-ladder-nemotron-optimal-1e+23-v5-27f2fb
50578,2.3148910999298096,,,,adamh-scaling-ladder-nemotron-optimal-1e+23-v5-27f2fb
50637,2.321701765060425,,,,adamh-scaling-ladder-nemotron-optimal-1e+23-v5-27f2fb
50681,2.32904052734375,,,,adamh-scaling-ladder-nemotron-optimal-1e+23-v5-27f2fb
50694,2.310948371887207,,,,adamh-scaling-ladder-nemotron-optimal-1e+23-v5-27f2fb
50703,2.3068714141845703,,,,adamh-scaling-ladder-nemotron-optimal-1e+23-v5-27f2fb
50726,2.3188159465789795,,,,adamh-scaling-ladder-nemotron-optimal-1e+23-v5-27f2fb
50729,2.3154094219207764,,,,adamh-scaling-ladder-nemotron-optimal-1e+23-v5-27f2fb
50756,2.315037488937378,,,,adamh-scaling-ladder-nemotron-optimal-1e+23-v5-27f2fb
50783,2.3079793453216553,,,,adamh-scaling-ladder-nemotron-optimal-1e+23-v5-27f2fb
50816,2.326615810394287,,,,adamh-scaling-ladder-nemotron-optimal-1e+23-v5-27f2fb
51000,,2.6054129600524902,2.3870129585266113,2.505608320236206,adamh-scaling-ladder-nemotron-optimal-1e+23-v5-27f2fb
51008,2.316190242767334,,,,adamh-scaling-ladder-nemotron-optimal-1e+23-v5-27f2fb
51106,2.3314199447631836,,,,adamh-scaling-ladder-nemotron-optimal-1e+23-v5-27f2fb
51131,2.3296661376953125,,,,adamh-scaling-ladder-nemotron-optimal-1e+23-v5-27f2fb
51157,2.3186748027801514,,,,adamh-scaling-ladder-nemotron-optimal-1e+23-v5-27f2fb
51170,2.328017473220825,,,,adamh-scaling-ladder-nemotron-optimal-1e+23-v5-27f2fb
51180,2.3182597160339355,,,,adamh-scaling-ladder-nemotron-optimal-1e+23-v5-27f2fb
51182,2.3247365951538086,,,,adamh-scaling-ladder-nemotron-optimal-1e+23-v5-27f2fb
51235,2.3175699710845947,,,,adamh-scaling-ladder-nemotron-optimal-1e+23-v5-27f2fb
51352,2.320882797241211,,,,adamh-scaling-ladder-nemotron-optimal-1e+23-v5-27f2fb
51440,2.320010185241699,,,,adamh-scaling-ladder-nemotron-optimal-1e+23-v5-27f2fb
51526,2.309105634689331,,,,adamh-scaling-ladder-nemotron-optimal-1e+23-v5-27f2fb
51696,2.3169538974761963,,,,adamh-scaling-ladder-nemotron-optimal-1e+23-v5-27f2fb
51710,2.3142735958099365,,,,adamh-scaling-ladder-nemotron-optimal-1e+23-v5-27f2fb
51723,2.3007304668426514,,,,adamh-scaling-ladder-nemotron-optimal-1e+23-v5-27f2fb
51788,2.3447813987731934,,,,adamh-scaling-ladder-nemotron-optimal-1e+23-v5-27f2fb
51796,2.3860907554626465,,,,adamh-scaling-ladder-nemotron-optimal-1e+23-v5-27f2fb
51824,2.377351999282837,,,,adamh-scaling-ladder-nemotron-optimal-1e+23-v5-27f2fb
51877,2.3113436698913574,,,,adamh-scaling-ladder-nemotron-optimal-1e+23-v5-27f2fb
51893,2.3240854740142822,,,,adamh-scaling-ladder-nemotron-optimal-1e+23-v5-27f2fb
51974,2.312474012374878,,,,adamh-scaling-ladder-nemotron-optimal-1e+23-v5-27f2fb
52000,,2.611692190170288,2.3876633644104004,2.5113093852996826,adamh-scaling-ladder-nemotron-optimal-1e+23-v5-27f2fb
52137,2.3233234882354736,,,,adamh-scaling-ladder-nemotron-optimal-1e+23-v5-27f2fb
52152,2.3260080814361572,,,,adamh-scaling-ladder-nemotron-optimal-1e+23-v5-27f2fb
52446,2.328335762023926,,,,adamh-scaling-ladder-nemotron-optimal-1e+23-v5-27f2fb
52465,2.314115047454834,,,,adamh-scaling-ladder-nemotron-optimal-1e+23-v5-27f2fb
52480,2.332705497741699,,,,adamh-scaling-ladder-nemotron-optimal-1e+23-v5-27f2fb
52554,2.337989330291748,,,,adamh-scaling-ladder-nemotron-optimal-1e+23-v5-27f2fb
52728,2.3269424438476562,,,,adamh-scaling-ladder-nemotron-optimal-1e+23-v5-27f2fb
52748,2.320441961288452,,,,adamh-scaling-ladder-nemotron-optimal-1e+23-v5-27f2fb
52756,2.324580192565918,,,,adamh-scaling-ladder-nemotron-optimal-1e+23-v5-27f2fb
52782,2.3439486026763916,,,,adamh-scaling-ladder-nemotron-optimal-1e+23-v5-27f2fb
52801,2.3251118659973145,,,,adamh-scaling-ladder-nemotron-optimal-1e+23-v5-27f2fb
52838,2.332871913909912,,,,adamh-scaling-ladder-nemotron-optimal-1e+23-v5-27f2fb
52938,2.3363261222839355,,,,adamh-scaling-ladder-nemotron-optimal-1e+23-v5-27f2fb
52978,2.3357222080230713,,,,adamh-scaling-ladder-nemotron-optimal-1e+23-v5-27f2fb
53000,,2.6202220916748047,2.4069151878356934,2.5265209674835205,adamh-scaling-ladder-nemotron-optimal-1e+23-v5-27f2fb
53136,2.3222720623016357,,,,adamh-scaling-ladder-nemotron-optimal-1e+23-v5-27f2fb
53191,2.343247652053833,,,,adamh-scaling-ladder-nemotron-optimal-1e+23-v5-27f2fb
53228,2.3308451175689697,,,,adamh-scaling-ladder-nemotron-optimal-1e+23-v5-27f2fb
53260,2.325766086578369,,,,adamh-scaling-ladder-nemotron-optimal-1e+23-v5-27f2fb
53271,2.34281849861145,,,,adamh-scaling-ladder-nemotron-optimal-1e+23-v5-27f2fb
53315,2.334641456604004,,,,adamh-scaling-ladder-nemotron-optimal-1e+23-v5-27f2fb
53319,2.324970006942749,,,,adamh-scaling-ladder-nemotron-optimal-1e+23-v5-27f2fb
53358,2.345762252807617,,,,adamh-scaling-ladder-nemotron-optimal-1e+23-v5-27f2fb
53430,2.3175528049468994,,,,adamh-scaling-ladder-nemotron-optimal-1e+23-v5-27f2fb
53431,2.3297462463378906,,,,adamh-scaling-ladder-nemotron-optimal-1e+23-v5-27f2fb
53483,2.3245580196380615,,,,adamh-scaling-ladder-nemotron-optimal-1e+23-v5-27f2fb
53595,2.3366007804870605,,,,adamh-scaling-ladder-nemotron-optimal-1e+23-v5-27f2fb
53656,2.331897258758545,,,,adamh-scaling-ladder-nemotron-optimal-1e+23-v5-27f2fb
53668,2.3452155590057373,,,,adamh-scaling-ladder-nemotron-optimal-1e+23-v5-27f2fb
53676,2.329523801803589,,,,adamh-scaling-ladder-nemotron-optimal-1e+23-v5-27f2fb
53695,2.3176441192626953,,,,adamh-scaling-ladder-nemotron-optimal-1e+23-v5-27f2fb
53704,2.3412587642669678,,,,adamh-scaling-ladder-nemotron-optimal-1e+23-v5-27f2fb
53706,2.3312630653381348,,,,adamh-scaling-ladder-nemotron-optimal-1e+23-v5-27f2fb
53738,2.3220603466033936,,,,adamh-scaling-ladder-nemotron-optimal-1e+23-v5-27f2fb
53755,2.3404929637908936,,,,adamh-scaling-ladder-nemotron-optimal-1e+23-v5-27f2fb
53768,2.3280491828918457,,,,adamh-scaling-ladder-nemotron-optimal-1e+23-v5-27f2fb
53820,2.3284542560577393,,,,adamh-scaling-ladder-nemotron-optimal-1e+23-v5-27f2fb
53826,2.332012414932251,,,,adamh-scaling-ladder-nemotron-optimal-1e+23-v5-27f2fb
53893,2.3408281803131104,,,,adamh-scaling-ladder-nemotron-optimal-1e+23-v5-27f2fb
53906,2.3282086849212646,,,,adamh-scaling-ladder-nemotron-optimal-1e+23-v5-27f2fb
53969,2.325641393661499,,,,adamh-scaling-ladder-nemotron-optimal-1e+23-v5-27f2fb
53986,2.345076084136963,,,,adamh-scaling-ladder-nemotron-optimal-1e+23-v5-27f2fb
54000,,2.627981424331665,2.4234530925750732,2.5411577224731445,adamh-scaling-ladder-nemotron-optimal-1e+23-v5-27f2fb
54013,2.3417537212371826,,,,adamh-scaling-ladder-nemotron-optimal-1e+23-v5-27f2fb
54040,2.321442127227783,,,,adamh-scaling-ladder-nemotron-optimal-1e+23-v5-27f2fb
54041,2.3292696475982666,,,,adamh-scaling-ladder-nemotron-optimal-1e+23-v5-27f2fb
54060,2.3253448009490967,,,,adamh-scaling-ladder-nemotron-optimal-1e+23-v5-27f2fb
54166,2.3533809185028076,,,,adamh-scaling-ladder-nemotron-optimal-1e+23-v5-27f2fb
54265,2.336700916290283,,,,adamh-scaling-ladder-nemotron-optimal-1e+23-v5-27f2fb
54270,2.346895694732666,,,,adamh-scaling-ladder-nemotron-optimal-1e+23-v5-27f2fb
54298,2.337268352508545,,,,adamh-scaling-ladder-nemotron-optimal-1e+23-v5-27f2fb
54304,2.3470046520233154,,,,adamh-scaling-ladder-nemotron-optimal-1e+23-v5-27f2fb
54314,2.3414840698242188,,,,adamh-scaling-ladder-nemotron-optimal-1e+23-v5-27f2fb
54333,2.336454391479492,,,,adamh-scaling-ladder-nemotron-optimal-1e+23-v5-27f2fb
54348,2.3365659713745117,,,,adamh-scaling-ladder-nemotron-optimal-1e+23-v5-27f2fb
54376,2.348402976989746,,,,adamh-scaling-ladder-nemotron-optimal-1e+23-v5-27f2fb
54395,2.341559886932373,,,,adamh-scaling-ladder-nemotron-optimal-1e+23-v5-27f2fb
54478,2.349411964416504,,,,adamh-scaling-ladder-nemotron-optimal-1e+23-v5-27f2fb
54603,2.358353853225708,,,,adamh-scaling-ladder-nemotron-optimal-1e+23-v5-27f2fb
54611,2.3590281009674072,,,,adamh-scaling-ladder-nemotron-optimal-1e+23-v5-27f2fb
54778,2.3442862033843994,,,,adamh-scaling-ladder-nemotron-optimal-1e+23-v5-27f2fb
54837,2.3571207523345947,,,,adamh-scaling-ladder-nemotron-optimal-1e+23-v5-27f2fb
54859,2.3373658657073975,,,,adamh-scaling-ladder-nemotron-optimal-1e+23-v5-27f2fb
54952,2.3437271118164062,,,,adamh-scaling-ladder-nemotron-optimal-1e+23-v5-27f2fb
54981,2.3346078395843506,,,,adamh-scaling-ladder-nemotron-optimal-1e+23-v5-27f2fb
54986,2.3577096462249756,,,,adamh-scaling-ladder-nemotron-optimal-1e+23-v5-27f2fb
55000,,2.629420757293701,2.4262027740478516,2.5448741912841797,adamh-scaling-ladder-nemotron-optimal-1e+23-v5-27f2fb
55068,2.348283052444458,,,,adamh-scaling-ladder-nemotron-optimal-1e+23-v5-27f2fb
55127,2.3583076000213623,,,,adamh-scaling-ladder-nemotron-optimal-1e+23-v5-27f2fb
55144,2.3549306392669678,,,,adamh-scaling-ladder-nemotron-optimal-1e+23-v5-27f2fb
55211,2.3439033031463623,,,,adamh-scaling-ladder-nemotron-optimal-1e+23-v5-27f2fb
55306,2.3490099906921387,,,,adamh-scaling-ladder-nemotron-optimal-1e+23-v5-27f2fb
55324,2.3518404960632324,,,,adamh-scaling-ladder-nemotron-optimal-1e+23-v5-27f2fb
55330,2.344961643218994,,,,adamh-scaling-ladder-nemotron-optimal-1e+23-v5-27f2fb
55475,2.364121198654175,,,,adamh-scaling-ladder-nemotron-optimal-1e+23-v5-27f2fb
55485,2.335310220718384,,,,adamh-scaling-ladder-nemotron-optimal-1e+23-v5-27f2fb
55559,2.3299593925476074,,,,adamh-scaling-ladder-nemotron-optimal-1e+23-v5-27f2fb
55562,2.3369803428649902,,,,adamh-scaling-ladder-nemotron-optimal-1e+23-v5-27f2fb
55575,2.3617405891418457,,,,adamh-scaling-ladder-nemotron-optimal-1e+23-v5-27f2fb
55579,2.331757068634033,,,,adamh-scaling-ladder-nemotron-optimal-1e+23-v5-27f2fb
55652,2.330047607421875,,,,adamh-scaling-ladder-nemotron-optimal-1e+23-v5-27f2fb
55725,2.3444669246673584,,,,adamh-scaling-ladder-nemotron-optimal-1e+23-v5-27f2fb
55739,2.340090036392212,,,,adamh-scaling-ladder-nemotron-optimal-1e+23-v5-27f2fb
55748,2.3316688537597656,,,,adamh-scaling-ladder-nemotron-optimal-1e+23-v5-27f2fb
55786,2.3327291011810303,,,,adamh-scaling-ladder-nemotron-optimal-1e+23-v5-27f2fb
55797,2.331775426864624,,,,adamh-scaling-ladder-nemotron-optimal-1e+23-v5-27f2fb
55823,2.3318233489990234,,,,adamh-scaling-ladder-nemotron-optimal-1e+23-v5-27f2fb
56000,,2.6184117794036865,2.3931736946105957,2.515239953994751,adamh-scaling-ladder-nemotron-optimal-1e+23-v5-27f2fb
56004,2.3364691734313965,,,,adamh-scaling-ladder-nemotron-optimal-1e+23-v5-27f2fb
56025,2.337473154067993,,,,adamh-scaling-ladder-nemotron-optimal-1e+23-v5-27f2fb
56060,2.338318109512329,,,,adamh-scaling-ladder-nemotron-optimal-1e+23-v5-27f2fb
56115,2.3227479457855225,,,,adamh-scaling-ladder-nemotron-optimal-1e+23-v5-27f2fb
56147,2.3225326538085938,,,,adamh-scaling-ladder-nemotron-optimal-1e+23-v5-27f2fb
56150,2.3328006267547607,,,,adamh-scaling-ladder-nemotron-optimal-1e+23-v5-27f2fb
56154,2.334486246109009,,,,adamh-scaling-ladder-nemotron-optimal-1e+23-v5-27f2fb
56207,2.3376715183258057,,,,adamh-scaling-ladder-nemotron-optimal-1e+23-v5-27f2fb
56243,2.3220505714416504,,,,adamh-scaling-ladder-nemotron-optimal-1e+23-v5-27f2fb
56295,2.3316707611083984,,,,adamh-scaling-ladder-nemotron-optimal-1e+23-v5-27f2fb
56302,2.3331806659698486,,,,adamh-scaling-ladder-nemotron-optimal-1e+23-v5-27f2fb
56466,2.3189778327941895,,,,adamh-scaling-ladder-nemotron-optimal-1e+23-v5-27f2fb
56572,2.3327417373657227,,,,adamh-scaling-ladder-nemotron-optimal-1e+23-v5-27f2fb
56586,2.3227317333221436,,,,adamh-scaling-ladder-nemotron-optimal-1e+23-v5-27f2fb
56652,2.3308651447296143,,,,adamh-scaling-ladder-nemotron-optimal-1e+23-v5-27f2fb
56690,2.3212532997131348,,,,adamh-scaling-ladder-nemotron-optimal-1e+23-v5-27f2fb
56709,2.3305447101593018,,,,adamh-scaling-ladder-nemotron-optimal-1e+23-v5-27f2fb
56915,2.3662190437316895,,,,adamh-scaling-ladder-nemotron-optimal-1e+23-v5-27f2fb
57000,,2.6525604724884033,2.436023712158203,2.561275005340576,adamh-scaling-ladder-nemotron-optimal-1e+23-v5-27f2fb
57041,2.339625358581543,,,,adamh-scaling-ladder-nemotron-optimal-1e+23-v5-27f2fb
57051,2.3334901332855225,,,,adamh-scaling-ladder-nemotron-optimal-1e+23-v5-27f2fb
57067,2.3211488723754883,,,,adamh-scaling-ladder-nemotron-optimal-1e+23-v5-27f2fb
57073,2.3385114669799805,,,,adamh-scaling-ladder-nemotron-optimal-1e+23-v5-27f2fb
57108,2.3195745944976807,,,,adamh-scaling-ladder-nemotron-optimal-1e+23-v5-27f2fb
57113,2.311271905899048,,,,adamh-scaling-ladder-nemotron-optimal-1e+23-v5-27f2fb
57167,2.34487247467041,,,,adamh-scaling-ladder-nemotron-optimal-1e+23-v5-27f2fb
57222,3.673635244369507,,,,adamh-scaling-ladder-nemotron-optimal-1e+23-v5-27f2fb
57309,2.3514468669891357,,,,adamh-scaling-ladder-nemotron-optimal-1e+23-v5-27f2fb
57354,2.3369407653808594,,,,adamh-scaling-ladder-nemotron-optimal-1e+23-v5-27f2fb
57432,2.3340561389923096,,,,adamh-scaling-ladder-nemotron-optimal-1e+23-v5-27f2fb
57451,2.3192834854125977,,,,adamh-scaling-ladder-nemotron-optimal-1e+23-v5-27f2fb
57495,2.3257076740264893,,,,adamh-scaling-ladder-nemotron-optimal-1e+23-v5-27f2fb
57517,2.333662509918213,,,,adamh-scaling-ladder-nemotron-optimal-1e+23-v5-27f2fb
57519,2.3254125118255615,,,,adamh-scaling-ladder-nemotron-optimal-1e+23-v5-27f2fb
57618,2.307990789413452,,,,adamh-scaling-ladder-nemotron-optimal-1e+23-v5-27f2fb
57643,2.3166892528533936,,,,adamh-scaling-ladder-nemotron-optimal-1e+23-v5-27f2fb
57650,2.312993288040161,,,,adamh-scaling-ladder-nemotron-optimal-1e+23-v5-27f2fb
57683,2.3125481605529785,,,,adamh-scaling-ladder-nemotron-optimal-1e+23-v5-27f2fb
57869,2.317265510559082,,,,adamh-scaling-ladder-nemotron-optimal-1e+23-v5-27f2fb
57927,2.3125157356262207,,,,adamh-scaling-ladder-nemotron-optimal-1e+23-v5-27f2fb
57948,2.3108248710632324,,,,adamh-scaling-ladder-nemotron-optimal-1e+23-v5-27f2fb
57952,2.3277320861816406,,,,adamh-scaling-ladder-nemotron-optimal-1e+23-v5-27f2fb
57975,2.313776731491089,,,,adamh-scaling-ladder-nemotron-optimal-1e+23-v5-27f2fb
58000,,2.6097757816314697,2.37644624710083,2.4971282482147217,adamh-scaling-ladder-nemotron-optimal-1e+23-v5-27f2fb
58049,2.32916522026062,,,,adamh-scaling-ladder-nemotron-optimal-1e+23-v5-27f2fb
58055,2.317145586013794,,,,adamh-scaling-ladder-nemotron-optimal-1e+23-v5-27f2fb
58095,2.312493085861206,,,,adamh-scaling-ladder-nemotron-optimal-1e+23-v5-27f2fb
58124,2.2989163398742676,,,,adamh-scaling-ladder-nemotron-optimal-1e+23-v5-27f2fb
58132,2.3277573585510254,,,,adamh-scaling-ladder-nemotron-optimal-1e+23-v5-27f2fb
58153,2.31329345703125,,,,adamh-scaling-ladder-nemotron-optimal-1e+23-v5-27f2fb
58216,2.3231852054595947,,,,adamh-scaling-ladder-nemotron-optimal-1e+23-v5-27f2fb
58312,2.3181352615356445,,,,adamh-scaling-ladder-nemotron-optimal-1e+23-v5-27f2fb
58372,2.3014116287231445,,,,adamh-scaling-ladder-nemotron-optimal-1e+23-v5-27f2fb
58464,2.3125760555267334,,,,adamh-scaling-ladder-nemotron-optimal-1e+23-v5-27f2fb
58549,2.300143003463745,,,,adamh-scaling-ladder-nemotron-optimal-1e+23-v5-27f2fb
58598,2.308431625366211,,,,adamh-scaling-ladder-nemotron-optimal-1e+23-v5-27f2fb
58712,2.304687023162842,,,,adamh-scaling-ladder-nemotron-optimal-1e+23-v5-27f2fb
58718,2.311171531677246,,,,adamh-scaling-ladder-nemotron-optimal-1e+23-v5-27f2fb
58767,2.3209645748138428,,,,adamh-scaling-ladder-nemotron-optimal-1e+23-v5-27f2fb
58793,2.319732904434204,,,,adamh-scaling-ladder-nemotron-optimal-1e+23-v5-27f2fb
58885,2.310150146484375,,,,adamh-scaling-ladder-nemotron-optimal-1e+23-v5-27f2fb
58955,2.305732011795044,,,,adamh-scaling-ladder-nemotron-optimal-1e+23-v5-27f2fb
58960,2.312443256378174,,,,adamh-scaling-ladder-nemotron-optimal-1e+23-v5-27f2fb
58992,2.318965435028076,,,,adamh-scaling-ladder-nemotron-optimal-1e+23-v5-27f2fb
58999,2.321960926055908,,,,adamh-scaling-ladder-nemotron-optimal-1e+23-v5-27f2fb
59000,,2.6016218662261963,2.365549325942993,2.4859797954559326,adamh-scaling-ladder-nemotron-optimal-1e+23-v5-27f2fb
59026,2.3263700008392334,,,,adamh-scaling-ladder-nemotron-optimal-1e+23-v5-27f2fb
59035,2.312636613845825,,,,adamh-scaling-ladder-nemotron-optimal-1e+23-v5-27f2fb
59045,2.3219075202941895,,,,adamh-scaling-ladder-nemotron-optimal-1e+23-v5-27f2fb
59086,2.301774501800537,,,,adamh-scaling-ladder-nemotron-optimal-1e+23-v5-27f2fb
59126,2.310626268386841,,,,adamh-scaling-ladder-nemotron-optimal-1e+23-v5-27f2fb
59231,2.317087173461914,,,,adamh-scaling-ladder-nemotron-optimal-1e+23-v5-27f2fb
59264,2.316636800765991,,,,adamh-scaling-ladder-nemotron-optimal-1e+23-v5-27f2fb
59267,2.316927671432495,,,,adamh-scaling-ladder-nemotron-optimal-1e+23-v5-27f2fb
59272,2.326056957244873,,,,adamh-scaling-ladder-nemotron-optimal-1e+23-v5-27f2fb
59387,2.324162721633911,,,,adamh-scaling-ladder-nemotron-optimal-1e+23-v5-27f2fb
59478,2.3160459995269775,,,,adamh-scaling-ladder-nemotron-optimal-1e+23-v5-27f2fb
59511,2.307185411453247,,,,adamh-scaling-ladder-nemotron-optimal-1e+23-v5-27f2fb
59538,2.29128360748291,,,,adamh-scaling-ladder-nemotron-optimal-1e+23-v5-27f2fb
59545,2.3176259994506836,,,,adamh-scaling-ladder-nemotron-optimal-1e+23-v5-27f2fb
59570,2.318833589553833,,,,adamh-scaling-ladder-nemotron-optimal-1e+23-v5-27f2fb
59662,2.297905445098877,,,,adamh-scaling-ladder-nemotron-optimal-1e+23-v5-27f2fb
59669,2.3357598781585693,,,,adamh-scaling-ladder-nemotron-optimal-1e+23-v5-27f2fb
59710,2.2995054721832275,,,,adamh-scaling-ladder-nemotron-optimal-1e+23-v5-27f2fb
59712,2.3103177547454834,,,,adamh-scaling-ladder-nemotron-optimal-1e+23-v5-27f2fb
59755,2.3145809173583984,,,,adamh-scaling-ladder-nemotron-optimal-1e+23-v5-27f2fb
59769,2.301753044128418,,,,adamh-scaling-ladder-nemotron-optimal-1e+23-v5-27f2fb
59798,2.3104755878448486,,,,adamh-scaling-ladder-nemotron-optimal-1e+23-v5-27f2fb
59823,2.3200185298919678,,,,adamh-scaling-ladder-nemotron-optimal-1e+23-v5-27f2fb
59839,2.3045332431793213,,,,adamh-scaling-ladder-nemotron-optimal-1e+23-v5-27f2fb
59857,2.3151462078094482,,,,adamh-scaling-ladder-nemotron-optimal-1e+23-v5-27f2fb
59875,2.309976100921631,,,,adamh-scaling-ladder-nemotron-optimal-1e+23-v5-27f2fb
59880,2.315185308456421,,,,adamh-scaling-ladder-nemotron-optimal-1e+23-v5-27f2fb
59890,2.3099887371063232,,,,adamh-scaling-ladder-nemotron-optimal-1e+23-v5-27f2fb
59909,2.308441638946533,,,,adamh-scaling-ladder-nemotron-optimal-1e+23-v5-27f2fb
59975,2.3172836303710938,,,,adamh-scaling-ladder-nemotron-optimal-1e+23-v5-27f2fb
60000,,2.594454288482666,2.3624255657196045,2.482926607131958,adamh-scaling-ladder-nemotron-optimal-1e+23-v5-27f2fb
60124,2.319002389907837,,,,adamh-scaling-ladder-nemotron-optimal-1e+23-v5-27f2fb
60148,2.309709310531616,,,,adamh-scaling-ladder-nemotron-optimal-1e+23-v5-27f2fb
60167,2.3141274452209473,,,,adamh-scaling-ladder-nemotron-optimal-1e+23-v5-27f2fb
60168,2.315476655960083,,,,adamh-scaling-ladder-nemotron-optimal-1e+23-v5-27f2fb
60194,2.3093678951263428,,,,adamh-scaling-ladder-nemotron-optimal-1e+23-v5-27f2fb
60267,2.311833381652832,,,,adamh-scaling-ladder-nemotron-optimal-1e+23-v5-27f2fb
60270,2.308468818664551,,,,adamh-scaling-ladder-nemotron-optimal-1e+23-v5-27f2fb
60275,2.3063671588897705,,,,adamh-scaling-ladder-nemotron-optimal-1e+23-v5-27f2fb
60290,2.2988674640655518,,,,adamh-scaling-ladder-nemotron-optimal-1e+23-v5-27f2fb
60428,2.3108034133911133,,,,adamh-scaling-ladder-nemotron-optimal-1e+23-v5-27f2fb
60481,2.2892942428588867,,,,adamh-scaling-ladder-nemotron-optimal-1e+23-v5-27f2fb
60486,2.3059632778167725,,,,adamh-scaling-ladder-nemotron-optimal-1e+23-v5-27f2fb
60527,2.3011152744293213,,,,adamh-scaling-ladder-nemotron-optimal-1e+23-v5-27f2fb
60539,2.2936317920684814,,,,adamh-scaling-ladder-nemotron-optimal-1e+23-v5-27f2fb
60641,2.30397367477417,,,,adamh-scaling-ladder-nemotron-optimal-1e+23-v5-27f2fb
60644,2.302668571472168,,,,adamh-scaling-ladder-nemotron-optimal-1e+23-v5-27f2fb
60825,2.2939634323120117,,,,adamh-scaling-ladder-nemotron-optimal-1e+23-v5-27f2fb
60896,2.3030924797058105,,,,adamh-scaling-ladder-nemotron-optimal-1e+23-v5-27f2fb
60921,2.2818379402160645,,,,adamh-scaling-ladder-nemotron-optimal-1e+23-v5-27f2fb
60929,2.3096542358398438,,,,adamh-scaling-ladder-nemotron-optimal-1e+23-v5-27f2fb
60934,2.2858998775482178,,,,adamh-scaling-ladder-nemotron-optimal-1e+23-v5-27f2fb
60956,2.2861626148223877,,,,adamh-scaling-ladder-nemotron-optimal-1e+23-v5-27f2fb
60960,2.2831573486328125,,,,adamh-scaling-ladder-nemotron-optimal-1e+23-v5-27f2fb
60971,2.297616958618164,,,,adamh-scaling-ladder-nemotron-optimal-1e+23-v5-27f2fb
61000,,2.5835795402526855,2.3485469818115234,2.467294931411743,adamh-scaling-ladder-nemotron-optimal-1e+23-v5-27f2fb
61107,2.2795557975769043,,,,adamh-scaling-ladder-nemotron-optimal-1e+23-v5-27f2fb
61154,2.291034460067749,,,,adamh-scaling-ladder-nemotron-optimal-1e+23-v5-27f2fb
61176,2.2819724082946777,,,,adamh-scaling-ladder-nemotron-optimal-1e+23-v5-27f2fb
61260,2.2906179428100586,,,,adamh-scaling-ladder-nemotron-optimal-1e+23-v5-27f2fb
61319,2.29213809967041,,,,adamh-scaling-ladder-nemotron-optimal-1e+23-v5-27f2fb
61427,2.2820706367492676,,,,adamh-scaling-ladder-nemotron-optimal-1e+23-v5-27f2fb
61430,2.2775301933288574,,,,adamh-scaling-ladder-nemotron-optimal-1e+23-v5-27f2fb
61478,2.276581048965454,,,,adamh-scaling-ladder-nemotron-optimal-1e+23-v5-27f2fb
61482,2.2709178924560547,,,,adamh-scaling-ladder-nemotron-optimal-1e+23-v5-27f2fb
61529,2.2877190113067627,,,,adamh-scaling-ladder-nemotron-optimal-1e+23-v5-27f2fb
61537,2.2901198863983154,,,,adamh-scaling-ladder-nemotron-optimal-1e+23-v5-27f2fb
61617,2.2816641330718994,,,,adamh-scaling-ladder-nemotron-optimal-1e+23-v5-27f2fb
61713,2.274961233139038,,,,adamh-scaling-ladder-nemotron-optimal-1e+23-v5-27f2fb
61726,2.2820889949798584,,,,adamh-scaling-ladder-nemotron-optimal-1e+23-v5-27f2fb
61882,2.2628090381622314,,,,adamh-scaling-ladder-nemotron-optimal-1e+23-v5-27f2fb
61885,2.2797999382019043,,,,adamh-scaling-ladder-nemotron-optimal-1e+23-v5-27f2fb
61895,2.2738828659057617,,,,adamh-scaling-ladder-nemotron-optimal-1e+23-v5-27f2fb
61912,2.2835400104522705,,,,adamh-scaling-ladder-nemotron-optimal-1e+23-v5-27f2fb
61942,2.272209405899048,,,,adamh-scaling-ladder-nemotron-optimal-1e+23-v5-27f2fb
61949,2.288456439971924,,,,adamh-scaling-ladder-nemotron-optimal-1e+23-v5-27f2fb
61963,2.2739133834838867,,,,adamh-scaling-ladder-nemotron-optimal-1e+23-v5-27f2fb
61966,2.2725281715393066,,,,adamh-scaling-ladder-nemotron-optimal-1e+23-v5-27f2fb
61971,2.2809362411499023,,,,adamh-scaling-ladder-nemotron-optimal-1e+23-v5-27f2fb
61991,2.270881414413452,,,,adamh-scaling-ladder-nemotron-optimal-1e+23-v5-27f2fb
62000,,2.5628814697265625,2.3289830684661865,2.4464669227600098,adamh-scaling-ladder-nemotron-optimal-1e+23-v5-27f2fb
62031,2.2696876525878906,,,,adamh-scaling-ladder-nemotron-optimal-1e+23-v5-27f2fb
62061,2.274365186691284,,,,adamh-scaling-ladder-nemotron-optimal-1e+23-v5-27f2fb
62112,2.2754898071289062,,,,adamh-scaling-ladder-nemotron-optimal-1e+23-v5-27f2fb
62126,2.274442195892334,,,,adamh-scaling-ladder-nemotron-optimal-1e+23-v5-27f2fb
62237,2.2736737728118896,,,,adamh-scaling-ladder-nemotron-optimal-1e+23-v5-27f2fb
62280,2.282123565673828,,,,adamh-scaling-ladder-nemotron-optimal-1e+23-v5-27f2fb
62330,2.285446882247925,,,,adamh-scaling-ladder-nemotron-optimal-1e+23-v5-27f2fb
62342,2.286903142929077,,,,adamh-scaling-ladder-nemotron-optimal-1e+23-v5-27f2fb
62379,2.278733730316162,,,,adamh-scaling-ladder-nemotron-optimal-1e+23-v5-27f2fb
62396,2.2723069190979004,,,,adamh-scaling-ladder-nemotron-optimal-1e+23-v5-27f2fb
62402,2.2775189876556396,,,,adamh-scaling-ladder-nemotron-optimal-1e+23-v5-27f2fb
62430,2.275435447692871,,,,adamh-scaling-ladder-nemotron-optimal-1e+23-v5-27f2fb
62434,2.2628684043884277,,,,adamh-scaling-ladder-nemotron-optimal-1e+23-v5-27f2fb
62636,2.2670485973358154,,,,adamh-scaling-ladder-nemotron-optimal-1e+23-v5-27f2fb
62639,2.267871856689453,,,,adamh-scaling-ladder-nemotron-optimal-1e+23-v5-27f2fb
62664,2.2715795040130615,,,,adamh-scaling-ladder-nemotron-optimal-1e+23-v5-27f2fb
62770,2.274470329284668,,,,adamh-scaling-ladder-nemotron-optimal-1e+23-v5-27f2fb
62802,2.244450807571411,,,,adamh-scaling-ladder-nemotron-optimal-1e+23-v5-27f2fb
62842,2.263441562652588,,,,adamh-scaling-ladder-nemotron-optimal-1e+23-v5-27f2fb
62845,2.266342878341675,,,,adamh-scaling-ladder-nemotron-optimal-1e+23-v5-27f2fb
62854,2.268313407897949,,,,adamh-scaling-ladder-nemotron-optimal-1e+23-v5-27f2fb
63000,,2.545898675918579,2.312126874923706,2.4310762882232666,adamh-scaling-ladder-nemotron-optimal-1e+23-v5-27f2fb
63064,2.2578790187835693,,,,adamh-scaling-ladder-nemotron-optimal-1e+23-v5-27f2fb
63111,2.25730562210083,,,,adamh-scaling-ladder-nemotron-optimal-1e+23-v5-27f2fb
63154,2.263906955718994,,,,adamh-scaling-ladder-nemotron-optimal-1e+23-v5-27f2fb
63185,2.2518322467803955,,,,adamh-scaling-ladder-nemotron-optimal-1e+23-v5-27f2fb
63191,2.2556722164154053,,,,adamh-scaling-ladder-nemotron-optimal-1e+23-v5-27f2fb
63330,2.26702618598938,,,,adamh-scaling-ladder-nemotron-optimal-1e+23-v5-27f2fb
63373,2.24172306060791,,,,adamh-scaling-ladder-nemotron-optimal-1e+23-v5-27f2fb
63389,2.2660863399505615,,,,adamh-scaling-ladder-nemotron-optimal-1e+23-v5-27f2fb
63390,2.252429485321045,,,,adamh-scaling-ladder-nemotron-optimal-1e+23-v5-27f2fb
63427,2.251901149749756,,,,adamh-scaling-ladder-nemotron-optimal-1e+23-v5-27f2fb
63542,2.2537014484405518,,,,adamh-scaling-ladder-nemotron-optimal-1e+23-v5-27f2fb
63546,2.235119342803955,,,,adamh-scaling-ladder-nemotron-optimal-1e+23-v5-27f2fb
63564,2.2486865520477295,,,,adamh-scaling-ladder-nemotron-optimal-1e+23-v5-27f2fb
63566,2.257387638092041,,,,adamh-scaling-ladder-nemotron-optimal-1e+23-v5-27f2fb
63571,2.2485506534576416,,,,adamh-scaling-ladder-nemotron-optimal-1e+23-v5-27f2fb
63585,2.2426071166992188,,,,adamh-scaling-ladder-nemotron-optimal-1e+23-v5-27f2fb
63605,2.2391269207000732,,,,adamh-scaling-ladder-nemotron-optimal-1e+23-v5-27f2fb
63626,2.2460134029388428,,,,adamh-scaling-ladder-nemotron-optimal-1e+23-v5-27f2fb
63631,2.249927043914795,,,,adamh-scaling-ladder-nemotron-optimal-1e+23-v5-27f2fb
63678,2.249737501144409,,,,adamh-scaling-ladder-nemotron-optimal-1e+23-v5-27f2fb
63720,2.2570695877075195,,,,adamh-scaling-ladder-nemotron-optimal-1e+23-v5-27f2fb
63758,2.2434654235839844,,,,adamh-scaling-ladder-nemotron-optimal-1e+23-v5-27f2fb
63773,2.2436554431915283,,,,adamh-scaling-ladder-nemotron-optimal-1e+23-v5-27f2fb
63775,2.252657413482666,,,,adamh-scaling-ladder-nemotron-optimal-1e+23-v5-27f2fb
63843,2.2393410205841064,,,,adamh-scaling-ladder-nemotron-optimal-1e+23-v5-27f2fb
63851,2.2600929737091064,,,,adamh-scaling-ladder-nemotron-optimal-1e+23-v5-27f2fb
63900,2.248441696166992,,,,adamh-scaling-ladder-nemotron-optimal-1e+23-v5-27f2fb
63973,2.236715078353882,,,,adamh-scaling-ladder-nemotron-optimal-1e+23-v5-27f2fb
64000,,2.528151512145996,2.2894346714019775,2.407682418823242,adamh-scaling-ladder-nemotron-optimal-1e+23-v5-27f2fb
64006,2.2551941871643066,,,,adamh-scaling-ladder-nemotron-optimal-1e+23-v5-27f2fb
64107,2.230891704559326,,,,adamh-scaling-ladder-nemotron-optimal-1e+23-v5-27f2fb
64170,2.238738775253296,,,,adamh-scaling-ladder-nemotron-optimal-1e+23-v5-27f2fb
64215,2.223625898361206,,,,adamh-scaling-ladder-nemotron-optimal-1e+23-v5-27f2fb
64367,2.24176025390625,,,,adamh-scaling-ladder-nemotron-optimal-1e+23-v5-27f2fb
64435,2.2348039150238037,,,,adamh-scaling-ladder-nemotron-optimal-1e+23-v5-27f2fb
64545,2.2335867881774902,,,,adamh-scaling-ladder-nemotron-optimal-1e+23-v5-27f2fb
64571,2.2212533950805664,,,,adamh-scaling-ladder-nemotron-optimal-1e+23-v5-27f2fb
64600,2.233203411102295,,,,adamh-scaling-ladder-nemotron-optimal-1e+23-v5-27f2fb
64642,2.2267005443573,,,,adamh-scaling-ladder-nemotron-optimal-1e+23-v5-27f2fb
64669,2.235618829727173,,,,adamh-scaling-ladder-nemotron-optimal-1e+23-v5-27f2fb
64737,2.230691909790039,,,,adamh-scaling-ladder-nemotron-optimal-1e+23-v5-27f2fb
64756,2.230160713195801,,,,adamh-scaling-ladder-nemotron-optimal-1e+23-v5-27f2fb
64811,2.2471704483032227,,,,adamh-scaling-ladder-nemotron-optimal-1e+23-v5-27f2fb
64851,2.221625566482544,,,,adamh-scaling-ladder-nemotron-optimal-1e+23-v5-27f2fb
64886,2.240006446838379,,,,adamh-scaling-ladder-nemotron-optimal-1e+23-v5-27f2fb
64890,2.215273380279541,,,,adamh-scaling-ladder-nemotron-optimal-1e+23-v5-27f2fb
64897,2.2244129180908203,,,,adamh-scaling-ladder-nemotron-optimal-1e+23-v5-27f2fb
64914,2.220646858215332,,,,adamh-scaling-ladder-nemotron-optimal-1e+23-v5-27f2fb
64936,2.2277462482452393,,,,adamh-scaling-ladder-nemotron-optimal-1e+23-v5-27f2fb
64994,2.221991777420044,,,,adamh-scaling-ladder-nemotron-optimal-1e+23-v5-27f2fb
64998,2.218454122543335,,,,adamh-scaling-ladder-nemotron-optimal-1e+23-v5-27f2fb
65000,,2.5098698139190674,2.2703585624694824,2.386237382888794,adamh-scaling-ladder-nemotron-optimal-1e+23-v5-27f2fb
65074,2.2325823307037354,,,,adamh-scaling-ladder-nemotron-optimal-1e+23-v5-27f2fb
65118,2.210437536239624,,,,adamh-scaling-ladder-nemotron-optimal-1e+23-v5-27f2fb
65163,2.2328600883483887,,,,adamh-scaling-ladder-nemotron-optimal-1e+23-v5-27f2fb
65259,2.2052390575408936,,,,adamh-scaling-ladder-nemotron-optimal-1e+23-v5-27f2fb
65292,2.2280566692352295,,,,adamh-scaling-ladder-nemotron-optimal-1e+23-v5-27f2fb
65297,2.2334587574005127,,,,adamh-scaling-ladder-nemotron-optimal-1e+23-v5-27f2fb
65308,2.2146637439727783,,,,adamh-scaling-ladder-nemotron-optimal-1e+23-v5-27f2fb
65362,2.2279717922210693,,,,adamh-scaling-ladder-nemotron-optimal-1e+23-v5-27f2fb
65400,2.207637310028076,,,,adamh-scaling-ladder-nemotron-optimal-1e+23-v5-27f2fb
65478,2.207467555999756,,,,adamh-scaling-ladder-nemotron-optimal-1e+23-v5-27f2fb
65479,2.2145111560821533,,,,adamh-scaling-ladder-nemotron-optimal-1e+23-v5-27f2fb
65508,2.2042956352233887,,,,adamh-scaling-ladder-nemotron-optimal-1e+23-v5-27f2fb
65530,2.2231085300445557,,,,adamh-scaling-ladder-nemotron-optimal-1e+23-v5-27f2fb
65547,2.224942922592163,,,,adamh-scaling-ladder-nemotron-optimal-1e+23-v5-27f2fb
65593,2.2046401500701904,,,,adamh-scaling-ladder-nemotron-optimal-1e+23-v5-27f2fb
65605,2.2201008796691895,,,,adamh-scaling-ladder-nemotron-optimal-1e+23-v5-27f2fb
65770,2.19858455657959,,,,adamh-scaling-ladder-nemotron-optimal-1e+23-v5-27f2fb
65792,2.212123155593872,,,,adamh-scaling-ladder-nemotron-optimal-1e+23-v5-27f2fb
65841,2.2171480655670166,,,,adamh-scaling-ladder-nemotron-optimal-1e+23-v5-27f2fb
65951,2.2160041332244873,,,,adamh-scaling-ladder-nemotron-optimal-1e+23-v5-27f2fb
66000,2.2104225158691406,2.4959824085235596,2.254213571548462,2.3713181018829346,adamh-scaling-ladder-nemotron-optimal-1e+23-v5-27f2fb
66004,2.2055649757385254,,,,adamh-scaling-ladder-nemotron-optimal-1e+23-v5-27f2fb
66036,2.2017316818237305,,,,adamh-scaling-ladder-nemotron-optimal-1e+23-v5-27f2fb
66046,2.215337038040161,,,,adamh-scaling-ladder-nemotron-optimal-1e+23-v5-27f2fb
66123,2.2187864780426025,,,,adamh-scaling-ladder-nemotron-optimal-1e+23-v5-27f2fb
66332,2.196808338165283,,,,adamh-scaling-ladder-nemotron-optimal-1e+23-v5-27f2fb
66420,2.1906864643096924,,,,adamh-scaling-ladder-nemotron-optimal-1e+23-v5-27f2fb
66448,2.2021114826202393,,,,adamh-scaling-ladder-nemotron-optimal-1e+23-v5-27f2fb
66524,2.199728012084961,,,,adamh-scaling-ladder-nemotron-optimal-1e+23-v5-27f2fb
66582,2.195493698120117,,,,adamh-scaling-ladder-nemotron-optimal-1e+23-v5-27f2fb
66627,2.183026075363159,,,,adamh-scaling-ladder-nemotron-optimal-1e+23-v5-27f2fb
66635,2.189509391784668,,,,adamh-scaling-ladder-nemotron-optimal-1e+23-v5-27f2fb
66662,2.207629919052124,,,,adamh-scaling-ladder-nemotron-optimal-1e+23-v5-27f2fb
66691,2.1860084533691406,,,,adamh-scaling-ladder-nemotron-optimal-1e+23-v5-27f2fb
66728,2.1967079639434814,,,,adamh-scaling-ladder-nemotron-optimal-1e+23-v5-27f2fb
66853,2.187303066253662,,,,adamh-scaling-ladder-nemotron-optimal-1e+23-v5-27f2fb
66882,2.17759370803833,,,,adamh-scaling-ladder-nemotron-optimal-1e+23-v5-27f2fb
66933,2.1817307472229004,,,,adamh-scaling-ladder-nemotron-optimal-1e+23-v5-27f2fb
66977,2.1850669384002686,,,,adamh-scaling-ladder-nemotron-optimal-1e+23-v5-27f2fb
67000,,2.47514009475708,2.2356064319610596,2.351576566696167,adamh-scaling-ladder-nemotron-optimal-1e+23-v5-27f2fb
67038,2.184438705444336,,,,adamh-scaling-ladder-nemotron-optimal-1e+23-v5-27f2fb
67077,2.184000015258789,,,,adamh-scaling-ladder-nemotron-optimal-1e+23-v5-27f2fb
67111,2.167057991027832,,,,adamh-scaling-ladder-nemotron-optimal-1e+23-v5-27f2fb
67157,2.181215524673462,,,,adamh-scaling-ladder-nemotron-optimal-1e+23-v5-27f2fb
67232,2.1770479679107666,,,,adamh-scaling-ladder-nemotron-optimal-1e+23-v5-27f2fb
67255,2.1802878379821777,,,,adamh-scaling-ladder-nemotron-optimal-1e+23-v5-27f2fb
67278,2.1839005947113037,,,,adamh-scaling-ladder-nemotron-optimal-1e+23-v5-27f2fb
67356,2.184126377105713,,,,adamh-scaling-ladder-nemotron-optimal-1e+23-v5-27f2fb
67359,2.1815073490142822,,,,adamh-scaling-ladder-nemotron-optimal-1e+23-v5-27f2fb
67428,2.184760093688965,,,,adamh-scaling-ladder-nemotron-optimal-1e+23-v5-27f2fb
67467,2.178980588912964,,,,adamh-scaling-ladder-nemotron-optimal-1e+23-v5-27f2fb
67500,2.1901326179504395,,,,adamh-scaling-ladder-nemotron-optimal-1e+23-v5-27f2fb
67526,2.194356918334961,,,,adamh-scaling-ladder-nemotron-optimal-1e+23-v5-27f2fb
67561,2.1685876846313477,,,,adamh-scaling-ladder-nemotron-optimal-1e+23-v5-27f2fb
67570,2.181779623031616,,,,adamh-scaling-ladder-nemotron-optimal-1e+23-v5-27f2fb
67629,2.171952724456787,,,,adamh-scaling-ladder-nemotron-optimal-1e+23-v5-27f2fb
67648,2.183595895767212,,,,adamh-scaling-ladder-nemotron-optimal-1e+23-v5-27f2fb
67815,2.180803060531616,,,,adamh-scaling-ladder-nemotron-optimal-1e+23-v5-27f2fb
67836,2.1919407844543457,,,,adamh-scaling-ladder-nemotron-optimal-1e+23-v5-27f2fb
67937,2.1775176525115967,,,,adamh-scaling-ladder-nemotron-optimal-1e+23-v5-27f2fb
68000,,2.45999813079834,2.221083879470825,2.3365397453308105,adamh-scaling-ladder-nemotron-optimal-1e+23-v5-27f2fb
68008,2.1687963008880615,,,,adamh-scaling-ladder-nemotron-optimal-1e+23-v5-27f2fb
68024,2.164381980895996,,,,adamh-scaling-ladder-nemotron-optimal-1e+23-v5-27f2fb
68044,2.183964967727661,,,,adamh-scaling-ladder-nemotron-optimal-1e+23-v5-27f2fb
68165,2.171454668045044,,,,adamh-scaling-ladder-nemotron-optimal-1e+23-v5-27f2fb
68237,2.1796562671661377,,,,adamh-scaling-ladder-nemotron-optimal-1e+23-v5-27f2fb
68267,2.1795237064361572,,,,adamh-scaling-ladder-nemotron-optimal-1e+23-v5-27f2fb
68330,2.1689541339874268,,,,adamh-scaling-ladder-nemotron-optimal-1e+23-v5-27f2fb
68360,2.1537978649139404,,,,adamh-scaling-ladder-nemotron-optimal-1e+23-v5-27f2fb
68405,2.170107364654541,,,,adamh-scaling-ladder-nemotron-optimal-1e+23-v5-27f2fb
68425,2.1761794090270996,,,,adamh-scaling-ladder-nemotron-optimal-1e+23-v5-27f2fb
68484,2.1698155403137207,,,,adamh-scaling-ladder-nemotron-optimal-1e+23-v5-27f2fb
68666,2.1455466747283936,,,,adamh-scaling-ladder-nemotron-optimal-1e+23-v5-27f2fb
68673,2.1630403995513916,,,,adamh-scaling-ladder-nemotron-optimal-1e+23-v5-27f2fb
68711,2.154463291168213,,,,adamh-scaling-ladder-nemotron-optimal-1e+23-v5-27f2fb
68763,2.159843921661377,,,,adamh-scaling-ladder-nemotron-optimal-1e+23-v5-27f2fb
69000,,2.440117597579956,2.199726104736328,2.3156697750091553,adamh-scaling-ladder-nemotron-optimal-1e+23-v5-27f2fb
69072,2.157428026199341,,,,adamh-scaling-ladder-nemotron-optimal-1e+23-v5-27f2fb
69096,2.1584177017211914,,,,adamh-scaling-ladder-nemotron-optimal-1e+23-v5-27f2fb
69163,2.1446828842163086,,,,adamh-scaling-ladder-nemotron-optimal-1e+23-v5-27f2fb
69185,2.152395486831665,,,,adamh-scaling-ladder-nemotron-optimal-1e+23-v5-27f2fb
69232,2.1627302169799805,,,,adamh-scaling-ladder-nemotron-optimal-1e+23-v5-27f2fb
69341,2.1452674865722656,,,,adamh-scaling-ladder-nemotron-optimal-1e+23-v5-27f2fb
69358,2.142427682876587,,,,adamh-scaling-ladder-nemotron-optimal-1e+23-v5-27f2fb
69442,2.134324312210083,,,,adamh-scaling-ladder-nemotron-optimal-1e+23-v5-27f2fb
69502,2.152716875076294,,,,adamh-scaling-ladder-nemotron-optimal-1e+23-v5-27f2fb
69513,2.1442131996154785,,,,adamh-scaling-ladder-nemotron-optimal-1e+23-v5-27f2fb
69514,2.1403145790100098,,,,adamh-scaling-ladder-nemotron-optimal-1e+23-v5-27f2fb
69518,2.140065908432007,,,,adamh-scaling-ladder-nemotron-optimal-1e+23-v5-27f2fb
69552,2.123382329940796,,,,adamh-scaling-ladder-nemotron-optimal-1e+23-v5-27f2fb
69562,2.155103921890259,,,,adamh-scaling-ladder-nemotron-optimal-1e+23-v5-27f2fb
69644,2.1513922214508057,,,,adamh-scaling-ladder-nemotron-optimal-1e+23-v5-27f2fb
69675,2.127469301223755,,,,adamh-scaling-ladder-nemotron-optimal-1e+23-v5-27f2fb
69730,2.1243560314178467,,,,adamh-scaling-ladder-nemotron-optimal-1e+23-v5-27f2fb
69736,2.1308791637420654,,,,adamh-scaling-ladder-nemotron-optimal-1e+23-v5-27f2fb
69812,2.1374614238739014,,,,adamh-scaling-ladder-nemotron-optimal-1e+23-v5-27f2fb
69883,2.1283724308013916,,,,adamh-scaling-ladder-nemotron-optimal-1e+23-v5-27f2fb
69888,2.1202003955841064,,,,adamh-scaling-ladder-nemotron-optimal-1e+23-v5-27f2fb
69946,2.132350444793701,,,,adamh-scaling-ladder-nemotron-optimal-1e+23-v5-27f2fb
69961,2.1280710697174072,,,,adamh-scaling-ladder-nemotron-optimal-1e+23-v5-27f2fb
69965,2.132580041885376,,,,adamh-scaling-ladder-nemotron-optimal-1e+23-v5-27f2fb
69980,2.1307735443115234,,,,adamh-scaling-ladder-nemotron-optimal-1e+23-v5-27f2fb
70000,,2.4217541217803955,2.1788549423217773,2.293726682662964,adamh-scaling-ladder-nemotron-optimal-1e+23-v5-27f2fb
70006,2.122637987136841,,,,adamh-scaling-ladder-nemotron-optimal-1e+23-v5-27f2fb
70028,2.1303374767303467,,,,adamh-scaling-ladder-nemotron-optimal-1e+23-v5-27f2fb
70149,2.1321542263031006,,,,adamh-scaling-ladder-nemotron-optimal-1e+23-v5-27f2fb
70192,2.1336822509765625,,,,adamh-scaling-ladder-nemotron-optimal-1e+23-v5-27f2fb
70193,2.141470432281494,,,,adamh-scaling-ladder-nemotron-optimal-1e+23-v5-27f2fb
70234,2.1114389896392822,,,,adamh-scaling-ladder-nemotron-optimal-1e+23-v5-27f2fb
70268,2.1327288150787354,,,,adamh-scaling-ladder-nemotron-optimal-1e+23-v5-27f2fb
70298,2.118591070175171,,,,adamh-scaling-ladder-nemotron-optimal-1e+23-v5-27f2fb
70378,2.1135058403015137,,,,adamh-scaling-ladder-nemotron-optimal-1e+23-v5-27f2fb
70702,2.114386796951294,,,,adamh-scaling-ladder-nemotron-optimal-1e+23-v5-27f2fb
70717,2.119576930999756,,,,adamh-scaling-ladder-nemotron-optimal-1e+23-v5-27f2fb
70748,2.117727041244507,,,,adamh-scaling-ladder-nemotron-optimal-1e+23-v5-27f2fb
70769,2.105987071990967,,,,adamh-scaling-ladder-nemotron-optimal-1e+23-v5-27f2fb
70819,2.108022689819336,,,,adamh-scaling-ladder-nemotron-optimal-1e+23-v5-27f2fb
70820,2.127890110015869,,,,adamh-scaling-ladder-nemotron-optimal-1e+23-v5-27f2fb
70821,2.1150667667388916,,,,adamh-scaling-ladder-nemotron-optimal-1e+23-v5-27f2fb
70916,2.1036288738250732,,,,adamh-scaling-ladder-nemotron-optimal-1e+23-v5-27f2fb
70965,2.105695962905884,,,,adamh-scaling-ladder-nemotron-optimal-1e+23-v5-27f2fb
70986,2.1189064979553223,,,,adamh-scaling-ladder-nemotron-optimal-1e+23-v5-27f2fb
71000,,2.400822162628174,2.160579204559326,2.275824546813965,adamh-scaling-ladder-nemotron-optimal-1e+23-v5-27f2fb
71101,2.1145079135894775,,,,adamh-scaling-ladder-nemotron-optimal-1e+23-v5-27f2fb
71182,2.0888686180114746,,,,adamh-scaling-ladder-nemotron-optimal-1e+23-v5-27f2fb
71274,2.1167666912078857,,,,adamh-scaling-ladder-nemotron-optimal-1e+23-v5-27f2fb
71336,2.0982666015625,,,,adamh-scaling-ladder-nemotron-optimal-1e+23-v5-27f2fb
71382,2.1045360565185547,,,,adamh-scaling-ladder-nemotron-optimal-1e+23-v5-27f2fb
71389,2.1153578758239746,,,,adamh-scaling-ladder-nemotron-optimal-1e+23-v5-27f2fb
71438,2.0873849391937256,,,,adamh-scaling-ladder-nemotron-optimal-1e+23-v5-27f2fb
71555,2.0958139896392822,,,,adamh-scaling-ladder-nemotron-optimal-1e+23-v5-27f2fb
71625,2.09722638130188,,,,adamh-scaling-ladder-nemotron-optimal-1e+23-v5-27f2fb
71632,2.1006481647491455,,,,adamh-scaling-ladder-nemotron-optimal-1e+23-v5-27f2fb
71666,2.1091485023498535,,,,adamh-scaling-ladder-nemotron-optimal-1e+23-v5-27f2fb
71668,2.0992484092712402,,,,adamh-scaling-ladder-nemotron-optimal-1e+23-v5-27f2fb
71743,2.096162796020508,,,,adamh-scaling-ladder-nemotron-optimal-1e+23-v5-27f2fb
71747,2.0994749069213867,,,,adamh-scaling-ladder-nemotron-optimal-1e+23-v5-27f2fb
71905,2.098385810852051,,,,adamh-scaling-ladder-nemotron-optimal-1e+23-v5-27f2fb
71972,2.0974056720733643,,,,adamh-scaling-ladder-nemotron-optimal-1e+23-v5-27f2fb
72000,,2.383183717727661,2.141641616821289,2.2554917335510254,adamh-scaling-ladder-nemotron-optimal-1e+23-v5-27f2fb
72036,2.106433868408203,,,,adamh-scaling-ladder-nemotron-optimal-1e+23-v5-27f2fb
72225,2.103856325149536,,,,adamh-scaling-ladder-nemotron-optimal-1e+23-v5-27f2fb
72237,2.098363161087036,,,,adamh-scaling-ladder-nemotron-optimal-1e+23-v5-27f2fb
72280,2.087075710296631,,,,adamh-scaling-ladder-nemotron-optimal-1e+23-v5-27f2fb
72304,2.083869695663452,,,,adamh-scaling-ladder-nemotron-optimal-1e+23-v5-27f2fb
72310,2.0930657386779785,,,,adamh-scaling-ladder-nemotron-optimal-1e+23-v5-27f2fb
72489,2.0770015716552734,,,,adamh-scaling-ladder-nemotron-optimal-1e+23-v5-27f2fb
72539,2.0885009765625,,,,adamh-scaling-ladder-nemotron-optimal-1e+23-v5-27f2fb
72559,2.0920398235321045,,,,adamh-scaling-ladder-nemotron-optimal-1e+23-v5-27f2fb
72583,2.089165449142456,,,,adamh-scaling-ladder-nemotron-optimal-1e+23-v5-27f2fb
72601,2.08105731010437,,,,adamh-scaling-ladder-nemotron-optimal-1e+23-v5-27f2fb
72614,2.0768465995788574,,,,adamh-scaling-ladder-nemotron-optimal-1e+23-v5-27f2fb
72674,2.08103084564209,,,,adamh-scaling-ladder-nemotron-optimal-1e+23-v5-27f2fb
72687,2.084278106689453,,,,adamh-scaling-ladder-nemotron-optimal-1e+23-v5-27f2fb
72748,2.0693857669830322,,,,adamh-scaling-ladder-nemotron-optimal-1e+23-v5-27f2fb
72812,2.0722057819366455,,,,adamh-scaling-ladder-nemotron-optimal-1e+23-v5-27f2fb
72854,2.0733642578125,,,,adamh-scaling-ladder-nemotron-optimal-1e+23-v5-27f2fb
72858,2.0788416862487793,,,,adamh-scaling-ladder-nemotron-optimal-1e+23-v5-27f2fb
72869,2.0635719299316406,,,,adamh-scaling-ladder-nemotron-optimal-1e+23-v5-27f2fb
72879,2.076253652572632,,,,adamh-scaling-ladder-nemotron-optimal-1e+23-v5-27f2fb
73000,,2.3669424057006836,2.124145030975342,2.2382147312164307,adamh-scaling-ladder-nemotron-optimal-1e+23-v5-27f2fb
73038,2.0641965866088867,,,,adamh-scaling-ladder-nemotron-optimal-1e+23-v5-27f2fb
73151,2.0655131340026855,,,,adamh-scaling-ladder-nemotron-optimal-1e+23-v5-27f2fb
73200,2.0637173652648926,,,,adamh-scaling-ladder-nemotron-optimal-1e+23-v5-27f2fb
73248,2.0582523345947266,,,,adamh-scaling-ladder-nemotron-optimal-1e+23-v5-27f2fb
73267,2.074086904525757,,,,adamh-scaling-ladder-nemotron-optimal-1e+23-v5-27f2fb
73361,2.0684428215026855,,,,adamh-scaling-ladder-nemotron-optimal-1e+23-v5-27f2fb
73400,2.0698282718658447,,,,adamh-scaling-ladder-nemotron-optimal-1e+23-v5-27f2fb
73440,2.0723531246185303,,,,adamh-scaling-ladder-nemotron-optimal-1e+23-v5-27f2fb
73448,2.0692343711853027,,,,adamh-scaling-ladder-nemotron-optimal-1e+23-v5-27f2fb
73463,2.0703399181365967,,,,adamh-scaling-ladder-nemotron-optimal-1e+23-v5-27f2fb
73478,2.0668251514434814,,,,adamh-scaling-ladder-nemotron-optimal-1e+23-v5-27f2fb
73532,2.0689690113067627,,,,adamh-scaling-ladder-nemotron-optimal-1e+23-v5-27f2fb
73565,2.0548343658447266,,,,adamh-scaling-ladder-nemotron-optimal-1e+23-v5-27f2fb
73645,2.0538620948791504,,,,adamh-scaling-ladder-nemotron-optimal-1e+23-v5-27f2fb
73732,2.073695421218872,,,,adamh-scaling-ladder-nemotron-optimal-1e+23-v5-27f2fb
73768,2.0652854442596436,,,,adamh-scaling-ladder-nemotron-optimal-1e+23-v5-27f2fb
73939,2.064639091491699,,,,adamh-scaling-ladder-nemotron-optimal-1e+23-v5-27f2fb
74000,,2.3513143062591553,2.1086575984954834,2.222012519836426,adamh-scaling-ladder-nemotron-optimal-1e+23-v5-27f2fb
74047,2.0546655654907227,,,,adamh-scaling-ladder-nemotron-optimal-1e+23-v5-27f2fb
74084,2.0571742057800293,,,,adamh-scaling-ladder-nemotron-optimal-1e+23-v5-27f2fb
74172,2.058365821838379,,,,adamh-scaling-ladder-nemotron-optimal-1e+23-v5-27f2fb
74293,2.0534658432006836,,,,adamh-scaling-ladder-nemotron-optimal-1e+23-v5-27f2fb
74368,2.048680067062378,,,,adamh-scaling-ladder-nemotron-optimal-1e+23-v5-27f2fb
74371,2.058773994445801,,,,adamh-scaling-ladder-nemotron-optimal-1e+23-v5-27f2fb
74398,2.0581917762756348,,,,adamh-scaling-ladder-nemotron-optimal-1e+23-v5-27f2fb
74476,2.0436315536499023,,,,adamh-scaling-ladder-nemotron-optimal-1e+23-v5-27f2fb
74557,2.06414794921875,,,,adamh-scaling-ladder-nemotron-optimal-1e+23-v5-27f2fb
74570,2.046614170074463,,,,adamh-scaling-ladder-nemotron-optimal-1e+23-v5-27f2fb
74644,2.0468528270721436,,,,adamh-scaling-ladder-nemotron-optimal-1e+23-v5-27f2fb
74740,2.052011013031006,,,,adamh-scaling-ladder-nemotron-optimal-1e+23-v5-27f2fb
74750,2.0419187545776367,,,,adamh-scaling-ladder-nemotron-optimal-1e+23-v5-27f2fb
74752,2.051454544067383,,,,adamh-scaling-ladder-nemotron-optimal-1e+23-v5-27f2fb
74784,2.0595383644104004,,,,adamh-scaling-ladder-nemotron-optimal-1e+23-v5-27f2fb
74790,2.0650064945220947,,,,adamh-scaling-ladder-nemotron-optimal-1e+23-v5-27f2fb
74883,,2.34354305267334,2.1006081104278564,2.213963747024536,adamh-scaling-ladder-nemotron-optimal-1e+23-v5-27f2fb
