_step,train/loss,eval/paloma/c4_en/loss,eval/loss,eval/macro_loss,_segment
0,,12.27186393737793,12.25272274017334,12.25663948059082,adamh-scaling-ladder-nemotron-optimal-1e+21-v5-019021
1,12.272442817687988,,,,adamh-scaling-ladder-nemotron-optimal-1e+21-v5-019021
18,10.803885459899902,,,,adamh-scaling-ladder-nemotron-optimal-1e+21-v5-019021
30,9.9082670211792,,,,adamh-scaling-ladder-nemotron-optimal-1e+21-v5-019021
55,9.149434089660645,,,,adamh-scaling-ladder-nemotron-optimal-1e+21-v5-019021
60,8.985923767089844,,,,adamh-scaling-ladder-nemotron-optimal-1e+21-v5-019021
62,8.931321144104004,,,,adamh-scaling-ladder-nemotron-optimal-1e+21-v5-019021
73,8.596028327941895,,,,adamh-scaling-ladder-nemotron-optimal-1e+21-v5-019021
87,8.11242961883545,,,,adamh-scaling-ladder-nemotron-optimal-1e+21-v5-019021
116,7.430960655212402,,,,adamh-scaling-ladder-nemotron-optimal-1e+21-v5-019021
129,7.188140392303467,,,,adamh-scaling-ladder-nemotron-optimal-1e+21-v5-019021
181,6.350761413574219,,,,adamh-scaling-ladder-nemotron-optimal-1e+21-v5-019021
183,6.322356700897217,,,,adamh-scaling-ladder-nemotron-optimal-1e+21-v5-019021
184,6.2964348793029785,,,,adamh-scaling-ladder-nemotron-optimal-1e+21-v5-019021
188,6.271556377410889,,,,adamh-scaling-ladder-nemotron-optimal-1e+21-v5-019021
199,6.129856109619141,,,,adamh-scaling-ladder-nemotron-optimal-1e+21-v5-019021
223,5.897111892700195,,,,adamh-scaling-ladder-nemotron-optimal-1e+21-v5-019021
227,5.840303421020508,,,,adamh-scaling-ladder-nemotron-optimal-1e+21-v5-019021
269,5.452783584594727,,,,adamh-scaling-ladder-nemotron-optimal-1e+21-v5-019021
273,5.478976249694824,,,,adamh-scaling-ladder-nemotron-optimal-1e+21-v5-019021
279,5.414061069488525,,,,adamh-scaling-ladder-nemotron-optimal-1e+21-v5-019021
281,5.388736724853516,,,,adamh-scaling-ladder-nemotron-optimal-1e+21-v5-019021
283,5.3688201904296875,,,,adamh-scaling-ladder-nemotron-optimal-1e+21-v5-019021
290,5.323486328125,,,,adamh-scaling-ladder-nemotron-optimal-1e+21-v5-019021
313,5.204252243041992,,,,adamh-scaling-ladder-nemotron-optimal-1e+21-v5-019021
321,5.1515326499938965,,,,adamh-scaling-ladder-nemotron-optimal-1e+21-v5-019021
322,5.165866374969482,,,,adamh-scaling-ladder-nemotron-optimal-1e+21-v5-019021
331,5.098752498626709,,,,adamh-scaling-ladder-nemotron-optimal-1e+21-v5-019021
343,5.040493965148926,,,,adamh-scaling-ladder-nemotron-optimal-1e+21-v5-019021
352,4.989914417266846,,,,adamh-scaling-ladder-nemotron-optimal-1e+21-v5-019021
360,4.9608283042907715,,,,adamh-scaling-ladder-nemotron-optimal-1e+21-v5-019021
370,4.88006067276001,,,,adamh-scaling-ladder-nemotron-optimal-1e+21-v5-019021
377,4.895407676696777,,,,adamh-scaling-ladder-nemotron-optimal-1e+21-v5-019021
396,4.793478012084961,,,,adamh-scaling-ladder-nemotron-optimal-1e+21-v5-019021
424,4.71781587600708,,,,adamh-scaling-ladder-nemotron-optimal-1e+21-v5-019021
429,4.664526462554932,,,,adamh-scaling-ladder-nemotron-optimal-1e+21-v5-019021
444,4.621214866638184,,,,adamh-scaling-ladder-nemotron-optimal-1e+21-v5-019021
445,4.612795352935791,,,,adamh-scaling-ladder-nemotron-optimal-1e+21-v5-019021
468,4.563453674316406,,,,adamh-scaling-ladder-nemotron-optimal-1e+21-v5-019021
479,4.511858940124512,,,,adamh-scaling-ladder-nemotron-optimal-1e+21-v5-019021
518,4.399170398712158,,,,adamh-scaling-ladder-nemotron-optimal-1e+21-v5-019021
523,4.357194423675537,,,,adamh-scaling-ladder-nemotron-optimal-1e+21-v5-019021
564,4.224327087402344,,,,adamh-scaling-ladder-nemotron-optimal-1e+21-v5-019021
570,4.236841201782227,,,,adamh-scaling-ladder-nemotron-optimal-1e+21-v5-019021
611,4.084597587585449,,,,adamh-scaling-ladder-nemotron-optimal-1e+21-v5-019021
613,4.083137035369873,,,,adamh-scaling-ladder-nemotron-optimal-1e+21-v5-019021
622,4.038488388061523,,,,adamh-scaling-ladder-nemotron-optimal-1e+21-v5-019021
637,4.0374603271484375,,,,adamh-scaling-ladder-nemotron-optimal-1e+21-v5-019021
642,4.007737636566162,,,,adamh-scaling-ladder-nemotron-optimal-1e+21-v5-019021
649,3.9526000022888184,,,,adamh-scaling-ladder-nemotron-optimal-1e+21-v5-019021
653,4.006514549255371,,,,adamh-scaling-ladder-nemotron-optimal-1e+21-v5-019021
680,3.939142942428589,,,,adamh-scaling-ladder-nemotron-optimal-1e+21-v5-019021
692,3.8813188076019287,,,,adamh-scaling-ladder-nemotron-optimal-1e+21-v5-019021
698,3.8928134441375732,,,,adamh-scaling-ladder-nemotron-optimal-1e+21-v5-019021
707,3.9013724327087402,,,,adamh-scaling-ladder-nemotron-optimal-1e+21-v5-019021
733,3.8271660804748535,,,,adamh-scaling-ladder-nemotron-optimal-1e+21-v5-019021
838,3.6738576889038086,,,,adamh-scaling-ladder-nemotron-optimal-1e+21-v5-019021
840,3.710308074951172,,,,adamh-scaling-ladder-nemotron-optimal-1e+21-v5-019021
867,3.635104179382324,,,,adamh-scaling-ladder-nemotron-optimal-1e+21-v5-019021
876,3.6333625316619873,,,,adamh-scaling-ladder-nemotron-optimal-1e+21-v5-019021
883,3.6550514698028564,,,,adamh-scaling-ladder-nemotron-optimal-1e+21-v5-019021
884,3.6183252334594727,,,,adamh-scaling-ladder-nemotron-optimal-1e+21-v5-019021
904,3.638903856277466,,,,adamh-scaling-ladder-nemotron-optimal-1e+21-v5-019021
909,3.579493761062622,,,,adamh-scaling-ladder-nemotron-optimal-1e+21-v5-019021
911,3.6132054328918457,,,,adamh-scaling-ladder-nemotron-optimal-1e+21-v5-019021
924,3.594529628753662,,,,adamh-scaling-ladder-nemotron-optimal-1e+21-v5-019021
927,3.5906789302825928,,,,adamh-scaling-ladder-nemotron-optimal-1e+21-v5-019021
939,3.5469541549682617,,,,adamh-scaling-ladder-nemotron-optimal-1e+21-v5-019021
971,3.5269272327423096,,,,adamh-scaling-ladder-nemotron-optimal-1e+21-v5-019021
1000,,3.791264772415161,3.6509881019592285,3.821378469467163,adamh-scaling-ladder-nemotron-optimal-1e+21-v5-019021
1036,3.4854824542999268,,,,adamh-scaling-ladder-nemotron-optimal-1e+21-v5-019021
1048,3.4707982540130615,,,,adamh-scaling-ladder-nemotron-optimal-1e+21-v5-019021
1055,3.473544120788574,,,,adamh-scaling-ladder-nemotron-optimal-1e+21-v5-019021
1067,3.445887804031372,,,,adamh-scaling-ladder-nemotron-optimal-1e+21-v5-019021
1072,3.4673993587493896,,,,adamh-scaling-ladder-nemotron-optimal-1e+21-v5-019021
1075,3.445894956588745,,,,adamh-scaling-ladder-nemotron-optimal-1e+21-v5-019021
1083,3.4622955322265625,,,,adamh-scaling-ladder-nemotron-optimal-1e+21-v5-019021
1100,3.4526596069335938,,,,adamh-scaling-ladder-nemotron-optimal-1e+21-v5-019021
1129,3.418304681777954,,,,adamh-scaling-ladder-nemotron-optimal-1e+21-v5-019021
1133,3.418788433074951,,,,adamh-scaling-ladder-nemotron-optimal-1e+21-v5-019021
1150,3.4253439903259277,,,,adamh-scaling-ladder-nemotron-optimal-1e+21-v5-019021
1152,3.4012012481689453,,,,adamh-scaling-ladder-nemotron-optimal-1e+21-v5-019021
1154,3.4006094932556152,,,,adamh-scaling-ladder-nemotron-optimal-1e+21-v5-019021
1164,3.3855385780334473,,,,adamh-scaling-ladder-nemotron-optimal-1e+21-v5-019021
1170,3.420499086380005,,,,adamh-scaling-ladder-nemotron-optimal-1e+21-v5-019021
1207,3.3641278743743896,,,,adamh-scaling-ladder-nemotron-optimal-1e+21-v5-019021
1209,3.359950304031372,,,,adamh-scaling-ladder-nemotron-optimal-1e+21-v5-019021
1212,3.3688809871673584,,,,adamh-scaling-ladder-nemotron-optimal-1e+21-v5-019021
1263,3.3357656002044678,,,,adamh-scaling-ladder-nemotron-optimal-1e+21-v5-019021
1265,3.352294921875,,,,adamh-scaling-ladder-nemotron-optimal-1e+21-v5-019021
1370,3.3322832584381104,,,,adamh-scaling-ladder-nemotron-optimal-1e+21-v5-019021
1371,3.2854039669036865,,,,adamh-scaling-ladder-nemotron-optimal-1e+21-v5-019021
1381,3.288923501968384,,,,adamh-scaling-ladder-nemotron-optimal-1e+21-v5-019021
1399,3.2695329189300537,,,,adamh-scaling-ladder-nemotron-optimal-1e+21-v5-019021
1412,3.284639358520508,,,,adamh-scaling-ladder-nemotron-optimal-1e+21-v5-019021
1425,3.2520265579223633,,,,adamh-scaling-ladder-nemotron-optimal-1e+21-v5-019021
1432,3.3139424324035645,,,,adamh-scaling-ladder-nemotron-optimal-1e+21-v5-019021
1446,3.247896432876587,,,,adamh-scaling-ladder-nemotron-optimal-1e+21-v5-019021
1453,3.307253122329712,,,,adamh-scaling-ladder-nemotron-optimal-1e+21-v5-019021
1457,3.2540955543518066,,,,adamh-scaling-ladder-nemotron-optimal-1e+21-v5-019021
1490,3.216536283493042,,,,adamh-scaling-ladder-nemotron-optimal-1e+21-v5-019021
1504,3.1989057064056396,,,,adamh-scaling-ladder-nemotron-optimal-1e+21-v5-019021
1530,3.233630418777466,,,,adamh-scaling-ladder-nemotron-optimal-1e+21-v5-019021
1531,3.271874189376831,,,,adamh-scaling-ladder-nemotron-optimal-1e+21-v5-019021
1532,3.2361533641815186,,,,adamh-scaling-ladder-nemotron-optimal-1e+21-v5-019021
1547,3.2188916206359863,,,,adamh-scaling-ladder-nemotron-optimal-1e+21-v5-019021
1577,3.2286784648895264,,,,adamh-scaling-ladder-nemotron-optimal-1e+21-v5-019021
1587,3.215630531311035,,,,adamh-scaling-ladder-nemotron-optimal-1e+21-v5-019021
1623,3.2169649600982666,,,,adamh-scaling-ladder-nemotron-optimal-1e+21-v5-019021
1652,3.2076332569122314,,,,adamh-scaling-ladder-nemotron-optimal-1e+21-v5-019021
1668,3.1929450035095215,,,,adamh-scaling-ladder-nemotron-optimal-1e+21-v5-019021
1680,3.1942007541656494,,,,adamh-scaling-ladder-nemotron-optimal-1e+21-v5-019021
1684,3.188554525375366,,,,adamh-scaling-ladder-nemotron-optimal-1e+21-v5-019021
1693,3.20021390914917,,,,adamh-scaling-ladder-nemotron-optimal-1e+21-v5-019021
1696,3.17850923538208,,,,adamh-scaling-ladder-nemotron-optimal-1e+21-v5-019021
1701,3.147542953491211,,,,adamh-scaling-ladder-nemotron-optimal-1e+21-v5-019021
1709,3.19779896736145,,,,adamh-scaling-ladder-nemotron-optimal-1e+21-v5-019021
1724,3.161864757537842,,,,adamh-scaling-ladder-nemotron-optimal-1e+21-v5-019021
1737,3.203339099884033,,,,adamh-scaling-ladder-nemotron-optimal-1e+21-v5-019021
1740,3.2116684913635254,,,,adamh-scaling-ladder-nemotron-optimal-1e+21-v5-019021
1759,3.185403347015381,,,,adamh-scaling-ladder-nemotron-optimal-1e+21-v5-019021
1769,3.17474627494812,,,,adamh-scaling-ladder-nemotron-optimal-1e+21-v5-019021
1795,3.154664993286133,,,,adamh-scaling-ladder-nemotron-optimal-1e+21-v5-019021
1796,3.151221752166748,,,,adamh-scaling-ladder-nemotron-optimal-1e+21-v5-019021
1842,3.1283578872680664,,,,adamh-scaling-ladder-nemotron-optimal-1e+21-v5-019021
1843,3.1311399936676025,,,,adamh-scaling-ladder-nemotron-optimal-1e+21-v5-019021
1857,3.1607608795166016,,,,adamh-scaling-ladder-nemotron-optimal-1e+21-v5-019021
1859,3.131420373916626,,,,adamh-scaling-ladder-nemotron-optimal-1e+21-v5-019021
1874,3.160231113433838,,,,adamh-scaling-ladder-nemotron-optimal-1e+21-v5-019021
1903,3.1339426040649414,,,,adamh-scaling-ladder-nemotron-optimal-1e+21-v5-019021
1909,3.1419436931610107,,,,adamh-scaling-ladder-nemotron-optimal-1e+21-v5-019021
1913,3.1617579460144043,,,,adamh-scaling-ladder-nemotron-optimal-1e+21-v5-019021
1916,3.169893264770508,,,,adamh-scaling-ladder-nemotron-optimal-1e+21-v5-019021
1944,3.175647020339966,,,,adamh-scaling-ladder-nemotron-optimal-1e+21-v5-019021
1956,3.089512586593628,,,,adamh-scaling-ladder-nemotron-optimal-1e+21-v5-019021
1960,3.145632266998291,,,,adamh-scaling-ladder-nemotron-optimal-1e+21-v5-019021
1968,3.146742105484009,,,,adamh-scaling-ladder-nemotron-optimal-1e+21-v5-019021
1994,3.089644432067871,,,,adamh-scaling-ladder-nemotron-optimal-1e+21-v5-019021
2000,,3.4127085208892822,3.238016366958618,3.392510414123535,adamh-scaling-ladder-nemotron-optimal-1e+21-v5-019021
2001,3.110900402069092,,,,adamh-scaling-ladder-nemotron-optimal-1e+21-v5-019021
2008,3.1011486053466797,,,,adamh-scaling-ladder-nemotron-optimal-1e+21-v5-019021
2034,3.1161327362060547,,,,adamh-scaling-ladder-nemotron-optimal-1e+21-v5-019021
2056,3.101473093032837,,,,adamh-scaling-ladder-nemotron-optimal-1e+21-v5-019021
2072,3.113590717315674,,,,adamh-scaling-ladder-nemotron-optimal-1e+21-v5-019021
2083,3.151482343673706,,,,adamh-scaling-ladder-nemotron-optimal-1e+21-v5-019021
2126,3.10579252243042,,,,adamh-scaling-ladder-nemotron-optimal-1e+21-v5-019021
2132,3.1310794353485107,,,,adamh-scaling-ladder-nemotron-optimal-1e+21-v5-019021
2137,3.102783441543579,,,,adamh-scaling-ladder-nemotron-optimal-1e+21-v5-019021
2140,3.099419593811035,,,,adamh-scaling-ladder-nemotron-optimal-1e+21-v5-019021
2183,3.1243929862976074,,,,adamh-scaling-ladder-nemotron-optimal-1e+21-v5-019021
2190,3.0889406204223633,,,,adamh-scaling-ladder-nemotron-optimal-1e+21-v5-019021
2198,3.113654136657715,,,,adamh-scaling-ladder-nemotron-optimal-1e+21-v5-019021
2201,3.083887815475464,,,,adamh-scaling-ladder-nemotron-optimal-1e+21-v5-019021
2209,3.08737850189209,,,,adamh-scaling-ladder-nemotron-optimal-1e+21-v5-019021
2215,3.121628999710083,,,,adamh-scaling-ladder-nemotron-optimal-1e+21-v5-019021
2245,3.0993168354034424,,,,adamh-scaling-ladder-nemotron-optimal-1e+21-v5-019021
2260,3.0634937286376953,,,,adamh-scaling-ladder-nemotron-optimal-1e+21-v5-019021
2266,3.062835931777954,,,,adamh-scaling-ladder-nemotron-optimal-1e+21-v5-019021
2271,3.03950572013855,,,,adamh-scaling-ladder-nemotron-optimal-1e+21-v5-019021
2314,3.078730821609497,,,,adamh-scaling-ladder-nemotron-optimal-1e+21-v5-019021
2338,3.05302357673645,,,,adamh-scaling-ladder-nemotron-optimal-1e+21-v5-019021
2367,3.0892224311828613,,,,adamh-scaling-ladder-nemotron-optimal-1e+21-v5-019021
2374,3.080336809158325,,,,adamh-scaling-ladder-nemotron-optimal-1e+21-v5-019021
2375,3.0711216926574707,,,,adamh-scaling-ladder-nemotron-optimal-1e+21-v5-019021
2377,3.0354676246643066,,,,adamh-scaling-ladder-nemotron-optimal-1e+21-v5-019021
2384,3.041569948196411,,,,adamh-scaling-ladder-nemotron-optimal-1e+21-v5-019021
2388,3.0511209964752197,,,,adamh-scaling-ladder-nemotron-optimal-1e+21-v5-019021
2404,3.043748617172241,,,,adamh-scaling-ladder-nemotron-optimal-1e+21-v5-019021
2406,3.06103515625,,,,adamh-scaling-ladder-nemotron-optimal-1e+21-v5-019021
2413,3.019977331161499,,,,adamh-scaling-ladder-nemotron-optimal-1e+21-v5-019021
2417,3.0631837844848633,,,,adamh-scaling-ladder-nemotron-optimal-1e+21-v5-019021
2445,3.0353009700775146,,,,adamh-scaling-ladder-nemotron-optimal-1e+21-v5-019021
2452,3.071272373199463,,,,adamh-scaling-ladder-nemotron-optimal-1e+21-v5-019021
2457,3.0686237812042236,,,,adamh-scaling-ladder-nemotron-optimal-1e+21-v5-019021
2459,3.056189775466919,,,,adamh-scaling-ladder-nemotron-optimal-1e+21-v5-019021
2461,3.0580618381500244,,,,adamh-scaling-ladder-nemotron-optimal-1e+21-v5-019021
2464,3.0399487018585205,,,,adamh-scaling-ladder-nemotron-optimal-1e+21-v5-019021
2477,3.098128318786621,,,,adamh-scaling-ladder-nemotron-optimal-1e+21-v5-019021
2485,3.0539398193359375,,,,adamh-scaling-ladder-nemotron-optimal-1e+21-v5-019021
2500,3.0204837322235107,,,,adamh-scaling-ladder-nemotron-optimal-1e+21-v5-019021
2507,3.0346133708953857,,,,adamh-scaling-ladder-nemotron-optimal-1e+21-v5-019021
2515,3.0047380924224854,,,,adamh-scaling-ladder-nemotron-optimal-1e+21-v5-019021
2554,3.0076582431793213,,,,adamh-scaling-ladder-nemotron-optimal-1e+21-v5-019021
2580,3.044325113296509,,,,adamh-scaling-ladder-nemotron-optimal-1e+21-v5-019021
2588,3.0414702892303467,,,,adamh-scaling-ladder-nemotron-optimal-1e+21-v5-019021
2606,3.042612075805664,,,,adamh-scaling-ladder-nemotron-optimal-1e+21-v5-019021
2611,3.0116097927093506,,,,adamh-scaling-ladder-nemotron-optimal-1e+21-v5-019021
2634,3.0079891681671143,,,,adamh-scaling-ladder-nemotron-optimal-1e+21-v5-019021
2654,3.01987624168396,,,,adamh-scaling-ladder-nemotron-optimal-1e+21-v5-019021
2678,3.0171682834625244,,,,adamh-scaling-ladder-nemotron-optimal-1e+21-v5-019021
2722,2.990488290786743,,,,adamh-scaling-ladder-nemotron-optimal-1e+21-v5-019021
2724,3.004056692123413,,,,adamh-scaling-ladder-nemotron-optimal-1e+21-v5-019021
2748,2.9804675579071045,,,,adamh-scaling-ladder-nemotron-optimal-1e+21-v5-019021
2755,3.0374538898468018,,,,adamh-scaling-ladder-nemotron-optimal-1e+21-v5-019021
2766,2.9925248622894287,,,,adamh-scaling-ladder-nemotron-optimal-1e+21-v5-019021
2778,3.0155129432678223,,,,adamh-scaling-ladder-nemotron-optimal-1e+21-v5-019021
2785,2.9899017810821533,,,,adamh-scaling-ladder-nemotron-optimal-1e+21-v5-019021
2787,3.029505491256714,,,,adamh-scaling-ladder-nemotron-optimal-1e+21-v5-019021
2836,3.046001672744751,,,,adamh-scaling-ladder-nemotron-optimal-1e+21-v5-019021
2858,2.99198317527771,,,,adamh-scaling-ladder-nemotron-optimal-1e+21-v5-019021
2863,2.9990451335906982,,,,adamh-scaling-ladder-nemotron-optimal-1e+21-v5-019021
2908,2.9558351039886475,,,,adamh-scaling-ladder-nemotron-optimal-1e+21-v5-019021
2975,2.987691879272461,,,,adamh-scaling-ladder-nemotron-optimal-1e+21-v5-019021
2984,2.962571620941162,,,,adamh-scaling-ladder-nemotron-optimal-1e+21-v5-019021
3000,,3.2559852600097656,3.0693790912628174,3.2177655696868896,adamh-scaling-ladder-nemotron-optimal-1e+21-v5-019021
3006,2.9287309646606445,,,,adamh-scaling-ladder-nemotron-optimal-1e+21-v5-019021
3076,2.9586262702941895,,,,adamh-scaling-ladder-nemotron-optimal-1e+21-v5-019021
3091,2.973416566848755,,,,adamh-scaling-ladder-nemotron-optimal-1e+21-v5-019021
3092,2.9456593990325928,,,,adamh-scaling-ladder-nemotron-optimal-1e+21-v5-019021
3122,2.9782207012176514,,,,adamh-scaling-ladder-nemotron-optimal-1e+21-v5-019021
3156,2.9544856548309326,,,,adamh-scaling-ladder-nemotron-optimal-1e+21-v5-019021
3180,2.9945480823516846,,,,adamh-scaling-ladder-nemotron-optimal-1e+21-v5-019021
3184,2.9371330738067627,,,,adamh-scaling-ladder-nemotron-optimal-1e+21-v5-019021
3188,2.9509522914886475,,,,adamh-scaling-ladder-nemotron-optimal-1e+21-v5-019021
3198,2.9246671199798584,,,,adamh-scaling-ladder-nemotron-optimal-1e+21-v5-019021
3200,2.9214205741882324,,,,adamh-scaling-ladder-nemotron-optimal-1e+21-v5-019021
3254,2.9773941040039062,,,,adamh-scaling-ladder-nemotron-optimal-1e+21-v5-019021
3271,2.9207496643066406,,,,adamh-scaling-ladder-nemotron-optimal-1e+21-v5-019021
3293,2.9375665187835693,,,,adamh-scaling-ladder-nemotron-optimal-1e+21-v5-019021
3298,2.906996011734009,,,,adamh-scaling-ladder-nemotron-optimal-1e+21-v5-019021
3317,2.9666244983673096,,,,adamh-scaling-ladder-nemotron-optimal-1e+21-v5-019021
3320,2.9449164867401123,,,,adamh-scaling-ladder-nemotron-optimal-1e+21-v5-019021
3332,2.986144781112671,,,,adamh-scaling-ladder-nemotron-optimal-1e+21-v5-019021
3335,2.9321534633636475,,,,adamh-scaling-ladder-nemotron-optimal-1e+21-v5-019021
3340,2.9338934421539307,,,,adamh-scaling-ladder-nemotron-optimal-1e+21-v5-019021
3349,2.9591434001922607,,,,adamh-scaling-ladder-nemotron-optimal-1e+21-v5-019021
3372,2.961690902709961,,,,adamh-scaling-ladder-nemotron-optimal-1e+21-v5-019021
3373,2.900686025619507,,,,adamh-scaling-ladder-nemotron-optimal-1e+21-v5-019021
3398,2.9340062141418457,,,,adamh-scaling-ladder-nemotron-optimal-1e+21-v5-019021
3424,2.9315240383148193,,,,adamh-scaling-ladder-nemotron-optimal-1e+21-v5-019021
3425,2.9026896953582764,,,,adamh-scaling-ladder-nemotron-optimal-1e+21-v5-019021
3439,2.941851854324341,,,,adamh-scaling-ladder-nemotron-optimal-1e+21-v5-019021
3441,2.9233622550964355,,,,adamh-scaling-ladder-nemotron-optimal-1e+21-v5-019021
3447,2.9241421222686768,,,,adamh-scaling-ladder-nemotron-optimal-1e+21-v5-019021
3505,2.935544013977051,,,,adamh-scaling-ladder-nemotron-optimal-1e+21-v5-019021
3558,2.9157252311706543,,,,adamh-scaling-ladder-nemotron-optimal-1e+21-v5-019021
3561,2.9035820960998535,,,,adamh-scaling-ladder-nemotron-optimal-1e+21-v5-019021
3573,2.893893003463745,,,,adamh-scaling-ladder-nemotron-optimal-1e+21-v5-019021
3609,2.954873561859131,,,,adamh-scaling-ladder-nemotron-optimal-1e+21-v5-019021
3610,2.9479405879974365,,,,adamh-scaling-ladder-nemotron-optimal-1e+21-v5-019021
3627,2.929154634475708,,,,adamh-scaling-ladder-nemotron-optimal-1e+21-v5-019021
3656,2.8815081119537354,,,,adamh-scaling-ladder-nemotron-optimal-1e+21-v5-019021
3657,2.9244439601898193,,,,adamh-scaling-ladder-nemotron-optimal-1e+21-v5-019021
3674,2.9452600479125977,,,,adamh-scaling-ladder-nemotron-optimal-1e+21-v5-019021
3689,2.9398233890533447,,,,adamh-scaling-ladder-nemotron-optimal-1e+21-v5-019021
3698,2.9696764945983887,,,,adamh-scaling-ladder-nemotron-optimal-1e+21-v5-019021
3702,2.924877643585205,,,,adamh-scaling-ladder-nemotron-optimal-1e+21-v5-019021
3705,2.9478156566619873,,,,adamh-scaling-ladder-nemotron-optimal-1e+21-v5-019021
3732,2.9146883487701416,,,,adamh-scaling-ladder-nemotron-optimal-1e+21-v5-019021
3787,2.8889029026031494,,,,adamh-scaling-ladder-nemotron-optimal-1e+21-v5-019021
3801,2.9397313594818115,,,,adamh-scaling-ladder-nemotron-optimal-1e+21-v5-019021
3815,2.9041781425476074,,,,adamh-scaling-ladder-nemotron-optimal-1e+21-v5-019021
3829,2.9502322673797607,,,,adamh-scaling-ladder-nemotron-optimal-1e+21-v5-019021
3848,2.913111686706543,,,,adamh-scaling-ladder-nemotron-optimal-1e+21-v5-019021
3868,2.9152793884277344,,,,adamh-scaling-ladder-nemotron-optimal-1e+21-v5-019021
3871,2.946824789047241,,,,adamh-scaling-ladder-nemotron-optimal-1e+21-v5-019021
3879,2.918818950653076,,,,adamh-scaling-ladder-nemotron-optimal-1e+21-v5-019021
3896,2.9197094440460205,,,,adamh-scaling-ladder-nemotron-optimal-1e+21-v5-019021
3901,2.8792662620544434,,,,adamh-scaling-ladder-nemotron-optimal-1e+21-v5-019021
3906,2.893734931945801,,,,adamh-scaling-ladder-nemotron-optimal-1e+21-v5-019021
3912,2.936117649078369,,,,adamh-scaling-ladder-nemotron-optimal-1e+21-v5-019021
3925,2.938464879989624,,,,adamh-scaling-ladder-nemotron-optimal-1e+21-v5-019021
3936,2.8715546131134033,,,,adamh-scaling-ladder-nemotron-optimal-1e+21-v5-019021
3954,2.884810447692871,,,,adamh-scaling-ladder-nemotron-optimal-1e+21-v5-019021
3963,2.89745831489563,,,,adamh-scaling-ladder-nemotron-optimal-1e+21-v5-019021
3970,2.889864444732666,,,,adamh-scaling-ladder-nemotron-optimal-1e+21-v5-019021
4000,2.9152207374572754,3.1749136447906494,2.9859120845794678,3.132943630218506,adamh-scaling-ladder-nemotron-optimal-1e+21-v5-019021
4022,2.900019645690918,,,,adamh-scaling-ladder-nemotron-optimal-1e+21-v5-019021
4039,2.9024498462677,,,,adamh-scaling-ladder-nemotron-optimal-1e+21-v5-019021
4064,2.874584913253784,,,,adamh-scaling-ladder-nemotron-optimal-1e+21-v5-019021
4080,2.904960870742798,,,,adamh-scaling-ladder-nemotron-optimal-1e+21-v5-019021
4099,2.918571949005127,,,,adamh-scaling-ladder-nemotron-optimal-1e+21-v5-019021
4101,2.8942019939422607,,,,adamh-scaling-ladder-nemotron-optimal-1e+21-v5-019021
4121,2.8842380046844482,,,,adamh-scaling-ladder-nemotron-optimal-1e+21-v5-019021
4127,2.8735363483428955,,,,adamh-scaling-ladder-nemotron-optimal-1e+21-v5-019021
4146,2.8883166313171387,,,,adamh-scaling-ladder-nemotron-optimal-1e+21-v5-019021
4163,2.880068778991699,,,,adamh-scaling-ladder-nemotron-optimal-1e+21-v5-019021
4167,2.890873670578003,,,,adamh-scaling-ladder-nemotron-optimal-1e+21-v5-019021
4168,2.8583288192749023,,,,adamh-scaling-ladder-nemotron-optimal-1e+21-v5-019021
4170,2.87872314453125,,,,adamh-scaling-ladder-nemotron-optimal-1e+21-v5-019021
4175,2.9352550506591797,,,,adamh-scaling-ladder-nemotron-optimal-1e+21-v5-019021
4181,2.8899171352386475,,,,adamh-scaling-ladder-nemotron-optimal-1e+21-v5-019021
4221,2.9049551486968994,,,,adamh-scaling-ladder-nemotron-optimal-1e+21-v5-019021
4229,2.898916482925415,,,,adamh-scaling-ladder-nemotron-optimal-1e+21-v5-019021
4236,2.847852945327759,,,,adamh-scaling-ladder-nemotron-optimal-1e+21-v5-019021
4242,2.876497745513916,,,,adamh-scaling-ladder-nemotron-optimal-1e+21-v5-019021
4252,2.8929507732391357,,,,adamh-scaling-ladder-nemotron-optimal-1e+21-v5-019021
4310,2.8502919673919678,,,,adamh-scaling-ladder-nemotron-optimal-1e+21-v5-019021
4333,2.9071688652038574,,,,adamh-scaling-ladder-nemotron-optimal-1e+21-v5-019021
4335,2.880568504333496,,,,adamh-scaling-ladder-nemotron-optimal-1e+21-v5-019021
4343,2.8380556106567383,,,,adamh-scaling-ladder-nemotron-optimal-1e+21-v5-019021
4364,2.8911430835723877,,,,adamh-scaling-ladder-nemotron-optimal-1e+21-v5-019021
4390,2.88299560546875,,,,adamh-scaling-ladder-nemotron-optimal-1e+21-v5-019021
4394,2.8502514362335205,,,,adamh-scaling-ladder-nemotron-optimal-1e+21-v5-019021
4403,2.8749186992645264,,,,adamh-scaling-ladder-nemotron-optimal-1e+21-v5-019021
4472,2.8680057525634766,,,,adamh-scaling-ladder-nemotron-optimal-1e+21-v5-019021
4489,2.889007329940796,,,,adamh-scaling-ladder-nemotron-optimal-1e+21-v5-019021
4519,2.8659300804138184,,,,adamh-scaling-ladder-nemotron-optimal-1e+21-v5-019021
4530,2.8749067783355713,,,,adamh-scaling-ladder-nemotron-optimal-1e+21-v5-019021
4537,2.8709282875061035,,,,adamh-scaling-ladder-nemotron-optimal-1e+21-v5-019021
4544,2.8665547370910645,,,,adamh-scaling-ladder-nemotron-optimal-1e+21-v5-019021
4547,2.8659112453460693,,,,adamh-scaling-ladder-nemotron-optimal-1e+21-v5-019021
4549,2.8466334342956543,,,,adamh-scaling-ladder-nemotron-optimal-1e+21-v5-019021
4565,2.8687708377838135,,,,adamh-scaling-ladder-nemotron-optimal-1e+21-v5-019021
4596,2.8931498527526855,,,,adamh-scaling-ladder-nemotron-optimal-1e+21-v5-019021
4601,2.8207573890686035,,,,adamh-scaling-ladder-nemotron-optimal-1e+21-v5-019021
4603,2.929741621017456,,,,adamh-scaling-ladder-nemotron-optimal-1e+21-v5-019021
4615,2.8867008686065674,,,,adamh-scaling-ladder-nemotron-optimal-1e+21-v5-019021
4648,2.889564037322998,,,,adamh-scaling-ladder-nemotron-optimal-1e+21-v5-019021
4670,2.8948843479156494,,,,adamh-scaling-ladder-nemotron-optimal-1e+21-v5-019021
4708,2.8546738624572754,,,,adamh-scaling-ladder-nemotron-optimal-1e+21-v5-019021
4732,2.843430995941162,,,,adamh-scaling-ladder-nemotron-optimal-1e+21-v5-019021
4759,2.866224527359009,,,,adamh-scaling-ladder-nemotron-optimal-1e+21-v5-019021
4764,2.8219666481018066,,,,adamh-scaling-ladder-nemotron-optimal-1e+21-v5-019021
4776,2.872549057006836,,,,adamh-scaling-ladder-nemotron-optimal-1e+21-v5-019021
4806,2.885927677154541,,,,adamh-scaling-ladder-nemotron-optimal-1e+21-v5-019021
4811,2.8789355754852295,,,,adamh-scaling-ladder-nemotron-optimal-1e+21-v5-019021
4853,2.8742105960845947,,,,adamh-scaling-ladder-nemotron-optimal-1e+21-v5-019021
4865,2.8452084064483643,,,,adamh-scaling-ladder-nemotron-optimal-1e+21-v5-019021
4866,2.850379467010498,,,,adamh-scaling-ladder-nemotron-optimal-1e+21-v5-019021
4871,2.8565516471862793,,,,adamh-scaling-ladder-nemotron-optimal-1e+21-v5-019021
4875,2.879585027694702,,,,adamh-scaling-ladder-nemotron-optimal-1e+21-v5-019021
4882,2.883283853530884,,,,adamh-scaling-ladder-nemotron-optimal-1e+21-v5-019021
4909,2.833219528198242,,,,adamh-scaling-ladder-nemotron-optimal-1e+21-v5-019021
4926,2.824190139770508,,,,adamh-scaling-ladder-nemotron-optimal-1e+21-v5-019021
4946,2.87656307220459,,,,adamh-scaling-ladder-nemotron-optimal-1e+21-v5-019021
4974,2.8757264614105225,,,,adamh-scaling-ladder-nemotron-optimal-1e+21-v5-019021
4995,2.884998321533203,,,,adamh-scaling-ladder-nemotron-optimal-1e+21-v5-019021
4996,2.8353404998779297,,,,adamh-scaling-ladder-nemotron-optimal-1e+21-v5-019021
5000,,3.120232582092285,2.9277091026306152,3.069997549057007,adamh-scaling-ladder-nemotron-optimal-1e+21-v5-019021
5036,2.8865506649017334,,,,adamh-scaling-ladder-nemotron-optimal-1e+21-v5-019021
5047,2.8727455139160156,,,,adamh-scaling-ladder-nemotron-optimal-1e+21-v5-019021
5097,2.8258676528930664,,,,adamh-scaling-ladder-nemotron-optimal-1e+21-v5-019021
5121,2.843855142593384,,,,adamh-scaling-ladder-nemotron-optimal-1e+21-v5-019021
5139,2.8263206481933594,,,,adamh-scaling-ladder-nemotron-optimal-1e+21-v5-019021
5154,2.873169183731079,,,,adamh-scaling-ladder-nemotron-optimal-1e+21-v5-019021
5168,2.839446544647217,,,,adamh-scaling-ladder-nemotron-optimal-1e+21-v5-019021
5173,2.8320882320404053,,,,adamh-scaling-ladder-nemotron-optimal-1e+21-v5-019021
5192,2.8518433570861816,,,,adamh-scaling-ladder-nemotron-optimal-1e+21-v5-019021
5206,2.82838773727417,,,,adamh-scaling-ladder-nemotron-optimal-1e+21-v5-019021
5229,2.819326877593994,,,,adamh-scaling-ladder-nemotron-optimal-1e+21-v5-019021
5265,2.88839054107666,,,,adamh-scaling-ladder-nemotron-optimal-1e+21-v5-019021
5282,2.8482086658477783,,,,adamh-scaling-ladder-nemotron-optimal-1e+21-v5-019021
5307,2.7977452278137207,,,,adamh-scaling-ladder-nemotron-optimal-1e+21-v5-019021
5335,2.863215684890747,,,,adamh-scaling-ladder-nemotron-optimal-1e+21-v5-019021
5356,2.814934492111206,,,,adamh-scaling-ladder-nemotron-optimal-1e+21-v5-019021
5359,2.8459644317626953,,,,adamh-scaling-ladder-nemotron-optimal-1e+21-v5-019021
5387,2.847707509994507,,,,adamh-scaling-ladder-nemotron-optimal-1e+21-v5-019021
5406,2.873098373413086,,,,adamh-scaling-ladder-nemotron-optimal-1e+21-v5-019021
5450,2.846120595932007,,,,adamh-scaling-ladder-nemotron-optimal-1e+21-v5-019021
5460,2.8412632942199707,,,,adamh-scaling-ladder-nemotron-optimal-1e+21-v5-019021
5465,2.83402419090271,,,,adamh-scaling-ladder-nemotron-optimal-1e+21-v5-019021
5474,2.8774468898773193,,,,adamh-scaling-ladder-nemotron-optimal-1e+21-v5-019021
5488,2.815232992172241,,,,adamh-scaling-ladder-nemotron-optimal-1e+21-v5-019021
5530,2.8618390560150146,,,,adamh-scaling-ladder-nemotron-optimal-1e+21-v5-019021
5541,2.7951433658599854,,,,adamh-scaling-ladder-nemotron-optimal-1e+21-v5-019021
5546,2.797821521759033,,,,adamh-scaling-ladder-nemotron-optimal-1e+21-v5-019021
5554,2.8305938243865967,,,,adamh-scaling-ladder-nemotron-optimal-1e+21-v5-019021
5555,2.8322246074676514,,,,adamh-scaling-ladder-nemotron-optimal-1e+21-v5-019021
5588,2.8147146701812744,,,,adamh-scaling-ladder-nemotron-optimal-1e+21-v5-019021
5605,2.826338291168213,,,,adamh-scaling-ladder-nemotron-optimal-1e+21-v5-019021
5610,2.808887243270874,,,,adamh-scaling-ladder-nemotron-optimal-1e+21-v5-019021
5644,2.8300693035125732,,,,adamh-scaling-ladder-nemotron-optimal-1e+21-v5-019021
5654,2.8263814449310303,,,,adamh-scaling-ladder-nemotron-optimal-1e+21-v5-019021
5659,2.825566053390503,,,,adamh-scaling-ladder-nemotron-optimal-1e+21-v5-019021
5704,2.79793119430542,,,,adamh-scaling-ladder-nemotron-optimal-1e+21-v5-019021
5709,2.8002257347106934,,,,adamh-scaling-ladder-nemotron-optimal-1e+21-v5-019021
5710,2.836613655090332,,,,adamh-scaling-ladder-nemotron-optimal-1e+21-v5-019021
5719,2.8194003105163574,,,,adamh-scaling-ladder-nemotron-optimal-1e+21-v5-019021
5731,2.8485586643218994,,,,adamh-scaling-ladder-nemotron-optimal-1e+21-v5-019021
5743,2.8237781524658203,,,,adamh-scaling-ladder-nemotron-optimal-1e+21-v5-019021
5744,2.883075475692749,,,,adamh-scaling-ladder-nemotron-optimal-1e+21-v5-019021
5758,2.8020286560058594,,,,adamh-scaling-ladder-nemotron-optimal-1e+21-v5-019021
5805,2.8352646827697754,,,,adamh-scaling-ladder-nemotron-optimal-1e+21-v5-019021
5822,2.859417676925659,,,,adamh-scaling-ladder-nemotron-optimal-1e+21-v5-019021
5827,2.7859787940979004,,,,adamh-scaling-ladder-nemotron-optimal-1e+21-v5-019021
5828,2.8063158988952637,,,,adamh-scaling-ladder-nemotron-optimal-1e+21-v5-019021
5842,2.791661024093628,,,,adamh-scaling-ladder-nemotron-optimal-1e+21-v5-019021
5865,2.8160741329193115,,,,adamh-scaling-ladder-nemotron-optimal-1e+21-v5-019021
5866,2.8252382278442383,,,,adamh-scaling-ladder-nemotron-optimal-1e+21-v5-019021
5877,2.8534815311431885,,,,adamh-scaling-ladder-nemotron-optimal-1e+21-v5-019021
5925,2.8540618419647217,,,,adamh-scaling-ladder-nemotron-optimal-1e+21-v5-019021
5934,2.8125195503234863,,,,adamh-scaling-ladder-nemotron-optimal-1e+21-v5-019021
5936,2.804140329360962,,,,adamh-scaling-ladder-nemotron-optimal-1e+21-v5-019021
5943,2.8301689624786377,,,,adamh-scaling-ladder-nemotron-optimal-1e+21-v5-019021
5959,2.8404345512390137,,,,adamh-scaling-ladder-nemotron-optimal-1e+21-v5-019021
5962,2.8258731365203857,,,,adamh-scaling-ladder-nemotron-optimal-1e+21-v5-019021
5978,2.8066940307617188,,,,adamh-scaling-ladder-nemotron-optimal-1e+21-v5-019021
5984,2.7908847332000732,,,,adamh-scaling-ladder-nemotron-optimal-1e+21-v5-019021
6000,,3.0962085723876953,2.893925666809082,3.033381700515747,adamh-scaling-ladder-nemotron-optimal-1e+21-v5-019021
6011,2.784764289855957,,,,adamh-scaling-ladder-nemotron-optimal-1e+21-v5-019021
6030,2.8256595134735107,,,,adamh-scaling-ladder-nemotron-optimal-1e+21-v5-019021
6032,2.8228209018707275,,,,adamh-scaling-ladder-nemotron-optimal-1e+21-v5-019021
6051,2.8236923217773438,,,,adamh-scaling-ladder-nemotron-optimal-1e+21-v5-019021
6066,2.803983211517334,,,,adamh-scaling-ladder-nemotron-optimal-1e+21-v5-019021
6073,2.8098182678222656,,,,adamh-scaling-ladder-nemotron-optimal-1e+21-v5-019021
6078,2.8223843574523926,,,,adamh-scaling-ladder-nemotron-optimal-1e+21-v5-019021
6085,2.780456781387329,,,,adamh-scaling-ladder-nemotron-optimal-1e+21-v5-019021
6091,2.839062213897705,,,,adamh-scaling-ladder-nemotron-optimal-1e+21-v5-019021
6097,2.7877047061920166,,,,adamh-scaling-ladder-nemotron-optimal-1e+21-v5-019021
6100,2.812124729156494,,,,adamh-scaling-ladder-nemotron-optimal-1e+21-v5-019021
6108,2.8282837867736816,,,,adamh-scaling-ladder-nemotron-optimal-1e+21-v5-019021
6115,2.772412061691284,,,,adamh-scaling-ladder-nemotron-optimal-1e+21-v5-019021
6130,2.81950044631958,,,,adamh-scaling-ladder-nemotron-optimal-1e+21-v5-019021
6155,2.8039612770080566,,,,adamh-scaling-ladder-nemotron-optimal-1e+21-v5-019021
6168,2.7909820079803467,,,,adamh-scaling-ladder-nemotron-optimal-1e+21-v5-019021
6184,2.811826467514038,,,,adamh-scaling-ladder-nemotron-optimal-1e+21-v5-019021
6193,2.7964420318603516,,,,adamh-scaling-ladder-nemotron-optimal-1e+21-v5-019021
6201,2.822153091430664,,,,adamh-scaling-ladder-nemotron-optimal-1e+21-v5-019021
6207,2.8027215003967285,,,,adamh-scaling-ladder-nemotron-optimal-1e+21-v5-019021
6220,2.841367244720459,,,,adamh-scaling-ladder-nemotron-optimal-1e+21-v5-019021
6257,2.8044121265411377,,,,adamh-scaling-ladder-nemotron-optimal-1e+21-v5-019021
6282,2.789912462234497,,,,adamh-scaling-ladder-nemotron-optimal-1e+21-v5-019021
6295,2.804037094116211,,,,adamh-scaling-ladder-nemotron-optimal-1e+21-v5-019021
6367,2.826046943664551,,,,adamh-scaling-ladder-nemotron-optimal-1e+21-v5-019021
6381,2.817249298095703,,,,adamh-scaling-ladder-nemotron-optimal-1e+21-v5-019021
6449,2.8547475337982178,,,,adamh-scaling-ladder-nemotron-optimal-1e+21-v5-019021
6451,2.790465831756592,,,,adamh-scaling-ladder-nemotron-optimal-1e+21-v5-019021
6483,2.7928073406219482,,,,adamh-scaling-ladder-nemotron-optimal-1e+21-v5-019021
6511,2.7882251739501953,,,,adamh-scaling-ladder-nemotron-optimal-1e+21-v5-019021
6513,2.7941431999206543,,,,adamh-scaling-ladder-nemotron-optimal-1e+21-v5-019021
6515,2.8111701011657715,,,,adamh-scaling-ladder-nemotron-optimal-1e+21-v5-019021
6524,2.7959506511688232,,,,adamh-scaling-ladder-nemotron-optimal-1e+21-v5-019021
6534,2.8020944595336914,,,,adamh-scaling-ladder-nemotron-optimal-1e+21-v5-019021
6536,2.8014559745788574,,,,adamh-scaling-ladder-nemotron-optimal-1e+21-v5-019021
6553,2.777299642562866,,,,adamh-scaling-ladder-nemotron-optimal-1e+21-v5-019021
6582,2.7871220111846924,,,,adamh-scaling-ladder-nemotron-optimal-1e+21-v5-019021
6591,2.8139498233795166,,,,adamh-scaling-ladder-nemotron-optimal-1e+21-v5-019021
6617,2.7969534397125244,,,,adamh-scaling-ladder-nemotron-optimal-1e+21-v5-019021
6629,2.818554639816284,,,,adamh-scaling-ladder-nemotron-optimal-1e+21-v5-019021
6660,2.8273115158081055,,,,adamh-scaling-ladder-nemotron-optimal-1e+21-v5-019021
6661,2.8061845302581787,,,,adamh-scaling-ladder-nemotron-optimal-1e+21-v5-019021
6670,2.804595708847046,,,,adamh-scaling-ladder-nemotron-optimal-1e+21-v5-019021
6678,2.8025240898132324,,,,adamh-scaling-ladder-nemotron-optimal-1e+21-v5-019021
6711,2.8222310543060303,,,,adamh-scaling-ladder-nemotron-optimal-1e+21-v5-019021
6716,2.812769651412964,,,,adamh-scaling-ladder-nemotron-optimal-1e+21-v5-019021
6742,2.801119327545166,,,,adamh-scaling-ladder-nemotron-optimal-1e+21-v5-019021
6743,2.818732500076294,,,,adamh-scaling-ladder-nemotron-optimal-1e+21-v5-019021
6747,2.842465400695801,,,,adamh-scaling-ladder-nemotron-optimal-1e+21-v5-019021
6772,2.7994227409362793,,,,adamh-scaling-ladder-nemotron-optimal-1e+21-v5-019021
6785,2.8131678104400635,,,,adamh-scaling-ladder-nemotron-optimal-1e+21-v5-019021
6806,2.824592351913452,,,,adamh-scaling-ladder-nemotron-optimal-1e+21-v5-019021
6813,2.824932098388672,,,,adamh-scaling-ladder-nemotron-optimal-1e+21-v5-019021
6814,2.7812283039093018,,,,adamh-scaling-ladder-nemotron-optimal-1e+21-v5-019021
6815,2.7968952655792236,,,,adamh-scaling-ladder-nemotron-optimal-1e+21-v5-019021
6818,2.7961020469665527,,,,adamh-scaling-ladder-nemotron-optimal-1e+21-v5-019021
6822,2.814268112182617,,,,adamh-scaling-ladder-nemotron-optimal-1e+21-v5-019021
6838,2.767113447189331,,,,adamh-scaling-ladder-nemotron-optimal-1e+21-v5-019021
6845,2.7869837284088135,,,,adamh-scaling-ladder-nemotron-optimal-1e+21-v5-019021
6877,2.8124141693115234,,,,adamh-scaling-ladder-nemotron-optimal-1e+21-v5-019021
6883,2.7659080028533936,,,,adamh-scaling-ladder-nemotron-optimal-1e+21-v5-019021
6956,2.8209807872772217,,,,adamh-scaling-ladder-nemotron-optimal-1e+21-v5-019021
6993,2.806427478790283,,,,adamh-scaling-ladder-nemotron-optimal-1e+21-v5-019021
7000,,3.0699517726898193,2.871530294418335,3.0131120681762695,adamh-scaling-ladder-nemotron-optimal-1e+21-v5-019021
7026,2.7954976558685303,,,,adamh-scaling-ladder-nemotron-optimal-1e+21-v5-019021
7029,2.782163619995117,,,,adamh-scaling-ladder-nemotron-optimal-1e+21-v5-019021
7030,2.7914905548095703,,,,adamh-scaling-ladder-nemotron-optimal-1e+21-v5-019021
7070,2.7781314849853516,,,,adamh-scaling-ladder-nemotron-optimal-1e+21-v5-019021
7140,2.8072867393493652,,,,adamh-scaling-ladder-nemotron-optimal-1e+21-v5-019021
7145,2.8021626472473145,,,,adamh-scaling-ladder-nemotron-optimal-1e+21-v5-019021
7164,2.812197685241699,,,,adamh-scaling-ladder-nemotron-optimal-1e+21-v5-019021
7165,2.7881298065185547,,,,adamh-scaling-ladder-nemotron-optimal-1e+21-v5-019021
7181,2.7880773544311523,,,,adamh-scaling-ladder-nemotron-optimal-1e+21-v5-019021
7189,2.7639904022216797,,,,adamh-scaling-ladder-nemotron-optimal-1e+21-v5-019021
7193,2.8128268718719482,,,,adamh-scaling-ladder-nemotron-optimal-1e+21-v5-019021
7209,2.772294044494629,,,,adamh-scaling-ladder-nemotron-optimal-1e+21-v5-019021
7222,2.7991621494293213,,,,adamh-scaling-ladder-nemotron-optimal-1e+21-v5-019021
7225,2.8059444427490234,,,,adamh-scaling-ladder-nemotron-optimal-1e+21-v5-019021
7234,2.8103883266448975,,,,adamh-scaling-ladder-nemotron-optimal-1e+21-v5-019021
7259,2.796917200088501,,,,adamh-scaling-ladder-nemotron-optimal-1e+21-v5-019021
7260,2.776538848876953,,,,adamh-scaling-ladder-nemotron-optimal-1e+21-v5-019021
7270,2.785543441772461,,,,adamh-scaling-ladder-nemotron-optimal-1e+21-v5-019021
7290,2.8173575401306152,,,,adamh-scaling-ladder-nemotron-optimal-1e+21-v5-019021
7293,2.8221678733825684,,,,adamh-scaling-ladder-nemotron-optimal-1e+21-v5-019021
7304,2.8141956329345703,,,,adamh-scaling-ladder-nemotron-optimal-1e+21-v5-019021
7311,2.8080592155456543,,,,adamh-scaling-ladder-nemotron-optimal-1e+21-v5-019021
7370,2.8046441078186035,,,,adamh-scaling-ladder-nemotron-optimal-1e+21-v5-019021
7374,2.775883197784424,,,,adamh-scaling-ladder-nemotron-optimal-1e+21-v5-019021
7395,2.788985252380371,,,,adamh-scaling-ladder-nemotron-optimal-1e+21-v5-019021
7401,2.776277780532837,,,,adamh-scaling-ladder-nemotron-optimal-1e+21-v5-019021
7440,2.792943000793457,,,,adamh-scaling-ladder-nemotron-optimal-1e+21-v5-019021
7445,2.7554726600646973,,,,adamh-scaling-ladder-nemotron-optimal-1e+21-v5-019021
7450,2.774799346923828,,,,adamh-scaling-ladder-nemotron-optimal-1e+21-v5-019021
7477,2.7897560596466064,,,,adamh-scaling-ladder-nemotron-optimal-1e+21-v5-019021
7484,2.8034963607788086,,,,adamh-scaling-ladder-nemotron-optimal-1e+21-v5-019021
7496,2.8091588020324707,,,,adamh-scaling-ladder-nemotron-optimal-1e+21-v5-019021
7503,2.7758285999298096,,,,adamh-scaling-ladder-nemotron-optimal-1e+21-v5-019021
7525,2.7857468128204346,,,,adamh-scaling-ladder-nemotron-optimal-1e+21-v5-019021
7526,2.7911055088043213,,,,adamh-scaling-ladder-nemotron-optimal-1e+21-v5-019021
7534,2.7569570541381836,,,,adamh-scaling-ladder-nemotron-optimal-1e+21-v5-019021
7547,2.8022913932800293,,,,adamh-scaling-ladder-nemotron-optimal-1e+21-v5-019021
7557,2.7972970008850098,,,,adamh-scaling-ladder-nemotron-optimal-1e+21-v5-019021
7567,2.8040642738342285,,,,adamh-scaling-ladder-nemotron-optimal-1e+21-v5-019021
7571,2.8108766078948975,,,,adamh-scaling-ladder-nemotron-optimal-1e+21-v5-019021
7580,2.810854196548462,,,,adamh-scaling-ladder-nemotron-optimal-1e+21-v5-019021
7594,2.775012731552124,,,,adamh-scaling-ladder-nemotron-optimal-1e+21-v5-019021
7601,2.7858002185821533,,,,adamh-scaling-ladder-nemotron-optimal-1e+21-v5-019021
7610,2.7968838214874268,,,,adamh-scaling-ladder-nemotron-optimal-1e+21-v5-019021
7627,2.777453899383545,,,,adamh-scaling-ladder-nemotron-optimal-1e+21-v5-019021
7629,2.7579078674316406,,,,adamh-scaling-ladder-nemotron-optimal-1e+21-v5-019021
7647,2.8046138286590576,,,,adamh-scaling-ladder-nemotron-optimal-1e+21-v5-019021
7651,2.826624870300293,,,,adamh-scaling-ladder-nemotron-optimal-1e+21-v5-019021
7656,2.7755467891693115,,,,adamh-scaling-ladder-nemotron-optimal-1e+21-v5-019021
7663,2.7905166149139404,,,,adamh-scaling-ladder-nemotron-optimal-1e+21-v5-019021
7675,2.809986114501953,,,,adamh-scaling-ladder-nemotron-optimal-1e+21-v5-019021
7684,2.7938413619995117,,,,adamh-scaling-ladder-nemotron-optimal-1e+21-v5-019021
7704,2.7714731693267822,,,,adamh-scaling-ladder-nemotron-optimal-1e+21-v5-019021
7727,2.77113676071167,,,,adamh-scaling-ladder-nemotron-optimal-1e+21-v5-019021
7730,2.768564224243164,,,,adamh-scaling-ladder-nemotron-optimal-1e+21-v5-019021
7745,2.7944717407226562,,,,adamh-scaling-ladder-nemotron-optimal-1e+21-v5-019021
7762,2.780100107192993,,,,adamh-scaling-ladder-nemotron-optimal-1e+21-v5-019021
7777,2.764523506164551,,,,adamh-scaling-ladder-nemotron-optimal-1e+21-v5-019021
7794,2.7811167240142822,,,,adamh-scaling-ladder-nemotron-optimal-1e+21-v5-019021
7820,2.770052194595337,,,,adamh-scaling-ladder-nemotron-optimal-1e+21-v5-019021
7830,2.78511118888855,,,,adamh-scaling-ladder-nemotron-optimal-1e+21-v5-019021
7840,2.79459810256958,,,,adamh-scaling-ladder-nemotron-optimal-1e+21-v5-019021
7863,2.7810864448547363,,,,adamh-scaling-ladder-nemotron-optimal-1e+21-v5-019021
7866,2.7609615325927734,,,,adamh-scaling-ladder-nemotron-optimal-1e+21-v5-019021
7891,2.8064465522766113,,,,adamh-scaling-ladder-nemotron-optimal-1e+21-v5-019021
7898,2.7852232456207275,,,,adamh-scaling-ladder-nemotron-optimal-1e+21-v5-019021
7921,2.768526077270508,,,,adamh-scaling-ladder-nemotron-optimal-1e+21-v5-019021
7923,2.784965753555298,,,,adamh-scaling-ladder-nemotron-optimal-1e+21-v5-019021
7931,2.7630176544189453,,,,adamh-scaling-ladder-nemotron-optimal-1e+21-v5-019021
7934,2.777676820755005,,,,adamh-scaling-ladder-nemotron-optimal-1e+21-v5-019021
7935,2.796599864959717,,,,adamh-scaling-ladder-nemotron-optimal-1e+21-v5-019021
7952,2.8012497425079346,,,,adamh-scaling-ladder-nemotron-optimal-1e+21-v5-019021
8000,,3.055110454559326,2.8513641357421875,2.9910242557525635,adamh-scaling-ladder-nemotron-optimal-1e+21-v5-019021
8014,2.770768404006958,,,,adamh-scaling-ladder-nemotron-optimal-1e+21-v5-019021
8090,2.7757484912872314,,,,adamh-scaling-ladder-nemotron-optimal-1e+21-v5-019021
8168,2.7648563385009766,,,,adamh-scaling-ladder-nemotron-optimal-1e+21-v5-019021
8169,2.7334699630737305,,,,adamh-scaling-ladder-nemotron-optimal-1e+21-v5-019021
8181,2.7391443252563477,,,,adamh-scaling-ladder-nemotron-optimal-1e+21-v5-019021
8201,2.7996065616607666,,,,adamh-scaling-ladder-nemotron-optimal-1e+21-v5-019021
8221,2.815329074859619,,,,adamh-scaling-ladder-nemotron-optimal-1e+21-v5-019021
8234,2.785592794418335,,,,adamh-scaling-ladder-nemotron-optimal-1e+21-v5-019021
8247,2.7592883110046387,,,,adamh-scaling-ladder-nemotron-optimal-1e+21-v5-019021
8256,2.7416515350341797,,,,adamh-scaling-ladder-nemotron-optimal-1e+21-v5-019021
8269,2.810504674911499,,,,adamh-scaling-ladder-nemotron-optimal-1e+21-v5-019021
8278,2.7655889987945557,,,,adamh-scaling-ladder-nemotron-optimal-1e+21-v5-019021
8289,2.7825112342834473,,,,adamh-scaling-ladder-nemotron-optimal-1e+21-v5-019021
8305,2.7534425258636475,,,,adamh-scaling-ladder-nemotron-optimal-1e+21-v5-019021
8354,2.780846118927002,,,,adamh-scaling-ladder-nemotron-optimal-1e+21-v5-019021
8377,2.7752459049224854,,,,adamh-scaling-ladder-nemotron-optimal-1e+21-v5-019021
8407,2.7906813621520996,,,,adamh-scaling-ladder-nemotron-optimal-1e+21-v5-019021
8409,2.7483434677124023,,,,adamh-scaling-ladder-nemotron-optimal-1e+21-v5-019021
8416,2.8110525608062744,,,,adamh-scaling-ladder-nemotron-optimal-1e+21-v5-019021
8444,2.7512011528015137,,,,adamh-scaling-ladder-nemotron-optimal-1e+21-v5-019021
8445,2.7829604148864746,,,,adamh-scaling-ladder-nemotron-optimal-1e+21-v5-019021
8447,2.755437135696411,,,,adamh-scaling-ladder-nemotron-optimal-1e+21-v5-019021
8475,2.744818687438965,,,,adamh-scaling-ladder-nemotron-optimal-1e+21-v5-019021
8484,2.7974231243133545,,,,adamh-scaling-ladder-nemotron-optimal-1e+21-v5-019021
8496,2.7887349128723145,,,,adamh-scaling-ladder-nemotron-optimal-1e+21-v5-019021
8500,2.7468934059143066,,,,adamh-scaling-ladder-nemotron-optimal-1e+21-v5-019021
8513,2.7559525966644287,,,,adamh-scaling-ladder-nemotron-optimal-1e+21-v5-019021
8516,2.77148175239563,,,,adamh-scaling-ladder-nemotron-optimal-1e+21-v5-019021
8520,2.780313491821289,,,,adamh-scaling-ladder-nemotron-optimal-1e+21-v5-019021
8535,2.7786102294921875,,,,adamh-scaling-ladder-nemotron-optimal-1e+21-v5-019021
8554,2.7781260013580322,,,,adamh-scaling-ladder-nemotron-optimal-1e+21-v5-019021
8555,2.7160568237304688,,,,adamh-scaling-ladder-nemotron-optimal-1e+21-v5-019021
8566,2.7919623851776123,,,,adamh-scaling-ladder-nemotron-optimal-1e+21-v5-019021
8573,2.775444984436035,,,,adamh-scaling-ladder-nemotron-optimal-1e+21-v5-019021
8576,2.745868682861328,,,,adamh-scaling-ladder-nemotron-optimal-1e+21-v5-019021
8578,2.743594169616699,,,,adamh-scaling-ladder-nemotron-optimal-1e+21-v5-019021
8638,2.768749237060547,,,,adamh-scaling-ladder-nemotron-optimal-1e+21-v5-019021
8665,2.7816267013549805,,,,adamh-scaling-ladder-nemotron-optimal-1e+21-v5-019021
8673,2.776151657104492,,,,adamh-scaling-ladder-nemotron-optimal-1e+21-v5-019021
8684,2.7742092609405518,,,,adamh-scaling-ladder-nemotron-optimal-1e+21-v5-019021
8694,2.764777183532715,,,,adamh-scaling-ladder-nemotron-optimal-1e+21-v5-019021
8700,2.7915165424346924,,,,adamh-scaling-ladder-nemotron-optimal-1e+21-v5-019021
8719,2.788555383682251,,,,adamh-scaling-ladder-nemotron-optimal-1e+21-v5-019021
8749,2.7823853492736816,,,,adamh-scaling-ladder-nemotron-optimal-1e+21-v5-019021
8751,2.7790846824645996,,,,adamh-scaling-ladder-nemotron-optimal-1e+21-v5-019021
8756,2.7617502212524414,,,,adamh-scaling-ladder-nemotron-optimal-1e+21-v5-019021
8763,2.75565505027771,,,,adamh-scaling-ladder-nemotron-optimal-1e+21-v5-019021
8781,2.7361326217651367,,,,adamh-scaling-ladder-nemotron-optimal-1e+21-v5-019021
8788,2.7417774200439453,,,,adamh-scaling-ladder-nemotron-optimal-1e+21-v5-019021
8798,2.7776169776916504,,,,adamh-scaling-ladder-nemotron-optimal-1e+21-v5-019021
8801,2.7668495178222656,,,,adamh-scaling-ladder-nemotron-optimal-1e+21-v5-019021
8804,2.772494316101074,,,,adamh-scaling-ladder-nemotron-optimal-1e+21-v5-019021
8805,2.747884511947632,,,,adamh-scaling-ladder-nemotron-optimal-1e+21-v5-019021
8825,2.7875843048095703,,,,adamh-scaling-ladder-nemotron-optimal-1e+21-v5-019021
8830,2.7328040599823,,,,adamh-scaling-ladder-nemotron-optimal-1e+21-v5-019021
8848,2.73014235496521,,,,adamh-scaling-ladder-nemotron-optimal-1e+21-v5-019021
8850,2.7791130542755127,,,,adamh-scaling-ladder-nemotron-optimal-1e+21-v5-019021
8869,2.786487340927124,,,,adamh-scaling-ladder-nemotron-optimal-1e+21-v5-019021
8892,2.7549703121185303,,,,adamh-scaling-ladder-nemotron-optimal-1e+21-v5-019021
8899,2.7371504306793213,,,,adamh-scaling-ladder-nemotron-optimal-1e+21-v5-019021
8904,2.773186683654785,,,,adamh-scaling-ladder-nemotron-optimal-1e+21-v5-019021
8925,2.804828643798828,,,,adamh-scaling-ladder-nemotron-optimal-1e+21-v5-019021
8934,2.768296957015991,,,,adamh-scaling-ladder-nemotron-optimal-1e+21-v5-019021
8935,2.7552003860473633,,,,adamh-scaling-ladder-nemotron-optimal-1e+21-v5-019021
8940,2.765007495880127,,,,adamh-scaling-ladder-nemotron-optimal-1e+21-v5-019021
8942,2.758235216140747,,,,adamh-scaling-ladder-nemotron-optimal-1e+21-v5-019021
8949,2.7517189979553223,,,,adamh-scaling-ladder-nemotron-optimal-1e+21-v5-019021
8957,2.762364625930786,,,,adamh-scaling-ladder-nemotron-optimal-1e+21-v5-019021
8970,2.7421491146087646,,,,adamh-scaling-ladder-nemotron-optimal-1e+21-v5-019021
8976,2.7499382495880127,,,,adamh-scaling-ladder-nemotron-optimal-1e+21-v5-019021
8978,2.788759231567383,,,,adamh-scaling-ladder-nemotron-optimal-1e+21-v5-019021
8980,2.73881459236145,,,,adamh-scaling-ladder-nemotron-optimal-1e+21-v5-019021
8982,2.7767772674560547,,,,adamh-scaling-ladder-nemotron-optimal-1e+21-v5-019021
9000,,3.045612335205078,2.840872049331665,2.979825973510742,adamh-scaling-ladder-nemotron-optimal-1e+21-v5-019021
9020,2.766664505004883,,,,adamh-scaling-ladder-nemotron-optimal-1e+21-v5-019021
9043,2.7622203826904297,,,,adamh-scaling-ladder-nemotron-optimal-1e+21-v5-019021
9044,2.776196002960205,,,,adamh-scaling-ladder-nemotron-optimal-1e+21-v5-019021
9045,2.777198076248169,,,,adamh-scaling-ladder-nemotron-optimal-1e+21-v5-019021
9050,2.7134153842926025,,,,adamh-scaling-ladder-nemotron-optimal-1e+21-v5-019021
9065,2.743684768676758,,,,adamh-scaling-ladder-nemotron-optimal-1e+21-v5-019021
9088,2.7315590381622314,,,,adamh-scaling-ladder-nemotron-optimal-1e+21-v5-019021
9089,2.77010178565979,,,,adamh-scaling-ladder-nemotron-optimal-1e+21-v5-019021
9102,2.721209764480591,,,,adamh-scaling-ladder-nemotron-optimal-1e+21-v5-019021
9103,2.7582309246063232,,,,adamh-scaling-ladder-nemotron-optimal-1e+21-v5-019021
9119,2.778994083404541,,,,adamh-scaling-ladder-nemotron-optimal-1e+21-v5-019021
9127,2.757412910461426,,,,adamh-scaling-ladder-nemotron-optimal-1e+21-v5-019021
9155,2.7713770866394043,,,,adamh-scaling-ladder-nemotron-optimal-1e+21-v5-019021
9160,2.7705633640289307,,,,adamh-scaling-ladder-nemotron-optimal-1e+21-v5-019021
9164,2.7686192989349365,,,,adamh-scaling-ladder-nemotron-optimal-1e+21-v5-019021
9182,2.7490386962890625,,,,adamh-scaling-ladder-nemotron-optimal-1e+21-v5-019021
9185,2.735015630722046,,,,adamh-scaling-ladder-nemotron-optimal-1e+21-v5-019021
9232,2.7369730472564697,,,,adamh-scaling-ladder-nemotron-optimal-1e+21-v5-019021
9281,2.7721354961395264,,,,adamh-scaling-ladder-nemotron-optimal-1e+21-v5-019021
9305,2.7894999980926514,,,,adamh-scaling-ladder-nemotron-optimal-1e+21-v5-019021
9315,2.7679357528686523,,,,adamh-scaling-ladder-nemotron-optimal-1e+21-v5-019021
9330,2.726616144180298,,,,adamh-scaling-ladder-nemotron-optimal-1e+21-v5-019021
9333,2.760246992111206,,,,adamh-scaling-ladder-nemotron-optimal-1e+21-v5-019021
9365,2.7368552684783936,,,,adamh-scaling-ladder-nemotron-optimal-1e+21-v5-019021
9372,2.735466957092285,,,,adamh-scaling-ladder-nemotron-optimal-1e+21-v5-019021
9381,2.7649269104003906,,,,adamh-scaling-ladder-nemotron-optimal-1e+21-v5-019021
9383,2.7691256999969482,,,,adamh-scaling-ladder-nemotron-optimal-1e+21-v5-019021
9429,2.7582929134368896,,,,adamh-scaling-ladder-nemotron-optimal-1e+21-v5-019021
9443,2.7551612854003906,,,,adamh-scaling-ladder-nemotron-optimal-1e+21-v5-019021
9444,2.76627516746521,,,,adamh-scaling-ladder-nemotron-optimal-1e+21-v5-019021
9501,2.7741987705230713,,,,adamh-scaling-ladder-nemotron-optimal-1e+21-v5-019021
9530,2.8217639923095703,,,,adamh-scaling-ladder-nemotron-optimal-1e+21-v5-019021
9532,2.7487311363220215,,,,adamh-scaling-ladder-nemotron-optimal-1e+21-v5-019021
9542,2.7636051177978516,,,,adamh-scaling-ladder-nemotron-optimal-1e+21-v5-019021
9585,2.78420352935791,,,,adamh-scaling-ladder-nemotron-optimal-1e+21-v5-019021
9616,2.704092025756836,,,,adamh-scaling-ladder-nemotron-optimal-1e+21-v5-019021
9618,2.7597827911376953,,,,adamh-scaling-ladder-nemotron-optimal-1e+21-v5-019021
9623,2.7641446590423584,,,,adamh-scaling-ladder-nemotron-optimal-1e+21-v5-019021
9635,2.7651660442352295,,,,adamh-scaling-ladder-nemotron-optimal-1e+21-v5-019021
9655,2.7535276412963867,,,,adamh-scaling-ladder-nemotron-optimal-1e+21-v5-019021
9664,2.7608377933502197,,,,adamh-scaling-ladder-nemotron-optimal-1e+21-v5-019021
9665,2.7522552013397217,,,,adamh-scaling-ladder-nemotron-optimal-1e+21-v5-019021
9673,2.808448553085327,,,,adamh-scaling-ladder-nemotron-optimal-1e+21-v5-019021
9674,2.7389819622039795,,,,adamh-scaling-ladder-nemotron-optimal-1e+21-v5-019021
9677,2.780487537384033,,,,adamh-scaling-ladder-nemotron-optimal-1e+21-v5-019021
9686,2.8415706157684326,,,,adamh-scaling-ladder-nemotron-optimal-1e+21-v5-019021
9702,2.7706491947174072,,,,adamh-scaling-ladder-nemotron-optimal-1e+21-v5-019021
9709,2.7790534496307373,,,,adamh-scaling-ladder-nemotron-optimal-1e+21-v5-019021
9713,2.747286081314087,,,,adamh-scaling-ladder-nemotron-optimal-1e+21-v5-019021
9714,2.729321241378784,,,,adamh-scaling-ladder-nemotron-optimal-1e+21-v5-019021
9729,2.743436574935913,,,,adamh-scaling-ladder-nemotron-optimal-1e+21-v5-019021
9734,2.7622549533843994,,,,adamh-scaling-ladder-nemotron-optimal-1e+21-v5-019021
9737,2.7368485927581787,,,,adamh-scaling-ladder-nemotron-optimal-1e+21-v5-019021
9740,2.7451446056365967,,,,adamh-scaling-ladder-nemotron-optimal-1e+21-v5-019021
9781,2.7371163368225098,,,,adamh-scaling-ladder-nemotron-optimal-1e+21-v5-019021
9786,2.787332773208618,,,,adamh-scaling-ladder-nemotron-optimal-1e+21-v5-019021
9791,2.7915360927581787,,,,adamh-scaling-ladder-nemotron-optimal-1e+21-v5-019021
9811,2.770681381225586,,,,adamh-scaling-ladder-nemotron-optimal-1e+21-v5-019021
9841,2.736234188079834,,,,adamh-scaling-ladder-nemotron-optimal-1e+21-v5-019021
9842,2.7476701736450195,,,,adamh-scaling-ladder-nemotron-optimal-1e+21-v5-019021
9874,2.75635027885437,,,,adamh-scaling-ladder-nemotron-optimal-1e+21-v5-019021
9877,2.758847236633301,,,,adamh-scaling-ladder-nemotron-optimal-1e+21-v5-019021
9878,2.7565243244171143,,,,adamh-scaling-ladder-nemotron-optimal-1e+21-v5-019021
9879,2.7748334407806396,,,,adamh-scaling-ladder-nemotron-optimal-1e+21-v5-019021
9898,2.7766804695129395,,,,adamh-scaling-ladder-nemotron-optimal-1e+21-v5-019021
9899,2.7599711418151855,,,,adamh-scaling-ladder-nemotron-optimal-1e+21-v5-019021
9916,2.7579166889190674,,,,adamh-scaling-ladder-nemotron-optimal-1e+21-v5-019021
9923,2.755598783493042,,,,adamh-scaling-ladder-nemotron-optimal-1e+21-v5-019021
9941,2.749685287475586,,,,adamh-scaling-ladder-nemotron-optimal-1e+21-v5-019021
9963,2.7510221004486084,,,,adamh-scaling-ladder-nemotron-optimal-1e+21-v5-019021
9986,2.7954423427581787,,,,adamh-scaling-ladder-nemotron-optimal-1e+21-v5-019021
10000,,3.0366835594177246,2.828997850418091,2.96818470954895,adamh-scaling-ladder-nemotron-optimal-1e+21-v5-019021
10005,2.773970603942871,,,,adamh-scaling-ladder-nemotron-optimal-1e+21-v5-019021
10018,2.7428455352783203,,,,adamh-scaling-ladder-nemotron-optimal-1e+21-v5-019021
10034,2.7778494358062744,,,,adamh-scaling-ladder-nemotron-optimal-1e+21-v5-019021
10042,2.7606794834136963,,,,adamh-scaling-ladder-nemotron-optimal-1e+21-v5-019021
10047,2.7973506450653076,,,,adamh-scaling-ladder-nemotron-optimal-1e+21-v5-019021
10049,2.745093822479248,,,,adamh-scaling-ladder-nemotron-optimal-1e+21-v5-019021
10059,2.770312786102295,,,,adamh-scaling-ladder-nemotron-optimal-1e+21-v5-019021
10071,2.7409794330596924,,,,adamh-scaling-ladder-nemotron-optimal-1e+21-v5-019021
10078,2.7578890323638916,,,,adamh-scaling-ladder-nemotron-optimal-1e+21-v5-019021
10113,2.7303855419158936,,,,adamh-scaling-ladder-nemotron-optimal-1e+21-v5-019021
10123,2.7601659297943115,,,,adamh-scaling-ladder-nemotron-optimal-1e+21-v5-019021
10131,2.7402842044830322,,,,adamh-scaling-ladder-nemotron-optimal-1e+21-v5-019021
10137,2.740501642227173,,,,adamh-scaling-ladder-nemotron-optimal-1e+21-v5-019021
10150,2.759103298187256,,,,adamh-scaling-ladder-nemotron-optimal-1e+21-v5-019021
10159,2.763792037963867,,,,adamh-scaling-ladder-nemotron-optimal-1e+21-v5-019021
10175,2.762697696685791,,,,adamh-scaling-ladder-nemotron-optimal-1e+21-v5-019021
10202,2.770583152770996,,,,adamh-scaling-ladder-nemotron-optimal-1e+21-v5-019021
10203,2.761204242706299,,,,adamh-scaling-ladder-nemotron-optimal-1e+21-v5-019021
10223,2.7452266216278076,,,,adamh-scaling-ladder-nemotron-optimal-1e+21-v5-019021
10224,2.773310899734497,,,,adamh-scaling-ladder-nemotron-optimal-1e+21-v5-019021
10233,2.771483898162842,,,,adamh-scaling-ladder-nemotron-optimal-1e+21-v5-019021
10240,2.7462942600250244,,,,adamh-scaling-ladder-nemotron-optimal-1e+21-v5-019021
10256,2.7732887268066406,,,,adamh-scaling-ladder-nemotron-optimal-1e+21-v5-019021
10265,2.7308907508850098,,,,adamh-scaling-ladder-nemotron-optimal-1e+21-v5-019021
10278,2.755164623260498,,,,adamh-scaling-ladder-nemotron-optimal-1e+21-v5-019021
10281,2.74792742729187,,,,adamh-scaling-ladder-nemotron-optimal-1e+21-v5-019021
10282,2.7231109142303467,,,,adamh-scaling-ladder-nemotron-optimal-1e+21-v5-019021
10287,2.7294819355010986,,,,adamh-scaling-ladder-nemotron-optimal-1e+21-v5-019021
10296,2.781341552734375,,,,adamh-scaling-ladder-nemotron-optimal-1e+21-v5-019021
10303,2.7579855918884277,,,,adamh-scaling-ladder-nemotron-optimal-1e+21-v5-019021
10304,2.758617877960205,,,,adamh-scaling-ladder-nemotron-optimal-1e+21-v5-019021
10340,2.7245028018951416,,,,adamh-scaling-ladder-nemotron-optimal-1e+21-v5-019021
10362,2.7795605659484863,,,,adamh-scaling-ladder-nemotron-optimal-1e+21-v5-019021
10372,2.7431559562683105,,,,adamh-scaling-ladder-nemotron-optimal-1e+21-v5-019021
10382,2.760699987411499,,,,adamh-scaling-ladder-nemotron-optimal-1e+21-v5-019021
10395,2.7746963500976562,,,,adamh-scaling-ladder-nemotron-optimal-1e+21-v5-019021
10440,2.765777587890625,,,,adamh-scaling-ladder-nemotron-optimal-1e+21-v5-019021
10449,2.7768361568450928,,,,adamh-scaling-ladder-nemotron-optimal-1e+21-v5-019021
10491,2.760007619857788,,,,adamh-scaling-ladder-nemotron-optimal-1e+21-v5-019021
10515,2.7498695850372314,,,,adamh-scaling-ladder-nemotron-optimal-1e+21-v5-019021
10516,2.754788875579834,,,,adamh-scaling-ladder-nemotron-optimal-1e+21-v5-019021
10526,2.7228124141693115,,,,adamh-scaling-ladder-nemotron-optimal-1e+21-v5-019021
10558,2.786289691925049,,,,adamh-scaling-ladder-nemotron-optimal-1e+21-v5-019021
10574,2.7584073543548584,,,,adamh-scaling-ladder-nemotron-optimal-1e+21-v5-019021
10631,2.7479074001312256,,,,adamh-scaling-ladder-nemotron-optimal-1e+21-v5-019021
10642,2.753473997116089,,,,adamh-scaling-ladder-nemotron-optimal-1e+21-v5-019021
10653,2.7396938800811768,,,,adamh-scaling-ladder-nemotron-optimal-1e+21-v5-019021
10662,2.7216062545776367,,,,adamh-scaling-ladder-nemotron-optimal-1e+21-v5-019021
10667,2.7660319805145264,,,,adamh-scaling-ladder-nemotron-optimal-1e+21-v5-019021
10671,2.742335081100464,,,,adamh-scaling-ladder-nemotron-optimal-1e+21-v5-019021
10705,2.7391092777252197,,,,adamh-scaling-ladder-nemotron-optimal-1e+21-v5-019021
10755,2.7552614212036133,,,,adamh-scaling-ladder-nemotron-optimal-1e+21-v5-019021
10758,2.7569420337677,,,,adamh-scaling-ladder-nemotron-optimal-1e+21-v5-019021
10776,2.7353453636169434,,,,adamh-scaling-ladder-nemotron-optimal-1e+21-v5-019021
10780,2.7296295166015625,,,,adamh-scaling-ladder-nemotron-optimal-1e+21-v5-019021
10782,2.749854803085327,,,,adamh-scaling-ladder-nemotron-optimal-1e+21-v5-019021
10813,2.75136137008667,,,,adamh-scaling-ladder-nemotron-optimal-1e+21-v5-019021
10817,2.7178847789764404,,,,adamh-scaling-ladder-nemotron-optimal-1e+21-v5-019021
10833,2.770988702774048,,,,adamh-scaling-ladder-nemotron-optimal-1e+21-v5-019021
10851,2.7585299015045166,,,,adamh-scaling-ladder-nemotron-optimal-1e+21-v5-019021
10857,2.774026870727539,,,,adamh-scaling-ladder-nemotron-optimal-1e+21-v5-019021
10870,2.762913703918457,,,,adamh-scaling-ladder-nemotron-optimal-1e+21-v5-019021
10885,2.7382442951202393,,,,adamh-scaling-ladder-nemotron-optimal-1e+21-v5-019021
10895,2.7846760749816895,,,,adamh-scaling-ladder-nemotron-optimal-1e+21-v5-019021
10921,2.717634677886963,,,,adamh-scaling-ladder-nemotron-optimal-1e+21-v5-019021
10926,2.7419025897979736,,,,adamh-scaling-ladder-nemotron-optimal-1e+21-v5-019021
10941,2.7919981479644775,,,,adamh-scaling-ladder-nemotron-optimal-1e+21-v5-019021
10954,2.7623870372772217,,,,adamh-scaling-ladder-nemotron-optimal-1e+21-v5-019021
10983,2.731708526611328,,,,adamh-scaling-ladder-nemotron-optimal-1e+21-v5-019021
10984,2.7698898315429688,,,,adamh-scaling-ladder-nemotron-optimal-1e+21-v5-019021
10985,2.7424802780151367,,,,adamh-scaling-ladder-nemotron-optimal-1e+21-v5-019021
10998,2.745870590209961,,,,adamh-scaling-ladder-nemotron-optimal-1e+21-v5-019021
11000,,3.0254745483398438,2.8195877075195312,2.956045389175415,adamh-scaling-ladder-nemotron-optimal-1e+21-v5-019021
11016,2.7493624687194824,,,,adamh-scaling-ladder-nemotron-optimal-1e+21-v5-019021
11018,2.7255771160125732,,,,adamh-scaling-ladder-nemotron-optimal-1e+21-v5-019021
11049,2.7159347534179688,,,,adamh-scaling-ladder-nemotron-optimal-1e+21-v5-019021
11058,2.7232296466827393,,,,adamh-scaling-ladder-nemotron-optimal-1e+21-v5-019021
11072,2.7595396041870117,,,,adamh-scaling-ladder-nemotron-optimal-1e+21-v5-019021
11076,2.7417283058166504,,,,adamh-scaling-ladder-nemotron-optimal-1e+21-v5-019021
11077,2.7364227771759033,,,,adamh-scaling-ladder-nemotron-optimal-1e+21-v5-019021
11085,2.7351584434509277,,,,adamh-scaling-ladder-nemotron-optimal-1e+21-v5-019021
11107,2.737668991088867,,,,adamh-scaling-ladder-nemotron-optimal-1e+21-v5-019021
11115,2.7389094829559326,,,,adamh-scaling-ladder-nemotron-optimal-1e+21-v5-019021
11122,2.74560546875,,,,adamh-scaling-ladder-nemotron-optimal-1e+21-v5-019021
11139,2.763270854949951,,,,adamh-scaling-ladder-nemotron-optimal-1e+21-v5-019021
11140,2.754389524459839,,,,adamh-scaling-ladder-nemotron-optimal-1e+21-v5-019021
11146,2.755314826965332,,,,adamh-scaling-ladder-nemotron-optimal-1e+21-v5-019021
11169,2.7298293113708496,,,,adamh-scaling-ladder-nemotron-optimal-1e+21-v5-019021
11180,2.7476511001586914,,,,adamh-scaling-ladder-nemotron-optimal-1e+21-v5-019021
11189,2.7374119758605957,,,,adamh-scaling-ladder-nemotron-optimal-1e+21-v5-019021
11205,2.721762180328369,,,,adamh-scaling-ladder-nemotron-optimal-1e+21-v5-019021
11221,2.7173335552215576,,,,adamh-scaling-ladder-nemotron-optimal-1e+21-v5-019021
11238,2.7267253398895264,,,,adamh-scaling-ladder-nemotron-optimal-1e+21-v5-019021
11241,2.765047550201416,,,,adamh-scaling-ladder-nemotron-optimal-1e+21-v5-019021
11244,2.7455215454101562,,,,adamh-scaling-ladder-nemotron-optimal-1e+21-v5-019021
11259,2.7233359813690186,,,,adamh-scaling-ladder-nemotron-optimal-1e+21-v5-019021
11266,2.751237154006958,,,,adamh-scaling-ladder-nemotron-optimal-1e+21-v5-019021
11286,2.7314467430114746,,,,adamh-scaling-ladder-nemotron-optimal-1e+21-v5-019021
11297,2.7391958236694336,,,,adamh-scaling-ladder-nemotron-optimal-1e+21-v5-019021
11298,2.7282257080078125,,,,adamh-scaling-ladder-nemotron-optimal-1e+21-v5-019021
11307,2.7443299293518066,,,,adamh-scaling-ladder-nemotron-optimal-1e+21-v5-019021
11315,2.731780767440796,,,,adamh-scaling-ladder-nemotron-optimal-1e+21-v5-019021
11320,2.7333970069885254,,,,adamh-scaling-ladder-nemotron-optimal-1e+21-v5-019021
11321,2.7601253986358643,,,,adamh-scaling-ladder-nemotron-optimal-1e+21-v5-019021
11326,2.7373433113098145,,,,adamh-scaling-ladder-nemotron-optimal-1e+21-v5-019021
11339,2.7154786586761475,,,,adamh-scaling-ladder-nemotron-optimal-1e+21-v5-019021
11347,2.771756887435913,,,,adamh-scaling-ladder-nemotron-optimal-1e+21-v5-019021
11368,2.764329671859741,,,,adamh-scaling-ladder-nemotron-optimal-1e+21-v5-019021
11395,2.746673822402954,,,,adamh-scaling-ladder-nemotron-optimal-1e+21-v5-019021
11400,2.7472832202911377,,,,adamh-scaling-ladder-nemotron-optimal-1e+21-v5-019021
11401,2.7631289958953857,,,,adamh-scaling-ladder-nemotron-optimal-1e+21-v5-019021
11402,2.7702901363372803,,,,adamh-scaling-ladder-nemotron-optimal-1e+21-v5-019021
11407,2.73266339302063,,,,adamh-scaling-ladder-nemotron-optimal-1e+21-v5-019021
11430,2.778792142868042,,,,adamh-scaling-ladder-nemotron-optimal-1e+21-v5-019021
11433,2.778759717941284,,,,adamh-scaling-ladder-nemotron-optimal-1e+21-v5-019021
11464,2.7511305809020996,,,,adamh-scaling-ladder-nemotron-optimal-1e+21-v5-019021
11465,2.7387797832489014,,,,adamh-scaling-ladder-nemotron-optimal-1e+21-v5-019021
11469,2.746244430541992,,,,adamh-scaling-ladder-nemotron-optimal-1e+21-v5-019021
11472,2.770371913909912,,,,adamh-scaling-ladder-nemotron-optimal-1e+21-v5-019021
11475,2.775836229324341,,,,adamh-scaling-ladder-nemotron-optimal-1e+21-v5-019021
11489,2.766324996948242,,,,adamh-scaling-ladder-nemotron-optimal-1e+21-v5-019021
11506,2.7569897174835205,,,,adamh-scaling-ladder-nemotron-optimal-1e+21-v5-019021
11521,2.741532564163208,,,,adamh-scaling-ladder-nemotron-optimal-1e+21-v5-019021
11523,2.734666585922241,,,,adamh-scaling-ladder-nemotron-optimal-1e+21-v5-019021
11525,2.7609643936157227,,,,adamh-scaling-ladder-nemotron-optimal-1e+21-v5-019021
11529,2.7398412227630615,,,,adamh-scaling-ladder-nemotron-optimal-1e+21-v5-019021
11544,2.7591159343719482,,,,adamh-scaling-ladder-nemotron-optimal-1e+21-v5-019021
11552,2.7592968940734863,,,,adamh-scaling-ladder-nemotron-optimal-1e+21-v5-019021
11581,2.7534780502319336,,,,adamh-scaling-ladder-nemotron-optimal-1e+21-v5-019021
11587,2.7315893173217773,,,,adamh-scaling-ladder-nemotron-optimal-1e+21-v5-019021
11607,2.7311277389526367,,,,adamh-scaling-ladder-nemotron-optimal-1e+21-v5-019021
11612,2.725842237472534,,,,adamh-scaling-ladder-nemotron-optimal-1e+21-v5-019021
11619,2.7438812255859375,,,,adamh-scaling-ladder-nemotron-optimal-1e+21-v5-019021
11620,2.7280521392822266,,,,adamh-scaling-ladder-nemotron-optimal-1e+21-v5-019021
11641,2.73417329788208,,,,adamh-scaling-ladder-nemotron-optimal-1e+21-v5-019021
11655,2.7381391525268555,,,,adamh-scaling-ladder-nemotron-optimal-1e+21-v5-019021
11656,2.7409632205963135,,,,adamh-scaling-ladder-nemotron-optimal-1e+21-v5-019021
11664,2.7964539527893066,,,,adamh-scaling-ladder-nemotron-optimal-1e+21-v5-019021
11679,2.739201545715332,,,,adamh-scaling-ladder-nemotron-optimal-1e+21-v5-019021
11684,2.7439255714416504,,,,adamh-scaling-ladder-nemotron-optimal-1e+21-v5-019021
11703,2.7203850746154785,,,,adamh-scaling-ladder-nemotron-optimal-1e+21-v5-019021
11709,2.7480854988098145,,,,adamh-scaling-ladder-nemotron-optimal-1e+21-v5-019021
11716,2.7889740467071533,,,,adamh-scaling-ladder-nemotron-optimal-1e+21-v5-019021
11773,2.731142282485962,,,,adamh-scaling-ladder-nemotron-optimal-1e+21-v5-019021
11792,2.7248644828796387,,,,adamh-scaling-ladder-nemotron-optimal-1e+21-v5-019021
11800,2.7353458404541016,,,,adamh-scaling-ladder-nemotron-optimal-1e+21-v5-019021
11802,2.744532823562622,,,,adamh-scaling-ladder-nemotron-optimal-1e+21-v5-019021
11813,2.750469923019409,,,,adamh-scaling-ladder-nemotron-optimal-1e+21-v5-019021
11828,2.7446587085723877,,,,adamh-scaling-ladder-nemotron-optimal-1e+21-v5-019021
11833,2.737961530685425,,,,adamh-scaling-ladder-nemotron-optimal-1e+21-v5-019021
11844,2.7377235889434814,,,,adamh-scaling-ladder-nemotron-optimal-1e+21-v5-019021
11858,2.7514872550964355,,,,adamh-scaling-ladder-nemotron-optimal-1e+21-v5-019021
11859,2.737565517425537,,,,adamh-scaling-ladder-nemotron-optimal-1e+21-v5-019021
11863,2.748872756958008,,,,adamh-scaling-ladder-nemotron-optimal-1e+21-v5-019021
11881,2.7327263355255127,,,,adamh-scaling-ladder-nemotron-optimal-1e+21-v5-019021
11886,2.7203359603881836,,,,adamh-scaling-ladder-nemotron-optimal-1e+21-v5-019021
11897,2.7785706520080566,,,,adamh-scaling-ladder-nemotron-optimal-1e+21-v5-019021
11934,2.7841522693634033,,,,adamh-scaling-ladder-nemotron-optimal-1e+21-v5-019021
11952,2.743069648742676,,,,adamh-scaling-ladder-nemotron-optimal-1e+21-v5-019021
11954,2.7125422954559326,,,,adamh-scaling-ladder-nemotron-optimal-1e+21-v5-019021
12000,,3.017866849899292,2.8137152194976807,2.954521656036377,adamh-scaling-ladder-nemotron-optimal-1e+21-v5-019021
12005,2.726031541824341,,,,adamh-scaling-ladder-nemotron-optimal-1e+21-v5-019021
12007,2.730194568634033,,,,adamh-scaling-ladder-nemotron-optimal-1e+21-v5-019021
12023,2.764946460723877,,,,adamh-scaling-ladder-nemotron-optimal-1e+21-v5-019021
12047,2.7223024368286133,,,,adamh-scaling-ladder-nemotron-optimal-1e+21-v5-019021
12051,2.7614238262176514,,,,adamh-scaling-ladder-nemotron-optimal-1e+21-v5-019021
12064,2.7134437561035156,,,,adamh-scaling-ladder-nemotron-optimal-1e+21-v5-019021
12075,2.7596447467803955,,,,adamh-scaling-ladder-nemotron-optimal-1e+21-v5-019021
12097,2.759632110595703,,,,adamh-scaling-ladder-nemotron-optimal-1e+21-v5-019021
12114,2.758500337600708,,,,adamh-scaling-ladder-nemotron-optimal-1e+21-v5-019021
12128,2.720000743865967,,,,adamh-scaling-ladder-nemotron-optimal-1e+21-v5-019021
12143,2.778594732284546,,,,adamh-scaling-ladder-nemotron-optimal-1e+21-v5-019021
12147,2.754570245742798,,,,adamh-scaling-ladder-nemotron-optimal-1e+21-v5-019021
12251,2.751680850982666,,,,adamh-scaling-ladder-nemotron-optimal-1e+21-v5-019021
12276,2.720902681350708,,,,adamh-scaling-ladder-nemotron-optimal-1e+21-v5-019021
12291,2.7106387615203857,,,,adamh-scaling-ladder-nemotron-optimal-1e+21-v5-019021
12309,2.735705852508545,,,,adamh-scaling-ladder-nemotron-optimal-1e+21-v5-019021
12323,2.720116376876831,,,,adamh-scaling-ladder-nemotron-optimal-1e+21-v5-019021
12345,2.7610793113708496,,,,adamh-scaling-ladder-nemotron-optimal-1e+21-v5-019021
12347,2.7555112838745117,,,,adamh-scaling-ladder-nemotron-optimal-1e+21-v5-019021
12356,2.7447714805603027,,,,adamh-scaling-ladder-nemotron-optimal-1e+21-v5-019021
12367,2.7195093631744385,,,,adamh-scaling-ladder-nemotron-optimal-1e+21-v5-019021
12377,2.733809232711792,,,,adamh-scaling-ladder-nemotron-optimal-1e+21-v5-019021
12392,2.74662184715271,,,,adamh-scaling-ladder-nemotron-optimal-1e+21-v5-019021
12446,2.725597381591797,,,,adamh-scaling-ladder-nemotron-optimal-1e+21-v5-019021
12457,2.7045094966888428,,,,adamh-scaling-ladder-nemotron-optimal-1e+21-v5-019021
12465,2.722501516342163,,,,adamh-scaling-ladder-nemotron-optimal-1e+21-v5-019021
12473,2.7471001148223877,,,,adamh-scaling-ladder-nemotron-optimal-1e+21-v5-019021
12477,2.7540292739868164,,,,adamh-scaling-ladder-nemotron-optimal-1e+21-v5-019021
12480,2.7411980628967285,,,,adamh-scaling-ladder-nemotron-optimal-1e+21-v5-019021
12482,2.7297275066375732,,,,adamh-scaling-ladder-nemotron-optimal-1e+21-v5-019021
12525,2.7750887870788574,,,,adamh-scaling-ladder-nemotron-optimal-1e+21-v5-019021
12534,2.7459447383880615,,,,adamh-scaling-ladder-nemotron-optimal-1e+21-v5-019021
12540,2.747859001159668,,,,adamh-scaling-ladder-nemotron-optimal-1e+21-v5-019021
12552,2.711135149002075,,,,adamh-scaling-ladder-nemotron-optimal-1e+21-v5-019021
12573,2.7446372509002686,,,,adamh-scaling-ladder-nemotron-optimal-1e+21-v5-019021
12578,2.709364891052246,,,,adamh-scaling-ladder-nemotron-optimal-1e+21-v5-019021
12583,2.6963560581207275,,,,adamh-scaling-ladder-nemotron-optimal-1e+21-v5-019021
12587,2.7403829097747803,,,,adamh-scaling-ladder-nemotron-optimal-1e+21-v5-019021
12593,2.740346670150757,,,,adamh-scaling-ladder-nemotron-optimal-1e+21-v5-019021
12596,2.7594308853149414,,,,adamh-scaling-ladder-nemotron-optimal-1e+21-v5-019021
12597,2.723787307739258,,,,adamh-scaling-ladder-nemotron-optimal-1e+21-v5-019021
12610,2.713055372238159,,,,adamh-scaling-ladder-nemotron-optimal-1e+21-v5-019021
12658,2.7619481086730957,,,,adamh-scaling-ladder-nemotron-optimal-1e+21-v5-019021
12660,2.7690374851226807,,,,adamh-scaling-ladder-nemotron-optimal-1e+21-v5-019021
12683,2.7072863578796387,,,,adamh-scaling-ladder-nemotron-optimal-1e+21-v5-019021
12753,2.718766689300537,,,,adamh-scaling-ladder-nemotron-optimal-1e+21-v5-019021
12792,2.7067208290100098,,,,adamh-scaling-ladder-nemotron-optimal-1e+21-v5-019021
12795,2.7351269721984863,,,,adamh-scaling-ladder-nemotron-optimal-1e+21-v5-019021
12800,2.732043743133545,,,,adamh-scaling-ladder-nemotron-optimal-1e+21-v5-019021
12805,2.750187873840332,,,,adamh-scaling-ladder-nemotron-optimal-1e+21-v5-019021
12827,2.6991524696350098,,,,adamh-scaling-ladder-nemotron-optimal-1e+21-v5-019021
12836,2.7177505493164062,,,,adamh-scaling-ladder-nemotron-optimal-1e+21-v5-019021
12839,2.7201037406921387,,,,adamh-scaling-ladder-nemotron-optimal-1e+21-v5-019021
12873,2.7111480236053467,,,,adamh-scaling-ladder-nemotron-optimal-1e+21-v5-019021
12876,2.7676408290863037,,,,adamh-scaling-ladder-nemotron-optimal-1e+21-v5-019021
12893,2.7438440322875977,,,,adamh-scaling-ladder-nemotron-optimal-1e+21-v5-019021
12894,2.7251343727111816,,,,adamh-scaling-ladder-nemotron-optimal-1e+21-v5-019021
12910,2.7398018836975098,,,,adamh-scaling-ladder-nemotron-optimal-1e+21-v5-019021
12912,2.7607622146606445,,,,adamh-scaling-ladder-nemotron-optimal-1e+21-v5-019021
12922,2.6986539363861084,,,,adamh-scaling-ladder-nemotron-optimal-1e+21-v5-019021
12963,2.743415594100952,,,,adamh-scaling-ladder-nemotron-optimal-1e+21-v5-019021
12966,2.7079086303710938,,,,adamh-scaling-ladder-nemotron-optimal-1e+21-v5-019021
12975,2.7195663452148438,,,,adamh-scaling-ladder-nemotron-optimal-1e+21-v5-019021
12984,2.724487066268921,,,,adamh-scaling-ladder-nemotron-optimal-1e+21-v5-019021
12989,2.6739065647125244,,,,adamh-scaling-ladder-nemotron-optimal-1e+21-v5-019021
12990,2.7465755939483643,,,,adamh-scaling-ladder-nemotron-optimal-1e+21-v5-019021
12999,2.713399648666382,,,,adamh-scaling-ladder-nemotron-optimal-1e+21-v5-019021
13000,,3.010576009750366,2.808824062347412,2.944810390472412,adamh-scaling-ladder-nemotron-optimal-1e+21-v5-019021
13020,2.7289035320281982,,,,adamh-scaling-ladder-nemotron-optimal-1e+21-v5-019021
13021,2.741075038909912,,,,adamh-scaling-ladder-nemotron-optimal-1e+21-v5-019021
13024,2.762759208679199,,,,adamh-scaling-ladder-nemotron-optimal-1e+21-v5-019021
13034,2.7593801021575928,,,,adamh-scaling-ladder-nemotron-optimal-1e+21-v5-019021
13041,2.7192165851593018,,,,adamh-scaling-ladder-nemotron-optimal-1e+21-v5-019021
13053,2.6969497203826904,,,,adamh-scaling-ladder-nemotron-optimal-1e+21-v5-019021
13099,2.755040407180786,,,,adamh-scaling-ladder-nemotron-optimal-1e+21-v5-019021
13179,2.752612829208374,,,,adamh-scaling-ladder-nemotron-optimal-1e+21-v5-019021
13181,2.692155599594116,,,,adamh-scaling-ladder-nemotron-optimal-1e+21-v5-019021
13217,2.7491579055786133,,,,adamh-scaling-ladder-nemotron-optimal-1e+21-v5-019021
13231,2.739696502685547,,,,adamh-scaling-ladder-nemotron-optimal-1e+21-v5-019021
13241,2.727337598800659,,,,adamh-scaling-ladder-nemotron-optimal-1e+21-v5-019021
13243,2.731165647506714,,,,adamh-scaling-ladder-nemotron-optimal-1e+21-v5-019021
13247,2.727418899536133,,,,adamh-scaling-ladder-nemotron-optimal-1e+21-v5-019021
13268,2.686957359313965,,,,adamh-scaling-ladder-nemotron-optimal-1e+21-v5-019021
13280,2.731168508529663,,,,adamh-scaling-ladder-nemotron-optimal-1e+21-v5-019021
13311,2.7368109226226807,,,,adamh-scaling-ladder-nemotron-optimal-1e+21-v5-019021
13353,2.735367774963379,,,,adamh-scaling-ladder-nemotron-optimal-1e+21-v5-019021
13358,2.7253339290618896,,,,adamh-scaling-ladder-nemotron-optimal-1e+21-v5-019021
13381,2.754446268081665,,,,adamh-scaling-ladder-nemotron-optimal-1e+21-v5-019021
13383,2.731032133102417,,,,adamh-scaling-ladder-nemotron-optimal-1e+21-v5-019021
13387,2.6939713954925537,,,,adamh-scaling-ladder-nemotron-optimal-1e+21-v5-019021
13389,2.7209436893463135,,,,adamh-scaling-ladder-nemotron-optimal-1e+21-v5-019021
13410,2.739736557006836,,,,adamh-scaling-ladder-nemotron-optimal-1e+21-v5-019021
13422,2.7075490951538086,,,,adamh-scaling-ladder-nemotron-optimal-1e+21-v5-019021
13466,2.6949081420898438,,,,adamh-scaling-ladder-nemotron-optimal-1e+21-v5-019021
13488,2.7346012592315674,,,,adamh-scaling-ladder-nemotron-optimal-1e+21-v5-019021
13496,2.7203481197357178,,,,adamh-scaling-ladder-nemotron-optimal-1e+21-v5-019021
13588,2.7514495849609375,,,,adamh-scaling-ladder-nemotron-optimal-1e+21-v5-019021
13595,2.7242517471313477,,,,adamh-scaling-ladder-nemotron-optimal-1e+21-v5-019021
13605,2.7684292793273926,,,,adamh-scaling-ladder-nemotron-optimal-1e+21-v5-019021
13620,2.7461318969726562,,,,adamh-scaling-ladder-nemotron-optimal-1e+21-v5-019021
13626,2.713284969329834,,,,adamh-scaling-ladder-nemotron-optimal-1e+21-v5-019021
13635,2.741373062133789,,,,adamh-scaling-ladder-nemotron-optimal-1e+21-v5-019021
13636,2.691063642501831,,,,adamh-scaling-ladder-nemotron-optimal-1e+21-v5-019021
13649,2.7688212394714355,,,,adamh-scaling-ladder-nemotron-optimal-1e+21-v5-019021
13697,2.736715793609619,,,,adamh-scaling-ladder-nemotron-optimal-1e+21-v5-019021
13706,2.715271234512329,,,,adamh-scaling-ladder-nemotron-optimal-1e+21-v5-019021
13722,2.7292819023132324,,,,adamh-scaling-ladder-nemotron-optimal-1e+21-v5-019021
13738,2.7244303226470947,,,,adamh-scaling-ladder-nemotron-optimal-1e+21-v5-019021
13790,2.757038116455078,,,,adamh-scaling-ladder-nemotron-optimal-1e+21-v5-019021
13805,2.7327945232391357,,,,adamh-scaling-ladder-nemotron-optimal-1e+21-v5-019021
13840,2.712923765182495,,,,adamh-scaling-ladder-nemotron-optimal-1e+21-v5-019021
13851,2.735511302947998,,,,adamh-scaling-ladder-nemotron-optimal-1e+21-v5-019021
13881,2.734877109527588,,,,adamh-scaling-ladder-nemotron-optimal-1e+21-v5-019021
13883,2.7224533557891846,,,,adamh-scaling-ladder-nemotron-optimal-1e+21-v5-019021
13884,2.718109130859375,,,,adamh-scaling-ladder-nemotron-optimal-1e+21-v5-019021
13886,2.7075350284576416,,,,adamh-scaling-ladder-nemotron-optimal-1e+21-v5-019021
13957,2.726170539855957,,,,adamh-scaling-ladder-nemotron-optimal-1e+21-v5-019021
13980,2.70455002784729,,,,adamh-scaling-ladder-nemotron-optimal-1e+21-v5-019021
13994,2.7082250118255615,,,,adamh-scaling-ladder-nemotron-optimal-1e+21-v5-019021
14000,,3.003394365310669,2.809551477432251,2.935364246368408,adamh-scaling-ladder-nemotron-optimal-1e+21-v5-019021
14006,2.708988666534424,,,,adamh-scaling-ladder-nemotron-optimal-1e+21-v5-019021
14007,2.724785804748535,,,,adamh-scaling-ladder-nemotron-optimal-1e+21-v5-019021
14013,2.730569362640381,,,,adamh-scaling-ladder-nemotron-optimal-1e+21-v5-019021
14026,2.7450013160705566,,,,adamh-scaling-ladder-nemotron-optimal-1e+21-v5-019021
14043,2.7209856510162354,,,,adamh-scaling-ladder-nemotron-optimal-1e+21-v5-019021
14047,2.7127041816711426,,,,adamh-scaling-ladder-nemotron-optimal-1e+21-v5-019021
14056,2.71431303024292,,,,adamh-scaling-ladder-nemotron-optimal-1e+21-v5-019021
14068,2.7173166275024414,,,,adamh-scaling-ladder-nemotron-optimal-1e+21-v5-019021
14070,2.729343891143799,,,,adamh-scaling-ladder-nemotron-optimal-1e+21-v5-019021
14088,2.6673929691314697,,,,adamh-scaling-ladder-nemotron-optimal-1e+21-v5-019021
14091,2.7404301166534424,,,,adamh-scaling-ladder-nemotron-optimal-1e+21-v5-019021
14103,2.751891851425171,,,,adamh-scaling-ladder-nemotron-optimal-1e+21-v5-019021
14104,2.715160846710205,,,,adamh-scaling-ladder-nemotron-optimal-1e+21-v5-019021
14121,2.723325490951538,,,,adamh-scaling-ladder-nemotron-optimal-1e+21-v5-019021
14130,2.7680115699768066,,,,adamh-scaling-ladder-nemotron-optimal-1e+21-v5-019021
14154,2.738395929336548,,,,adamh-scaling-ladder-nemotron-optimal-1e+21-v5-019021
14155,2.69232177734375,,,,adamh-scaling-ladder-nemotron-optimal-1e+21-v5-019021
14166,2.733555793762207,,,,adamh-scaling-ladder-nemotron-optimal-1e+21-v5-019021
14175,2.744042158126831,,,,adamh-scaling-ladder-nemotron-optimal-1e+21-v5-019021
14179,2.6956593990325928,,,,adamh-scaling-ladder-nemotron-optimal-1e+21-v5-019021
14193,2.6996312141418457,,,,adamh-scaling-ladder-nemotron-optimal-1e+21-v5-019021
14196,2.7352824211120605,,,,adamh-scaling-ladder-nemotron-optimal-1e+21-v5-019021
14250,2.7300338745117188,,,,adamh-scaling-ladder-nemotron-optimal-1e+21-v5-019021
14258,2.723906993865967,,,,adamh-scaling-ladder-nemotron-optimal-1e+21-v5-019021
14259,2.7353219985961914,,,,adamh-scaling-ladder-nemotron-optimal-1e+21-v5-019021
14267,2.7292640209198,,,,adamh-scaling-ladder-nemotron-optimal-1e+21-v5-019021
14308,2.750150680541992,,,,adamh-scaling-ladder-nemotron-optimal-1e+21-v5-019021
14316,2.710421562194824,,,,adamh-scaling-ladder-nemotron-optimal-1e+21-v5-019021
14328,2.7086658477783203,,,,adamh-scaling-ladder-nemotron-optimal-1e+21-v5-019021
14332,2.717625379562378,,,,adamh-scaling-ladder-nemotron-optimal-1e+21-v5-019021
14384,2.730715036392212,,,,adamh-scaling-ladder-nemotron-optimal-1e+21-v5-019021
14386,2.7245070934295654,,,,adamh-scaling-ladder-nemotron-optimal-1e+21-v5-019021
14390,2.7296807765960693,,,,adamh-scaling-ladder-nemotron-optimal-1e+21-v5-019021
14402,2.742990255355835,,,,adamh-scaling-ladder-nemotron-optimal-1e+21-v5-019021
14408,2.7442467212677,,,,adamh-scaling-ladder-nemotron-optimal-1e+21-v5-019021
14416,2.720944404602051,,,,adamh-scaling-ladder-nemotron-optimal-1e+21-v5-019021
14430,2.7135913372039795,,,,adamh-scaling-ladder-nemotron-optimal-1e+21-v5-019021
14460,2.7551941871643066,,,,adamh-scaling-ladder-nemotron-optimal-1e+21-v5-019021
14466,2.7072880268096924,,,,adamh-scaling-ladder-nemotron-optimal-1e+21-v5-019021
14468,2.7213172912597656,,,,adamh-scaling-ladder-nemotron-optimal-1e+21-v5-019021
14472,2.7029356956481934,,,,adamh-scaling-ladder-nemotron-optimal-1e+21-v5-019021
14495,2.7540416717529297,,,,adamh-scaling-ladder-nemotron-optimal-1e+21-v5-019021
14497,2.7261712551116943,,,,adamh-scaling-ladder-nemotron-optimal-1e+21-v5-019021
14505,2.7187483310699463,,,,adamh-scaling-ladder-nemotron-optimal-1e+21-v5-019021
14516,2.7343757152557373,,,,adamh-scaling-ladder-nemotron-optimal-1e+21-v5-019021
14519,2.738553285598755,,,,adamh-scaling-ladder-nemotron-optimal-1e+21-v5-019021
14520,2.769920825958252,,,,adamh-scaling-ladder-nemotron-optimal-1e+21-v5-019021
14523,2.720040798187256,,,,adamh-scaling-ladder-nemotron-optimal-1e+21-v5-019021
14528,2.7200560569763184,,,,adamh-scaling-ladder-nemotron-optimal-1e+21-v5-019021
14530,2.7262625694274902,,,,adamh-scaling-ladder-nemotron-optimal-1e+21-v5-019021
14536,2.728564977645874,,,,adamh-scaling-ladder-nemotron-optimal-1e+21-v5-019021
14545,2.70760178565979,,,,adamh-scaling-ladder-nemotron-optimal-1e+21-v5-019021
14562,2.693868398666382,,,,adamh-scaling-ladder-nemotron-optimal-1e+21-v5-019021
14578,2.770324230194092,,,,adamh-scaling-ladder-nemotron-optimal-1e+21-v5-019021
14638,2.7007293701171875,,,,adamh-scaling-ladder-nemotron-optimal-1e+21-v5-019021
14670,2.7358832359313965,,,,adamh-scaling-ladder-nemotron-optimal-1e+21-v5-019021
14677,2.742506742477417,,,,adamh-scaling-ladder-nemotron-optimal-1e+21-v5-019021
14682,2.7426841259002686,,,,adamh-scaling-ladder-nemotron-optimal-1e+21-v5-019021
14683,2.712878942489624,,,,adamh-scaling-ladder-nemotron-optimal-1e+21-v5-019021
14690,2.7495598793029785,,,,adamh-scaling-ladder-nemotron-optimal-1e+21-v5-019021
14696,2.7213146686553955,,,,adamh-scaling-ladder-nemotron-optimal-1e+21-v5-019021
14713,2.7562763690948486,,,,adamh-scaling-ladder-nemotron-optimal-1e+21-v5-019021
14729,2.691514253616333,,,,adamh-scaling-ladder-nemotron-optimal-1e+21-v5-019021
14736,2.717580556869507,,,,adamh-scaling-ladder-nemotron-optimal-1e+21-v5-019021
14737,2.7199363708496094,,,,adamh-scaling-ladder-nemotron-optimal-1e+21-v5-019021
14744,2.7455708980560303,,,,adamh-scaling-ladder-nemotron-optimal-1e+21-v5-019021
14755,2.719599485397339,,,,adamh-scaling-ladder-nemotron-optimal-1e+21-v5-019021
14780,2.7389252185821533,,,,adamh-scaling-ladder-nemotron-optimal-1e+21-v5-019021
14782,2.76138973236084,,,,adamh-scaling-ladder-nemotron-optimal-1e+21-v5-019021
14792,2.7256758213043213,,,,adamh-scaling-ladder-nemotron-optimal-1e+21-v5-019021
14799,2.734672784805298,,,,adamh-scaling-ladder-nemotron-optimal-1e+21-v5-019021
14803,2.717325210571289,,,,adamh-scaling-ladder-nemotron-optimal-1e+21-v5-019021
14804,2.744432210922241,,,,adamh-scaling-ladder-nemotron-optimal-1e+21-v5-019021
14806,2.7335457801818848,,,,adamh-scaling-ladder-nemotron-optimal-1e+21-v5-019021
14816,2.755887269973755,,,,adamh-scaling-ladder-nemotron-optimal-1e+21-v5-019021
14851,2.7516489028930664,,,,adamh-scaling-ladder-nemotron-optimal-1e+21-v5-019021
14869,2.7326419353485107,,,,adamh-scaling-ladder-nemotron-optimal-1e+21-v5-019021
14880,2.718369483947754,,,,adamh-scaling-ladder-nemotron-optimal-1e+21-v5-019021
14885,2.756687641143799,,,,adamh-scaling-ladder-nemotron-optimal-1e+21-v5-019021
14901,2.7222394943237305,,,,adamh-scaling-ladder-nemotron-optimal-1e+21-v5-019021
14927,2.7218735218048096,,,,adamh-scaling-ladder-nemotron-optimal-1e+21-v5-019021
14940,2.771926164627075,,,,adamh-scaling-ladder-nemotron-optimal-1e+21-v5-019021
14949,2.747291088104248,,,,adamh-scaling-ladder-nemotron-optimal-1e+21-v5-019021
14954,2.6994330883026123,,,,adamh-scaling-ladder-nemotron-optimal-1e+21-v5-019021
14985,2.739144802093506,,,,adamh-scaling-ladder-nemotron-optimal-1e+21-v5-019021
14987,2.7173917293548584,,,,adamh-scaling-ladder-nemotron-optimal-1e+21-v5-019021
14995,2.7575066089630127,,,,adamh-scaling-ladder-nemotron-optimal-1e+21-v5-019021
15000,,2.9994125366210938,2.7968413829803467,2.929699420928955,adamh-scaling-ladder-nemotron-optimal-1e+21-v5-019021
15016,2.7310075759887695,,,,adamh-scaling-ladder-nemotron-optimal-1e+21-v5-019021
15018,2.73260498046875,,,,adamh-scaling-ladder-nemotron-optimal-1e+21-v5-019021
15045,2.70339035987854,,,,adamh-scaling-ladder-nemotron-optimal-1e+21-v5-019021
15066,2.75087571144104,,,,adamh-scaling-ladder-nemotron-optimal-1e+21-v5-019021
15070,2.7470479011535645,,,,adamh-scaling-ladder-nemotron-optimal-1e+21-v5-019021
15101,2.736603021621704,,,,adamh-scaling-ladder-nemotron-optimal-1e+21-v5-019021
15118,2.69925594329834,,,,adamh-scaling-ladder-nemotron-optimal-1e+21-v5-019021
15123,2.70278263092041,,,,adamh-scaling-ladder-nemotron-optimal-1e+21-v5-019021
15158,2.6757924556732178,,,,adamh-scaling-ladder-nemotron-optimal-1e+21-v5-019021
15163,2.739664077758789,,,,adamh-scaling-ladder-nemotron-optimal-1e+21-v5-019021
15185,2.7177674770355225,,,,adamh-scaling-ladder-nemotron-optimal-1e+21-v5-019021
15192,2.7383806705474854,,,,adamh-scaling-ladder-nemotron-optimal-1e+21-v5-019021
15250,2.724036455154419,,,,adamh-scaling-ladder-nemotron-optimal-1e+21-v5-019021
15267,2.7395780086517334,,,,adamh-scaling-ladder-nemotron-optimal-1e+21-v5-019021
15271,2.6812472343444824,,,,adamh-scaling-ladder-nemotron-optimal-1e+21-v5-019021
15304,2.7142677307128906,,,,adamh-scaling-ladder-nemotron-optimal-1e+21-v5-019021
15307,2.7030341625213623,,,,adamh-scaling-ladder-nemotron-optimal-1e+21-v5-019021
15323,2.754868984222412,,,,adamh-scaling-ladder-nemotron-optimal-1e+21-v5-019021
15366,2.7024407386779785,,,,adamh-scaling-ladder-nemotron-optimal-1e+21-v5-019021
15369,2.7159461975097656,,,,adamh-scaling-ladder-nemotron-optimal-1e+21-v5-019021
15372,2.7162322998046875,,,,adamh-scaling-ladder-nemotron-optimal-1e+21-v5-019021
15387,2.7185568809509277,,,,adamh-scaling-ladder-nemotron-optimal-1e+21-v5-019021
15410,2.7449004650115967,,,,adamh-scaling-ladder-nemotron-optimal-1e+21-v5-019021
15412,2.7202632427215576,,,,adamh-scaling-ladder-nemotron-optimal-1e+21-v5-019021
15442,2.754504442214966,,,,adamh-scaling-ladder-nemotron-optimal-1e+21-v5-019021
15445,2.7083468437194824,,,,adamh-scaling-ladder-nemotron-optimal-1e+21-v5-019021
15469,2.793806552886963,,,,adamh-scaling-ladder-nemotron-optimal-1e+21-v5-019021
15486,2.7164077758789062,,,,adamh-scaling-ladder-nemotron-optimal-1e+21-v5-019021
15487,2.7031400203704834,,,,adamh-scaling-ladder-nemotron-optimal-1e+21-v5-019021
15489,2.746450424194336,,,,adamh-scaling-ladder-nemotron-optimal-1e+21-v5-019021
15506,2.7367355823516846,,,,adamh-scaling-ladder-nemotron-optimal-1e+21-v5-019021
15526,2.7188329696655273,,,,adamh-scaling-ladder-nemotron-optimal-1e+21-v5-019021
15530,2.6709861755371094,,,,adamh-scaling-ladder-nemotron-optimal-1e+21-v5-019021
15569,2.688049077987671,,,,adamh-scaling-ladder-nemotron-optimal-1e+21-v5-019021
15572,2.7410764694213867,,,,adamh-scaling-ladder-nemotron-optimal-1e+21-v5-019021
15590,2.691763401031494,,,,adamh-scaling-ladder-nemotron-optimal-1e+21-v5-019021
15636,2.7051570415496826,,,,adamh-scaling-ladder-nemotron-optimal-1e+21-v5-019021
15637,2.7601420879364014,,,,adamh-scaling-ladder-nemotron-optimal-1e+21-v5-019021
15656,2.7220468521118164,,,,adamh-scaling-ladder-nemotron-optimal-1e+21-v5-019021
15695,2.7041563987731934,,,,adamh-scaling-ladder-nemotron-optimal-1e+21-v5-019021
15713,2.7134828567504883,,,,adamh-scaling-ladder-nemotron-optimal-1e+21-v5-019021
15756,2.7210540771484375,,,,adamh-scaling-ladder-nemotron-optimal-1e+21-v5-019021
15769,2.7290613651275635,,,,adamh-scaling-ladder-nemotron-optimal-1e+21-v5-019021
15776,2.704408884048462,,,,adamh-scaling-ladder-nemotron-optimal-1e+21-v5-019021
15824,2.691014289855957,,,,adamh-scaling-ladder-nemotron-optimal-1e+21-v5-019021
15829,2.724155902862549,,,,adamh-scaling-ladder-nemotron-optimal-1e+21-v5-019021
15830,2.7110540866851807,,,,adamh-scaling-ladder-nemotron-optimal-1e+21-v5-019021
15835,2.7149741649627686,,,,adamh-scaling-ladder-nemotron-optimal-1e+21-v5-019021
15840,2.7375714778900146,,,,adamh-scaling-ladder-nemotron-optimal-1e+21-v5-019021
15849,2.723435163497925,,,,adamh-scaling-ladder-nemotron-optimal-1e+21-v5-019021
15852,2.6961653232574463,,,,adamh-scaling-ladder-nemotron-optimal-1e+21-v5-019021
15854,2.736093521118164,,,,adamh-scaling-ladder-nemotron-optimal-1e+21-v5-019021
15862,2.727872371673584,,,,adamh-scaling-ladder-nemotron-optimal-1e+21-v5-019021
15892,2.708254098892212,,,,adamh-scaling-ladder-nemotron-optimal-1e+21-v5-019021
15893,2.702511787414551,,,,adamh-scaling-ladder-nemotron-optimal-1e+21-v5-019021
15907,2.7019617557525635,,,,adamh-scaling-ladder-nemotron-optimal-1e+21-v5-019021
15928,2.713772773742676,,,,adamh-scaling-ladder-nemotron-optimal-1e+21-v5-019021
15941,2.702937602996826,,,,adamh-scaling-ladder-nemotron-optimal-1e+21-v5-019021
15960,2.6803195476531982,,,,adamh-scaling-ladder-nemotron-optimal-1e+21-v5-019021
15990,2.7212142944335938,,,,adamh-scaling-ladder-nemotron-optimal-1e+21-v5-019021
16000,,2.9887166023254395,2.783912181854248,2.9194655418395996,adamh-scaling-ladder-nemotron-optimal-1e+21-v5-019021
16032,2.7385642528533936,,,,adamh-scaling-ladder-nemotron-optimal-1e+21-v5-019021
16039,2.6950647830963135,,,,adamh-scaling-ladder-nemotron-optimal-1e+21-v5-019021
16044,2.7188973426818848,,,,adamh-scaling-ladder-nemotron-optimal-1e+21-v5-019021
16057,2.7082743644714355,,,,adamh-scaling-ladder-nemotron-optimal-1e+21-v5-019021
16060,2.7268712520599365,,,,adamh-scaling-ladder-nemotron-optimal-1e+21-v5-019021
16085,2.7189767360687256,,,,adamh-scaling-ladder-nemotron-optimal-1e+21-v5-019021
16095,2.7237017154693604,,,,adamh-scaling-ladder-nemotron-optimal-1e+21-v5-019021
16097,2.7439730167388916,,,,adamh-scaling-ladder-nemotron-optimal-1e+21-v5-019021
16150,2.6771371364593506,,,,adamh-scaling-ladder-nemotron-optimal-1e+21-v5-019021
16161,2.6863694190979004,,,,adamh-scaling-ladder-nemotron-optimal-1e+21-v5-019021
16165,2.7072646617889404,,,,adamh-scaling-ladder-nemotron-optimal-1e+21-v5-019021
16188,2.6950161457061768,,,,adamh-scaling-ladder-nemotron-optimal-1e+21-v5-019021
16193,2.7252304553985596,,,,adamh-scaling-ladder-nemotron-optimal-1e+21-v5-019021
16211,2.7579128742218018,,,,adamh-scaling-ladder-nemotron-optimal-1e+21-v5-019021
16217,2.7045702934265137,,,,adamh-scaling-ladder-nemotron-optimal-1e+21-v5-019021
16245,2.7384023666381836,,,,adamh-scaling-ladder-nemotron-optimal-1e+21-v5-019021
16288,2.711225748062134,,,,adamh-scaling-ladder-nemotron-optimal-1e+21-v5-019021
16290,2.712623119354248,,,,adamh-scaling-ladder-nemotron-optimal-1e+21-v5-019021
16299,2.7108707427978516,,,,adamh-scaling-ladder-nemotron-optimal-1e+21-v5-019021
16328,2.725351572036743,,,,adamh-scaling-ladder-nemotron-optimal-1e+21-v5-019021
16334,2.7091128826141357,,,,adamh-scaling-ladder-nemotron-optimal-1e+21-v5-019021
16337,2.751289129257202,,,,adamh-scaling-ladder-nemotron-optimal-1e+21-v5-019021
16350,2.7428150177001953,,,,adamh-scaling-ladder-nemotron-optimal-1e+21-v5-019021
16357,2.7501511573791504,,,,adamh-scaling-ladder-nemotron-optimal-1e+21-v5-019021
16359,2.706247091293335,,,,adamh-scaling-ladder-nemotron-optimal-1e+21-v5-019021
16364,2.7305333614349365,,,,adamh-scaling-ladder-nemotron-optimal-1e+21-v5-019021
16377,2.747925043106079,,,,adamh-scaling-ladder-nemotron-optimal-1e+21-v5-019021
16463,2.736809730529785,,,,adamh-scaling-ladder-nemotron-optimal-1e+21-v5-019021
16468,2.709852695465088,,,,adamh-scaling-ladder-nemotron-optimal-1e+21-v5-019021
16472,2.710050106048584,,,,adamh-scaling-ladder-nemotron-optimal-1e+21-v5-019021
16490,2.7259042263031006,,,,adamh-scaling-ladder-nemotron-optimal-1e+21-v5-019021
16491,2.696141004562378,,,,adamh-scaling-ladder-nemotron-optimal-1e+21-v5-019021
16522,2.693434238433838,,,,adamh-scaling-ladder-nemotron-optimal-1e+21-v5-019021
16551,2.7328407764434814,,,,adamh-scaling-ladder-nemotron-optimal-1e+21-v5-019021
16554,2.713590621948242,,,,adamh-scaling-ladder-nemotron-optimal-1e+21-v5-019021
16576,2.6862599849700928,,,,adamh-scaling-ladder-nemotron-optimal-1e+21-v5-019021
16601,2.6882309913635254,,,,adamh-scaling-ladder-nemotron-optimal-1e+21-v5-019021
16603,2.711951494216919,,,,adamh-scaling-ladder-nemotron-optimal-1e+21-v5-019021
16622,2.68865966796875,,,,adamh-scaling-ladder-nemotron-optimal-1e+21-v5-019021
16627,2.7348382472991943,,,,adamh-scaling-ladder-nemotron-optimal-1e+21-v5-019021
16638,2.7061197757720947,,,,adamh-scaling-ladder-nemotron-optimal-1e+21-v5-019021
16706,2.701831102371216,,,,adamh-scaling-ladder-nemotron-optimal-1e+21-v5-019021
16717,2.7077319622039795,,,,adamh-scaling-ladder-nemotron-optimal-1e+21-v5-019021
16722,2.7180399894714355,,,,adamh-scaling-ladder-nemotron-optimal-1e+21-v5-019021
16740,2.7345521450042725,,,,adamh-scaling-ladder-nemotron-optimal-1e+21-v5-019021
16766,2.7284932136535645,,,,adamh-scaling-ladder-nemotron-optimal-1e+21-v5-019021
16808,2.7109668254852295,,,,adamh-scaling-ladder-nemotron-optimal-1e+21-v5-019021
16839,2.7199840545654297,,,,adamh-scaling-ladder-nemotron-optimal-1e+21-v5-019021
16841,2.726428747177124,,,,adamh-scaling-ladder-nemotron-optimal-1e+21-v5-019021
16852,2.731667995452881,,,,adamh-scaling-ladder-nemotron-optimal-1e+21-v5-019021
16854,2.7162246704101562,,,,adamh-scaling-ladder-nemotron-optimal-1e+21-v5-019021
16857,2.7284557819366455,,,,adamh-scaling-ladder-nemotron-optimal-1e+21-v5-019021
16869,2.732320547103882,,,,adamh-scaling-ladder-nemotron-optimal-1e+21-v5-019021
16916,2.7034010887145996,,,,adamh-scaling-ladder-nemotron-optimal-1e+21-v5-019021
16935,2.7297346591949463,,,,adamh-scaling-ladder-nemotron-optimal-1e+21-v5-019021
16937,2.6838388442993164,,,,adamh-scaling-ladder-nemotron-optimal-1e+21-v5-019021
16962,2.722372055053711,,,,adamh-scaling-ladder-nemotron-optimal-1e+21-v5-019021
16973,2.7335963249206543,,,,adamh-scaling-ladder-nemotron-optimal-1e+21-v5-019021
16985,2.690166711807251,,,,adamh-scaling-ladder-nemotron-optimal-1e+21-v5-019021
16992,2.6906027793884277,,,,adamh-scaling-ladder-nemotron-optimal-1e+21-v5-019021
16997,2.7043089866638184,,,,adamh-scaling-ladder-nemotron-optimal-1e+21-v5-019021
17000,,2.985691547393799,2.7803478240966797,2.9163129329681396,adamh-scaling-ladder-nemotron-optimal-1e+21-v5-019021
17001,2.722510814666748,,,,adamh-scaling-ladder-nemotron-optimal-1e+21-v5-019021
17028,2.753573417663574,,,,adamh-scaling-ladder-nemotron-optimal-1e+21-v5-019021
17045,2.6967458724975586,,,,adamh-scaling-ladder-nemotron-optimal-1e+21-v5-019021
17062,2.7094883918762207,,,,adamh-scaling-ladder-nemotron-optimal-1e+21-v5-019021
17120,2.7181320190429688,,,,adamh-scaling-ladder-nemotron-optimal-1e+21-v5-019021
17137,2.6668198108673096,,,,adamh-scaling-ladder-nemotron-optimal-1e+21-v5-019021
17144,2.7684485912323,,,,adamh-scaling-ladder-nemotron-optimal-1e+21-v5-019021
17173,2.6833553314208984,,,,adamh-scaling-ladder-nemotron-optimal-1e+21-v5-019021
17185,2.7411139011383057,,,,adamh-scaling-ladder-nemotron-optimal-1e+21-v5-019021
17195,2.7151315212249756,,,,adamh-scaling-ladder-nemotron-optimal-1e+21-v5-019021
17207,2.682408571243286,,,,adamh-scaling-ladder-nemotron-optimal-1e+21-v5-019021
17228,2.6952931880950928,,,,adamh-scaling-ladder-nemotron-optimal-1e+21-v5-019021
17232,2.674374580383301,,,,adamh-scaling-ladder-nemotron-optimal-1e+21-v5-019021
17252,2.749795913696289,,,,adamh-scaling-ladder-nemotron-optimal-1e+21-v5-019021
17256,2.710413932800293,,,,adamh-scaling-ladder-nemotron-optimal-1e+21-v5-019021
17257,2.74790358543396,,,,adamh-scaling-ladder-nemotron-optimal-1e+21-v5-019021
17287,2.736759901046753,,,,adamh-scaling-ladder-nemotron-optimal-1e+21-v5-019021
17297,2.738748788833618,,,,adamh-scaling-ladder-nemotron-optimal-1e+21-v5-019021
17299,2.700812339782715,,,,adamh-scaling-ladder-nemotron-optimal-1e+21-v5-019021
17319,2.7306482791900635,,,,adamh-scaling-ladder-nemotron-optimal-1e+21-v5-019021
17366,2.682549476623535,,,,adamh-scaling-ladder-nemotron-optimal-1e+21-v5-019021
17369,2.7198805809020996,,,,adamh-scaling-ladder-nemotron-optimal-1e+21-v5-019021
17376,2.733804225921631,,,,adamh-scaling-ladder-nemotron-optimal-1e+21-v5-019021
17399,2.7220005989074707,,,,adamh-scaling-ladder-nemotron-optimal-1e+21-v5-019021
17417,2.7123050689697266,,,,adamh-scaling-ladder-nemotron-optimal-1e+21-v5-019021
17423,2.6973886489868164,,,,adamh-scaling-ladder-nemotron-optimal-1e+21-v5-019021
17426,2.7062716484069824,,,,adamh-scaling-ladder-nemotron-optimal-1e+21-v5-019021
17431,2.6596827507019043,,,,adamh-scaling-ladder-nemotron-optimal-1e+21-v5-019021
17438,2.7255213260650635,,,,adamh-scaling-ladder-nemotron-optimal-1e+21-v5-019021
17442,2.7108957767486572,,,,adamh-scaling-ladder-nemotron-optimal-1e+21-v5-019021
17447,2.688708782196045,,,,adamh-scaling-ladder-nemotron-optimal-1e+21-v5-019021
17451,2.6647372245788574,,,,adamh-scaling-ladder-nemotron-optimal-1e+21-v5-019021
17458,2.7028608322143555,,,,adamh-scaling-ladder-nemotron-optimal-1e+21-v5-019021
17474,2.711883306503296,,,,adamh-scaling-ladder-nemotron-optimal-1e+21-v5-019021
17506,2.7313742637634277,,,,adamh-scaling-ladder-nemotron-optimal-1e+21-v5-019021
17531,2.7307114601135254,,,,adamh-scaling-ladder-nemotron-optimal-1e+21-v5-019021
17538,2.7182869911193848,,,,adamh-scaling-ladder-nemotron-optimal-1e+21-v5-019021
17541,2.708287239074707,,,,adamh-scaling-ladder-nemotron-optimal-1e+21-v5-019021
17552,2.7166483402252197,,,,adamh-scaling-ladder-nemotron-optimal-1e+21-v5-019021
17602,2.69299054145813,,,,adamh-scaling-ladder-nemotron-optimal-1e+21-v5-019021
17607,2.726444959640503,,,,adamh-scaling-ladder-nemotron-optimal-1e+21-v5-019021
17626,2.717778205871582,,,,adamh-scaling-ladder-nemotron-optimal-1e+21-v5-019021
17655,2.690192461013794,,,,adamh-scaling-ladder-nemotron-optimal-1e+21-v5-019021
17660,2.69905161857605,,,,adamh-scaling-ladder-nemotron-optimal-1e+21-v5-019021
17678,2.713134765625,,,,adamh-scaling-ladder-nemotron-optimal-1e+21-v5-019021
17685,2.7063663005828857,,,,adamh-scaling-ladder-nemotron-optimal-1e+21-v5-019021
17716,2.729064464569092,,,,adamh-scaling-ladder-nemotron-optimal-1e+21-v5-019021
17725,2.7440621852874756,,,,adamh-scaling-ladder-nemotron-optimal-1e+21-v5-019021
17726,2.694265842437744,,,,adamh-scaling-ladder-nemotron-optimal-1e+21-v5-019021
17732,2.663797378540039,,,,adamh-scaling-ladder-nemotron-optimal-1e+21-v5-019021
17737,2.6949644088745117,,,,adamh-scaling-ladder-nemotron-optimal-1e+21-v5-019021
17738,2.700404167175293,,,,adamh-scaling-ladder-nemotron-optimal-1e+21-v5-019021
17743,2.6838016510009766,,,,adamh-scaling-ladder-nemotron-optimal-1e+21-v5-019021
17745,2.6735939979553223,,,,adamh-scaling-ladder-nemotron-optimal-1e+21-v5-019021
17748,2.7133660316467285,,,,adamh-scaling-ladder-nemotron-optimal-1e+21-v5-019021
17773,2.6962010860443115,,,,adamh-scaling-ladder-nemotron-optimal-1e+21-v5-019021
17774,2.6950981616973877,,,,adamh-scaling-ladder-nemotron-optimal-1e+21-v5-019021
17779,2.7112863063812256,,,,adamh-scaling-ladder-nemotron-optimal-1e+21-v5-019021
17795,2.695890188217163,,,,adamh-scaling-ladder-nemotron-optimal-1e+21-v5-019021
17798,2.6781928539276123,,,,adamh-scaling-ladder-nemotron-optimal-1e+21-v5-019021
17799,2.6680150032043457,,,,adamh-scaling-ladder-nemotron-optimal-1e+21-v5-019021
17822,2.7201056480407715,,,,adamh-scaling-ladder-nemotron-optimal-1e+21-v5-019021
17850,2.6792213916778564,,,,adamh-scaling-ladder-nemotron-optimal-1e+21-v5-019021
17860,2.6892833709716797,,,,adamh-scaling-ladder-nemotron-optimal-1e+21-v5-019021
17863,2.7291083335876465,,,,adamh-scaling-ladder-nemotron-optimal-1e+21-v5-019021
17866,2.7050797939300537,,,,adamh-scaling-ladder-nemotron-optimal-1e+21-v5-019021
17872,2.679340362548828,,,,adamh-scaling-ladder-nemotron-optimal-1e+21-v5-019021
17879,2.681180715560913,,,,adamh-scaling-ladder-nemotron-optimal-1e+21-v5-019021
17881,2.723611354827881,,,,adamh-scaling-ladder-nemotron-optimal-1e+21-v5-019021
17894,2.707771062850952,,,,adamh-scaling-ladder-nemotron-optimal-1e+21-v5-019021
17906,2.6915512084960938,,,,adamh-scaling-ladder-nemotron-optimal-1e+21-v5-019021
17934,2.6776533126831055,,,,adamh-scaling-ladder-nemotron-optimal-1e+21-v5-019021
17936,2.713179588317871,,,,adamh-scaling-ladder-nemotron-optimal-1e+21-v5-019021
17947,2.7137045860290527,,,,adamh-scaling-ladder-nemotron-optimal-1e+21-v5-019021
17962,2.67495059967041,,,,adamh-scaling-ladder-nemotron-optimal-1e+21-v5-019021
17981,2.705521821975708,,,,adamh-scaling-ladder-nemotron-optimal-1e+21-v5-019021
17988,2.698615074157715,,,,adamh-scaling-ladder-nemotron-optimal-1e+21-v5-019021
17999,2.6901819705963135,,,,adamh-scaling-ladder-nemotron-optimal-1e+21-v5-019021
18000,,2.9736313819885254,2.769529342651367,2.903352975845337,adamh-scaling-ladder-nemotron-optimal-1e+21-v5-019021
18014,2.694911479949951,,,,adamh-scaling-ladder-nemotron-optimal-1e+21-v5-019021
18018,2.6856982707977295,,,,adamh-scaling-ladder-nemotron-optimal-1e+21-v5-019021
18023,2.7030370235443115,,,,adamh-scaling-ladder-nemotron-optimal-1e+21-v5-019021
18036,2.645935535430908,,,,adamh-scaling-ladder-nemotron-optimal-1e+21-v5-019021
18062,2.7168288230895996,,,,adamh-scaling-ladder-nemotron-optimal-1e+21-v5-019021
18067,2.726975202560425,,,,adamh-scaling-ladder-nemotron-optimal-1e+21-v5-019021
18074,2.7223126888275146,,,,adamh-scaling-ladder-nemotron-optimal-1e+21-v5-019021
18078,2.7011256217956543,,,,adamh-scaling-ladder-nemotron-optimal-1e+21-v5-019021
18084,2.6686365604400635,,,,adamh-scaling-ladder-nemotron-optimal-1e+21-v5-019021
18104,2.6809394359588623,,,,adamh-scaling-ladder-nemotron-optimal-1e+21-v5-019021
18106,2.6854584217071533,,,,adamh-scaling-ladder-nemotron-optimal-1e+21-v5-019021
18116,2.6706900596618652,,,,adamh-scaling-ladder-nemotron-optimal-1e+21-v5-019021
18131,2.6854217052459717,,,,adamh-scaling-ladder-nemotron-optimal-1e+21-v5-019021
18153,2.685102939605713,,,,adamh-scaling-ladder-nemotron-optimal-1e+21-v5-019021
18156,2.7035558223724365,,,,adamh-scaling-ladder-nemotron-optimal-1e+21-v5-019021
18179,2.6719133853912354,,,,adamh-scaling-ladder-nemotron-optimal-1e+21-v5-019021
18232,2.6784024238586426,,,,adamh-scaling-ladder-nemotron-optimal-1e+21-v5-019021
18249,2.650691270828247,,,,adamh-scaling-ladder-nemotron-optimal-1e+21-v5-019021
18258,2.6747283935546875,,,,adamh-scaling-ladder-nemotron-optimal-1e+21-v5-019021
18283,2.6999130249023438,,,,adamh-scaling-ladder-nemotron-optimal-1e+21-v5-019021
18285,2.672258138656616,,,,adamh-scaling-ladder-nemotron-optimal-1e+21-v5-019021
18292,2.6977522373199463,,,,adamh-scaling-ladder-nemotron-optimal-1e+21-v5-019021
18309,2.6731951236724854,,,,adamh-scaling-ladder-nemotron-optimal-1e+21-v5-019021
18317,2.664741039276123,,,,adamh-scaling-ladder-nemotron-optimal-1e+21-v5-019021
18343,2.656346082687378,,,,adamh-scaling-ladder-nemotron-optimal-1e+21-v5-019021
18356,2.6627986431121826,,,,adamh-scaling-ladder-nemotron-optimal-1e+21-v5-019021
18447,2.658629894256592,,,,adamh-scaling-ladder-nemotron-optimal-1e+21-v5-019021
18476,2.674668788909912,,,,adamh-scaling-ladder-nemotron-optimal-1e+21-v5-019021
18480,2.6649701595306396,,,,adamh-scaling-ladder-nemotron-optimal-1e+21-v5-019021
18519,2.6825997829437256,,,,adamh-scaling-ladder-nemotron-optimal-1e+21-v5-019021
18532,2.6481986045837402,,,,adamh-scaling-ladder-nemotron-optimal-1e+21-v5-019021
18551,2.666649103164673,,,,adamh-scaling-ladder-nemotron-optimal-1e+21-v5-019021
18582,2.652324914932251,,,,adamh-scaling-ladder-nemotron-optimal-1e+21-v5-019021
18588,2.608626365661621,,,,adamh-scaling-ladder-nemotron-optimal-1e+21-v5-019021
18593,2.6775996685028076,,,,adamh-scaling-ladder-nemotron-optimal-1e+21-v5-019021
18597,2.638288974761963,,,,adamh-scaling-ladder-nemotron-optimal-1e+21-v5-019021
18613,2.6675453186035156,,,,adamh-scaling-ladder-nemotron-optimal-1e+21-v5-019021
18620,2.614421844482422,,,,adamh-scaling-ladder-nemotron-optimal-1e+21-v5-019021
18625,2.657773733139038,,,,adamh-scaling-ladder-nemotron-optimal-1e+21-v5-019021
18630,2.6704916954040527,,,,adamh-scaling-ladder-nemotron-optimal-1e+21-v5-019021
18642,2.675128698348999,,,,adamh-scaling-ladder-nemotron-optimal-1e+21-v5-019021
18643,2.6699905395507812,,,,adamh-scaling-ladder-nemotron-optimal-1e+21-v5-019021
18680,2.653994083404541,,,,adamh-scaling-ladder-nemotron-optimal-1e+21-v5-019021
18699,2.6579136848449707,,,,adamh-scaling-ladder-nemotron-optimal-1e+21-v5-019021
18716,2.678980588912964,,,,adamh-scaling-ladder-nemotron-optimal-1e+21-v5-019021
18718,2.6350059509277344,,,,adamh-scaling-ladder-nemotron-optimal-1e+21-v5-019021
18728,2.6448352336883545,,,,adamh-scaling-ladder-nemotron-optimal-1e+21-v5-019021
18733,2.6393654346466064,,,,adamh-scaling-ladder-nemotron-optimal-1e+21-v5-019021
18743,2.6363396644592285,,,,adamh-scaling-ladder-nemotron-optimal-1e+21-v5-019021
18750,2.6294922828674316,,,,adamh-scaling-ladder-nemotron-optimal-1e+21-v5-019021
18756,2.653860092163086,,,,adamh-scaling-ladder-nemotron-optimal-1e+21-v5-019021
18777,2.6257903575897217,,,,adamh-scaling-ladder-nemotron-optimal-1e+21-v5-019021
18808,2.6351029872894287,,,,adamh-scaling-ladder-nemotron-optimal-1e+21-v5-019021
18814,2.647202730178833,,,,adamh-scaling-ladder-nemotron-optimal-1e+21-v5-019021
18834,2.61909556388855,,,,adamh-scaling-ladder-nemotron-optimal-1e+21-v5-019021
18848,2.641249895095825,,,,adamh-scaling-ladder-nemotron-optimal-1e+21-v5-019021
18860,2.6619060039520264,,,,adamh-scaling-ladder-nemotron-optimal-1e+21-v5-019021
18864,2.63700008392334,,,,adamh-scaling-ladder-nemotron-optimal-1e+21-v5-019021
18869,2.6513915061950684,,,,adamh-scaling-ladder-nemotron-optimal-1e+21-v5-019021
18874,2.616827964782715,,,,adamh-scaling-ladder-nemotron-optimal-1e+21-v5-019021
18880,2.6622166633605957,,,,adamh-scaling-ladder-nemotron-optimal-1e+21-v5-019021
18881,2.6097559928894043,,,,adamh-scaling-ladder-nemotron-optimal-1e+21-v5-019021
18908,2.662405490875244,,,,adamh-scaling-ladder-nemotron-optimal-1e+21-v5-019021
18909,2.6336071491241455,,,,adamh-scaling-ladder-nemotron-optimal-1e+21-v5-019021
18920,2.6142282485961914,,,,adamh-scaling-ladder-nemotron-optimal-1e+21-v5-019021
18921,2.630518674850464,,,,adamh-scaling-ladder-nemotron-optimal-1e+21-v5-019021
18928,2.63981294631958,,,,adamh-scaling-ladder-nemotron-optimal-1e+21-v5-019021
18966,2.6539063453674316,,,,adamh-scaling-ladder-nemotron-optimal-1e+21-v5-019021
18974,2.6600558757781982,,,,adamh-scaling-ladder-nemotron-optimal-1e+21-v5-019021
18978,2.6197478771209717,,,,adamh-scaling-ladder-nemotron-optimal-1e+21-v5-019021
19000,2.6132965087890625,2.908398151397705,2.6920056343078613,2.824528694152832,adamh-scaling-ladder-nemotron-optimal-1e+21-v5-019021
19009,2.6051483154296875,,,,adamh-scaling-ladder-nemotron-optimal-1e+21-v5-019021
19030,2.612226724624634,,,,adamh-scaling-ladder-nemotron-optimal-1e+21-v5-019021
19043,2.6366126537323,,,,adamh-scaling-ladder-nemotron-optimal-1e+21-v5-019021
19064,2.619995355606079,,,,adamh-scaling-ladder-nemotron-optimal-1e+21-v5-019021
19075,2.595093011856079,,,,adamh-scaling-ladder-nemotron-optimal-1e+21-v5-019021
19079,2.6195952892303467,,,,adamh-scaling-ladder-nemotron-optimal-1e+21-v5-019021
19096,2.634082317352295,,,,adamh-scaling-ladder-nemotron-optimal-1e+21-v5-019021
19126,2.636040687561035,,,,adamh-scaling-ladder-nemotron-optimal-1e+21-v5-019021
19137,2.607020139694214,,,,adamh-scaling-ladder-nemotron-optimal-1e+21-v5-019021
19143,2.6406819820404053,,,,adamh-scaling-ladder-nemotron-optimal-1e+21-v5-019021
19159,2.6253983974456787,,,,adamh-scaling-ladder-nemotron-optimal-1e+21-v5-019021
19163,2.594568967819214,,,,adamh-scaling-ladder-nemotron-optimal-1e+21-v5-019021
19182,2.625699043273926,,,,adamh-scaling-ladder-nemotron-optimal-1e+21-v5-019021
19183,2.595442533493042,,,,adamh-scaling-ladder-nemotron-optimal-1e+21-v5-019021
19195,2.6309282779693604,,,,adamh-scaling-ladder-nemotron-optimal-1e+21-v5-019021
19201,2.640578031539917,,,,adamh-scaling-ladder-nemotron-optimal-1e+21-v5-019021
19203,2.623617172241211,,,,adamh-scaling-ladder-nemotron-optimal-1e+21-v5-019021
19244,2.6371171474456787,,,,adamh-scaling-ladder-nemotron-optimal-1e+21-v5-019021
19245,2.638340950012207,,,,adamh-scaling-ladder-nemotron-optimal-1e+21-v5-019021
19251,2.598787546157837,,,,adamh-scaling-ladder-nemotron-optimal-1e+21-v5-019021
19253,2.622897148132324,,,,adamh-scaling-ladder-nemotron-optimal-1e+21-v5-019021
19272,2.600801706314087,,,,adamh-scaling-ladder-nemotron-optimal-1e+21-v5-019021
19283,2.6558501720428467,,,,adamh-scaling-ladder-nemotron-optimal-1e+21-v5-019021
19291,2.6127848625183105,,,,adamh-scaling-ladder-nemotron-optimal-1e+21-v5-019021
19302,2.621722459793091,,,,adamh-scaling-ladder-nemotron-optimal-1e+21-v5-019021
19328,2.6122450828552246,,,,adamh-scaling-ladder-nemotron-optimal-1e+21-v5-019021
19330,2.615441083908081,,,,adamh-scaling-ladder-nemotron-optimal-1e+21-v5-019021
19346,2.6170053482055664,,,,adamh-scaling-ladder-nemotron-optimal-1e+21-v5-019021
19363,2.6068050861358643,,,,adamh-scaling-ladder-nemotron-optimal-1e+21-v5-019021
19367,2.603969097137451,,,,adamh-scaling-ladder-nemotron-optimal-1e+21-v5-019021
19389,2.5829017162323,,,,adamh-scaling-ladder-nemotron-optimal-1e+21-v5-019021
19397,2.64920711517334,,,,adamh-scaling-ladder-nemotron-optimal-1e+21-v5-019021
19402,2.593210458755493,,,,adamh-scaling-ladder-nemotron-optimal-1e+21-v5-019021
19406,2.594029188156128,,,,adamh-scaling-ladder-nemotron-optimal-1e+21-v5-019021
19409,2.6203620433807373,,,,adamh-scaling-ladder-nemotron-optimal-1e+21-v5-019021
19433,2.6149981021881104,,,,adamh-scaling-ladder-nemotron-optimal-1e+21-v5-019021
19442,2.5974771976470947,,,,adamh-scaling-ladder-nemotron-optimal-1e+21-v5-019021
19445,2.633716106414795,,,,adamh-scaling-ladder-nemotron-optimal-1e+21-v5-019021
19505,2.603471517562866,,,,adamh-scaling-ladder-nemotron-optimal-1e+21-v5-019021
19520,2.5765769481658936,,,,adamh-scaling-ladder-nemotron-optimal-1e+21-v5-019021
19532,2.565369129180908,,,,adamh-scaling-ladder-nemotron-optimal-1e+21-v5-019021
19546,2.588982343673706,,,,adamh-scaling-ladder-nemotron-optimal-1e+21-v5-019021
19561,2.5998306274414062,,,,adamh-scaling-ladder-nemotron-optimal-1e+21-v5-019021
19570,2.579636335372925,,,,adamh-scaling-ladder-nemotron-optimal-1e+21-v5-019021
19576,2.5787899494171143,,,,adamh-scaling-ladder-nemotron-optimal-1e+21-v5-019021
19585,2.6113247871398926,,,,adamh-scaling-ladder-nemotron-optimal-1e+21-v5-019021
19599,2.596656322479248,,,,adamh-scaling-ladder-nemotron-optimal-1e+21-v5-019021
19615,2.571735382080078,,,,adamh-scaling-ladder-nemotron-optimal-1e+21-v5-019021
19620,2.5917563438415527,,,,adamh-scaling-ladder-nemotron-optimal-1e+21-v5-019021
19629,2.5648062229156494,,,,adamh-scaling-ladder-nemotron-optimal-1e+21-v5-019021
19636,2.593177318572998,,,,adamh-scaling-ladder-nemotron-optimal-1e+21-v5-019021
19638,2.5528976917266846,,,,adamh-scaling-ladder-nemotron-optimal-1e+21-v5-019021
19669,2.5679666996002197,,,,adamh-scaling-ladder-nemotron-optimal-1e+21-v5-019021
19677,2.5663154125213623,,,,adamh-scaling-ladder-nemotron-optimal-1e+21-v5-019021
19719,2.5807464122772217,,,,adamh-scaling-ladder-nemotron-optimal-1e+21-v5-019021
19723,2.583763599395752,,,,adamh-scaling-ladder-nemotron-optimal-1e+21-v5-019021
19737,2.5796010494232178,,,,adamh-scaling-ladder-nemotron-optimal-1e+21-v5-019021
19756,2.6007657051086426,,,,adamh-scaling-ladder-nemotron-optimal-1e+21-v5-019021
19757,2.568692445755005,,,,adamh-scaling-ladder-nemotron-optimal-1e+21-v5-019021
19770,2.598982810974121,,,,adamh-scaling-ladder-nemotron-optimal-1e+21-v5-019021
19772,2.5976030826568604,,,,adamh-scaling-ladder-nemotron-optimal-1e+21-v5-019021
19800,2.5547637939453125,,,,adamh-scaling-ladder-nemotron-optimal-1e+21-v5-019021
19813,2.5600266456604004,,,,adamh-scaling-ladder-nemotron-optimal-1e+21-v5-019021
19815,2.5678775310516357,,,,adamh-scaling-ladder-nemotron-optimal-1e+21-v5-019021
19833,2.5505871772766113,,,,adamh-scaling-ladder-nemotron-optimal-1e+21-v5-019021
19845,2.5461912155151367,,,,adamh-scaling-ladder-nemotron-optimal-1e+21-v5-019021
19869,2.591216564178467,,,,adamh-scaling-ladder-nemotron-optimal-1e+21-v5-019021
19877,2.591219186782837,,,,adamh-scaling-ladder-nemotron-optimal-1e+21-v5-019021
19880,2.6041502952575684,,,,adamh-scaling-ladder-nemotron-optimal-1e+21-v5-019021
19884,2.5893335342407227,,,,adamh-scaling-ladder-nemotron-optimal-1e+21-v5-019021
19897,2.5660345554351807,,,,adamh-scaling-ladder-nemotron-optimal-1e+21-v5-019021
19912,2.537752866744995,,,,adamh-scaling-ladder-nemotron-optimal-1e+21-v5-019021
19924,2.569352388381958,,,,adamh-scaling-ladder-nemotron-optimal-1e+21-v5-019021
19935,2.5765137672424316,,,,adamh-scaling-ladder-nemotron-optimal-1e+21-v5-019021
19952,2.5824944972991943,,,,adamh-scaling-ladder-nemotron-optimal-1e+21-v5-019021
19973,2.5473201274871826,,,,adamh-scaling-ladder-nemotron-optimal-1e+21-v5-019021
19980,2.587204933166504,,,,adamh-scaling-ladder-nemotron-optimal-1e+21-v5-019021
19989,2.5468368530273438,,,,adamh-scaling-ladder-nemotron-optimal-1e+21-v5-019021
20000,,2.8472084999084473,2.618781805038452,2.7496564388275146,adamh-scaling-ladder-nemotron-optimal-1e+21-v5-019021
20038,2.553865909576416,,,,adamh-scaling-ladder-nemotron-optimal-1e+21-v5-019021
20074,2.579660177230835,,,,adamh-scaling-ladder-nemotron-optimal-1e+21-v5-019021
20093,2.544886589050293,,,,adamh-scaling-ladder-nemotron-optimal-1e+21-v5-019021
20098,2.5649046897888184,,,,adamh-scaling-ladder-nemotron-optimal-1e+21-v5-019021
20107,2.5351901054382324,,,,adamh-scaling-ladder-nemotron-optimal-1e+21-v5-019021
20115,2.563629388809204,,,,adamh-scaling-ladder-nemotron-optimal-1e+21-v5-019021
20158,2.556513547897339,,,,adamh-scaling-ladder-nemotron-optimal-1e+21-v5-019021
20186,2.567164182662964,,,,adamh-scaling-ladder-nemotron-optimal-1e+21-v5-019021
20201,2.5415027141571045,,,,adamh-scaling-ladder-nemotron-optimal-1e+21-v5-019021
20208,2.549076557159424,,,,adamh-scaling-ladder-nemotron-optimal-1e+21-v5-019021
20227,2.544959306716919,,,,adamh-scaling-ladder-nemotron-optimal-1e+21-v5-019021
20237,2.5477190017700195,,,,adamh-scaling-ladder-nemotron-optimal-1e+21-v5-019021
20247,2.5068917274475098,,,,adamh-scaling-ladder-nemotron-optimal-1e+21-v5-019021
20250,2.558356761932373,,,,adamh-scaling-ladder-nemotron-optimal-1e+21-v5-019021
20265,2.551727294921875,,,,adamh-scaling-ladder-nemotron-optimal-1e+21-v5-019021
20267,2.561887502670288,,,,adamh-scaling-ladder-nemotron-optimal-1e+21-v5-019021
20269,2.577381134033203,,,,adamh-scaling-ladder-nemotron-optimal-1e+21-v5-019021
20291,2.5364062786102295,,,,adamh-scaling-ladder-nemotron-optimal-1e+21-v5-019021
20295,2.5501880645751953,,,,adamh-scaling-ladder-nemotron-optimal-1e+21-v5-019021
20298,2.52521014213562,,,,adamh-scaling-ladder-nemotron-optimal-1e+21-v5-019021
20330,2.5375185012817383,,,,adamh-scaling-ladder-nemotron-optimal-1e+21-v5-019021
20333,2.5579674243927,,,,adamh-scaling-ladder-nemotron-optimal-1e+21-v5-019021
20342,2.5570530891418457,,,,adamh-scaling-ladder-nemotron-optimal-1e+21-v5-019021
20344,2.5788590908050537,,,,adamh-scaling-ladder-nemotron-optimal-1e+21-v5-019021
20345,2.5238683223724365,,,,adamh-scaling-ladder-nemotron-optimal-1e+21-v5-019021
20350,2.5653748512268066,,,,adamh-scaling-ladder-nemotron-optimal-1e+21-v5-019021
20353,2.5735628604888916,,,,adamh-scaling-ladder-nemotron-optimal-1e+21-v5-019021
20400,2.533602476119995,,,,adamh-scaling-ladder-nemotron-optimal-1e+21-v5-019021
20461,2.552403450012207,,,,adamh-scaling-ladder-nemotron-optimal-1e+21-v5-019021
20476,2.5059456825256348,,,,adamh-scaling-ladder-nemotron-optimal-1e+21-v5-019021
20482,2.554736614227295,,,,adamh-scaling-ladder-nemotron-optimal-1e+21-v5-019021
20487,2.53433895111084,,,,adamh-scaling-ladder-nemotron-optimal-1e+21-v5-019021
20493,2.542705535888672,,,,adamh-scaling-ladder-nemotron-optimal-1e+21-v5-019021
20512,2.50144100189209,,,,adamh-scaling-ladder-nemotron-optimal-1e+21-v5-019021
20514,2.570096492767334,,,,adamh-scaling-ladder-nemotron-optimal-1e+21-v5-019021
20522,2.548130750656128,,,,adamh-scaling-ladder-nemotron-optimal-1e+21-v5-019021
20534,2.511343240737915,,,,adamh-scaling-ladder-nemotron-optimal-1e+21-v5-019021
20540,2.533262252807617,,,,adamh-scaling-ladder-nemotron-optimal-1e+21-v5-019021
20551,2.502977132797241,,,,adamh-scaling-ladder-nemotron-optimal-1e+21-v5-019021
20674,2.5210700035095215,,,,adamh-scaling-ladder-nemotron-optimal-1e+21-v5-019021
20686,2.5028796195983887,,,,adamh-scaling-ladder-nemotron-optimal-1e+21-v5-019021
20704,2.50301456451416,,,,adamh-scaling-ladder-nemotron-optimal-1e+21-v5-019021
20706,2.5415236949920654,,,,adamh-scaling-ladder-nemotron-optimal-1e+21-v5-019021
20723,2.5152087211608887,,,,adamh-scaling-ladder-nemotron-optimal-1e+21-v5-019021
20736,2.5143234729766846,,,,adamh-scaling-ladder-nemotron-optimal-1e+21-v5-019021
20743,2.516617774963379,,,,adamh-scaling-ladder-nemotron-optimal-1e+21-v5-019021
20745,2.522981882095337,,,,adamh-scaling-ladder-nemotron-optimal-1e+21-v5-019021
20751,2.5408947467803955,,,,adamh-scaling-ladder-nemotron-optimal-1e+21-v5-019021
20761,2.521544933319092,,,,adamh-scaling-ladder-nemotron-optimal-1e+21-v5-019021
20773,2.509350299835205,,,,adamh-scaling-ladder-nemotron-optimal-1e+21-v5-019021
20778,2.513611078262329,,,,adamh-scaling-ladder-nemotron-optimal-1e+21-v5-019021
20784,2.521843194961548,,,,adamh-scaling-ladder-nemotron-optimal-1e+21-v5-019021
20799,2.5010406970977783,,,,adamh-scaling-ladder-nemotron-optimal-1e+21-v5-019021
20805,2.5390286445617676,,,,adamh-scaling-ladder-nemotron-optimal-1e+21-v5-019021
20816,2.486393928527832,,,,adamh-scaling-ladder-nemotron-optimal-1e+21-v5-019021
20843,2.5279314517974854,,,,adamh-scaling-ladder-nemotron-optimal-1e+21-v5-019021
20869,2.471921443939209,,,,adamh-scaling-ladder-nemotron-optimal-1e+21-v5-019021
20874,2.5274622440338135,,,,adamh-scaling-ladder-nemotron-optimal-1e+21-v5-019021
20882,2.560110330581665,,,,adamh-scaling-ladder-nemotron-optimal-1e+21-v5-019021
20912,2.4993174076080322,,,,adamh-scaling-ladder-nemotron-optimal-1e+21-v5-019021
20942,2.4800775051116943,,,,adamh-scaling-ladder-nemotron-optimal-1e+21-v5-019021
20950,2.49954891204834,,,,adamh-scaling-ladder-nemotron-optimal-1e+21-v5-019021
20977,2.4901721477508545,,,,adamh-scaling-ladder-nemotron-optimal-1e+21-v5-019021
20980,2.481130838394165,,,,adamh-scaling-ladder-nemotron-optimal-1e+21-v5-019021
20989,2.5020229816436768,,,,adamh-scaling-ladder-nemotron-optimal-1e+21-v5-019021
20997,2.4835691452026367,,,,adamh-scaling-ladder-nemotron-optimal-1e+21-v5-019021
21000,,2.781846284866333,2.549701452255249,2.677644729614258,adamh-scaling-ladder-nemotron-optimal-1e+21-v5-019021
21002,2.4741063117980957,,,,adamh-scaling-ladder-nemotron-optimal-1e+21-v5-019021
21028,2.5117528438568115,,,,adamh-scaling-ladder-nemotron-optimal-1e+21-v5-019021
21040,2.4831085205078125,,,,adamh-scaling-ladder-nemotron-optimal-1e+21-v5-019021
21041,2.4965169429779053,,,,adamh-scaling-ladder-nemotron-optimal-1e+21-v5-019021
21072,2.4885454177856445,,,,adamh-scaling-ladder-nemotron-optimal-1e+21-v5-019021
21081,2.4746243953704834,,,,adamh-scaling-ladder-nemotron-optimal-1e+21-v5-019021
21091,2.4950239658355713,,,,adamh-scaling-ladder-nemotron-optimal-1e+21-v5-019021
21092,2.4767110347747803,,,,adamh-scaling-ladder-nemotron-optimal-1e+21-v5-019021
21097,2.4930882453918457,,,,adamh-scaling-ladder-nemotron-optimal-1e+21-v5-019021
21108,2.506704092025757,,,,adamh-scaling-ladder-nemotron-optimal-1e+21-v5-019021
21113,2.492880344390869,,,,adamh-scaling-ladder-nemotron-optimal-1e+21-v5-019021
21132,2.495875358581543,,,,adamh-scaling-ladder-nemotron-optimal-1e+21-v5-019021
21165,2.4822020530700684,,,,adamh-scaling-ladder-nemotron-optimal-1e+21-v5-019021
21185,2.4993157386779785,,,,adamh-scaling-ladder-nemotron-optimal-1e+21-v5-019021
21201,2.4923133850097656,,,,adamh-scaling-ladder-nemotron-optimal-1e+21-v5-019021
21243,2.481822967529297,,,,adamh-scaling-ladder-nemotron-optimal-1e+21-v5-019021
21249,2.5084688663482666,,,,adamh-scaling-ladder-nemotron-optimal-1e+21-v5-019021
21278,2.5011892318725586,,,,adamh-scaling-ladder-nemotron-optimal-1e+21-v5-019021
21297,2.4725935459136963,,,,adamh-scaling-ladder-nemotron-optimal-1e+21-v5-019021
21313,2.513430118560791,,,,adamh-scaling-ladder-nemotron-optimal-1e+21-v5-019021
21318,2.4951133728027344,,,,adamh-scaling-ladder-nemotron-optimal-1e+21-v5-019021
21360,2.5063955783843994,,,,adamh-scaling-ladder-nemotron-optimal-1e+21-v5-019021
21363,2.468153476715088,,,,adamh-scaling-ladder-nemotron-optimal-1e+21-v5-019021
21385,2.459871530532837,,,,adamh-scaling-ladder-nemotron-optimal-1e+21-v5-019021
21418,2.445769786834717,,,,adamh-scaling-ladder-nemotron-optimal-1e+21-v5-019021
21433,2.494537115097046,,,,adamh-scaling-ladder-nemotron-optimal-1e+21-v5-019021
21447,2.473829746246338,,,,adamh-scaling-ladder-nemotron-optimal-1e+21-v5-019021
21459,2.4387292861938477,,,,adamh-scaling-ladder-nemotron-optimal-1e+21-v5-019021
21469,2.4773197174072266,,,,adamh-scaling-ladder-nemotron-optimal-1e+21-v5-019021
21496,2.4704020023345947,,,,adamh-scaling-ladder-nemotron-optimal-1e+21-v5-019021
21511,2.48374080657959,,,,adamh-scaling-ladder-nemotron-optimal-1e+21-v5-019021
21561,2.471306085586548,,,,adamh-scaling-ladder-nemotron-optimal-1e+21-v5-019021
21574,2.4607207775115967,,,,adamh-scaling-ladder-nemotron-optimal-1e+21-v5-019021
21621,2.4754865169525146,,,,adamh-scaling-ladder-nemotron-optimal-1e+21-v5-019021
21633,2.4479968547821045,,,,adamh-scaling-ladder-nemotron-optimal-1e+21-v5-019021
21637,2.469938278198242,,,,adamh-scaling-ladder-nemotron-optimal-1e+21-v5-019021
21659,2.4893670082092285,,,,adamh-scaling-ladder-nemotron-optimal-1e+21-v5-019021
21665,2.450495719909668,,,,adamh-scaling-ladder-nemotron-optimal-1e+21-v5-019021
21679,2.4579458236694336,,,,adamh-scaling-ladder-nemotron-optimal-1e+21-v5-019021
21692,2.450514554977417,,,,adamh-scaling-ladder-nemotron-optimal-1e+21-v5-019021
21698,2.474985361099243,,,,adamh-scaling-ladder-nemotron-optimal-1e+21-v5-019021
21774,2.459775686264038,,,,adamh-scaling-ladder-nemotron-optimal-1e+21-v5-019021
21780,2.4809486865997314,,,,adamh-scaling-ladder-nemotron-optimal-1e+21-v5-019021
21851,2.44954252243042,,,,adamh-scaling-ladder-nemotron-optimal-1e+21-v5-019021
21858,2.4711692333221436,,,,adamh-scaling-ladder-nemotron-optimal-1e+21-v5-019021
21871,2.471487283706665,,,,adamh-scaling-ladder-nemotron-optimal-1e+21-v5-019021
21877,2.4268953800201416,,,,adamh-scaling-ladder-nemotron-optimal-1e+21-v5-019021
21882,2.422553062438965,,,,adamh-scaling-ladder-nemotron-optimal-1e+21-v5-019021
21923,2.4692420959472656,,,,adamh-scaling-ladder-nemotron-optimal-1e+21-v5-019021
21945,2.444145917892456,,,,adamh-scaling-ladder-nemotron-optimal-1e+21-v5-019021
21950,2.4444220066070557,,,,adamh-scaling-ladder-nemotron-optimal-1e+21-v5-019021
21953,2.4666836261749268,,,,adamh-scaling-ladder-nemotron-optimal-1e+21-v5-019021
21958,2.4576966762542725,,,,adamh-scaling-ladder-nemotron-optimal-1e+21-v5-019021
21970,2.4728963375091553,,,,adamh-scaling-ladder-nemotron-optimal-1e+21-v5-019021
21972,2.459321975708008,,,,adamh-scaling-ladder-nemotron-optimal-1e+21-v5-019021
21974,2.409558057785034,,,,adamh-scaling-ladder-nemotron-optimal-1e+21-v5-019021
21997,2.434206008911133,,,,adamh-scaling-ladder-nemotron-optimal-1e+21-v5-019021
22000,,2.733130931854248,2.4986584186553955,2.6257612705230713,adamh-scaling-ladder-nemotron-optimal-1e+21-v5-019021
22012,2.4154512882232666,,,,adamh-scaling-ladder-nemotron-optimal-1e+21-v5-019021
22019,2.475893497467041,,,,adamh-scaling-ladder-nemotron-optimal-1e+21-v5-019021
22056,,2.7326152324676514,2.4979465007781982,2.6251490116119385,adamh-scaling-ladder-nemotron-optimal-1e+21-v5-019021
