_step,train/loss,eval/paloma/c4_en/loss,eval/loss,eval/macro_loss,_segment
0,,12.250886917114258,12.248963356018066,12.253935813903809,adamh-scaling-ladder-nemotron-optimal-1e+22-v5-025b0e
1,12.245969772338867,,,,adamh-scaling-ladder-nemotron-optimal-1e+22-v5-025b0e
60,8.998679161071777,,,,adamh-scaling-ladder-nemotron-optimal-1e+22-v5-025b0e
62,8.943999290466309,,,,adamh-scaling-ladder-nemotron-optimal-1e+22-v5-025b0e
73,8.69726276397705,,,,adamh-scaling-ladder-nemotron-optimal-1e+22-v5-025b0e
181,6.559773921966553,,,,adamh-scaling-ladder-nemotron-optimal-1e+22-v5-025b0e
184,6.536850929260254,,,,adamh-scaling-ladder-nemotron-optimal-1e+22-v5-025b0e
188,6.492620944976807,,,,adamh-scaling-ladder-nemotron-optimal-1e+22-v5-025b0e
199,6.320273399353027,,,,adamh-scaling-ladder-nemotron-optimal-1e+22-v5-025b0e
227,6.024702548980713,,,,adamh-scaling-ladder-nemotron-optimal-1e+22-v5-025b0e
269,5.641241550445557,,,,adamh-scaling-ladder-nemotron-optimal-1e+22-v5-025b0e
283,5.541555881500244,,,,adamh-scaling-ladder-nemotron-optimal-1e+22-v5-025b0e
290,5.4549241065979,,,,adamh-scaling-ladder-nemotron-optimal-1e+22-v5-025b0e
313,5.334445953369141,,,,adamh-scaling-ladder-nemotron-optimal-1e+22-v5-025b0e
321,5.268764495849609,,,,adamh-scaling-ladder-nemotron-optimal-1e+22-v5-025b0e
322,5.232555389404297,,,,adamh-scaling-ladder-nemotron-optimal-1e+22-v5-025b0e
343,5.128352165222168,,,,adamh-scaling-ladder-nemotron-optimal-1e+22-v5-025b0e
360,5.057785987854004,,,,adamh-scaling-ladder-nemotron-optimal-1e+22-v5-025b0e
370,4.981365203857422,,,,adamh-scaling-ladder-nemotron-optimal-1e+22-v5-025b0e
377,4.946308612823486,,,,adamh-scaling-ladder-nemotron-optimal-1e+22-v5-025b0e
444,4.688949108123779,,,,adamh-scaling-ladder-nemotron-optimal-1e+22-v5-025b0e
445,4.672077655792236,,,,adamh-scaling-ladder-nemotron-optimal-1e+22-v5-025b0e
468,4.613409519195557,,,,adamh-scaling-ladder-nemotron-optimal-1e+22-v5-025b0e
518,4.470641136169434,,,,adamh-scaling-ladder-nemotron-optimal-1e+22-v5-025b0e
523,4.44579553604126,,,,adamh-scaling-ladder-nemotron-optimal-1e+22-v5-025b0e
570,4.316162109375,,,,adamh-scaling-ladder-nemotron-optimal-1e+22-v5-025b0e
613,4.19666051864624,,,,adamh-scaling-ladder-nemotron-optimal-1e+22-v5-025b0e
642,4.101587295532227,,,,adamh-scaling-ladder-nemotron-optimal-1e+22-v5-025b0e
649,4.066304683685303,,,,adamh-scaling-ladder-nemotron-optimal-1e+22-v5-025b0e
680,3.9736084938049316,,,,adamh-scaling-ladder-nemotron-optimal-1e+22-v5-025b0e
707,3.934846878051758,,,,adamh-scaling-ladder-nemotron-optimal-1e+22-v5-025b0e
733,3.857795238494873,,,,adamh-scaling-ladder-nemotron-optimal-1e+22-v5-025b0e
838,3.658763885498047,,,,adamh-scaling-ladder-nemotron-optimal-1e+22-v5-025b0e
867,3.6440892219543457,,,,adamh-scaling-ladder-nemotron-optimal-1e+22-v5-025b0e
876,3.6045212745666504,,,,adamh-scaling-ladder-nemotron-optimal-1e+22-v5-025b0e
883,3.6304268836975098,,,,adamh-scaling-ladder-nemotron-optimal-1e+22-v5-025b0e
904,3.6024935245513916,,,,adamh-scaling-ladder-nemotron-optimal-1e+22-v5-025b0e
909,3.541788101196289,,,,adamh-scaling-ladder-nemotron-optimal-1e+22-v5-025b0e
927,3.5847203731536865,,,,adamh-scaling-ladder-nemotron-optimal-1e+22-v5-025b0e
1000,,3.763037919998169,3.633516788482666,3.8040356636047363,adamh-scaling-ladder-nemotron-optimal-1e+22-v5-025b0e
1055,3.408716917037964,,,,adamh-scaling-ladder-nemotron-optimal-1e+22-v5-025b0e
1067,3.4177207946777344,,,,adamh-scaling-ladder-nemotron-optimal-1e+22-v5-025b0e
1083,3.3665738105773926,,,,adamh-scaling-ladder-nemotron-optimal-1e+22-v5-025b0e
1100,3.3795833587646484,,,,adamh-scaling-ladder-nemotron-optimal-1e+22-v5-025b0e
1129,3.351801633834839,,,,adamh-scaling-ladder-nemotron-optimal-1e+22-v5-025b0e
1133,3.347445249557495,,,,adamh-scaling-ladder-nemotron-optimal-1e+22-v5-025b0e
1150,3.3266570568084717,,,,adamh-scaling-ladder-nemotron-optimal-1e+22-v5-025b0e
1152,3.326807737350464,,,,adamh-scaling-ladder-nemotron-optimal-1e+22-v5-025b0e
1164,3.3480827808380127,,,,adamh-scaling-ladder-nemotron-optimal-1e+22-v5-025b0e
1209,3.2995762825012207,,,,adamh-scaling-ladder-nemotron-optimal-1e+22-v5-025b0e
1212,3.2756917476654053,,,,adamh-scaling-ladder-nemotron-optimal-1e+22-v5-025b0e
1263,3.2680180072784424,,,,adamh-scaling-ladder-nemotron-optimal-1e+22-v5-025b0e
1265,3.2758493423461914,,,,adamh-scaling-ladder-nemotron-optimal-1e+22-v5-025b0e
1399,3.140841245651245,,,,adamh-scaling-ladder-nemotron-optimal-1e+22-v5-025b0e
1412,3.1798298358917236,,,,adamh-scaling-ladder-nemotron-optimal-1e+22-v5-025b0e
1432,3.168813467025757,,,,adamh-scaling-ladder-nemotron-optimal-1e+22-v5-025b0e
1453,3.148418426513672,,,,adamh-scaling-ladder-nemotron-optimal-1e+22-v5-025b0e
1457,3.134007692337036,,,,adamh-scaling-ladder-nemotron-optimal-1e+22-v5-025b0e
1504,3.137158155441284,,,,adamh-scaling-ladder-nemotron-optimal-1e+22-v5-025b0e
1530,3.1005730628967285,,,,adamh-scaling-ladder-nemotron-optimal-1e+22-v5-025b0e
1531,3.120753765106201,,,,adamh-scaling-ladder-nemotron-optimal-1e+22-v5-025b0e
1587,3.122236967086792,,,,adamh-scaling-ladder-nemotron-optimal-1e+22-v5-025b0e
1623,3.07729434967041,,,,adamh-scaling-ladder-nemotron-optimal-1e+22-v5-025b0e
1652,3.091014862060547,,,,adamh-scaling-ladder-nemotron-optimal-1e+22-v5-025b0e
1668,3.0798943042755127,,,,adamh-scaling-ladder-nemotron-optimal-1e+22-v5-025b0e
1684,3.0570619106292725,,,,adamh-scaling-ladder-nemotron-optimal-1e+22-v5-025b0e
1693,3.0353822708129883,,,,adamh-scaling-ladder-nemotron-optimal-1e+22-v5-025b0e
1696,3.0725250244140625,,,,adamh-scaling-ladder-nemotron-optimal-1e+22-v5-025b0e
1701,3.0393428802490234,,,,adamh-scaling-ladder-nemotron-optimal-1e+22-v5-025b0e
1769,3.0478298664093018,,,,adamh-scaling-ladder-nemotron-optimal-1e+22-v5-025b0e
1843,3.031405210494995,,,,adamh-scaling-ladder-nemotron-optimal-1e+22-v5-025b0e
1857,3.0370171070098877,,,,adamh-scaling-ladder-nemotron-optimal-1e+22-v5-025b0e
1859,3.0341198444366455,,,,adamh-scaling-ladder-nemotron-optimal-1e+22-v5-025b0e
1874,3.007676839828491,,,,adamh-scaling-ladder-nemotron-optimal-1e+22-v5-025b0e
1903,3.0151028633117676,,,,adamh-scaling-ladder-nemotron-optimal-1e+22-v5-025b0e
1909,3.004324197769165,,,,adamh-scaling-ladder-nemotron-optimal-1e+22-v5-025b0e
1913,2.975616455078125,,,,adamh-scaling-ladder-nemotron-optimal-1e+22-v5-025b0e
1916,2.973158121109009,,,,adamh-scaling-ladder-nemotron-optimal-1e+22-v5-025b0e
1944,2.987456798553467,,,,adamh-scaling-ladder-nemotron-optimal-1e+22-v5-025b0e
1968,2.968869686126709,,,,adamh-scaling-ladder-nemotron-optimal-1e+22-v5-025b0e
2000,,3.2490856647491455,3.07295298576355,3.2221641540527344,adamh-scaling-ladder-nemotron-optimal-1e+22-v5-025b0e
2008,2.9647014141082764,,,,adamh-scaling-ladder-nemotron-optimal-1e+22-v5-025b0e
2034,2.974828004837036,,,,adamh-scaling-ladder-nemotron-optimal-1e+22-v5-025b0e
2056,2.9446218013763428,,,,adamh-scaling-ladder-nemotron-optimal-1e+22-v5-025b0e
2126,2.946901321411133,,,,adamh-scaling-ladder-nemotron-optimal-1e+22-v5-025b0e
2132,2.9461586475372314,,,,adamh-scaling-ladder-nemotron-optimal-1e+22-v5-025b0e
2140,2.936527729034424,,,,adamh-scaling-ladder-nemotron-optimal-1e+22-v5-025b0e
2183,2.928302049636841,,,,adamh-scaling-ladder-nemotron-optimal-1e+22-v5-025b0e
2201,2.9290523529052734,,,,adamh-scaling-ladder-nemotron-optimal-1e+22-v5-025b0e
2209,2.978895902633667,,,,adamh-scaling-ladder-nemotron-optimal-1e+22-v5-025b0e
2215,2.923102855682373,,,,adamh-scaling-ladder-nemotron-optimal-1e+22-v5-025b0e
2245,2.913862943649292,,,,adamh-scaling-ladder-nemotron-optimal-1e+22-v5-025b0e
2260,2.905207872390747,,,,adamh-scaling-ladder-nemotron-optimal-1e+22-v5-025b0e
2266,2.9193315505981445,,,,adamh-scaling-ladder-nemotron-optimal-1e+22-v5-025b0e
2374,2.913750648498535,,,,adamh-scaling-ladder-nemotron-optimal-1e+22-v5-025b0e
2377,2.9142544269561768,,,,adamh-scaling-ladder-nemotron-optimal-1e+22-v5-025b0e
2384,2.888979434967041,,,,adamh-scaling-ladder-nemotron-optimal-1e+22-v5-025b0e
2404,2.8747687339782715,,,,adamh-scaling-ladder-nemotron-optimal-1e+22-v5-025b0e
2413,2.9066414833068848,,,,adamh-scaling-ladder-nemotron-optimal-1e+22-v5-025b0e
2417,2.8700203895568848,,,,adamh-scaling-ladder-nemotron-optimal-1e+22-v5-025b0e
2445,2.88350510597229,,,,adamh-scaling-ladder-nemotron-optimal-1e+22-v5-025b0e
2452,2.8599960803985596,,,,adamh-scaling-ladder-nemotron-optimal-1e+22-v5-025b0e
2459,2.8958091735839844,,,,adamh-scaling-ladder-nemotron-optimal-1e+22-v5-025b0e
2461,2.8944790363311768,,,,adamh-scaling-ladder-nemotron-optimal-1e+22-v5-025b0e
2500,2.8740172386169434,,,,adamh-scaling-ladder-nemotron-optimal-1e+22-v5-025b0e
2554,2.8787107467651367,,,,adamh-scaling-ladder-nemotron-optimal-1e+22-v5-025b0e
2580,2.8754336833953857,,,,adamh-scaling-ladder-nemotron-optimal-1e+22-v5-025b0e
2588,2.850365400314331,,,,adamh-scaling-ladder-nemotron-optimal-1e+22-v5-025b0e
2606,2.8381426334381104,,,,adamh-scaling-ladder-nemotron-optimal-1e+22-v5-025b0e
2634,2.875067949295044,,,,adamh-scaling-ladder-nemotron-optimal-1e+22-v5-025b0e
2722,2.822859048843384,,,,adamh-scaling-ladder-nemotron-optimal-1e+22-v5-025b0e
2724,2.854414939880371,,,,adamh-scaling-ladder-nemotron-optimal-1e+22-v5-025b0e
2755,2.841506242752075,,,,adamh-scaling-ladder-nemotron-optimal-1e+22-v5-025b0e
2766,2.8626441955566406,,,,adamh-scaling-ladder-nemotron-optimal-1e+22-v5-025b0e
2785,2.83642315864563,,,,adamh-scaling-ladder-nemotron-optimal-1e+22-v5-025b0e
2908,2.814321756362915,,,,adamh-scaling-ladder-nemotron-optimal-1e+22-v5-025b0e
2984,2.8148224353790283,,,,adamh-scaling-ladder-nemotron-optimal-1e+22-v5-025b0e
3000,,3.0936708450317383,2.893842935562134,3.0357730388641357,adamh-scaling-ladder-nemotron-optimal-1e+22-v5-025b0e
3006,2.8016810417175293,,,,adamh-scaling-ladder-nemotron-optimal-1e+22-v5-025b0e
3076,2.817336082458496,,,,adamh-scaling-ladder-nemotron-optimal-1e+22-v5-025b0e
3091,2.785646677017212,,,,adamh-scaling-ladder-nemotron-optimal-1e+22-v5-025b0e
3092,2.807544708251953,,,,adamh-scaling-ladder-nemotron-optimal-1e+22-v5-025b0e
3122,2.8102493286132812,,,,adamh-scaling-ladder-nemotron-optimal-1e+22-v5-025b0e
3180,2.8152475357055664,,,,adamh-scaling-ladder-nemotron-optimal-1e+22-v5-025b0e
3188,2.8265578746795654,,,,adamh-scaling-ladder-nemotron-optimal-1e+22-v5-025b0e
3200,2.8182976245880127,,,,adamh-scaling-ladder-nemotron-optimal-1e+22-v5-025b0e
3254,2.7864742279052734,,,,adamh-scaling-ladder-nemotron-optimal-1e+22-v5-025b0e
3271,2.776688575744629,,,,adamh-scaling-ladder-nemotron-optimal-1e+22-v5-025b0e
3293,2.7947914600372314,,,,adamh-scaling-ladder-nemotron-optimal-1e+22-v5-025b0e
3298,2.790761709213257,,,,adamh-scaling-ladder-nemotron-optimal-1e+22-v5-025b0e
3332,2.801701545715332,,,,adamh-scaling-ladder-nemotron-optimal-1e+22-v5-025b0e
3335,2.796967029571533,,,,adamh-scaling-ladder-nemotron-optimal-1e+22-v5-025b0e
3372,2.8053832054138184,,,,adamh-scaling-ladder-nemotron-optimal-1e+22-v5-025b0e
3373,2.7981743812561035,,,,adamh-scaling-ladder-nemotron-optimal-1e+22-v5-025b0e
3398,2.825860023498535,,,,adamh-scaling-ladder-nemotron-optimal-1e+22-v5-025b0e
3424,2.7764768600463867,,,,adamh-scaling-ladder-nemotron-optimal-1e+22-v5-025b0e
3425,2.807457208633423,,,,adamh-scaling-ladder-nemotron-optimal-1e+22-v5-025b0e
3439,2.79219651222229,,,,adamh-scaling-ladder-nemotron-optimal-1e+22-v5-025b0e
3441,2.7821130752563477,,,,adamh-scaling-ladder-nemotron-optimal-1e+22-v5-025b0e
3447,2.777679681777954,,,,adamh-scaling-ladder-nemotron-optimal-1e+22-v5-025b0e
3505,2.7928850650787354,,,,adamh-scaling-ladder-nemotron-optimal-1e+22-v5-025b0e
3558,2.752351760864258,,,,adamh-scaling-ladder-nemotron-optimal-1e+22-v5-025b0e
3561,2.7823636531829834,,,,adamh-scaling-ladder-nemotron-optimal-1e+22-v5-025b0e
3609,2.7652246952056885,,,,adamh-scaling-ladder-nemotron-optimal-1e+22-v5-025b0e
3610,2.7901554107666016,,,,adamh-scaling-ladder-nemotron-optimal-1e+22-v5-025b0e
3656,2.764293909072876,,,,adamh-scaling-ladder-nemotron-optimal-1e+22-v5-025b0e
3657,2.7714316844940186,,,,adamh-scaling-ladder-nemotron-optimal-1e+22-v5-025b0e
3674,2.7756121158599854,,,,adamh-scaling-ladder-nemotron-optimal-1e+22-v5-025b0e
3689,2.7701733112335205,,,,adamh-scaling-ladder-nemotron-optimal-1e+22-v5-025b0e
3705,2.7669105529785156,,,,adamh-scaling-ladder-nemotron-optimal-1e+22-v5-025b0e
3787,2.780653715133667,,,,adamh-scaling-ladder-nemotron-optimal-1e+22-v5-025b0e
3815,2.7703781127929688,,,,adamh-scaling-ladder-nemotron-optimal-1e+22-v5-025b0e
3829,2.753857135772705,,,,adamh-scaling-ladder-nemotron-optimal-1e+22-v5-025b0e
3868,2.747189521789551,,,,adamh-scaling-ladder-nemotron-optimal-1e+22-v5-025b0e
3871,2.772129774093628,,,,adamh-scaling-ladder-nemotron-optimal-1e+22-v5-025b0e
3879,2.765475034713745,,,,adamh-scaling-ladder-nemotron-optimal-1e+22-v5-025b0e
3901,2.7672691345214844,,,,adamh-scaling-ladder-nemotron-optimal-1e+22-v5-025b0e
3906,2.74777889251709,,,,adamh-scaling-ladder-nemotron-optimal-1e+22-v5-025b0e
3912,2.7515432834625244,,,,adamh-scaling-ladder-nemotron-optimal-1e+22-v5-025b0e
3925,2.748192071914673,,,,adamh-scaling-ladder-nemotron-optimal-1e+22-v5-025b0e
3936,2.767176389694214,,,,adamh-scaling-ladder-nemotron-optimal-1e+22-v5-025b0e
3954,2.762183427810669,,,,adamh-scaling-ladder-nemotron-optimal-1e+22-v5-025b0e
3963,2.777334451675415,,,,adamh-scaling-ladder-nemotron-optimal-1e+22-v5-025b0e
3970,2.7517757415771484,,,,adamh-scaling-ladder-nemotron-optimal-1e+22-v5-025b0e
4000,2.7487590312957764,3.039470911026001,2.832327365875244,2.9694159030914307,adamh-scaling-ladder-nemotron-optimal-1e+22-v5-025b0e
4022,2.741114854812622,,,,adamh-scaling-ladder-nemotron-optimal-1e+22-v5-025b0e
4039,2.7351553440093994,,,,adamh-scaling-ladder-nemotron-optimal-1e+22-v5-025b0e
4080,2.744732141494751,,,,adamh-scaling-ladder-nemotron-optimal-1e+22-v5-025b0e
4127,2.7505335807800293,,,,adamh-scaling-ladder-nemotron-optimal-1e+22-v5-025b0e
4146,2.7580692768096924,,,,adamh-scaling-ladder-nemotron-optimal-1e+22-v5-025b0e
4168,2.718731641769409,,,,adamh-scaling-ladder-nemotron-optimal-1e+22-v5-025b0e
4175,2.7310616970062256,,,,adamh-scaling-ladder-nemotron-optimal-1e+22-v5-025b0e
4181,2.739028215408325,,,,adamh-scaling-ladder-nemotron-optimal-1e+22-v5-025b0e
4310,2.7154858112335205,,,,adamh-scaling-ladder-nemotron-optimal-1e+22-v5-025b0e
4333,2.7208127975463867,,,,adamh-scaling-ladder-nemotron-optimal-1e+22-v5-025b0e
4335,2.7140755653381348,,,,adamh-scaling-ladder-nemotron-optimal-1e+22-v5-025b0e
4343,2.7010018825531006,,,,adamh-scaling-ladder-nemotron-optimal-1e+22-v5-025b0e
4364,2.7029967308044434,,,,adamh-scaling-ladder-nemotron-optimal-1e+22-v5-025b0e
4489,2.7067699432373047,,,,adamh-scaling-ladder-nemotron-optimal-1e+22-v5-025b0e
4519,2.699425458908081,,,,adamh-scaling-ladder-nemotron-optimal-1e+22-v5-025b0e
4537,2.7208378314971924,,,,adamh-scaling-ladder-nemotron-optimal-1e+22-v5-025b0e
4565,2.731382369995117,,,,adamh-scaling-ladder-nemotron-optimal-1e+22-v5-025b0e
4596,2.6993348598480225,,,,adamh-scaling-ladder-nemotron-optimal-1e+22-v5-025b0e
4601,2.699235200881958,,,,adamh-scaling-ladder-nemotron-optimal-1e+22-v5-025b0e
4603,2.6906375885009766,,,,adamh-scaling-ladder-nemotron-optimal-1e+22-v5-025b0e
4615,2.6841306686401367,,,,adamh-scaling-ladder-nemotron-optimal-1e+22-v5-025b0e
4648,2.7175168991088867,,,,adamh-scaling-ladder-nemotron-optimal-1e+22-v5-025b0e
4708,2.6972835063934326,,,,adamh-scaling-ladder-nemotron-optimal-1e+22-v5-025b0e
4764,2.6838691234588623,,,,adamh-scaling-ladder-nemotron-optimal-1e+22-v5-025b0e
4776,2.7010884284973145,,,,adamh-scaling-ladder-nemotron-optimal-1e+22-v5-025b0e
4811,2.704892635345459,,,,adamh-scaling-ladder-nemotron-optimal-1e+22-v5-025b0e
4853,2.694237470626831,,,,adamh-scaling-ladder-nemotron-optimal-1e+22-v5-025b0e
4865,2.685037612915039,,,,adamh-scaling-ladder-nemotron-optimal-1e+22-v5-025b0e
4875,2.667994499206543,,,,adamh-scaling-ladder-nemotron-optimal-1e+22-v5-025b0e
4882,2.7007784843444824,,,,adamh-scaling-ladder-nemotron-optimal-1e+22-v5-025b0e
4909,2.6933884620666504,,,,adamh-scaling-ladder-nemotron-optimal-1e+22-v5-025b0e
4926,2.6973235607147217,,,,adamh-scaling-ladder-nemotron-optimal-1e+22-v5-025b0e
4996,2.694476842880249,,,,adamh-scaling-ladder-nemotron-optimal-1e+22-v5-025b0e
5000,,2.964630365371704,2.760639190673828,2.894033670425415,adamh-scaling-ladder-nemotron-optimal-1e+22-v5-025b0e
5036,2.6860504150390625,,,,adamh-scaling-ladder-nemotron-optimal-1e+22-v5-025b0e
5047,2.6759378910064697,,,,adamh-scaling-ladder-nemotron-optimal-1e+22-v5-025b0e
5168,2.7062392234802246,,,,adamh-scaling-ladder-nemotron-optimal-1e+22-v5-025b0e
5192,2.740478038787842,,,,adamh-scaling-ladder-nemotron-optimal-1e+22-v5-025b0e
5206,2.7366878986358643,,,,adamh-scaling-ladder-nemotron-optimal-1e+22-v5-025b0e
5265,2.676401138305664,,,,adamh-scaling-ladder-nemotron-optimal-1e+22-v5-025b0e
5282,2.6535425186157227,,,,adamh-scaling-ladder-nemotron-optimal-1e+22-v5-025b0e
5335,2.680032730102539,,,,adamh-scaling-ladder-nemotron-optimal-1e+22-v5-025b0e
5387,2.6978094577789307,,,,adamh-scaling-ladder-nemotron-optimal-1e+22-v5-025b0e
5450,2.6496598720550537,,,,adamh-scaling-ladder-nemotron-optimal-1e+22-v5-025b0e
5541,2.6229846477508545,,,,adamh-scaling-ladder-nemotron-optimal-1e+22-v5-025b0e
5546,2.6599960327148438,,,,adamh-scaling-ladder-nemotron-optimal-1e+22-v5-025b0e
5554,2.6796956062316895,,,,adamh-scaling-ladder-nemotron-optimal-1e+22-v5-025b0e
5555,2.6934711933135986,,,,adamh-scaling-ladder-nemotron-optimal-1e+22-v5-025b0e
5588,2.6504552364349365,,,,adamh-scaling-ladder-nemotron-optimal-1e+22-v5-025b0e
5605,2.6563222408294678,,,,adamh-scaling-ladder-nemotron-optimal-1e+22-v5-025b0e
5610,2.6424434185028076,,,,adamh-scaling-ladder-nemotron-optimal-1e+22-v5-025b0e
5644,2.6522343158721924,,,,adamh-scaling-ladder-nemotron-optimal-1e+22-v5-025b0e
5659,2.6863555908203125,,,,adamh-scaling-ladder-nemotron-optimal-1e+22-v5-025b0e
5709,2.6649346351623535,,,,adamh-scaling-ladder-nemotron-optimal-1e+22-v5-025b0e
5710,2.667285203933716,,,,adamh-scaling-ladder-nemotron-optimal-1e+22-v5-025b0e
5719,2.665496826171875,,,,adamh-scaling-ladder-nemotron-optimal-1e+22-v5-025b0e
5743,2.6585967540740967,,,,adamh-scaling-ladder-nemotron-optimal-1e+22-v5-025b0e
5758,2.6491239070892334,,,,adamh-scaling-ladder-nemotron-optimal-1e+22-v5-025b0e
5822,2.643583297729492,,,,adamh-scaling-ladder-nemotron-optimal-1e+22-v5-025b0e
5828,2.6476449966430664,,,,adamh-scaling-ladder-nemotron-optimal-1e+22-v5-025b0e
5842,2.6658124923706055,,,,adamh-scaling-ladder-nemotron-optimal-1e+22-v5-025b0e
5865,2.633141040802002,,,,adamh-scaling-ladder-nemotron-optimal-1e+22-v5-025b0e
5866,2.662984609603882,,,,adamh-scaling-ladder-nemotron-optimal-1e+22-v5-025b0e
5934,2.6450188159942627,,,,adamh-scaling-ladder-nemotron-optimal-1e+22-v5-025b0e
5936,2.6491830348968506,,,,adamh-scaling-ladder-nemotron-optimal-1e+22-v5-025b0e
5943,2.6337521076202393,,,,adamh-scaling-ladder-nemotron-optimal-1e+22-v5-025b0e
5962,2.627415418624878,,,,adamh-scaling-ladder-nemotron-optimal-1e+22-v5-025b0e
5978,2.6583290100097656,,,,adamh-scaling-ladder-nemotron-optimal-1e+22-v5-025b0e
5984,2.641467571258545,,,,adamh-scaling-ladder-nemotron-optimal-1e+22-v5-025b0e
6000,,2.927868366241455,2.7220170497894287,2.8536884784698486,adamh-scaling-ladder-nemotron-optimal-1e+22-v5-025b0e
6011,2.6483516693115234,,,,adamh-scaling-ladder-nemotron-optimal-1e+22-v5-025b0e
6032,2.638216018676758,,,,adamh-scaling-ladder-nemotron-optimal-1e+22-v5-025b0e
6073,2.67029070854187,,,,adamh-scaling-ladder-nemotron-optimal-1e+22-v5-025b0e
6091,2.6519157886505127,,,,adamh-scaling-ladder-nemotron-optimal-1e+22-v5-025b0e
6100,2.6613078117370605,,,,adamh-scaling-ladder-nemotron-optimal-1e+22-v5-025b0e
6108,2.6307196617126465,,,,adamh-scaling-ladder-nemotron-optimal-1e+22-v5-025b0e
6115,2.625410318374634,,,,adamh-scaling-ladder-nemotron-optimal-1e+22-v5-025b0e
6130,2.6335813999176025,,,,adamh-scaling-ladder-nemotron-optimal-1e+22-v5-025b0e
6155,2.643134355545044,,,,adamh-scaling-ladder-nemotron-optimal-1e+22-v5-025b0e
6168,2.6454246044158936,,,,adamh-scaling-ladder-nemotron-optimal-1e+22-v5-025b0e
6184,2.6228346824645996,,,,adamh-scaling-ladder-nemotron-optimal-1e+22-v5-025b0e
6201,2.656625747680664,,,,adamh-scaling-ladder-nemotron-optimal-1e+22-v5-025b0e
6207,2.6320908069610596,,,,adamh-scaling-ladder-nemotron-optimal-1e+22-v5-025b0e
6257,2.635127305984497,,,,adamh-scaling-ladder-nemotron-optimal-1e+22-v5-025b0e
6367,2.603571891784668,,,,adamh-scaling-ladder-nemotron-optimal-1e+22-v5-025b0e
6381,2.6390888690948486,,,,adamh-scaling-ladder-nemotron-optimal-1e+22-v5-025b0e
6451,2.6337547302246094,,,,adamh-scaling-ladder-nemotron-optimal-1e+22-v5-025b0e
6513,2.6348650455474854,,,,adamh-scaling-ladder-nemotron-optimal-1e+22-v5-025b0e
6515,2.6361448764801025,,,,adamh-scaling-ladder-nemotron-optimal-1e+22-v5-025b0e
6534,2.5967702865600586,,,,adamh-scaling-ladder-nemotron-optimal-1e+22-v5-025b0e
6582,2.6415939331054688,,,,adamh-scaling-ladder-nemotron-optimal-1e+22-v5-025b0e
6629,2.6415486335754395,,,,adamh-scaling-ladder-nemotron-optimal-1e+22-v5-025b0e
6661,2.6423888206481934,,,,adamh-scaling-ladder-nemotron-optimal-1e+22-v5-025b0e
6670,2.6502950191497803,,,,adamh-scaling-ladder-nemotron-optimal-1e+22-v5-025b0e
6711,2.6209006309509277,,,,adamh-scaling-ladder-nemotron-optimal-1e+22-v5-025b0e
6742,2.637514591217041,,,,adamh-scaling-ladder-nemotron-optimal-1e+22-v5-025b0e
6785,2.6266162395477295,,,,adamh-scaling-ladder-nemotron-optimal-1e+22-v5-025b0e
6806,2.631882667541504,,,,adamh-scaling-ladder-nemotron-optimal-1e+22-v5-025b0e
6813,2.594406843185425,,,,adamh-scaling-ladder-nemotron-optimal-1e+22-v5-025b0e
6814,2.608478546142578,,,,adamh-scaling-ladder-nemotron-optimal-1e+22-v5-025b0e
6822,2.6162607669830322,,,,adamh-scaling-ladder-nemotron-optimal-1e+22-v5-025b0e
6845,2.6020514965057373,,,,adamh-scaling-ladder-nemotron-optimal-1e+22-v5-025b0e
6877,2.6128101348876953,,,,adamh-scaling-ladder-nemotron-optimal-1e+22-v5-025b0e
6993,2.617513418197632,,,,adamh-scaling-ladder-nemotron-optimal-1e+22-v5-025b0e
7000,,2.891907215118408,2.682749032974243,2.812384843826294,adamh-scaling-ladder-nemotron-optimal-1e+22-v5-025b0e
7030,2.600886344909668,,,,adamh-scaling-ladder-nemotron-optimal-1e+22-v5-025b0e
7070,2.634471893310547,,,,adamh-scaling-ladder-nemotron-optimal-1e+22-v5-025b0e
7140,2.6256654262542725,,,,adamh-scaling-ladder-nemotron-optimal-1e+22-v5-025b0e
7145,2.60146427154541,,,,adamh-scaling-ladder-nemotron-optimal-1e+22-v5-025b0e
7165,2.62298321723938,,,,adamh-scaling-ladder-nemotron-optimal-1e+22-v5-025b0e
7181,2.6089835166931152,,,,adamh-scaling-ladder-nemotron-optimal-1e+22-v5-025b0e
7189,2.6125845909118652,,,,adamh-scaling-ladder-nemotron-optimal-1e+22-v5-025b0e
7193,2.5986268520355225,,,,adamh-scaling-ladder-nemotron-optimal-1e+22-v5-025b0e
7222,2.611905813217163,,,,adamh-scaling-ladder-nemotron-optimal-1e+22-v5-025b0e
7225,2.6310415267944336,,,,adamh-scaling-ladder-nemotron-optimal-1e+22-v5-025b0e
7293,2.648707151412964,,,,adamh-scaling-ladder-nemotron-optimal-1e+22-v5-025b0e
7304,2.590611696243286,,,,adamh-scaling-ladder-nemotron-optimal-1e+22-v5-025b0e
7311,2.6152005195617676,,,,adamh-scaling-ladder-nemotron-optimal-1e+22-v5-025b0e
7370,2.5972166061401367,,,,adamh-scaling-ladder-nemotron-optimal-1e+22-v5-025b0e
7374,2.609508514404297,,,,adamh-scaling-ladder-nemotron-optimal-1e+22-v5-025b0e
7401,2.6058294773101807,,,,adamh-scaling-ladder-nemotron-optimal-1e+22-v5-025b0e
7440,2.6076512336730957,,,,adamh-scaling-ladder-nemotron-optimal-1e+22-v5-025b0e
7445,2.5926501750946045,,,,adamh-scaling-ladder-nemotron-optimal-1e+22-v5-025b0e
7450,2.6114251613616943,,,,adamh-scaling-ladder-nemotron-optimal-1e+22-v5-025b0e
7484,2.6131153106689453,,,,adamh-scaling-ladder-nemotron-optimal-1e+22-v5-025b0e
7496,2.5791983604431152,,,,adamh-scaling-ladder-nemotron-optimal-1e+22-v5-025b0e
7503,2.6161131858825684,,,,adamh-scaling-ladder-nemotron-optimal-1e+22-v5-025b0e
7525,2.6138546466827393,,,,adamh-scaling-ladder-nemotron-optimal-1e+22-v5-025b0e
7557,2.6013221740722656,,,,adamh-scaling-ladder-nemotron-optimal-1e+22-v5-025b0e
7567,2.6113221645355225,,,,adamh-scaling-ladder-nemotron-optimal-1e+22-v5-025b0e
7580,2.6056408882141113,,,,adamh-scaling-ladder-nemotron-optimal-1e+22-v5-025b0e
7594,2.616367816925049,,,,adamh-scaling-ladder-nemotron-optimal-1e+22-v5-025b0e
7627,2.592970371246338,,,,adamh-scaling-ladder-nemotron-optimal-1e+22-v5-025b0e
7629,2.6234066486358643,,,,adamh-scaling-ladder-nemotron-optimal-1e+22-v5-025b0e
7651,2.622560739517212,,,,adamh-scaling-ladder-nemotron-optimal-1e+22-v5-025b0e
7663,2.619016647338867,,,,adamh-scaling-ladder-nemotron-optimal-1e+22-v5-025b0e
7675,2.598314046859741,,,,adamh-scaling-ladder-nemotron-optimal-1e+22-v5-025b0e
7730,2.597059726715088,,,,adamh-scaling-ladder-nemotron-optimal-1e+22-v5-025b0e
7745,2.5708868503570557,,,,adamh-scaling-ladder-nemotron-optimal-1e+22-v5-025b0e
7762,2.5971546173095703,,,,adamh-scaling-ladder-nemotron-optimal-1e+22-v5-025b0e
7777,2.5937938690185547,,,,adamh-scaling-ladder-nemotron-optimal-1e+22-v5-025b0e
7820,2.6033785343170166,,,,adamh-scaling-ladder-nemotron-optimal-1e+22-v5-025b0e
7840,2.5853919982910156,,,,adamh-scaling-ladder-nemotron-optimal-1e+22-v5-025b0e
7866,2.591635227203369,,,,adamh-scaling-ladder-nemotron-optimal-1e+22-v5-025b0e
7923,2.591442108154297,,,,adamh-scaling-ladder-nemotron-optimal-1e+22-v5-025b0e
7931,2.639840602874756,,,,adamh-scaling-ladder-nemotron-optimal-1e+22-v5-025b0e
8000,,2.8807015419006348,2.672062873840332,2.8032612800598145,adamh-scaling-ladder-nemotron-optimal-1e+22-v5-025b0e
8014,2.6167614459991455,,,,adamh-scaling-ladder-nemotron-optimal-1e+22-v5-025b0e
8168,2.5995914936065674,,,,adamh-scaling-ladder-nemotron-optimal-1e+22-v5-025b0e
8169,2.5998830795288086,,,,adamh-scaling-ladder-nemotron-optimal-1e+22-v5-025b0e
8181,2.6206603050231934,,,,adamh-scaling-ladder-nemotron-optimal-1e+22-v5-025b0e
8221,2.5908443927764893,,,,adamh-scaling-ladder-nemotron-optimal-1e+22-v5-025b0e
8247,2.6025028228759766,,,,adamh-scaling-ladder-nemotron-optimal-1e+22-v5-025b0e
8256,2.5857510566711426,,,,adamh-scaling-ladder-nemotron-optimal-1e+22-v5-025b0e
8278,2.599224090576172,,,,adamh-scaling-ladder-nemotron-optimal-1e+22-v5-025b0e
8289,2.625903606414795,,,,adamh-scaling-ladder-nemotron-optimal-1e+22-v5-025b0e
8305,2.6053402423858643,,,,adamh-scaling-ladder-nemotron-optimal-1e+22-v5-025b0e
8354,2.5735740661621094,,,,adamh-scaling-ladder-nemotron-optimal-1e+22-v5-025b0e
8377,2.6084976196289062,,,,adamh-scaling-ladder-nemotron-optimal-1e+22-v5-025b0e
8407,2.5853493213653564,,,,adamh-scaling-ladder-nemotron-optimal-1e+22-v5-025b0e
8445,2.6105356216430664,,,,adamh-scaling-ladder-nemotron-optimal-1e+22-v5-025b0e
8484,2.589751720428467,,,,adamh-scaling-ladder-nemotron-optimal-1e+22-v5-025b0e
8500,2.5965418815612793,,,,adamh-scaling-ladder-nemotron-optimal-1e+22-v5-025b0e
8520,2.6232316493988037,,,,adamh-scaling-ladder-nemotron-optimal-1e+22-v5-025b0e
8554,2.6061501502990723,,,,adamh-scaling-ladder-nemotron-optimal-1e+22-v5-025b0e
8555,2.585574150085449,,,,adamh-scaling-ladder-nemotron-optimal-1e+22-v5-025b0e
8566,2.5883171558380127,,,,adamh-scaling-ladder-nemotron-optimal-1e+22-v5-025b0e
8576,2.6005311012268066,,,,adamh-scaling-ladder-nemotron-optimal-1e+22-v5-025b0e
8578,2.578542947769165,,,,adamh-scaling-ladder-nemotron-optimal-1e+22-v5-025b0e
8700,2.5967164039611816,,,,adamh-scaling-ladder-nemotron-optimal-1e+22-v5-025b0e
8719,2.595172882080078,,,,adamh-scaling-ladder-nemotron-optimal-1e+22-v5-025b0e
8749,2.58868145942688,,,,adamh-scaling-ladder-nemotron-optimal-1e+22-v5-025b0e
8751,2.5766303539276123,,,,adamh-scaling-ladder-nemotron-optimal-1e+22-v5-025b0e
8756,2.6080844402313232,,,,adamh-scaling-ladder-nemotron-optimal-1e+22-v5-025b0e
8781,2.5525317192077637,,,,adamh-scaling-ladder-nemotron-optimal-1e+22-v5-025b0e
8788,2.560004234313965,,,,adamh-scaling-ladder-nemotron-optimal-1e+22-v5-025b0e
8798,2.575155735015869,,,,adamh-scaling-ladder-nemotron-optimal-1e+22-v5-025b0e
8804,2.586576223373413,,,,adamh-scaling-ladder-nemotron-optimal-1e+22-v5-025b0e
8805,2.577164649963379,,,,adamh-scaling-ladder-nemotron-optimal-1e+22-v5-025b0e
8825,2.584951877593994,,,,adamh-scaling-ladder-nemotron-optimal-1e+22-v5-025b0e
8830,2.592470407485962,,,,adamh-scaling-ladder-nemotron-optimal-1e+22-v5-025b0e
8848,2.5861012935638428,,,,adamh-scaling-ladder-nemotron-optimal-1e+22-v5-025b0e
8869,2.584547758102417,,,,adamh-scaling-ladder-nemotron-optimal-1e+22-v5-025b0e
8892,2.5559754371643066,,,,adamh-scaling-ladder-nemotron-optimal-1e+22-v5-025b0e
8899,2.5561089515686035,,,,adamh-scaling-ladder-nemotron-optimal-1e+22-v5-025b0e
8925,2.5495383739471436,,,,adamh-scaling-ladder-nemotron-optimal-1e+22-v5-025b0e
8934,2.5793354511260986,,,,adamh-scaling-ladder-nemotron-optimal-1e+22-v5-025b0e
8935,2.589221477508545,,,,adamh-scaling-ladder-nemotron-optimal-1e+22-v5-025b0e
8940,2.604602336883545,,,,adamh-scaling-ladder-nemotron-optimal-1e+22-v5-025b0e
8949,2.572199583053589,,,,adamh-scaling-ladder-nemotron-optimal-1e+22-v5-025b0e
8957,2.5623319149017334,,,,adamh-scaling-ladder-nemotron-optimal-1e+22-v5-025b0e
8970,2.58406400680542,,,,adamh-scaling-ladder-nemotron-optimal-1e+22-v5-025b0e
8976,2.574488401412964,,,,adamh-scaling-ladder-nemotron-optimal-1e+22-v5-025b0e
8980,2.5875978469848633,,,,adamh-scaling-ladder-nemotron-optimal-1e+22-v5-025b0e
9000,,2.865139961242676,2.659222364425659,2.7882351875305176,adamh-scaling-ladder-nemotron-optimal-1e+22-v5-025b0e
9044,2.5685713291168213,,,,adamh-scaling-ladder-nemotron-optimal-1e+22-v5-025b0e
9050,2.558438777923584,,,,adamh-scaling-ladder-nemotron-optimal-1e+22-v5-025b0e
9065,2.585801839828491,,,,adamh-scaling-ladder-nemotron-optimal-1e+22-v5-025b0e
9088,2.557626724243164,,,,adamh-scaling-ladder-nemotron-optimal-1e+22-v5-025b0e
9102,2.5788028240203857,,,,adamh-scaling-ladder-nemotron-optimal-1e+22-v5-025b0e
9155,2.5572454929351807,,,,adamh-scaling-ladder-nemotron-optimal-1e+22-v5-025b0e
9160,2.5806219577789307,,,,adamh-scaling-ladder-nemotron-optimal-1e+22-v5-025b0e
9182,2.554673433303833,,,,adamh-scaling-ladder-nemotron-optimal-1e+22-v5-025b0e
9185,2.5725133419036865,,,,adamh-scaling-ladder-nemotron-optimal-1e+22-v5-025b0e
9281,2.59721040725708,,,,adamh-scaling-ladder-nemotron-optimal-1e+22-v5-025b0e
9305,2.586651086807251,,,,adamh-scaling-ladder-nemotron-optimal-1e+22-v5-025b0e
9315,2.568568468093872,,,,adamh-scaling-ladder-nemotron-optimal-1e+22-v5-025b0e
9330,2.599475145339966,,,,adamh-scaling-ladder-nemotron-optimal-1e+22-v5-025b0e
9333,2.573564052581787,,,,adamh-scaling-ladder-nemotron-optimal-1e+22-v5-025b0e
9365,2.586665391921997,,,,adamh-scaling-ladder-nemotron-optimal-1e+22-v5-025b0e
9381,2.5859644412994385,,,,adamh-scaling-ladder-nemotron-optimal-1e+22-v5-025b0e
9429,2.5850894451141357,,,,adamh-scaling-ladder-nemotron-optimal-1e+22-v5-025b0e
9444,2.5750770568847656,,,,adamh-scaling-ladder-nemotron-optimal-1e+22-v5-025b0e
9530,2.5669379234313965,,,,adamh-scaling-ladder-nemotron-optimal-1e+22-v5-025b0e
9542,2.566817045211792,,,,adamh-scaling-ladder-nemotron-optimal-1e+22-v5-025b0e
9585,2.5843706130981445,,,,adamh-scaling-ladder-nemotron-optimal-1e+22-v5-025b0e
9618,2.610382318496704,,,,adamh-scaling-ladder-nemotron-optimal-1e+22-v5-025b0e
9664,2.580470323562622,,,,adamh-scaling-ladder-nemotron-optimal-1e+22-v5-025b0e
9665,2.574827194213867,,,,adamh-scaling-ladder-nemotron-optimal-1e+22-v5-025b0e
9673,2.558708429336548,,,,adamh-scaling-ladder-nemotron-optimal-1e+22-v5-025b0e
9674,2.573261022567749,,,,adamh-scaling-ladder-nemotron-optimal-1e+22-v5-025b0e
9702,2.553438901901245,,,,adamh-scaling-ladder-nemotron-optimal-1e+22-v5-025b0e
9714,2.5754384994506836,,,,adamh-scaling-ladder-nemotron-optimal-1e+22-v5-025b0e
9737,2.5808908939361572,,,,adamh-scaling-ladder-nemotron-optimal-1e+22-v5-025b0e
9740,2.567376136779785,,,,adamh-scaling-ladder-nemotron-optimal-1e+22-v5-025b0e
9781,2.541095018386841,,,,adamh-scaling-ladder-nemotron-optimal-1e+22-v5-025b0e
9786,2.576035976409912,,,,adamh-scaling-ladder-nemotron-optimal-1e+22-v5-025b0e
9791,2.585628032684326,,,,adamh-scaling-ladder-nemotron-optimal-1e+22-v5-025b0e
9811,2.577697277069092,,,,adamh-scaling-ladder-nemotron-optimal-1e+22-v5-025b0e
9841,2.5860788822174072,,,,adamh-scaling-ladder-nemotron-optimal-1e+22-v5-025b0e
9842,2.595165252685547,,,,adamh-scaling-ladder-nemotron-optimal-1e+22-v5-025b0e
9878,2.577792167663574,,,,adamh-scaling-ladder-nemotron-optimal-1e+22-v5-025b0e
9879,2.570446729660034,,,,adamh-scaling-ladder-nemotron-optimal-1e+22-v5-025b0e
9898,2.564359426498413,,,,adamh-scaling-ladder-nemotron-optimal-1e+22-v5-025b0e
9916,2.555691719055176,,,,adamh-scaling-ladder-nemotron-optimal-1e+22-v5-025b0e
9923,2.5920865535736084,,,,adamh-scaling-ladder-nemotron-optimal-1e+22-v5-025b0e
9941,2.5684664249420166,,,,adamh-scaling-ladder-nemotron-optimal-1e+22-v5-025b0e
9963,2.570066452026367,,,,adamh-scaling-ladder-nemotron-optimal-1e+22-v5-025b0e
10000,,2.85513973236084,2.6347663402557373,2.766512393951416,adamh-scaling-ladder-nemotron-optimal-1e+22-v5-025b0e
10049,2.591212272644043,,,,adamh-scaling-ladder-nemotron-optimal-1e+22-v5-025b0e
10071,2.567539691925049,,,,adamh-scaling-ladder-nemotron-optimal-1e+22-v5-025b0e
10123,2.550043821334839,,,,adamh-scaling-ladder-nemotron-optimal-1e+22-v5-025b0e
10137,2.5603628158569336,,,,adamh-scaling-ladder-nemotron-optimal-1e+22-v5-025b0e
10159,2.5822112560272217,,,,adamh-scaling-ladder-nemotron-optimal-1e+22-v5-025b0e
10202,2.5641345977783203,,,,adamh-scaling-ladder-nemotron-optimal-1e+22-v5-025b0e
10203,2.5710270404815674,,,,adamh-scaling-ladder-nemotron-optimal-1e+22-v5-025b0e
10223,2.5685880184173584,,,,adamh-scaling-ladder-nemotron-optimal-1e+22-v5-025b0e
10240,2.5886075496673584,,,,adamh-scaling-ladder-nemotron-optimal-1e+22-v5-025b0e
10256,2.5488810539245605,,,,adamh-scaling-ladder-nemotron-optimal-1e+22-v5-025b0e
10278,2.5596625804901123,,,,adamh-scaling-ladder-nemotron-optimal-1e+22-v5-025b0e
10282,2.579468011856079,,,,adamh-scaling-ladder-nemotron-optimal-1e+22-v5-025b0e
10296,2.549058675765991,,,,adamh-scaling-ladder-nemotron-optimal-1e+22-v5-025b0e
10303,2.5763442516326904,,,,adamh-scaling-ladder-nemotron-optimal-1e+22-v5-025b0e
10304,2.575030565261841,,,,adamh-scaling-ladder-nemotron-optimal-1e+22-v5-025b0e
10340,2.571310043334961,,,,adamh-scaling-ladder-nemotron-optimal-1e+22-v5-025b0e
10362,2.5782458782196045,,,,adamh-scaling-ladder-nemotron-optimal-1e+22-v5-025b0e
10372,2.56465744972229,,,,adamh-scaling-ladder-nemotron-optimal-1e+22-v5-025b0e
10382,2.5822882652282715,,,,adamh-scaling-ladder-nemotron-optimal-1e+22-v5-025b0e
10395,2.571305513381958,,,,adamh-scaling-ladder-nemotron-optimal-1e+22-v5-025b0e
10449,2.5690224170684814,,,,adamh-scaling-ladder-nemotron-optimal-1e+22-v5-025b0e
10491,2.5677406787872314,,,,adamh-scaling-ladder-nemotron-optimal-1e+22-v5-025b0e
10515,2.569565534591675,,,,adamh-scaling-ladder-nemotron-optimal-1e+22-v5-025b0e
10516,2.5950491428375244,,,,adamh-scaling-ladder-nemotron-optimal-1e+22-v5-025b0e
10526,2.5840630531311035,,,,adamh-scaling-ladder-nemotron-optimal-1e+22-v5-025b0e
10642,2.5694363117218018,,,,adamh-scaling-ladder-nemotron-optimal-1e+22-v5-025b0e
10653,2.56296706199646,,,,adamh-scaling-ladder-nemotron-optimal-1e+22-v5-025b0e
10662,2.5709939002990723,,,,adamh-scaling-ladder-nemotron-optimal-1e+22-v5-025b0e
10667,2.5679516792297363,,,,adamh-scaling-ladder-nemotron-optimal-1e+22-v5-025b0e
10705,2.559711456298828,,,,adamh-scaling-ladder-nemotron-optimal-1e+22-v5-025b0e
10776,2.559020757675171,,,,adamh-scaling-ladder-nemotron-optimal-1e+22-v5-025b0e
10813,2.5582823753356934,,,,adamh-scaling-ladder-nemotron-optimal-1e+22-v5-025b0e
10817,2.5624029636383057,,,,adamh-scaling-ladder-nemotron-optimal-1e+22-v5-025b0e
10833,2.583087921142578,,,,adamh-scaling-ladder-nemotron-optimal-1e+22-v5-025b0e
10851,2.5601816177368164,,,,adamh-scaling-ladder-nemotron-optimal-1e+22-v5-025b0e
10857,2.5579938888549805,,,,adamh-scaling-ladder-nemotron-optimal-1e+22-v5-025b0e
10870,2.5780880451202393,,,,adamh-scaling-ladder-nemotron-optimal-1e+22-v5-025b0e
10885,2.5371861457824707,,,,adamh-scaling-ladder-nemotron-optimal-1e+22-v5-025b0e
10895,2.543309450149536,,,,adamh-scaling-ladder-nemotron-optimal-1e+22-v5-025b0e
10926,2.561908721923828,,,,adamh-scaling-ladder-nemotron-optimal-1e+22-v5-025b0e
10941,2.5323617458343506,,,,adamh-scaling-ladder-nemotron-optimal-1e+22-v5-025b0e
10985,2.569169282913208,,,,adamh-scaling-ladder-nemotron-optimal-1e+22-v5-025b0e
11000,,2.845205545425415,2.6336002349853516,2.760028839111328,adamh-scaling-ladder-nemotron-optimal-1e+22-v5-025b0e
11049,2.549222230911255,,,,adamh-scaling-ladder-nemotron-optimal-1e+22-v5-025b0e
11058,2.5398623943328857,,,,adamh-scaling-ladder-nemotron-optimal-1e+22-v5-025b0e
11072,2.5881452560424805,,,,adamh-scaling-ladder-nemotron-optimal-1e+22-v5-025b0e
11077,2.5522501468658447,,,,adamh-scaling-ladder-nemotron-optimal-1e+22-v5-025b0e
11122,2.5600075721740723,,,,adamh-scaling-ladder-nemotron-optimal-1e+22-v5-025b0e
11139,2.5598747730255127,,,,adamh-scaling-ladder-nemotron-optimal-1e+22-v5-025b0e
11140,2.5618934631347656,,,,adamh-scaling-ladder-nemotron-optimal-1e+22-v5-025b0e
11146,2.5772604942321777,,,,adamh-scaling-ladder-nemotron-optimal-1e+22-v5-025b0e
11169,2.554323673248291,,,,adamh-scaling-ladder-nemotron-optimal-1e+22-v5-025b0e
11180,2.5681400299072266,,,,adamh-scaling-ladder-nemotron-optimal-1e+22-v5-025b0e
11205,2.5661826133728027,,,,adamh-scaling-ladder-nemotron-optimal-1e+22-v5-025b0e
11221,2.5730140209198,,,,adamh-scaling-ladder-nemotron-optimal-1e+22-v5-025b0e
11244,2.5761613845825195,,,,adamh-scaling-ladder-nemotron-optimal-1e+22-v5-025b0e
11266,2.5756378173828125,,,,adamh-scaling-ladder-nemotron-optimal-1e+22-v5-025b0e
11297,2.548210620880127,,,,adamh-scaling-ladder-nemotron-optimal-1e+22-v5-025b0e
11298,2.560086250305176,,,,adamh-scaling-ladder-nemotron-optimal-1e+22-v5-025b0e
11307,2.539109945297241,,,,adamh-scaling-ladder-nemotron-optimal-1e+22-v5-025b0e
11321,2.5691683292388916,,,,adamh-scaling-ladder-nemotron-optimal-1e+22-v5-025b0e
11326,2.5878233909606934,,,,adamh-scaling-ladder-nemotron-optimal-1e+22-v5-025b0e
11347,2.5542988777160645,,,,adamh-scaling-ladder-nemotron-optimal-1e+22-v5-025b0e
11368,2.548617362976074,,,,adamh-scaling-ladder-nemotron-optimal-1e+22-v5-025b0e
11395,2.5370237827301025,,,,adamh-scaling-ladder-nemotron-optimal-1e+22-v5-025b0e
11400,2.5569770336151123,,,,adamh-scaling-ladder-nemotron-optimal-1e+22-v5-025b0e
11401,2.5634379386901855,,,,adamh-scaling-ladder-nemotron-optimal-1e+22-v5-025b0e
11407,2.5674495697021484,,,,adamh-scaling-ladder-nemotron-optimal-1e+22-v5-025b0e
11430,2.5616068840026855,,,,adamh-scaling-ladder-nemotron-optimal-1e+22-v5-025b0e
11464,2.545034646987915,,,,adamh-scaling-ladder-nemotron-optimal-1e+22-v5-025b0e
11469,2.5618038177490234,,,,adamh-scaling-ladder-nemotron-optimal-1e+22-v5-025b0e
11472,2.5551087856292725,,,,adamh-scaling-ladder-nemotron-optimal-1e+22-v5-025b0e
11475,2.571023464202881,,,,adamh-scaling-ladder-nemotron-optimal-1e+22-v5-025b0e
11489,2.558825731277466,,,,adamh-scaling-ladder-nemotron-optimal-1e+22-v5-025b0e
11506,2.5561470985412598,,,,adamh-scaling-ladder-nemotron-optimal-1e+22-v5-025b0e
11523,2.5576906204223633,,,,adamh-scaling-ladder-nemotron-optimal-1e+22-v5-025b0e
11525,2.5638155937194824,,,,adamh-scaling-ladder-nemotron-optimal-1e+22-v5-025b0e
11529,2.5498948097229004,,,,adamh-scaling-ladder-nemotron-optimal-1e+22-v5-025b0e
11612,2.5509555339813232,,,,adamh-scaling-ladder-nemotron-optimal-1e+22-v5-025b0e
11620,2.5341925621032715,,,,adamh-scaling-ladder-nemotron-optimal-1e+22-v5-025b0e
11664,2.557734966278076,,,,adamh-scaling-ladder-nemotron-optimal-1e+22-v5-025b0e
11679,2.537839651107788,,,,adamh-scaling-ladder-nemotron-optimal-1e+22-v5-025b0e
11684,2.559462070465088,,,,adamh-scaling-ladder-nemotron-optimal-1e+22-v5-025b0e
11703,2.5633797645568848,,,,adamh-scaling-ladder-nemotron-optimal-1e+22-v5-025b0e
11716,2.533437490463257,,,,adamh-scaling-ladder-nemotron-optimal-1e+22-v5-025b0e
11792,2.557784080505371,,,,adamh-scaling-ladder-nemotron-optimal-1e+22-v5-025b0e
11802,2.564765214920044,,,,adamh-scaling-ladder-nemotron-optimal-1e+22-v5-025b0e
11813,2.546539783477783,,,,adamh-scaling-ladder-nemotron-optimal-1e+22-v5-025b0e
11828,2.572113513946533,,,,adamh-scaling-ladder-nemotron-optimal-1e+22-v5-025b0e
11863,2.555957794189453,,,,adamh-scaling-ladder-nemotron-optimal-1e+22-v5-025b0e
11881,2.537889242172241,,,,adamh-scaling-ladder-nemotron-optimal-1e+22-v5-025b0e
11952,2.539680004119873,,,,adamh-scaling-ladder-nemotron-optimal-1e+22-v5-025b0e
12000,,2.8374722003936768,2.617604970932007,2.7477807998657227,adamh-scaling-ladder-nemotron-optimal-1e+22-v5-025b0e
12005,2.570549964904785,,,,adamh-scaling-ladder-nemotron-optimal-1e+22-v5-025b0e
12007,2.529864549636841,,,,adamh-scaling-ladder-nemotron-optimal-1e+22-v5-025b0e
12023,2.545994997024536,,,,adamh-scaling-ladder-nemotron-optimal-1e+22-v5-025b0e
12047,2.5546395778656006,,,,adamh-scaling-ladder-nemotron-optimal-1e+22-v5-025b0e
12051,2.555751323699951,,,,adamh-scaling-ladder-nemotron-optimal-1e+22-v5-025b0e
12097,2.548633098602295,,,,adamh-scaling-ladder-nemotron-optimal-1e+22-v5-025b0e
12114,2.567254066467285,,,,adamh-scaling-ladder-nemotron-optimal-1e+22-v5-025b0e
12128,2.552777051925659,,,,adamh-scaling-ladder-nemotron-optimal-1e+22-v5-025b0e
12147,2.5464460849761963,,,,adamh-scaling-ladder-nemotron-optimal-1e+22-v5-025b0e
12251,2.5577378273010254,,,,adamh-scaling-ladder-nemotron-optimal-1e+22-v5-025b0e
12276,2.527113199234009,,,,adamh-scaling-ladder-nemotron-optimal-1e+22-v5-025b0e
12291,2.541475534439087,,,,adamh-scaling-ladder-nemotron-optimal-1e+22-v5-025b0e
12323,2.543524980545044,,,,adamh-scaling-ladder-nemotron-optimal-1e+22-v5-025b0e
12345,2.54300594329834,,,,adamh-scaling-ladder-nemotron-optimal-1e+22-v5-025b0e
12347,2.5577969551086426,,,,adamh-scaling-ladder-nemotron-optimal-1e+22-v5-025b0e
12367,2.558964967727661,,,,adamh-scaling-ladder-nemotron-optimal-1e+22-v5-025b0e
12377,2.532806873321533,,,,adamh-scaling-ladder-nemotron-optimal-1e+22-v5-025b0e
12392,2.554910182952881,,,,adamh-scaling-ladder-nemotron-optimal-1e+22-v5-025b0e
12457,2.571166515350342,,,,adamh-scaling-ladder-nemotron-optimal-1e+22-v5-025b0e
12477,2.564326286315918,,,,adamh-scaling-ladder-nemotron-optimal-1e+22-v5-025b0e
12525,2.5330374240875244,,,,adamh-scaling-ladder-nemotron-optimal-1e+22-v5-025b0e
12534,2.5410044193267822,,,,adamh-scaling-ladder-nemotron-optimal-1e+22-v5-025b0e
12540,2.5572965145111084,,,,adamh-scaling-ladder-nemotron-optimal-1e+22-v5-025b0e
12573,2.5409510135650635,,,,adamh-scaling-ladder-nemotron-optimal-1e+22-v5-025b0e
12587,2.5543808937072754,,,,adamh-scaling-ladder-nemotron-optimal-1e+22-v5-025b0e
12593,2.5622997283935547,,,,adamh-scaling-ladder-nemotron-optimal-1e+22-v5-025b0e
12597,2.548435926437378,,,,adamh-scaling-ladder-nemotron-optimal-1e+22-v5-025b0e
12658,2.5256683826446533,,,,adamh-scaling-ladder-nemotron-optimal-1e+22-v5-025b0e
12660,2.5341224670410156,,,,adamh-scaling-ladder-nemotron-optimal-1e+22-v5-025b0e
12683,2.5580735206604004,,,,adamh-scaling-ladder-nemotron-optimal-1e+22-v5-025b0e
12792,2.5693373680114746,,,,adamh-scaling-ladder-nemotron-optimal-1e+22-v5-025b0e
12795,2.5538716316223145,,,,adamh-scaling-ladder-nemotron-optimal-1e+22-v5-025b0e
12805,2.535876989364624,,,,adamh-scaling-ladder-nemotron-optimal-1e+22-v5-025b0e
12827,2.566157341003418,,,,adamh-scaling-ladder-nemotron-optimal-1e+22-v5-025b0e
12836,2.532395362854004,,,,adamh-scaling-ladder-nemotron-optimal-1e+22-v5-025b0e
12873,2.5347540378570557,,,,adamh-scaling-ladder-nemotron-optimal-1e+22-v5-025b0e
12876,2.532768726348877,,,,adamh-scaling-ladder-nemotron-optimal-1e+22-v5-025b0e
12893,2.5463647842407227,,,,adamh-scaling-ladder-nemotron-optimal-1e+22-v5-025b0e
12894,2.5304574966430664,,,,adamh-scaling-ladder-nemotron-optimal-1e+22-v5-025b0e
12922,2.5322582721710205,,,,adamh-scaling-ladder-nemotron-optimal-1e+22-v5-025b0e
12963,2.561702251434326,,,,adamh-scaling-ladder-nemotron-optimal-1e+22-v5-025b0e
12966,2.530100107192993,,,,adamh-scaling-ladder-nemotron-optimal-1e+22-v5-025b0e
12984,2.5394279956817627,,,,adamh-scaling-ladder-nemotron-optimal-1e+22-v5-025b0e
12990,2.5579771995544434,,,,adamh-scaling-ladder-nemotron-optimal-1e+22-v5-025b0e
12999,2.570972204208374,,,,adamh-scaling-ladder-nemotron-optimal-1e+22-v5-025b0e
13000,,2.824413299560547,2.6287195682525635,2.7628512382507324,adamh-scaling-ladder-nemotron-optimal-1e+22-v5-025b0e
13020,2.5360560417175293,,,,adamh-scaling-ladder-nemotron-optimal-1e+22-v5-025b0e
13021,2.5465281009674072,,,,adamh-scaling-ladder-nemotron-optimal-1e+22-v5-025b0e
13024,2.5571868419647217,,,,adamh-scaling-ladder-nemotron-optimal-1e+22-v5-025b0e
13041,2.552215099334717,,,,adamh-scaling-ladder-nemotron-optimal-1e+22-v5-025b0e
13099,2.532360553741455,,,,adamh-scaling-ladder-nemotron-optimal-1e+22-v5-025b0e
13217,2.545430898666382,,,,adamh-scaling-ladder-nemotron-optimal-1e+22-v5-025b0e
13231,2.524488925933838,,,,adamh-scaling-ladder-nemotron-optimal-1e+22-v5-025b0e
13241,2.545625925064087,,,,adamh-scaling-ladder-nemotron-optimal-1e+22-v5-025b0e
13243,2.523325204849243,,,,adamh-scaling-ladder-nemotron-optimal-1e+22-v5-025b0e
13247,2.523508071899414,,,,adamh-scaling-ladder-nemotron-optimal-1e+22-v5-025b0e
13353,2.537147283554077,,,,adamh-scaling-ladder-nemotron-optimal-1e+22-v5-025b0e
13358,2.533607244491577,,,,adamh-scaling-ladder-nemotron-optimal-1e+22-v5-025b0e
13383,2.540588855743408,,,,adamh-scaling-ladder-nemotron-optimal-1e+22-v5-025b0e
13387,2.535552740097046,,,,adamh-scaling-ladder-nemotron-optimal-1e+22-v5-025b0e
13410,2.543492078781128,,,,adamh-scaling-ladder-nemotron-optimal-1e+22-v5-025b0e
13466,2.5444893836975098,,,,adamh-scaling-ladder-nemotron-optimal-1e+22-v5-025b0e
13595,2.5323610305786133,,,,adamh-scaling-ladder-nemotron-optimal-1e+22-v5-025b0e
13605,2.5231800079345703,,,,adamh-scaling-ladder-nemotron-optimal-1e+22-v5-025b0e
13620,2.516446828842163,,,,adamh-scaling-ladder-nemotron-optimal-1e+22-v5-025b0e
13626,2.5463380813598633,,,,adamh-scaling-ladder-nemotron-optimal-1e+22-v5-025b0e
13635,2.543663740158081,,,,adamh-scaling-ladder-nemotron-optimal-1e+22-v5-025b0e
13636,2.554924726486206,,,,adamh-scaling-ladder-nemotron-optimal-1e+22-v5-025b0e
13649,2.516568660736084,,,,adamh-scaling-ladder-nemotron-optimal-1e+22-v5-025b0e
13697,2.537231683731079,,,,adamh-scaling-ladder-nemotron-optimal-1e+22-v5-025b0e
13706,2.534524917602539,,,,adamh-scaling-ladder-nemotron-optimal-1e+22-v5-025b0e
13790,2.523958444595337,,,,adamh-scaling-ladder-nemotron-optimal-1e+22-v5-025b0e
13840,2.5432069301605225,,,,adamh-scaling-ladder-nemotron-optimal-1e+22-v5-025b0e
13851,2.5528862476348877,,,,adamh-scaling-ladder-nemotron-optimal-1e+22-v5-025b0e
13884,2.5319416522979736,,,,adamh-scaling-ladder-nemotron-optimal-1e+22-v5-025b0e
13957,2.5119826793670654,,,,adamh-scaling-ladder-nemotron-optimal-1e+22-v5-025b0e
13994,2.5344038009643555,,,,adamh-scaling-ladder-nemotron-optimal-1e+22-v5-025b0e
14000,,2.814098358154297,2.5996906757354736,2.7279369831085205,adamh-scaling-ladder-nemotron-optimal-1e+22-v5-025b0e
14007,2.5220327377319336,,,,adamh-scaling-ladder-nemotron-optimal-1e+22-v5-025b0e
14013,2.5311036109924316,,,,adamh-scaling-ladder-nemotron-optimal-1e+22-v5-025b0e
14026,2.520702362060547,,,,adamh-scaling-ladder-nemotron-optimal-1e+22-v5-025b0e
14043,2.5417840480804443,,,,adamh-scaling-ladder-nemotron-optimal-1e+22-v5-025b0e
14047,2.5098073482513428,,,,adamh-scaling-ladder-nemotron-optimal-1e+22-v5-025b0e
14056,2.5477728843688965,,,,adamh-scaling-ladder-nemotron-optimal-1e+22-v5-025b0e
14068,2.5425148010253906,,,,adamh-scaling-ladder-nemotron-optimal-1e+22-v5-025b0e
14070,2.5341408252716064,,,,adamh-scaling-ladder-nemotron-optimal-1e+22-v5-025b0e
14088,2.527623414993286,,,,adamh-scaling-ladder-nemotron-optimal-1e+22-v5-025b0e
14091,2.551922082901001,,,,adamh-scaling-ladder-nemotron-optimal-1e+22-v5-025b0e
14104,2.530607223510742,,,,adamh-scaling-ladder-nemotron-optimal-1e+22-v5-025b0e
14130,2.5357606410980225,,,,adamh-scaling-ladder-nemotron-optimal-1e+22-v5-025b0e
14154,2.5255138874053955,,,,adamh-scaling-ladder-nemotron-optimal-1e+22-v5-025b0e
14155,2.537722587585449,,,,adamh-scaling-ladder-nemotron-optimal-1e+22-v5-025b0e
14166,2.5294229984283447,,,,adamh-scaling-ladder-nemotron-optimal-1e+22-v5-025b0e
14179,2.5409209728240967,,,,adamh-scaling-ladder-nemotron-optimal-1e+22-v5-025b0e
14193,2.5545151233673096,,,,adamh-scaling-ladder-nemotron-optimal-1e+22-v5-025b0e
14196,2.524796485900879,,,,adamh-scaling-ladder-nemotron-optimal-1e+22-v5-025b0e
14250,2.566796064376831,,,,adamh-scaling-ladder-nemotron-optimal-1e+22-v5-025b0e
14259,2.5277209281921387,,,,adamh-scaling-ladder-nemotron-optimal-1e+22-v5-025b0e
14267,2.5275614261627197,,,,adamh-scaling-ladder-nemotron-optimal-1e+22-v5-025b0e
14328,2.554715633392334,,,,adamh-scaling-ladder-nemotron-optimal-1e+22-v5-025b0e
14332,2.5411136150360107,,,,adamh-scaling-ladder-nemotron-optimal-1e+22-v5-025b0e
14384,2.527463436126709,,,,adamh-scaling-ladder-nemotron-optimal-1e+22-v5-025b0e
14408,2.5349295139312744,,,,adamh-scaling-ladder-nemotron-optimal-1e+22-v5-025b0e
14416,2.5391342639923096,,,,adamh-scaling-ladder-nemotron-optimal-1e+22-v5-025b0e
14430,2.5559639930725098,,,,adamh-scaling-ladder-nemotron-optimal-1e+22-v5-025b0e
14495,2.527287244796753,,,,adamh-scaling-ladder-nemotron-optimal-1e+22-v5-025b0e
14505,2.5236053466796875,,,,adamh-scaling-ladder-nemotron-optimal-1e+22-v5-025b0e
14516,2.538156032562256,,,,adamh-scaling-ladder-nemotron-optimal-1e+22-v5-025b0e
14519,2.5455360412597656,,,,adamh-scaling-ladder-nemotron-optimal-1e+22-v5-025b0e
14545,2.5429813861846924,,,,adamh-scaling-ladder-nemotron-optimal-1e+22-v5-025b0e
14670,2.5327959060668945,,,,adamh-scaling-ladder-nemotron-optimal-1e+22-v5-025b0e
14682,2.5418834686279297,,,,adamh-scaling-ladder-nemotron-optimal-1e+22-v5-025b0e
14690,2.5395705699920654,,,,adamh-scaling-ladder-nemotron-optimal-1e+22-v5-025b0e
14713,2.5366053581237793,,,,adamh-scaling-ladder-nemotron-optimal-1e+22-v5-025b0e
14755,2.5130066871643066,,,,adamh-scaling-ladder-nemotron-optimal-1e+22-v5-025b0e
14782,2.524446964263916,,,,adamh-scaling-ladder-nemotron-optimal-1e+22-v5-025b0e
14799,2.5458223819732666,,,,adamh-scaling-ladder-nemotron-optimal-1e+22-v5-025b0e
14806,2.5437734127044678,,,,adamh-scaling-ladder-nemotron-optimal-1e+22-v5-025b0e
14816,2.501530170440674,,,,adamh-scaling-ladder-nemotron-optimal-1e+22-v5-025b0e
14851,2.5320005416870117,,,,adamh-scaling-ladder-nemotron-optimal-1e+22-v5-025b0e
14869,2.550840139389038,,,,adamh-scaling-ladder-nemotron-optimal-1e+22-v5-025b0e
14885,2.5244925022125244,,,,adamh-scaling-ladder-nemotron-optimal-1e+22-v5-025b0e
14901,2.5142822265625,,,,adamh-scaling-ladder-nemotron-optimal-1e+22-v5-025b0e
14927,2.5235369205474854,,,,adamh-scaling-ladder-nemotron-optimal-1e+22-v5-025b0e
14954,2.5274136066436768,,,,adamh-scaling-ladder-nemotron-optimal-1e+22-v5-025b0e
14987,2.5496296882629395,,,,adamh-scaling-ladder-nemotron-optimal-1e+22-v5-025b0e
15000,,2.812129020690918,2.591146469116211,2.7194669246673584,adamh-scaling-ladder-nemotron-optimal-1e+22-v5-025b0e
15018,2.5371809005737305,,,,adamh-scaling-ladder-nemotron-optimal-1e+22-v5-025b0e
15066,2.525578260421753,,,,adamh-scaling-ladder-nemotron-optimal-1e+22-v5-025b0e
15070,2.5155107975006104,,,,adamh-scaling-ladder-nemotron-optimal-1e+22-v5-025b0e
15123,2.5192434787750244,,,,adamh-scaling-ladder-nemotron-optimal-1e+22-v5-025b0e
15185,2.5228946208953857,,,,adamh-scaling-ladder-nemotron-optimal-1e+22-v5-025b0e
15192,2.523116111755371,,,,adamh-scaling-ladder-nemotron-optimal-1e+22-v5-025b0e
15250,2.5586745738983154,,,,adamh-scaling-ladder-nemotron-optimal-1e+22-v5-025b0e
15271,2.5450990200042725,,,,adamh-scaling-ladder-nemotron-optimal-1e+22-v5-025b0e
15304,2.5108962059020996,,,,adamh-scaling-ladder-nemotron-optimal-1e+22-v5-025b0e
15323,2.547874689102173,,,,adamh-scaling-ladder-nemotron-optimal-1e+22-v5-025b0e
15366,2.54207706451416,,,,adamh-scaling-ladder-nemotron-optimal-1e+22-v5-025b0e
15369,2.524380683898926,,,,adamh-scaling-ladder-nemotron-optimal-1e+22-v5-025b0e
15387,2.5622808933258057,,,,adamh-scaling-ladder-nemotron-optimal-1e+22-v5-025b0e
15442,2.8441498279571533,,,,adamh-scaling-ladder-nemotron-optimal-1e+22-v5-025b0e
15445,2.80019211769104,,,,adamh-scaling-ladder-nemotron-optimal-1e+22-v5-025b0e
15469,2.612793445587158,,,,adamh-scaling-ladder-nemotron-optimal-1e+22-v5-025b0e
15486,2.5721750259399414,,,,adamh-scaling-ladder-nemotron-optimal-1e+22-v5-025b0e
15506,2.6157853603363037,,,,adamh-scaling-ladder-nemotron-optimal-1e+22-v5-025b0e
15526,2.5407803058624268,,,,adamh-scaling-ladder-nemotron-optimal-1e+22-v5-025b0e
15530,2.565502166748047,,,,adamh-scaling-ladder-nemotron-optimal-1e+22-v5-025b0e
15569,2.5497899055480957,,,,adamh-scaling-ladder-nemotron-optimal-1e+22-v5-025b0e
15572,2.5180723667144775,,,,adamh-scaling-ladder-nemotron-optimal-1e+22-v5-025b0e
15637,2.543276309967041,,,,adamh-scaling-ladder-nemotron-optimal-1e+22-v5-025b0e
15695,2.535881757736206,,,,adamh-scaling-ladder-nemotron-optimal-1e+22-v5-025b0e
15713,2.5356643199920654,,,,adamh-scaling-ladder-nemotron-optimal-1e+22-v5-025b0e
15756,2.532078504562378,,,,adamh-scaling-ladder-nemotron-optimal-1e+22-v5-025b0e
15769,2.5321125984191895,,,,adamh-scaling-ladder-nemotron-optimal-1e+22-v5-025b0e
15776,2.538651943206787,,,,adamh-scaling-ladder-nemotron-optimal-1e+22-v5-025b0e
15824,2.5415303707122803,,,,adamh-scaling-ladder-nemotron-optimal-1e+22-v5-025b0e
15829,2.543886184692383,,,,adamh-scaling-ladder-nemotron-optimal-1e+22-v5-025b0e
15835,2.5128684043884277,,,,adamh-scaling-ladder-nemotron-optimal-1e+22-v5-025b0e
15840,2.5306968688964844,,,,adamh-scaling-ladder-nemotron-optimal-1e+22-v5-025b0e
15852,2.5319178104400635,,,,adamh-scaling-ladder-nemotron-optimal-1e+22-v5-025b0e
15907,2.543416738510132,,,,adamh-scaling-ladder-nemotron-optimal-1e+22-v5-025b0e
15928,2.544719696044922,,,,adamh-scaling-ladder-nemotron-optimal-1e+22-v5-025b0e
15941,2.537823438644409,,,,adamh-scaling-ladder-nemotron-optimal-1e+22-v5-025b0e
15990,2.5177743434906006,,,,adamh-scaling-ladder-nemotron-optimal-1e+22-v5-025b0e
16000,,2.811033010482788,2.5950634479522705,2.721714735031128,adamh-scaling-ladder-nemotron-optimal-1e+22-v5-025b0e
16044,2.5389838218688965,,,,adamh-scaling-ladder-nemotron-optimal-1e+22-v5-025b0e
16060,2.502833843231201,,,,adamh-scaling-ladder-nemotron-optimal-1e+22-v5-025b0e
16150,2.5205018520355225,,,,adamh-scaling-ladder-nemotron-optimal-1e+22-v5-025b0e
16161,2.510951042175293,,,,adamh-scaling-ladder-nemotron-optimal-1e+22-v5-025b0e
16188,2.5173325538635254,,,,adamh-scaling-ladder-nemotron-optimal-1e+22-v5-025b0e
16193,2.5177085399627686,,,,adamh-scaling-ladder-nemotron-optimal-1e+22-v5-025b0e
16211,2.540287971496582,,,,adamh-scaling-ladder-nemotron-optimal-1e+22-v5-025b0e
16245,2.5019338130950928,,,,adamh-scaling-ladder-nemotron-optimal-1e+22-v5-025b0e
16288,2.523078441619873,,,,adamh-scaling-ladder-nemotron-optimal-1e+22-v5-025b0e
16290,2.514289617538452,,,,adamh-scaling-ladder-nemotron-optimal-1e+22-v5-025b0e
16334,2.5179784297943115,,,,adamh-scaling-ladder-nemotron-optimal-1e+22-v5-025b0e
16357,2.504429340362549,,,,adamh-scaling-ladder-nemotron-optimal-1e+22-v5-025b0e
16359,2.544772148132324,,,,adamh-scaling-ladder-nemotron-optimal-1e+22-v5-025b0e
16364,2.5340468883514404,,,,adamh-scaling-ladder-nemotron-optimal-1e+22-v5-025b0e
16463,2.539682149887085,,,,adamh-scaling-ladder-nemotron-optimal-1e+22-v5-025b0e
16468,2.5265345573425293,,,,adamh-scaling-ladder-nemotron-optimal-1e+22-v5-025b0e
16491,2.520507574081421,,,,adamh-scaling-ladder-nemotron-optimal-1e+22-v5-025b0e
16522,2.504750967025757,,,,adamh-scaling-ladder-nemotron-optimal-1e+22-v5-025b0e
16554,2.5311055183410645,,,,adamh-scaling-ladder-nemotron-optimal-1e+22-v5-025b0e
16576,2.5103347301483154,,,,adamh-scaling-ladder-nemotron-optimal-1e+22-v5-025b0e
16601,2.509737730026245,,,,adamh-scaling-ladder-nemotron-optimal-1e+22-v5-025b0e
16622,2.509249687194824,,,,adamh-scaling-ladder-nemotron-optimal-1e+22-v5-025b0e
16627,2.506012201309204,,,,adamh-scaling-ladder-nemotron-optimal-1e+22-v5-025b0e
16706,2.5106961727142334,,,,adamh-scaling-ladder-nemotron-optimal-1e+22-v5-025b0e
16722,2.5115718841552734,,,,adamh-scaling-ladder-nemotron-optimal-1e+22-v5-025b0e
16740,2.4948651790618896,,,,adamh-scaling-ladder-nemotron-optimal-1e+22-v5-025b0e
16766,2.5308022499084473,,,,adamh-scaling-ladder-nemotron-optimal-1e+22-v5-025b0e
16841,2.5133681297302246,,,,adamh-scaling-ladder-nemotron-optimal-1e+22-v5-025b0e
16852,2.516519546508789,,,,adamh-scaling-ladder-nemotron-optimal-1e+22-v5-025b0e
16857,2.5464158058166504,,,,adamh-scaling-ladder-nemotron-optimal-1e+22-v5-025b0e
16916,2.530323028564453,,,,adamh-scaling-ladder-nemotron-optimal-1e+22-v5-025b0e
16935,2.518054485321045,,,,adamh-scaling-ladder-nemotron-optimal-1e+22-v5-025b0e
16937,2.522372245788574,,,,adamh-scaling-ladder-nemotron-optimal-1e+22-v5-025b0e
16962,2.5100371837615967,,,,adamh-scaling-ladder-nemotron-optimal-1e+22-v5-025b0e
17000,,2.8050429821014404,2.5860955715179443,2.715289354324341,adamh-scaling-ladder-nemotron-optimal-1e+22-v5-025b0e
17028,2.5179266929626465,,,,adamh-scaling-ladder-nemotron-optimal-1e+22-v5-025b0e
17062,2.5154919624328613,,,,adamh-scaling-ladder-nemotron-optimal-1e+22-v5-025b0e
17120,2.508814811706543,,,,adamh-scaling-ladder-nemotron-optimal-1e+22-v5-025b0e
17137,2.547170877456665,,,,adamh-scaling-ladder-nemotron-optimal-1e+22-v5-025b0e
17195,2.5231518745422363,,,,adamh-scaling-ladder-nemotron-optimal-1e+22-v5-025b0e
17207,2.5248210430145264,,,,adamh-scaling-ladder-nemotron-optimal-1e+22-v5-025b0e
17228,2.519667148590088,,,,adamh-scaling-ladder-nemotron-optimal-1e+22-v5-025b0e
17257,2.4778833389282227,,,,adamh-scaling-ladder-nemotron-optimal-1e+22-v5-025b0e
17287,2.5243234634399414,,,,adamh-scaling-ladder-nemotron-optimal-1e+22-v5-025b0e
17399,2.5070090293884277,,,,adamh-scaling-ladder-nemotron-optimal-1e+22-v5-025b0e
17423,2.522080659866333,,,,adamh-scaling-ladder-nemotron-optimal-1e+22-v5-025b0e
17447,2.5151174068450928,,,,adamh-scaling-ladder-nemotron-optimal-1e+22-v5-025b0e
17506,2.533712148666382,,,,adamh-scaling-ladder-nemotron-optimal-1e+22-v5-025b0e
17552,2.522413492202759,,,,adamh-scaling-ladder-nemotron-optimal-1e+22-v5-025b0e
17602,2.5236892700195312,,,,adamh-scaling-ladder-nemotron-optimal-1e+22-v5-025b0e
17655,2.526219606399536,,,,adamh-scaling-ladder-nemotron-optimal-1e+22-v5-025b0e
17660,2.505803346633911,,,,adamh-scaling-ladder-nemotron-optimal-1e+22-v5-025b0e
17678,2.516371011734009,,,,adamh-scaling-ladder-nemotron-optimal-1e+22-v5-025b0e
17685,2.5215535163879395,,,,adamh-scaling-ladder-nemotron-optimal-1e+22-v5-025b0e
17725,2.5150399208068848,,,,adamh-scaling-ladder-nemotron-optimal-1e+22-v5-025b0e
17732,2.5157153606414795,,,,adamh-scaling-ladder-nemotron-optimal-1e+22-v5-025b0e
17738,2.518768787384033,,,,adamh-scaling-ladder-nemotron-optimal-1e+22-v5-025b0e
17743,2.507993698120117,,,,adamh-scaling-ladder-nemotron-optimal-1e+22-v5-025b0e
17745,2.5264997482299805,,,,adamh-scaling-ladder-nemotron-optimal-1e+22-v5-025b0e
17748,2.528804302215576,,,,adamh-scaling-ladder-nemotron-optimal-1e+22-v5-025b0e
17779,2.504427194595337,,,,adamh-scaling-ladder-nemotron-optimal-1e+22-v5-025b0e
17795,2.4988694190979004,,,,adamh-scaling-ladder-nemotron-optimal-1e+22-v5-025b0e
17799,2.520307779312134,,,,adamh-scaling-ladder-nemotron-optimal-1e+22-v5-025b0e
17850,2.5117406845092773,,,,adamh-scaling-ladder-nemotron-optimal-1e+22-v5-025b0e
17860,2.502364158630371,,,,adamh-scaling-ladder-nemotron-optimal-1e+22-v5-025b0e
17866,2.516184091567993,,,,adamh-scaling-ladder-nemotron-optimal-1e+22-v5-025b0e
17872,2.4998385906219482,,,,adamh-scaling-ladder-nemotron-optimal-1e+22-v5-025b0e
17879,2.4814679622650146,,,,adamh-scaling-ladder-nemotron-optimal-1e+22-v5-025b0e
17906,2.5214684009552,,,,adamh-scaling-ladder-nemotron-optimal-1e+22-v5-025b0e
17934,2.5032401084899902,,,,adamh-scaling-ladder-nemotron-optimal-1e+22-v5-025b0e
17936,2.5091121196746826,,,,adamh-scaling-ladder-nemotron-optimal-1e+22-v5-025b0e
17988,2.5281875133514404,,,,adamh-scaling-ladder-nemotron-optimal-1e+22-v5-025b0e
17999,2.506958484649658,,,,adamh-scaling-ladder-nemotron-optimal-1e+22-v5-025b0e
18000,,2.7969326972961426,2.576077461242676,2.7032742500305176,adamh-scaling-ladder-nemotron-optimal-1e+22-v5-025b0e
18014,2.532355785369873,,,,adamh-scaling-ladder-nemotron-optimal-1e+22-v5-025b0e
18018,2.5116875171661377,,,,adamh-scaling-ladder-nemotron-optimal-1e+22-v5-025b0e
18062,2.5516510009765625,,,,adamh-scaling-ladder-nemotron-optimal-1e+22-v5-025b0e
18067,2.507755994796753,,,,adamh-scaling-ladder-nemotron-optimal-1e+22-v5-025b0e
18074,2.5153968334198,,,,adamh-scaling-ladder-nemotron-optimal-1e+22-v5-025b0e
18078,2.5113048553466797,,,,adamh-scaling-ladder-nemotron-optimal-1e+22-v5-025b0e
18104,2.53501033782959,,,,adamh-scaling-ladder-nemotron-optimal-1e+22-v5-025b0e
18106,2.532175064086914,,,,adamh-scaling-ladder-nemotron-optimal-1e+22-v5-025b0e
18153,2.5121378898620605,,,,adamh-scaling-ladder-nemotron-optimal-1e+22-v5-025b0e
18232,2.53037166595459,,,,adamh-scaling-ladder-nemotron-optimal-1e+22-v5-025b0e
18249,2.495211124420166,,,,adamh-scaling-ladder-nemotron-optimal-1e+22-v5-025b0e
18283,2.5225110054016113,,,,adamh-scaling-ladder-nemotron-optimal-1e+22-v5-025b0e
18285,2.521387815475464,,,,adamh-scaling-ladder-nemotron-optimal-1e+22-v5-025b0e
18317,2.526097536087036,,,,adamh-scaling-ladder-nemotron-optimal-1e+22-v5-025b0e
18343,2.510131359100342,,,,adamh-scaling-ladder-nemotron-optimal-1e+22-v5-025b0e
18356,2.508153200149536,,,,adamh-scaling-ladder-nemotron-optimal-1e+22-v5-025b0e
18447,2.5136191844940186,,,,adamh-scaling-ladder-nemotron-optimal-1e+22-v5-025b0e
18532,2.5572454929351807,,,,adamh-scaling-ladder-nemotron-optimal-1e+22-v5-025b0e
18582,2.5275228023529053,,,,adamh-scaling-ladder-nemotron-optimal-1e+22-v5-025b0e
18597,2.537635564804077,,,,adamh-scaling-ladder-nemotron-optimal-1e+22-v5-025b0e
18642,2.5296037197113037,,,,adamh-scaling-ladder-nemotron-optimal-1e+22-v5-025b0e
18699,2.509028196334839,,,,adamh-scaling-ladder-nemotron-optimal-1e+22-v5-025b0e
18718,2.5156755447387695,,,,adamh-scaling-ladder-nemotron-optimal-1e+22-v5-025b0e
18733,2.513939619064331,,,,adamh-scaling-ladder-nemotron-optimal-1e+22-v5-025b0e
18743,2.508610486984253,,,,adamh-scaling-ladder-nemotron-optimal-1e+22-v5-025b0e
18777,2.5284152030944824,,,,adamh-scaling-ladder-nemotron-optimal-1e+22-v5-025b0e
18808,2.520221471786499,,,,adamh-scaling-ladder-nemotron-optimal-1e+22-v5-025b0e
18814,2.5335357189178467,,,,adamh-scaling-ladder-nemotron-optimal-1e+22-v5-025b0e
18860,2.53023624420166,,,,adamh-scaling-ladder-nemotron-optimal-1e+22-v5-025b0e
18881,2.493987798690796,,,,adamh-scaling-ladder-nemotron-optimal-1e+22-v5-025b0e
18908,2.5095200538635254,,,,adamh-scaling-ladder-nemotron-optimal-1e+22-v5-025b0e
18920,2.529404401779175,,,,adamh-scaling-ladder-nemotron-optimal-1e+22-v5-025b0e
18921,2.4963998794555664,,,,adamh-scaling-ladder-nemotron-optimal-1e+22-v5-025b0e
18966,2.521181344985962,,,,adamh-scaling-ladder-nemotron-optimal-1e+22-v5-025b0e
19000,2.5166940689086914,2.7966954708099365,2.573815107345581,2.7001500129699707,adamh-scaling-ladder-nemotron-optimal-1e+22-v5-025b0e
19043,2.5062005519866943,,,,adamh-scaling-ladder-nemotron-optimal-1e+22-v5-025b0e
19064,2.5222907066345215,,,,adamh-scaling-ladder-nemotron-optimal-1e+22-v5-025b0e
19096,2.4923229217529297,,,,adamh-scaling-ladder-nemotron-optimal-1e+22-v5-025b0e
19137,2.4866349697113037,,,,adamh-scaling-ladder-nemotron-optimal-1e+22-v5-025b0e
19143,2.523902177810669,,,,adamh-scaling-ladder-nemotron-optimal-1e+22-v5-025b0e
19182,2.548490524291992,,,,adamh-scaling-ladder-nemotron-optimal-1e+22-v5-025b0e
19195,2.489260673522949,,,,adamh-scaling-ladder-nemotron-optimal-1e+22-v5-025b0e
19201,2.543971538543701,,,,adamh-scaling-ladder-nemotron-optimal-1e+22-v5-025b0e
19245,2.5216124057769775,,,,adamh-scaling-ladder-nemotron-optimal-1e+22-v5-025b0e
19251,2.526956558227539,,,,adamh-scaling-ladder-nemotron-optimal-1e+22-v5-025b0e
19253,2.530488967895508,,,,adamh-scaling-ladder-nemotron-optimal-1e+22-v5-025b0e
19272,2.494994640350342,,,,adamh-scaling-ladder-nemotron-optimal-1e+22-v5-025b0e
19283,2.48508620262146,,,,adamh-scaling-ladder-nemotron-optimal-1e+22-v5-025b0e
19302,2.4971938133239746,,,,adamh-scaling-ladder-nemotron-optimal-1e+22-v5-025b0e
19363,2.516023874282837,,,,adamh-scaling-ladder-nemotron-optimal-1e+22-v5-025b0e
19367,2.5312933921813965,,,,adamh-scaling-ladder-nemotron-optimal-1e+22-v5-025b0e
19389,2.520554304122925,,,,adamh-scaling-ladder-nemotron-optimal-1e+22-v5-025b0e
19397,2.5052788257598877,,,,adamh-scaling-ladder-nemotron-optimal-1e+22-v5-025b0e
19433,2.5071451663970947,,,,adamh-scaling-ladder-nemotron-optimal-1e+22-v5-025b0e
19442,2.5068578720092773,,,,adamh-scaling-ladder-nemotron-optimal-1e+22-v5-025b0e
19585,2.51550555229187,,,,adamh-scaling-ladder-nemotron-optimal-1e+22-v5-025b0e
19599,2.529374361038208,,,,adamh-scaling-ladder-nemotron-optimal-1e+22-v5-025b0e
19615,2.5147764682769775,,,,adamh-scaling-ladder-nemotron-optimal-1e+22-v5-025b0e
19636,2.5200414657592773,,,,adamh-scaling-ladder-nemotron-optimal-1e+22-v5-025b0e
19638,2.512906074523926,,,,adamh-scaling-ladder-nemotron-optimal-1e+22-v5-025b0e
19677,2.512570381164551,,,,adamh-scaling-ladder-nemotron-optimal-1e+22-v5-025b0e
19723,2.511259078979492,,,,adamh-scaling-ladder-nemotron-optimal-1e+22-v5-025b0e
19737,2.512131929397583,,,,adamh-scaling-ladder-nemotron-optimal-1e+22-v5-025b0e
19772,2.508265256881714,,,,adamh-scaling-ladder-nemotron-optimal-1e+22-v5-025b0e
19800,2.534846544265747,,,,adamh-scaling-ladder-nemotron-optimal-1e+22-v5-025b0e
19833,2.5106089115142822,,,,adamh-scaling-ladder-nemotron-optimal-1e+22-v5-025b0e
19845,2.5125668048858643,,,,adamh-scaling-ladder-nemotron-optimal-1e+22-v5-025b0e
19880,2.5028719902038574,,,,adamh-scaling-ladder-nemotron-optimal-1e+22-v5-025b0e
19884,2.5053293704986572,,,,adamh-scaling-ladder-nemotron-optimal-1e+22-v5-025b0e
19897,2.528247356414795,,,,adamh-scaling-ladder-nemotron-optimal-1e+22-v5-025b0e
19912,2.536271810531616,,,,adamh-scaling-ladder-nemotron-optimal-1e+22-v5-025b0e
19924,2.5301599502563477,,,,adamh-scaling-ladder-nemotron-optimal-1e+22-v5-025b0e
19973,2.5144054889678955,,,,adamh-scaling-ladder-nemotron-optimal-1e+22-v5-025b0e
19989,2.5130233764648438,,,,adamh-scaling-ladder-nemotron-optimal-1e+22-v5-025b0e
20000,,2.796079397201538,2.5732498168945312,2.701913356781006,adamh-scaling-ladder-nemotron-optimal-1e+22-v5-025b0e
20074,2.509404182434082,,,,adamh-scaling-ladder-nemotron-optimal-1e+22-v5-025b0e
20093,2.506387948989868,,,,adamh-scaling-ladder-nemotron-optimal-1e+22-v5-025b0e
20107,2.5227670669555664,,,,adamh-scaling-ladder-nemotron-optimal-1e+22-v5-025b0e
20158,2.511557102203369,,,,adamh-scaling-ladder-nemotron-optimal-1e+22-v5-025b0e
20201,2.5116405487060547,,,,adamh-scaling-ladder-nemotron-optimal-1e+22-v5-025b0e
20208,2.5076687335968018,,,,adamh-scaling-ladder-nemotron-optimal-1e+22-v5-025b0e
20227,2.536471366882324,,,,adamh-scaling-ladder-nemotron-optimal-1e+22-v5-025b0e
20250,2.508023262023926,,,,adamh-scaling-ladder-nemotron-optimal-1e+22-v5-025b0e
20265,2.4950833320617676,,,,adamh-scaling-ladder-nemotron-optimal-1e+22-v5-025b0e
20267,2.5072197914123535,,,,adamh-scaling-ladder-nemotron-optimal-1e+22-v5-025b0e
20269,2.5031352043151855,,,,adamh-scaling-ladder-nemotron-optimal-1e+22-v5-025b0e
20291,2.5114755630493164,,,,adamh-scaling-ladder-nemotron-optimal-1e+22-v5-025b0e
20333,2.515326499938965,,,,adamh-scaling-ladder-nemotron-optimal-1e+22-v5-025b0e
20342,2.5039355754852295,,,,adamh-scaling-ladder-nemotron-optimal-1e+22-v5-025b0e
20344,2.503150463104248,,,,adamh-scaling-ladder-nemotron-optimal-1e+22-v5-025b0e
20345,2.50148606300354,,,,adamh-scaling-ladder-nemotron-optimal-1e+22-v5-025b0e
20350,2.506495714187622,,,,adamh-scaling-ladder-nemotron-optimal-1e+22-v5-025b0e
20353,2.493454933166504,,,,adamh-scaling-ladder-nemotron-optimal-1e+22-v5-025b0e
20461,2.5163490772247314,,,,adamh-scaling-ladder-nemotron-optimal-1e+22-v5-025b0e
20487,2.519096851348877,,,,adamh-scaling-ladder-nemotron-optimal-1e+22-v5-025b0e
20493,2.515047073364258,,,,adamh-scaling-ladder-nemotron-optimal-1e+22-v5-025b0e
20534,2.5176286697387695,,,,adamh-scaling-ladder-nemotron-optimal-1e+22-v5-025b0e
20540,2.520409107208252,,,,adamh-scaling-ladder-nemotron-optimal-1e+22-v5-025b0e
20686,2.502992630004883,,,,adamh-scaling-ladder-nemotron-optimal-1e+22-v5-025b0e
20704,2.5153584480285645,,,,adamh-scaling-ladder-nemotron-optimal-1e+22-v5-025b0e
20723,2.5171713829040527,,,,adamh-scaling-ladder-nemotron-optimal-1e+22-v5-025b0e
20743,2.5009374618530273,,,,adamh-scaling-ladder-nemotron-optimal-1e+22-v5-025b0e
20773,2.535924196243286,,,,adamh-scaling-ladder-nemotron-optimal-1e+22-v5-025b0e
20778,2.512242078781128,,,,adamh-scaling-ladder-nemotron-optimal-1e+22-v5-025b0e
20799,2.500030040740967,,,,adamh-scaling-ladder-nemotron-optimal-1e+22-v5-025b0e
20843,2.5088469982147217,,,,adamh-scaling-ladder-nemotron-optimal-1e+22-v5-025b0e
20869,2.508897066116333,,,,adamh-scaling-ladder-nemotron-optimal-1e+22-v5-025b0e
20874,2.5680971145629883,,,,adamh-scaling-ladder-nemotron-optimal-1e+22-v5-025b0e
20882,2.5302927494049072,,,,adamh-scaling-ladder-nemotron-optimal-1e+22-v5-025b0e
20912,2.5027267932891846,,,,adamh-scaling-ladder-nemotron-optimal-1e+22-v5-025b0e
20942,2.520740270614624,,,,adamh-scaling-ladder-nemotron-optimal-1e+22-v5-025b0e
20977,2.4786436557769775,,,,adamh-scaling-ladder-nemotron-optimal-1e+22-v5-025b0e
20989,2.510866403579712,,,,adamh-scaling-ladder-nemotron-optimal-1e+22-v5-025b0e
21000,,2.7941198348999023,2.5717077255249023,2.698979377746582,adamh-scaling-ladder-nemotron-optimal-1e+22-v5-025b0e
21002,2.5395100116729736,,,,adamh-scaling-ladder-nemotron-optimal-1e+22-v5-025b0e
21040,2.5154051780700684,,,,adamh-scaling-ladder-nemotron-optimal-1e+22-v5-025b0e
21041,2.494382619857788,,,,adamh-scaling-ladder-nemotron-optimal-1e+22-v5-025b0e
21072,2.523341178894043,,,,adamh-scaling-ladder-nemotron-optimal-1e+22-v5-025b0e
21091,2.5070228576660156,,,,adamh-scaling-ladder-nemotron-optimal-1e+22-v5-025b0e
21092,2.493743419647217,,,,adamh-scaling-ladder-nemotron-optimal-1e+22-v5-025b0e
21097,2.526923179626465,,,,adamh-scaling-ladder-nemotron-optimal-1e+22-v5-025b0e
21108,2.4768195152282715,,,,adamh-scaling-ladder-nemotron-optimal-1e+22-v5-025b0e
21132,2.5073418617248535,,,,adamh-scaling-ladder-nemotron-optimal-1e+22-v5-025b0e
21165,2.509721040725708,,,,adamh-scaling-ladder-nemotron-optimal-1e+22-v5-025b0e
21201,2.511488676071167,,,,adamh-scaling-ladder-nemotron-optimal-1e+22-v5-025b0e
21243,2.5433285236358643,,,,adamh-scaling-ladder-nemotron-optimal-1e+22-v5-025b0e
21249,2.513639211654663,,,,adamh-scaling-ladder-nemotron-optimal-1e+22-v5-025b0e
21297,2.506215810775757,,,,adamh-scaling-ladder-nemotron-optimal-1e+22-v5-025b0e
21313,2.514617919921875,,,,adamh-scaling-ladder-nemotron-optimal-1e+22-v5-025b0e
21318,2.5337283611297607,,,,adamh-scaling-ladder-nemotron-optimal-1e+22-v5-025b0e
21360,2.5045785903930664,,,,adamh-scaling-ladder-nemotron-optimal-1e+22-v5-025b0e
21385,2.505894899368286,,,,adamh-scaling-ladder-nemotron-optimal-1e+22-v5-025b0e
21433,2.5025079250335693,,,,adamh-scaling-ladder-nemotron-optimal-1e+22-v5-025b0e
21447,2.5115623474121094,,,,adamh-scaling-ladder-nemotron-optimal-1e+22-v5-025b0e
21459,2.515402317047119,,,,adamh-scaling-ladder-nemotron-optimal-1e+22-v5-025b0e
21469,2.499223470687866,,,,adamh-scaling-ladder-nemotron-optimal-1e+22-v5-025b0e
21496,2.508537530899048,,,,adamh-scaling-ladder-nemotron-optimal-1e+22-v5-025b0e
21511,2.487642526626587,,,,adamh-scaling-ladder-nemotron-optimal-1e+22-v5-025b0e
21621,2.4863626956939697,,,,adamh-scaling-ladder-nemotron-optimal-1e+22-v5-025b0e
21633,2.48622727394104,,,,adamh-scaling-ladder-nemotron-optimal-1e+22-v5-025b0e
21659,2.5303306579589844,,,,adamh-scaling-ladder-nemotron-optimal-1e+22-v5-025b0e
21665,2.493068218231201,,,,adamh-scaling-ladder-nemotron-optimal-1e+22-v5-025b0e
21692,2.515305519104004,,,,adamh-scaling-ladder-nemotron-optimal-1e+22-v5-025b0e
21698,2.5156753063201904,,,,adamh-scaling-ladder-nemotron-optimal-1e+22-v5-025b0e
21780,2.4795913696289062,,,,adamh-scaling-ladder-nemotron-optimal-1e+22-v5-025b0e
21851,2.4878745079040527,,,,adamh-scaling-ladder-nemotron-optimal-1e+22-v5-025b0e
21882,2.4899191856384277,,,,adamh-scaling-ladder-nemotron-optimal-1e+22-v5-025b0e
21950,2.5386803150177,,,,adamh-scaling-ladder-nemotron-optimal-1e+22-v5-025b0e
21953,2.548617124557495,,,,adamh-scaling-ladder-nemotron-optimal-1e+22-v5-025b0e
22000,,2.8139142990112305,2.601410388946533,2.7341408729553223,adamh-scaling-ladder-nemotron-optimal-1e+22-v5-025b0e
22012,2.5184037685394287,,,,adamh-scaling-ladder-nemotron-optimal-1e+22-v5-025b0e
22057,2.51567006111145,,,,adamh-scaling-ladder-nemotron-optimal-1e+22-v5-025b0e
22219,2.4938087463378906,,,,adamh-scaling-ladder-nemotron-optimal-1e+22-v5-025b0e
22254,2.521512269973755,,,,adamh-scaling-ladder-nemotron-optimal-1e+22-v5-025b0e
22293,2.506261110305786,,,,adamh-scaling-ladder-nemotron-optimal-1e+22-v5-025b0e
22300,2.4997453689575195,,,,adamh-scaling-ladder-nemotron-optimal-1e+22-v5-025b0e
22346,2.5064475536346436,,,,adamh-scaling-ladder-nemotron-optimal-1e+22-v5-025b0e
22395,2.4985644817352295,,,,adamh-scaling-ladder-nemotron-optimal-1e+22-v5-025b0e
22398,2.4935808181762695,,,,adamh-scaling-ladder-nemotron-optimal-1e+22-v5-025b0e
22403,2.511340618133545,,,,adamh-scaling-ladder-nemotron-optimal-1e+22-v5-025b0e
22432,2.5034587383270264,,,,adamh-scaling-ladder-nemotron-optimal-1e+22-v5-025b0e
22438,2.5111243724823,,,,adamh-scaling-ladder-nemotron-optimal-1e+22-v5-025b0e
22460,2.5152645111083984,,,,adamh-scaling-ladder-nemotron-optimal-1e+22-v5-025b0e
22475,2.4831302165985107,,,,adamh-scaling-ladder-nemotron-optimal-1e+22-v5-025b0e
22485,2.5035417079925537,,,,adamh-scaling-ladder-nemotron-optimal-1e+22-v5-025b0e
22527,2.5007314682006836,,,,adamh-scaling-ladder-nemotron-optimal-1e+22-v5-025b0e
22528,2.531008243560791,,,,adamh-scaling-ladder-nemotron-optimal-1e+22-v5-025b0e
22555,2.5048532485961914,,,,adamh-scaling-ladder-nemotron-optimal-1e+22-v5-025b0e
22574,2.5049729347229004,,,,adamh-scaling-ladder-nemotron-optimal-1e+22-v5-025b0e
22639,2.5105459690093994,,,,adamh-scaling-ladder-nemotron-optimal-1e+22-v5-025b0e
22682,2.5003907680511475,,,,adamh-scaling-ladder-nemotron-optimal-1e+22-v5-025b0e
22698,2.5247740745544434,,,,adamh-scaling-ladder-nemotron-optimal-1e+22-v5-025b0e
22732,2.513641595840454,,,,adamh-scaling-ladder-nemotron-optimal-1e+22-v5-025b0e
22733,2.5153565406799316,,,,adamh-scaling-ladder-nemotron-optimal-1e+22-v5-025b0e
22744,2.5116398334503174,,,,adamh-scaling-ladder-nemotron-optimal-1e+22-v5-025b0e
22766,2.499037742614746,,,,adamh-scaling-ladder-nemotron-optimal-1e+22-v5-025b0e
22767,2.509453773498535,,,,adamh-scaling-ladder-nemotron-optimal-1e+22-v5-025b0e
22799,2.5095975399017334,,,,adamh-scaling-ladder-nemotron-optimal-1e+22-v5-025b0e
22841,2.515162229537964,,,,adamh-scaling-ladder-nemotron-optimal-1e+22-v5-025b0e
22856,2.5029304027557373,,,,adamh-scaling-ladder-nemotron-optimal-1e+22-v5-025b0e
22857,2.516115427017212,,,,adamh-scaling-ladder-nemotron-optimal-1e+22-v5-025b0e
22916,2.49594783782959,,,,adamh-scaling-ladder-nemotron-optimal-1e+22-v5-025b0e
22969,2.5020363330841064,,,,adamh-scaling-ladder-nemotron-optimal-1e+22-v5-025b0e
22984,2.5173919200897217,,,,adamh-scaling-ladder-nemotron-optimal-1e+22-v5-025b0e
23000,,2.7878458499908447,2.5709264278411865,2.6974990367889404,adamh-scaling-ladder-nemotron-optimal-1e+22-v5-025b0e
23006,2.480340003967285,,,,adamh-scaling-ladder-nemotron-optimal-1e+22-v5-025b0e
23016,2.5183498859405518,,,,adamh-scaling-ladder-nemotron-optimal-1e+22-v5-025b0e
23033,2.5351665019989014,,,,adamh-scaling-ladder-nemotron-optimal-1e+22-v5-025b0e
23048,2.499112606048584,,,,adamh-scaling-ladder-nemotron-optimal-1e+22-v5-025b0e
23057,2.5078482627868652,,,,adamh-scaling-ladder-nemotron-optimal-1e+22-v5-025b0e
23103,2.4963443279266357,,,,adamh-scaling-ladder-nemotron-optimal-1e+22-v5-025b0e
23124,2.5152475833892822,,,,adamh-scaling-ladder-nemotron-optimal-1e+22-v5-025b0e
23127,2.5130505561828613,,,,adamh-scaling-ladder-nemotron-optimal-1e+22-v5-025b0e
23179,2.490635633468628,,,,adamh-scaling-ladder-nemotron-optimal-1e+22-v5-025b0e
23258,2.5166802406311035,,,,adamh-scaling-ladder-nemotron-optimal-1e+22-v5-025b0e
23301,2.4963598251342773,,,,adamh-scaling-ladder-nemotron-optimal-1e+22-v5-025b0e
23340,2.4770758152008057,,,,adamh-scaling-ladder-nemotron-optimal-1e+22-v5-025b0e
23345,2.4916186332702637,,,,adamh-scaling-ladder-nemotron-optimal-1e+22-v5-025b0e
23380,2.4906837940216064,,,,adamh-scaling-ladder-nemotron-optimal-1e+22-v5-025b0e
23387,2.490248918533325,,,,adamh-scaling-ladder-nemotron-optimal-1e+22-v5-025b0e
23388,2.4847686290740967,,,,adamh-scaling-ladder-nemotron-optimal-1e+22-v5-025b0e
23450,2.481329917907715,,,,adamh-scaling-ladder-nemotron-optimal-1e+22-v5-025b0e
23454,2.511986255645752,,,,adamh-scaling-ladder-nemotron-optimal-1e+22-v5-025b0e
23468,2.4985110759735107,,,,adamh-scaling-ladder-nemotron-optimal-1e+22-v5-025b0e
23547,2.5015597343444824,,,,adamh-scaling-ladder-nemotron-optimal-1e+22-v5-025b0e
23567,2.476978063583374,,,,adamh-scaling-ladder-nemotron-optimal-1e+22-v5-025b0e
23584,2.5011162757873535,,,,adamh-scaling-ladder-nemotron-optimal-1e+22-v5-025b0e
23639,2.511890172958374,,,,adamh-scaling-ladder-nemotron-optimal-1e+22-v5-025b0e
23657,2.506709575653076,,,,adamh-scaling-ladder-nemotron-optimal-1e+22-v5-025b0e
23664,2.506049394607544,,,,adamh-scaling-ladder-nemotron-optimal-1e+22-v5-025b0e
23678,2.498807668685913,,,,adamh-scaling-ladder-nemotron-optimal-1e+22-v5-025b0e
23690,2.487619400024414,,,,adamh-scaling-ladder-nemotron-optimal-1e+22-v5-025b0e
23721,2.5002315044403076,,,,adamh-scaling-ladder-nemotron-optimal-1e+22-v5-025b0e
23750,2.50113582611084,,,,adamh-scaling-ladder-nemotron-optimal-1e+22-v5-025b0e
23763,2.480679750442505,,,,adamh-scaling-ladder-nemotron-optimal-1e+22-v5-025b0e
23770,2.4943630695343018,,,,adamh-scaling-ladder-nemotron-optimal-1e+22-v5-025b0e
23779,2.4955949783325195,,,,adamh-scaling-ladder-nemotron-optimal-1e+22-v5-025b0e
23807,2.488299608230591,,,,adamh-scaling-ladder-nemotron-optimal-1e+22-v5-025b0e
23834,2.4753615856170654,,,,adamh-scaling-ladder-nemotron-optimal-1e+22-v5-025b0e
23863,2.528581142425537,,,,adamh-scaling-ladder-nemotron-optimal-1e+22-v5-025b0e
23883,2.5059120655059814,,,,adamh-scaling-ladder-nemotron-optimal-1e+22-v5-025b0e
23901,2.4758996963500977,,,,adamh-scaling-ladder-nemotron-optimal-1e+22-v5-025b0e
23911,2.523550510406494,,,,adamh-scaling-ladder-nemotron-optimal-1e+22-v5-025b0e
23912,2.496159791946411,,,,adamh-scaling-ladder-nemotron-optimal-1e+22-v5-025b0e
23922,2.4791982173919678,,,,adamh-scaling-ladder-nemotron-optimal-1e+22-v5-025b0e
23968,2.4934768676757812,,,,adamh-scaling-ladder-nemotron-optimal-1e+22-v5-025b0e
23969,2.4970593452453613,,,,adamh-scaling-ladder-nemotron-optimal-1e+22-v5-025b0e
23974,2.509878396987915,,,,adamh-scaling-ladder-nemotron-optimal-1e+22-v5-025b0e
23998,2.500458240509033,,,,adamh-scaling-ladder-nemotron-optimal-1e+22-v5-025b0e
24000,,2.781576633453369,2.561565637588501,2.6844115257263184,adamh-scaling-ladder-nemotron-optimal-1e+22-v5-025b0e
24007,2.4932963848114014,,,,adamh-scaling-ladder-nemotron-optimal-1e+22-v5-025b0e
24028,2.5063133239746094,,,,adamh-scaling-ladder-nemotron-optimal-1e+22-v5-025b0e
24048,2.507737874984741,,,,adamh-scaling-ladder-nemotron-optimal-1e+22-v5-025b0e
24076,2.5160295963287354,,,,adamh-scaling-ladder-nemotron-optimal-1e+22-v5-025b0e
24099,2.5133490562438965,,,,adamh-scaling-ladder-nemotron-optimal-1e+22-v5-025b0e
24108,2.505580186843872,,,,adamh-scaling-ladder-nemotron-optimal-1e+22-v5-025b0e
24116,2.500389814376831,,,,adamh-scaling-ladder-nemotron-optimal-1e+22-v5-025b0e
24141,2.5022904872894287,,,,adamh-scaling-ladder-nemotron-optimal-1e+22-v5-025b0e
24198,2.4856462478637695,,,,adamh-scaling-ladder-nemotron-optimal-1e+22-v5-025b0e
24208,2.4924683570861816,,,,adamh-scaling-ladder-nemotron-optimal-1e+22-v5-025b0e
24211,2.503913640975952,,,,adamh-scaling-ladder-nemotron-optimal-1e+22-v5-025b0e
24295,2.50059175491333,,,,adamh-scaling-ladder-nemotron-optimal-1e+22-v5-025b0e
24302,2.4799656867980957,,,,adamh-scaling-ladder-nemotron-optimal-1e+22-v5-025b0e
24339,2.4921414852142334,,,,adamh-scaling-ladder-nemotron-optimal-1e+22-v5-025b0e
24401,2.507258415222168,,,,adamh-scaling-ladder-nemotron-optimal-1e+22-v5-025b0e
24405,2.5188148021698,,,,adamh-scaling-ladder-nemotron-optimal-1e+22-v5-025b0e
24409,2.502154588699341,,,,adamh-scaling-ladder-nemotron-optimal-1e+22-v5-025b0e
24410,2.4896059036254883,,,,adamh-scaling-ladder-nemotron-optimal-1e+22-v5-025b0e
24418,2.475313663482666,,,,adamh-scaling-ladder-nemotron-optimal-1e+22-v5-025b0e
24430,2.4825680255889893,,,,adamh-scaling-ladder-nemotron-optimal-1e+22-v5-025b0e
24450,2.4768407344818115,,,,adamh-scaling-ladder-nemotron-optimal-1e+22-v5-025b0e
24452,2.4774837493896484,,,,adamh-scaling-ladder-nemotron-optimal-1e+22-v5-025b0e
24467,2.4961745738983154,,,,adamh-scaling-ladder-nemotron-optimal-1e+22-v5-025b0e
24529,2.548335313796997,,,,adamh-scaling-ladder-nemotron-optimal-1e+22-v5-025b0e
24533,2.514737606048584,,,,adamh-scaling-ladder-nemotron-optimal-1e+22-v5-025b0e
24584,2.4997518062591553,,,,adamh-scaling-ladder-nemotron-optimal-1e+22-v5-025b0e
24663,2.504094362258911,,,,adamh-scaling-ladder-nemotron-optimal-1e+22-v5-025b0e
24681,2.502930164337158,,,,adamh-scaling-ladder-nemotron-optimal-1e+22-v5-025b0e
24689,2.5313539505004883,,,,adamh-scaling-ladder-nemotron-optimal-1e+22-v5-025b0e
24788,2.5025434494018555,,,,adamh-scaling-ladder-nemotron-optimal-1e+22-v5-025b0e
24848,2.4980509281158447,,,,adamh-scaling-ladder-nemotron-optimal-1e+22-v5-025b0e
24870,2.4930241107940674,,,,adamh-scaling-ladder-nemotron-optimal-1e+22-v5-025b0e
24874,2.5080087184906006,,,,adamh-scaling-ladder-nemotron-optimal-1e+22-v5-025b0e
24916,2.5222179889678955,,,,adamh-scaling-ladder-nemotron-optimal-1e+22-v5-025b0e
24945,2.5267724990844727,,,,adamh-scaling-ladder-nemotron-optimal-1e+22-v5-025b0e
25000,,2.8546764850616455,2.6392877101898193,2.7755796909332275,adamh-scaling-ladder-nemotron-optimal-1e+22-v5-025b0e
25022,2.5458271503448486,,,,adamh-scaling-ladder-nemotron-optimal-1e+22-v5-025b0e
25040,2.480933427810669,,,,adamh-scaling-ladder-nemotron-optimal-1e+22-v5-025b0e
25074,2.528369188308716,,,,adamh-scaling-ladder-nemotron-optimal-1e+22-v5-025b0e
25133,2.5009610652923584,,,,adamh-scaling-ladder-nemotron-optimal-1e+22-v5-025b0e
25191,2.489483594894409,,,,adamh-scaling-ladder-nemotron-optimal-1e+22-v5-025b0e
25224,2.4862236976623535,,,,adamh-scaling-ladder-nemotron-optimal-1e+22-v5-025b0e
25236,2.5182573795318604,,,,adamh-scaling-ladder-nemotron-optimal-1e+22-v5-025b0e
25324,2.4872841835021973,,,,adamh-scaling-ladder-nemotron-optimal-1e+22-v5-025b0e
25346,2.517056465148926,,,,adamh-scaling-ladder-nemotron-optimal-1e+22-v5-025b0e
25359,2.4798145294189453,,,,adamh-scaling-ladder-nemotron-optimal-1e+22-v5-025b0e
25364,2.4943559169769287,,,,adamh-scaling-ladder-nemotron-optimal-1e+22-v5-025b0e
25383,2.489696979522705,,,,adamh-scaling-ladder-nemotron-optimal-1e+22-v5-025b0e
25396,2.497302770614624,,,,adamh-scaling-ladder-nemotron-optimal-1e+22-v5-025b0e
25433,2.4946982860565186,,,,adamh-scaling-ladder-nemotron-optimal-1e+22-v5-025b0e
25467,2.518054485321045,,,,adamh-scaling-ladder-nemotron-optimal-1e+22-v5-025b0e
25546,2.4860799312591553,,,,adamh-scaling-ladder-nemotron-optimal-1e+22-v5-025b0e
25566,2.511976718902588,,,,adamh-scaling-ladder-nemotron-optimal-1e+22-v5-025b0e
25582,2.4809353351593018,,,,adamh-scaling-ladder-nemotron-optimal-1e+22-v5-025b0e
25585,2.514702320098877,,,,adamh-scaling-ladder-nemotron-optimal-1e+22-v5-025b0e
25652,2.4956729412078857,,,,adamh-scaling-ladder-nemotron-optimal-1e+22-v5-025b0e
25671,2.495177745819092,,,,adamh-scaling-ladder-nemotron-optimal-1e+22-v5-025b0e
25683,2.475130558013916,,,,adamh-scaling-ladder-nemotron-optimal-1e+22-v5-025b0e
25733,2.514920711517334,,,,adamh-scaling-ladder-nemotron-optimal-1e+22-v5-025b0e
25765,2.525451421737671,,,,adamh-scaling-ladder-nemotron-optimal-1e+22-v5-025b0e
25775,2.4935054779052734,,,,adamh-scaling-ladder-nemotron-optimal-1e+22-v5-025b0e
25781,2.4788806438446045,,,,adamh-scaling-ladder-nemotron-optimal-1e+22-v5-025b0e
25794,2.509596824645996,,,,adamh-scaling-ladder-nemotron-optimal-1e+22-v5-025b0e
25814,2.5152478218078613,,,,adamh-scaling-ladder-nemotron-optimal-1e+22-v5-025b0e
25818,2.4879753589630127,,,,adamh-scaling-ladder-nemotron-optimal-1e+22-v5-025b0e
25851,2.508146047592163,,,,adamh-scaling-ladder-nemotron-optimal-1e+22-v5-025b0e
26000,,2.780752658843994,2.5562779903411865,2.6842007637023926,adamh-scaling-ladder-nemotron-optimal-1e+22-v5-025b0e
26012,2.5135087966918945,,,,adamh-scaling-ladder-nemotron-optimal-1e+22-v5-025b0e
26016,2.5000674724578857,,,,adamh-scaling-ladder-nemotron-optimal-1e+22-v5-025b0e
26045,2.5140836238861084,,,,adamh-scaling-ladder-nemotron-optimal-1e+22-v5-025b0e
26060,2.5104799270629883,,,,adamh-scaling-ladder-nemotron-optimal-1e+22-v5-025b0e
26104,2.512269973754883,,,,adamh-scaling-ladder-nemotron-optimal-1e+22-v5-025b0e
26138,2.473032236099243,,,,adamh-scaling-ladder-nemotron-optimal-1e+22-v5-025b0e
26141,2.4862968921661377,,,,adamh-scaling-ladder-nemotron-optimal-1e+22-v5-025b0e
26147,2.510119915008545,,,,adamh-scaling-ladder-nemotron-optimal-1e+22-v5-025b0e
26217,2.4935975074768066,,,,adamh-scaling-ladder-nemotron-optimal-1e+22-v5-025b0e
26227,2.4743900299072266,,,,adamh-scaling-ladder-nemotron-optimal-1e+22-v5-025b0e
26248,2.489175319671631,,,,adamh-scaling-ladder-nemotron-optimal-1e+22-v5-025b0e
26254,2.4985852241516113,,,,adamh-scaling-ladder-nemotron-optimal-1e+22-v5-025b0e
26256,2.5203123092651367,,,,adamh-scaling-ladder-nemotron-optimal-1e+22-v5-025b0e
26284,2.4875905513763428,,,,adamh-scaling-ladder-nemotron-optimal-1e+22-v5-025b0e
26389,2.4932069778442383,,,,adamh-scaling-ladder-nemotron-optimal-1e+22-v5-025b0e
26410,2.503490447998047,,,,adamh-scaling-ladder-nemotron-optimal-1e+22-v5-025b0e
26443,2.4780595302581787,,,,adamh-scaling-ladder-nemotron-optimal-1e+22-v5-025b0e
26462,2.509756088256836,,,,adamh-scaling-ladder-nemotron-optimal-1e+22-v5-025b0e
26481,2.4907195568084717,,,,adamh-scaling-ladder-nemotron-optimal-1e+22-v5-025b0e
26482,2.5043952465057373,,,,adamh-scaling-ladder-nemotron-optimal-1e+22-v5-025b0e
26555,2.5007827281951904,,,,adamh-scaling-ladder-nemotron-optimal-1e+22-v5-025b0e
26566,2.5105855464935303,,,,adamh-scaling-ladder-nemotron-optimal-1e+22-v5-025b0e
26619,2.4901232719421387,,,,adamh-scaling-ladder-nemotron-optimal-1e+22-v5-025b0e
26630,2.484743356704712,,,,adamh-scaling-ladder-nemotron-optimal-1e+22-v5-025b0e
26647,2.4853031635284424,,,,adamh-scaling-ladder-nemotron-optimal-1e+22-v5-025b0e
26655,2.4943501949310303,,,,adamh-scaling-ladder-nemotron-optimal-1e+22-v5-025b0e
26711,2.4861764907836914,,,,adamh-scaling-ladder-nemotron-optimal-1e+22-v5-025b0e
26722,2.5123636722564697,,,,adamh-scaling-ladder-nemotron-optimal-1e+22-v5-025b0e
26740,2.487804889678955,,,,adamh-scaling-ladder-nemotron-optimal-1e+22-v5-025b0e
26742,2.496025800704956,,,,adamh-scaling-ladder-nemotron-optimal-1e+22-v5-025b0e
26745,2.472634792327881,,,,adamh-scaling-ladder-nemotron-optimal-1e+22-v5-025b0e
26748,2.4844932556152344,,,,adamh-scaling-ladder-nemotron-optimal-1e+22-v5-025b0e
26835,2.479905605316162,,,,adamh-scaling-ladder-nemotron-optimal-1e+22-v5-025b0e
26837,2.508371114730835,,,,adamh-scaling-ladder-nemotron-optimal-1e+22-v5-025b0e
26845,2.503640651702881,,,,adamh-scaling-ladder-nemotron-optimal-1e+22-v5-025b0e
26851,2.5103681087493896,,,,adamh-scaling-ladder-nemotron-optimal-1e+22-v5-025b0e
26857,2.4975011348724365,,,,adamh-scaling-ladder-nemotron-optimal-1e+22-v5-025b0e
26862,2.499459981918335,,,,adamh-scaling-ladder-nemotron-optimal-1e+22-v5-025b0e
26866,2.5206823348999023,,,,adamh-scaling-ladder-nemotron-optimal-1e+22-v5-025b0e
26873,2.5149450302124023,,,,adamh-scaling-ladder-nemotron-optimal-1e+22-v5-025b0e
26884,2.484790086746216,,,,adamh-scaling-ladder-nemotron-optimal-1e+22-v5-025b0e
26903,2.471871852874756,,,,adamh-scaling-ladder-nemotron-optimal-1e+22-v5-025b0e
26920,2.487731456756592,,,,adamh-scaling-ladder-nemotron-optimal-1e+22-v5-025b0e
26924,2.5128581523895264,,,,adamh-scaling-ladder-nemotron-optimal-1e+22-v5-025b0e
26952,2.4991865158081055,,,,adamh-scaling-ladder-nemotron-optimal-1e+22-v5-025b0e
26954,2.4867167472839355,,,,adamh-scaling-ladder-nemotron-optimal-1e+22-v5-025b0e
26957,2.5179507732391357,,,,adamh-scaling-ladder-nemotron-optimal-1e+22-v5-025b0e
27000,,2.7815990447998047,2.561281204223633,2.687114953994751,adamh-scaling-ladder-nemotron-optimal-1e+22-v5-025b0e
27017,2.52474308013916,,,,adamh-scaling-ladder-nemotron-optimal-1e+22-v5-025b0e
27033,2.4709208011627197,,,,adamh-scaling-ladder-nemotron-optimal-1e+22-v5-025b0e
27064,2.5170814990997314,,,,adamh-scaling-ladder-nemotron-optimal-1e+22-v5-025b0e
27074,2.5088086128234863,,,,adamh-scaling-ladder-nemotron-optimal-1e+22-v5-025b0e
27083,2.5098612308502197,,,,adamh-scaling-ladder-nemotron-optimal-1e+22-v5-025b0e
27103,2.4964725971221924,,,,adamh-scaling-ladder-nemotron-optimal-1e+22-v5-025b0e
27107,2.4797630310058594,,,,adamh-scaling-ladder-nemotron-optimal-1e+22-v5-025b0e
27114,2.485407829284668,,,,adamh-scaling-ladder-nemotron-optimal-1e+22-v5-025b0e
27120,2.4747278690338135,,,,adamh-scaling-ladder-nemotron-optimal-1e+22-v5-025b0e
27141,2.501805305480957,,,,adamh-scaling-ladder-nemotron-optimal-1e+22-v5-025b0e
27160,2.4636731147766113,,,,adamh-scaling-ladder-nemotron-optimal-1e+22-v5-025b0e
27180,2.69385027885437,,,,adamh-scaling-ladder-nemotron-optimal-1e+22-v5-025b0e
27185,2.7143337726593018,,,,adamh-scaling-ladder-nemotron-optimal-1e+22-v5-025b0e
27217,2.5135629177093506,,,,adamh-scaling-ladder-nemotron-optimal-1e+22-v5-025b0e
27239,2.5044100284576416,,,,adamh-scaling-ladder-nemotron-optimal-1e+22-v5-025b0e
27242,2.493013381958008,,,,adamh-scaling-ladder-nemotron-optimal-1e+22-v5-025b0e
27303,2.4785869121551514,,,,adamh-scaling-ladder-nemotron-optimal-1e+22-v5-025b0e
27356,2.483750581741333,,,,adamh-scaling-ladder-nemotron-optimal-1e+22-v5-025b0e
27387,2.4926187992095947,,,,adamh-scaling-ladder-nemotron-optimal-1e+22-v5-025b0e
27449,2.505525588989258,,,,adamh-scaling-ladder-nemotron-optimal-1e+22-v5-025b0e
27468,2.4913840293884277,,,,adamh-scaling-ladder-nemotron-optimal-1e+22-v5-025b0e
27501,2.5001580715179443,,,,adamh-scaling-ladder-nemotron-optimal-1e+22-v5-025b0e
27544,2.4976954460144043,,,,adamh-scaling-ladder-nemotron-optimal-1e+22-v5-025b0e
27547,2.492013931274414,,,,adamh-scaling-ladder-nemotron-optimal-1e+22-v5-025b0e
27558,2.497695207595825,,,,adamh-scaling-ladder-nemotron-optimal-1e+22-v5-025b0e
27599,2.4972083568573,,,,adamh-scaling-ladder-nemotron-optimal-1e+22-v5-025b0e
27602,2.4957399368286133,,,,adamh-scaling-ladder-nemotron-optimal-1e+22-v5-025b0e
27672,2.493304491043091,,,,adamh-scaling-ladder-nemotron-optimal-1e+22-v5-025b0e
27690,2.4881880283355713,,,,adamh-scaling-ladder-nemotron-optimal-1e+22-v5-025b0e
27710,2.5191102027893066,,,,adamh-scaling-ladder-nemotron-optimal-1e+22-v5-025b0e
27743,2.495987892150879,,,,adamh-scaling-ladder-nemotron-optimal-1e+22-v5-025b0e
27820,2.4959545135498047,,,,adamh-scaling-ladder-nemotron-optimal-1e+22-v5-025b0e
27893,2.484530210494995,,,,adamh-scaling-ladder-nemotron-optimal-1e+22-v5-025b0e
27895,2.5122668743133545,,,,adamh-scaling-ladder-nemotron-optimal-1e+22-v5-025b0e
27908,2.50315523147583,,,,adamh-scaling-ladder-nemotron-optimal-1e+22-v5-025b0e
27921,2.5017685890197754,,,,adamh-scaling-ladder-nemotron-optimal-1e+22-v5-025b0e
28000,,2.7789065837860107,2.5573151111602783,2.683086395263672,adamh-scaling-ladder-nemotron-optimal-1e+22-v5-025b0e
28033,2.479071855545044,,,,adamh-scaling-ladder-nemotron-optimal-1e+22-v5-025b0e
28048,2.4766833782196045,,,,adamh-scaling-ladder-nemotron-optimal-1e+22-v5-025b0e
28057,2.490231513977051,,,,adamh-scaling-ladder-nemotron-optimal-1e+22-v5-025b0e
28085,2.4755969047546387,,,,adamh-scaling-ladder-nemotron-optimal-1e+22-v5-025b0e
28130,2.483485221862793,,,,adamh-scaling-ladder-nemotron-optimal-1e+22-v5-025b0e
28144,2.4847781658172607,,,,adamh-scaling-ladder-nemotron-optimal-1e+22-v5-025b0e
28188,2.5098235607147217,,,,adamh-scaling-ladder-nemotron-optimal-1e+22-v5-025b0e
28239,2.507869243621826,,,,adamh-scaling-ladder-nemotron-optimal-1e+22-v5-025b0e
28255,2.485269546508789,,,,adamh-scaling-ladder-nemotron-optimal-1e+22-v5-025b0e
28275,2.4823594093322754,,,,adamh-scaling-ladder-nemotron-optimal-1e+22-v5-025b0e
28348,2.49861216545105,,,,adamh-scaling-ladder-nemotron-optimal-1e+22-v5-025b0e
28395,2.5105836391448975,,,,adamh-scaling-ladder-nemotron-optimal-1e+22-v5-025b0e
28403,2.492201328277588,,,,adamh-scaling-ladder-nemotron-optimal-1e+22-v5-025b0e
28438,2.5090224742889404,,,,adamh-scaling-ladder-nemotron-optimal-1e+22-v5-025b0e
28439,2.484736680984497,,,,adamh-scaling-ladder-nemotron-optimal-1e+22-v5-025b0e
28442,2.483020305633545,,,,adamh-scaling-ladder-nemotron-optimal-1e+22-v5-025b0e
28449,2.4942524433135986,,,,adamh-scaling-ladder-nemotron-optimal-1e+22-v5-025b0e
28469,2.480060338973999,,,,adamh-scaling-ladder-nemotron-optimal-1e+22-v5-025b0e
28474,2.4849693775177,,,,adamh-scaling-ladder-nemotron-optimal-1e+22-v5-025b0e
28522,2.5060746669769287,,,,adamh-scaling-ladder-nemotron-optimal-1e+22-v5-025b0e
28549,2.5936896800994873,,,,adamh-scaling-ladder-nemotron-optimal-1e+22-v5-025b0e
28580,2.5072555541992188,,,,adamh-scaling-ladder-nemotron-optimal-1e+22-v5-025b0e
28589,2.4967637062072754,,,,adamh-scaling-ladder-nemotron-optimal-1e+22-v5-025b0e
28610,2.5052523612976074,,,,adamh-scaling-ladder-nemotron-optimal-1e+22-v5-025b0e
28626,2.4921975135803223,,,,adamh-scaling-ladder-nemotron-optimal-1e+22-v5-025b0e
28711,2.5022342205047607,,,,adamh-scaling-ladder-nemotron-optimal-1e+22-v5-025b0e
28719,2.494682550430298,,,,adamh-scaling-ladder-nemotron-optimal-1e+22-v5-025b0e
28732,2.4885809421539307,,,,adamh-scaling-ladder-nemotron-optimal-1e+22-v5-025b0e
28744,2.495713233947754,,,,adamh-scaling-ladder-nemotron-optimal-1e+22-v5-025b0e
28781,2.4805634021759033,,,,adamh-scaling-ladder-nemotron-optimal-1e+22-v5-025b0e
28785,2.500286340713501,,,,adamh-scaling-ladder-nemotron-optimal-1e+22-v5-025b0e
28839,2.4875173568725586,,,,adamh-scaling-ladder-nemotron-optimal-1e+22-v5-025b0e
28857,2.48066782951355,,,,adamh-scaling-ladder-nemotron-optimal-1e+22-v5-025b0e
28867,2.487011194229126,,,,adamh-scaling-ladder-nemotron-optimal-1e+22-v5-025b0e
28896,2.498199939727783,,,,adamh-scaling-ladder-nemotron-optimal-1e+22-v5-025b0e
28898,2.482264518737793,,,,adamh-scaling-ladder-nemotron-optimal-1e+22-v5-025b0e
28901,2.5037295818328857,,,,adamh-scaling-ladder-nemotron-optimal-1e+22-v5-025b0e
28918,2.4709560871124268,,,,adamh-scaling-ladder-nemotron-optimal-1e+22-v5-025b0e
29000,,2.776315450668335,2.5535542964935303,2.679198741912842,adamh-scaling-ladder-nemotron-optimal-1e+22-v5-025b0e
29004,2.514354944229126,,,,adamh-scaling-ladder-nemotron-optimal-1e+22-v5-025b0e
29030,2.4904959201812744,,,,adamh-scaling-ladder-nemotron-optimal-1e+22-v5-025b0e
29150,2.4940149784088135,,,,adamh-scaling-ladder-nemotron-optimal-1e+22-v5-025b0e
29171,2.470691442489624,,,,adamh-scaling-ladder-nemotron-optimal-1e+22-v5-025b0e
29191,2.474950075149536,,,,adamh-scaling-ladder-nemotron-optimal-1e+22-v5-025b0e
29221,2.492968797683716,,,,adamh-scaling-ladder-nemotron-optimal-1e+22-v5-025b0e
29236,2.462491512298584,,,,adamh-scaling-ladder-nemotron-optimal-1e+22-v5-025b0e
29247,2.495476245880127,,,,adamh-scaling-ladder-nemotron-optimal-1e+22-v5-025b0e
29261,2.4720969200134277,,,,adamh-scaling-ladder-nemotron-optimal-1e+22-v5-025b0e
29378,2.4834682941436768,,,,adamh-scaling-ladder-nemotron-optimal-1e+22-v5-025b0e
29403,2.4890787601470947,,,,adamh-scaling-ladder-nemotron-optimal-1e+22-v5-025b0e
29415,2.4832475185394287,,,,adamh-scaling-ladder-nemotron-optimal-1e+22-v5-025b0e
29475,2.470282554626465,,,,adamh-scaling-ladder-nemotron-optimal-1e+22-v5-025b0e
29488,2.498840808868408,,,,adamh-scaling-ladder-nemotron-optimal-1e+22-v5-025b0e
29503,2.488004207611084,,,,adamh-scaling-ladder-nemotron-optimal-1e+22-v5-025b0e
29528,2.476590156555176,,,,adamh-scaling-ladder-nemotron-optimal-1e+22-v5-025b0e
29537,2.4942967891693115,,,,adamh-scaling-ladder-nemotron-optimal-1e+22-v5-025b0e
29545,2.482856035232544,,,,adamh-scaling-ladder-nemotron-optimal-1e+22-v5-025b0e
29567,2.490945816040039,,,,adamh-scaling-ladder-nemotron-optimal-1e+22-v5-025b0e
29582,2.4755420684814453,,,,adamh-scaling-ladder-nemotron-optimal-1e+22-v5-025b0e
29587,2.497331142425537,,,,adamh-scaling-ladder-nemotron-optimal-1e+22-v5-025b0e
29606,2.496925115585327,,,,adamh-scaling-ladder-nemotron-optimal-1e+22-v5-025b0e
29641,2.467893362045288,,,,adamh-scaling-ladder-nemotron-optimal-1e+22-v5-025b0e
29717,2.4930341243743896,,,,adamh-scaling-ladder-nemotron-optimal-1e+22-v5-025b0e
29765,2.4854111671447754,,,,adamh-scaling-ladder-nemotron-optimal-1e+22-v5-025b0e
29782,2.4901015758514404,,,,adamh-scaling-ladder-nemotron-optimal-1e+22-v5-025b0e
29802,2.4992547035217285,,,,adamh-scaling-ladder-nemotron-optimal-1e+22-v5-025b0e
29813,2.491741180419922,,,,adamh-scaling-ladder-nemotron-optimal-1e+22-v5-025b0e
29836,2.4826505184173584,,,,adamh-scaling-ladder-nemotron-optimal-1e+22-v5-025b0e
29867,2.500960350036621,,,,adamh-scaling-ladder-nemotron-optimal-1e+22-v5-025b0e
29886,2.515270709991455,,,,adamh-scaling-ladder-nemotron-optimal-1e+22-v5-025b0e
29936,2.482274293899536,,,,adamh-scaling-ladder-nemotron-optimal-1e+22-v5-025b0e
29975,2.5150632858276367,,,,adamh-scaling-ladder-nemotron-optimal-1e+22-v5-025b0e
29991,2.4878079891204834,,,,adamh-scaling-ladder-nemotron-optimal-1e+22-v5-025b0e
30000,,2.7761406898498535,2.5505852699279785,2.673828601837158,adamh-scaling-ladder-nemotron-optimal-1e+22-v5-025b0e
30015,2.5056843757629395,,,,adamh-scaling-ladder-nemotron-optimal-1e+22-v5-025b0e
30029,2.4860219955444336,,,,adamh-scaling-ladder-nemotron-optimal-1e+22-v5-025b0e
30035,2.5157408714294434,,,,adamh-scaling-ladder-nemotron-optimal-1e+22-v5-025b0e
30055,2.495610475540161,,,,adamh-scaling-ladder-nemotron-optimal-1e+22-v5-025b0e
30094,2.507080554962158,,,,adamh-scaling-ladder-nemotron-optimal-1e+22-v5-025b0e
30097,2.493229866027832,,,,adamh-scaling-ladder-nemotron-optimal-1e+22-v5-025b0e
30108,2.505247116088867,,,,adamh-scaling-ladder-nemotron-optimal-1e+22-v5-025b0e
30125,2.494612693786621,,,,adamh-scaling-ladder-nemotron-optimal-1e+22-v5-025b0e
30126,2.516735553741455,,,,adamh-scaling-ladder-nemotron-optimal-1e+22-v5-025b0e
30138,2.476728677749634,,,,adamh-scaling-ladder-nemotron-optimal-1e+22-v5-025b0e
30156,2.4777064323425293,,,,adamh-scaling-ladder-nemotron-optimal-1e+22-v5-025b0e
30162,2.4658703804016113,,,,adamh-scaling-ladder-nemotron-optimal-1e+22-v5-025b0e
30206,2.5173864364624023,,,,adamh-scaling-ladder-nemotron-optimal-1e+22-v5-025b0e
30217,2.50138521194458,,,,adamh-scaling-ladder-nemotron-optimal-1e+22-v5-025b0e
30261,2.484518051147461,,,,adamh-scaling-ladder-nemotron-optimal-1e+22-v5-025b0e
30263,2.497654438018799,,,,adamh-scaling-ladder-nemotron-optimal-1e+22-v5-025b0e
30291,2.4907944202423096,,,,adamh-scaling-ladder-nemotron-optimal-1e+22-v5-025b0e
30295,2.5167527198791504,,,,adamh-scaling-ladder-nemotron-optimal-1e+22-v5-025b0e
30373,2.492009162902832,,,,adamh-scaling-ladder-nemotron-optimal-1e+22-v5-025b0e
30395,2.5013351440429688,,,,adamh-scaling-ladder-nemotron-optimal-1e+22-v5-025b0e
30419,2.465724468231201,,,,adamh-scaling-ladder-nemotron-optimal-1e+22-v5-025b0e
30439,2.4808318614959717,,,,adamh-scaling-ladder-nemotron-optimal-1e+22-v5-025b0e
30463,2.488750696182251,,,,adamh-scaling-ladder-nemotron-optimal-1e+22-v5-025b0e
30471,2.4873695373535156,,,,adamh-scaling-ladder-nemotron-optimal-1e+22-v5-025b0e
30472,2.480555772781372,,,,adamh-scaling-ladder-nemotron-optimal-1e+22-v5-025b0e
30477,2.483158826828003,,,,adamh-scaling-ladder-nemotron-optimal-1e+22-v5-025b0e
30513,2.4591786861419678,,,,adamh-scaling-ladder-nemotron-optimal-1e+22-v5-025b0e
30522,2.4854326248168945,,,,adamh-scaling-ladder-nemotron-optimal-1e+22-v5-025b0e
30537,2.5066981315612793,,,,adamh-scaling-ladder-nemotron-optimal-1e+22-v5-025b0e
30568,2.499154567718506,,,,adamh-scaling-ladder-nemotron-optimal-1e+22-v5-025b0e
30578,2.4917330741882324,,,,adamh-scaling-ladder-nemotron-optimal-1e+22-v5-025b0e
30624,2.505784273147583,,,,adamh-scaling-ladder-nemotron-optimal-1e+22-v5-025b0e
30659,2.496731758117676,,,,adamh-scaling-ladder-nemotron-optimal-1e+22-v5-025b0e
30711,2.485403060913086,,,,adamh-scaling-ladder-nemotron-optimal-1e+22-v5-025b0e
30729,2.473200559616089,,,,adamh-scaling-ladder-nemotron-optimal-1e+22-v5-025b0e
30748,2.4785501956939697,,,,adamh-scaling-ladder-nemotron-optimal-1e+22-v5-025b0e
30763,2.4865853786468506,,,,adamh-scaling-ladder-nemotron-optimal-1e+22-v5-025b0e
30768,2.5131943225860596,,,,adamh-scaling-ladder-nemotron-optimal-1e+22-v5-025b0e
30774,2.465893268585205,,,,adamh-scaling-ladder-nemotron-optimal-1e+22-v5-025b0e
30776,2.4891819953918457,,,,adamh-scaling-ladder-nemotron-optimal-1e+22-v5-025b0e
30860,2.4493749141693115,,,,adamh-scaling-ladder-nemotron-optimal-1e+22-v5-025b0e
30868,2.48397159576416,,,,adamh-scaling-ladder-nemotron-optimal-1e+22-v5-025b0e
30903,2.475949287414551,,,,adamh-scaling-ladder-nemotron-optimal-1e+22-v5-025b0e
30919,2.4659481048583984,,,,adamh-scaling-ladder-nemotron-optimal-1e+22-v5-025b0e
30945,2.483736515045166,,,,adamh-scaling-ladder-nemotron-optimal-1e+22-v5-025b0e
30974,2.4716968536376953,,,,adamh-scaling-ladder-nemotron-optimal-1e+22-v5-025b0e
30998,2.463043451309204,,,,adamh-scaling-ladder-nemotron-optimal-1e+22-v5-025b0e
31000,,2.760401725769043,2.5344762802124023,2.6583516597747803,adamh-scaling-ladder-nemotron-optimal-1e+22-v5-025b0e
31037,2.4888744354248047,,,,adamh-scaling-ladder-nemotron-optimal-1e+22-v5-025b0e
31044,2.486132860183716,,,,adamh-scaling-ladder-nemotron-optimal-1e+22-v5-025b0e
31046,2.4855542182922363,,,,adamh-scaling-ladder-nemotron-optimal-1e+22-v5-025b0e
31132,2.4574172496795654,,,,adamh-scaling-ladder-nemotron-optimal-1e+22-v5-025b0e
31134,2.477660655975342,,,,adamh-scaling-ladder-nemotron-optimal-1e+22-v5-025b0e
31148,2.4601926803588867,,,,adamh-scaling-ladder-nemotron-optimal-1e+22-v5-025b0e
31162,2.4719178676605225,,,,adamh-scaling-ladder-nemotron-optimal-1e+22-v5-025b0e
31172,2.4611971378326416,,,,adamh-scaling-ladder-nemotron-optimal-1e+22-v5-025b0e
31174,2.4896271228790283,,,,adamh-scaling-ladder-nemotron-optimal-1e+22-v5-025b0e
31190,2.478078842163086,,,,adamh-scaling-ladder-nemotron-optimal-1e+22-v5-025b0e
31225,2.4580469131469727,,,,adamh-scaling-ladder-nemotron-optimal-1e+22-v5-025b0e
31226,2.4628069400787354,,,,adamh-scaling-ladder-nemotron-optimal-1e+22-v5-025b0e
31238,2.488400936126709,,,,adamh-scaling-ladder-nemotron-optimal-1e+22-v5-025b0e
31240,2.452582359313965,,,,adamh-scaling-ladder-nemotron-optimal-1e+22-v5-025b0e
31242,2.470254898071289,,,,adamh-scaling-ladder-nemotron-optimal-1e+22-v5-025b0e
31251,2.488283395767212,,,,adamh-scaling-ladder-nemotron-optimal-1e+22-v5-025b0e
31298,2.4749693870544434,,,,adamh-scaling-ladder-nemotron-optimal-1e+22-v5-025b0e
31299,2.496501922607422,,,,adamh-scaling-ladder-nemotron-optimal-1e+22-v5-025b0e
31361,2.4492428302764893,,,,adamh-scaling-ladder-nemotron-optimal-1e+22-v5-025b0e
31363,2.459235668182373,,,,adamh-scaling-ladder-nemotron-optimal-1e+22-v5-025b0e
31385,2.4617302417755127,,,,adamh-scaling-ladder-nemotron-optimal-1e+22-v5-025b0e
31394,2.4635396003723145,,,,adamh-scaling-ladder-nemotron-optimal-1e+22-v5-025b0e
31402,2.4847328662872314,,,,adamh-scaling-ladder-nemotron-optimal-1e+22-v5-025b0e
31407,2.448117971420288,,,,adamh-scaling-ladder-nemotron-optimal-1e+22-v5-025b0e
31426,2.4355709552764893,,,,adamh-scaling-ladder-nemotron-optimal-1e+22-v5-025b0e
31478,2.475109577178955,,,,adamh-scaling-ladder-nemotron-optimal-1e+22-v5-025b0e
31525,2.480085849761963,,,,adamh-scaling-ladder-nemotron-optimal-1e+22-v5-025b0e
31538,2.477058172225952,,,,adamh-scaling-ladder-nemotron-optimal-1e+22-v5-025b0e
31566,2.442460536956787,,,,adamh-scaling-ladder-nemotron-optimal-1e+22-v5-025b0e
31573,2.4608192443847656,,,,adamh-scaling-ladder-nemotron-optimal-1e+22-v5-025b0e
31575,2.4730286598205566,,,,adamh-scaling-ladder-nemotron-optimal-1e+22-v5-025b0e
31586,2.4435927867889404,,,,adamh-scaling-ladder-nemotron-optimal-1e+22-v5-025b0e
31605,2.4361865520477295,,,,adamh-scaling-ladder-nemotron-optimal-1e+22-v5-025b0e
31624,2.447798252105713,,,,adamh-scaling-ladder-nemotron-optimal-1e+22-v5-025b0e
31666,2.4590165615081787,,,,adamh-scaling-ladder-nemotron-optimal-1e+22-v5-025b0e
31703,2.427901029586792,,,,adamh-scaling-ladder-nemotron-optimal-1e+22-v5-025b0e
31721,2.4319710731506348,,,,adamh-scaling-ladder-nemotron-optimal-1e+22-v5-025b0e
31735,2.4668071269989014,,,,adamh-scaling-ladder-nemotron-optimal-1e+22-v5-025b0e
31763,2.4547598361968994,,,,adamh-scaling-ladder-nemotron-optimal-1e+22-v5-025b0e
31766,2.4746766090393066,,,,adamh-scaling-ladder-nemotron-optimal-1e+22-v5-025b0e
31787,2.4457247257232666,,,,adamh-scaling-ladder-nemotron-optimal-1e+22-v5-025b0e
31792,2.4489784240722656,,,,adamh-scaling-ladder-nemotron-optimal-1e+22-v5-025b0e
31802,2.4172134399414062,,,,adamh-scaling-ladder-nemotron-optimal-1e+22-v5-025b0e
31847,2.470255136489868,,,,adamh-scaling-ladder-nemotron-optimal-1e+22-v5-025b0e
31924,2.447082281112671,,,,adamh-scaling-ladder-nemotron-optimal-1e+22-v5-025b0e
31951,2.4577767848968506,,,,adamh-scaling-ladder-nemotron-optimal-1e+22-v5-025b0e
31970,2.4629859924316406,,,,adamh-scaling-ladder-nemotron-optimal-1e+22-v5-025b0e
31986,2.460548162460327,,,,adamh-scaling-ladder-nemotron-optimal-1e+22-v5-025b0e
31996,2.4590108394622803,,,,adamh-scaling-ladder-nemotron-optimal-1e+22-v5-025b0e
32000,,2.729046583175659,2.5043463706970215,2.626727342605591,adamh-scaling-ladder-nemotron-optimal-1e+22-v5-025b0e
32012,2.4515535831451416,,,,adamh-scaling-ladder-nemotron-optimal-1e+22-v5-025b0e
32016,2.4482171535491943,,,,adamh-scaling-ladder-nemotron-optimal-1e+22-v5-025b0e
32025,2.458817481994629,,,,adamh-scaling-ladder-nemotron-optimal-1e+22-v5-025b0e
32089,2.4459705352783203,,,,adamh-scaling-ladder-nemotron-optimal-1e+22-v5-025b0e
32134,2.4284377098083496,,,,adamh-scaling-ladder-nemotron-optimal-1e+22-v5-025b0e
32166,2.4600250720977783,,,,adamh-scaling-ladder-nemotron-optimal-1e+22-v5-025b0e
32172,2.4049246311187744,,,,adamh-scaling-ladder-nemotron-optimal-1e+22-v5-025b0e
32185,2.429140567779541,,,,adamh-scaling-ladder-nemotron-optimal-1e+22-v5-025b0e
32186,2.434418201446533,,,,adamh-scaling-ladder-nemotron-optimal-1e+22-v5-025b0e
32209,2.4181158542633057,,,,adamh-scaling-ladder-nemotron-optimal-1e+22-v5-025b0e
32211,2.4214491844177246,,,,adamh-scaling-ladder-nemotron-optimal-1e+22-v5-025b0e
32293,2.446396589279175,,,,adamh-scaling-ladder-nemotron-optimal-1e+22-v5-025b0e
32366,2.450303792953491,,,,adamh-scaling-ladder-nemotron-optimal-1e+22-v5-025b0e
32384,2.4263291358947754,,,,adamh-scaling-ladder-nemotron-optimal-1e+22-v5-025b0e
32469,2.434746742248535,,,,adamh-scaling-ladder-nemotron-optimal-1e+22-v5-025b0e
32471,2.42653489112854,,,,adamh-scaling-ladder-nemotron-optimal-1e+22-v5-025b0e
32493,2.434300661087036,,,,adamh-scaling-ladder-nemotron-optimal-1e+22-v5-025b0e
32497,2.4222068786621094,,,,adamh-scaling-ladder-nemotron-optimal-1e+22-v5-025b0e
32528,2.447833776473999,,,,adamh-scaling-ladder-nemotron-optimal-1e+22-v5-025b0e
32616,2.429043769836426,,,,adamh-scaling-ladder-nemotron-optimal-1e+22-v5-025b0e
32629,2.3996987342834473,,,,adamh-scaling-ladder-nemotron-optimal-1e+22-v5-025b0e
32672,2.42514967918396,,,,adamh-scaling-ladder-nemotron-optimal-1e+22-v5-025b0e
32694,2.410020351409912,,,,adamh-scaling-ladder-nemotron-optimal-1e+22-v5-025b0e
32696,2.4406232833862305,,,,adamh-scaling-ladder-nemotron-optimal-1e+22-v5-025b0e
32703,2.3937666416168213,,,,adamh-scaling-ladder-nemotron-optimal-1e+22-v5-025b0e
32706,2.414323568344116,,,,adamh-scaling-ladder-nemotron-optimal-1e+22-v5-025b0e
32718,2.4163618087768555,,,,adamh-scaling-ladder-nemotron-optimal-1e+22-v5-025b0e
32726,2.4284865856170654,,,,adamh-scaling-ladder-nemotron-optimal-1e+22-v5-025b0e
32767,2.4305598735809326,,,,adamh-scaling-ladder-nemotron-optimal-1e+22-v5-025b0e
32775,2.4426257610321045,,,,adamh-scaling-ladder-nemotron-optimal-1e+22-v5-025b0e
32786,2.4226255416870117,,,,adamh-scaling-ladder-nemotron-optimal-1e+22-v5-025b0e
32787,2.4080255031585693,,,,adamh-scaling-ladder-nemotron-optimal-1e+22-v5-025b0e
32800,2.4306883811950684,,,,adamh-scaling-ladder-nemotron-optimal-1e+22-v5-025b0e
32837,2.4058890342712402,,,,adamh-scaling-ladder-nemotron-optimal-1e+22-v5-025b0e
32853,2.407026529312134,,,,adamh-scaling-ladder-nemotron-optimal-1e+22-v5-025b0e
32893,2.4096591472625732,,,,adamh-scaling-ladder-nemotron-optimal-1e+22-v5-025b0e
32901,2.3958542346954346,,,,adamh-scaling-ladder-nemotron-optimal-1e+22-v5-025b0e
32928,2.4061474800109863,,,,adamh-scaling-ladder-nemotron-optimal-1e+22-v5-025b0e
32934,2.407547950744629,,,,adamh-scaling-ladder-nemotron-optimal-1e+22-v5-025b0e
32995,2.4131574630737305,,,,adamh-scaling-ladder-nemotron-optimal-1e+22-v5-025b0e
33000,,2.69388484954834,2.4629695415496826,2.5846927165985107,adamh-scaling-ladder-nemotron-optimal-1e+22-v5-025b0e
33033,2.4137911796569824,,,,adamh-scaling-ladder-nemotron-optimal-1e+22-v5-025b0e
33066,2.386244773864746,,,,adamh-scaling-ladder-nemotron-optimal-1e+22-v5-025b0e
33129,2.417447566986084,,,,adamh-scaling-ladder-nemotron-optimal-1e+22-v5-025b0e
33165,2.4440457820892334,,,,adamh-scaling-ladder-nemotron-optimal-1e+22-v5-025b0e
33170,2.3744125366210938,,,,adamh-scaling-ladder-nemotron-optimal-1e+22-v5-025b0e
33171,2.392878770828247,,,,adamh-scaling-ladder-nemotron-optimal-1e+22-v5-025b0e
33201,2.4129221439361572,,,,adamh-scaling-ladder-nemotron-optimal-1e+22-v5-025b0e
33210,2.399672269821167,,,,adamh-scaling-ladder-nemotron-optimal-1e+22-v5-025b0e
33214,2.4097437858581543,,,,adamh-scaling-ladder-nemotron-optimal-1e+22-v5-025b0e
33287,2.400411605834961,,,,adamh-scaling-ladder-nemotron-optimal-1e+22-v5-025b0e
33311,2.4029743671417236,,,,adamh-scaling-ladder-nemotron-optimal-1e+22-v5-025b0e
33327,2.3764662742614746,,,,adamh-scaling-ladder-nemotron-optimal-1e+22-v5-025b0e
33341,2.4071545600891113,,,,adamh-scaling-ladder-nemotron-optimal-1e+22-v5-025b0e
33362,2.4053587913513184,,,,adamh-scaling-ladder-nemotron-optimal-1e+22-v5-025b0e
33374,2.4037981033325195,,,,adamh-scaling-ladder-nemotron-optimal-1e+22-v5-025b0e
33414,2.3823585510253906,,,,adamh-scaling-ladder-nemotron-optimal-1e+22-v5-025b0e
33439,2.4004385471343994,,,,adamh-scaling-ladder-nemotron-optimal-1e+22-v5-025b0e
33442,2.388186454772949,,,,adamh-scaling-ladder-nemotron-optimal-1e+22-v5-025b0e
33611,2.381510019302368,,,,adamh-scaling-ladder-nemotron-optimal-1e+22-v5-025b0e
33676,2.342200517654419,,,,adamh-scaling-ladder-nemotron-optimal-1e+22-v5-025b0e
33685,2.3911659717559814,,,,adamh-scaling-ladder-nemotron-optimal-1e+22-v5-025b0e
33726,2.4044387340545654,,,,adamh-scaling-ladder-nemotron-optimal-1e+22-v5-025b0e
33784,2.370168685913086,,,,adamh-scaling-ladder-nemotron-optimal-1e+22-v5-025b0e
33813,2.3527727127075195,,,,adamh-scaling-ladder-nemotron-optimal-1e+22-v5-025b0e
33815,2.3658721446990967,,,,adamh-scaling-ladder-nemotron-optimal-1e+22-v5-025b0e
33920,2.381805896759033,,,,adamh-scaling-ladder-nemotron-optimal-1e+22-v5-025b0e
33955,2.3729517459869385,,,,adamh-scaling-ladder-nemotron-optimal-1e+22-v5-025b0e
33965,2.3961849212646484,,,,adamh-scaling-ladder-nemotron-optimal-1e+22-v5-025b0e
33967,2.3857455253601074,,,,adamh-scaling-ladder-nemotron-optimal-1e+22-v5-025b0e
33979,2.3916358947753906,,,,adamh-scaling-ladder-nemotron-optimal-1e+22-v5-025b0e
33986,2.385763645172119,,,,adamh-scaling-ladder-nemotron-optimal-1e+22-v5-025b0e
33990,2.373843193054199,,,,adamh-scaling-ladder-nemotron-optimal-1e+22-v5-025b0e
34000,,2.6560659408569336,2.421212911605835,2.5441696643829346,adamh-scaling-ladder-nemotron-optimal-1e+22-v5-025b0e
34003,2.3689141273498535,,,,adamh-scaling-ladder-nemotron-optimal-1e+22-v5-025b0e
34034,2.3564305305480957,,,,adamh-scaling-ladder-nemotron-optimal-1e+22-v5-025b0e
34063,2.3776895999908447,,,,adamh-scaling-ladder-nemotron-optimal-1e+22-v5-025b0e
34073,2.3589587211608887,,,,adamh-scaling-ladder-nemotron-optimal-1e+22-v5-025b0e
34122,2.357477903366089,,,,adamh-scaling-ladder-nemotron-optimal-1e+22-v5-025b0e
34124,2.3912742137908936,,,,adamh-scaling-ladder-nemotron-optimal-1e+22-v5-025b0e
34131,2.3822226524353027,,,,adamh-scaling-ladder-nemotron-optimal-1e+22-v5-025b0e
34162,2.3686318397521973,,,,adamh-scaling-ladder-nemotron-optimal-1e+22-v5-025b0e
34178,2.3748254776000977,,,,adamh-scaling-ladder-nemotron-optimal-1e+22-v5-025b0e
34208,2.359264373779297,,,,adamh-scaling-ladder-nemotron-optimal-1e+22-v5-025b0e
34214,2.348341703414917,,,,adamh-scaling-ladder-nemotron-optimal-1e+22-v5-025b0e
34217,2.3827805519104004,,,,adamh-scaling-ladder-nemotron-optimal-1e+22-v5-025b0e
34236,2.339329957962036,,,,adamh-scaling-ladder-nemotron-optimal-1e+22-v5-025b0e
34284,2.355804204940796,,,,adamh-scaling-ladder-nemotron-optimal-1e+22-v5-025b0e
34327,2.3565871715545654,,,,adamh-scaling-ladder-nemotron-optimal-1e+22-v5-025b0e
34338,2.356964588165283,,,,adamh-scaling-ladder-nemotron-optimal-1e+22-v5-025b0e
34367,2.36085844039917,,,,adamh-scaling-ladder-nemotron-optimal-1e+22-v5-025b0e
34399,2.347017765045166,,,,adamh-scaling-ladder-nemotron-optimal-1e+22-v5-025b0e
34413,2.3445520401000977,,,,adamh-scaling-ladder-nemotron-optimal-1e+22-v5-025b0e
34455,2.3725337982177734,,,,adamh-scaling-ladder-nemotron-optimal-1e+22-v5-025b0e
34474,2.357386350631714,,,,adamh-scaling-ladder-nemotron-optimal-1e+22-v5-025b0e
34525,2.358149528503418,,,,adamh-scaling-ladder-nemotron-optimal-1e+22-v5-025b0e
34537,2.350527286529541,,,,adamh-scaling-ladder-nemotron-optimal-1e+22-v5-025b0e
34547,2.3408961296081543,,,,adamh-scaling-ladder-nemotron-optimal-1e+22-v5-025b0e
34548,2.3411941528320312,,,,adamh-scaling-ladder-nemotron-optimal-1e+22-v5-025b0e
34567,2.329073905944824,,,,adamh-scaling-ladder-nemotron-optimal-1e+22-v5-025b0e
34581,2.32495379447937,,,,adamh-scaling-ladder-nemotron-optimal-1e+22-v5-025b0e
34611,2.3527145385742188,,,,adamh-scaling-ladder-nemotron-optimal-1e+22-v5-025b0e
34627,2.3498919010162354,,,,adamh-scaling-ladder-nemotron-optimal-1e+22-v5-025b0e
34643,2.3528528213500977,,,,adamh-scaling-ladder-nemotron-optimal-1e+22-v5-025b0e
34675,2.3350634574890137,,,,adamh-scaling-ladder-nemotron-optimal-1e+22-v5-025b0e
34708,2.342684268951416,,,,adamh-scaling-ladder-nemotron-optimal-1e+22-v5-025b0e
34739,2.350142240524292,,,,adamh-scaling-ladder-nemotron-optimal-1e+22-v5-025b0e
34742,2.3450920581817627,,,,adamh-scaling-ladder-nemotron-optimal-1e+22-v5-025b0e
34750,2.310880422592163,,,,adamh-scaling-ladder-nemotron-optimal-1e+22-v5-025b0e
34766,2.342222213745117,,,,adamh-scaling-ladder-nemotron-optimal-1e+22-v5-025b0e
34783,2.348515748977661,,,,adamh-scaling-ladder-nemotron-optimal-1e+22-v5-025b0e
34801,2.341456413269043,,,,adamh-scaling-ladder-nemotron-optimal-1e+22-v5-025b0e
34802,2.3484294414520264,,,,adamh-scaling-ladder-nemotron-optimal-1e+22-v5-025b0e
34836,2.349777936935425,,,,adamh-scaling-ladder-nemotron-optimal-1e+22-v5-025b0e
34865,2.3348169326782227,,,,adamh-scaling-ladder-nemotron-optimal-1e+22-v5-025b0e
34893,2.3237924575805664,,,,adamh-scaling-ladder-nemotron-optimal-1e+22-v5-025b0e
34900,2.3357396125793457,,,,adamh-scaling-ladder-nemotron-optimal-1e+22-v5-025b0e
34916,2.3515560626983643,,,,adamh-scaling-ladder-nemotron-optimal-1e+22-v5-025b0e
34918,2.3466060161590576,,,,adamh-scaling-ladder-nemotron-optimal-1e+22-v5-025b0e
34933,2.3267009258270264,,,,adamh-scaling-ladder-nemotron-optimal-1e+22-v5-025b0e
34960,2.3266894817352295,,,,adamh-scaling-ladder-nemotron-optimal-1e+22-v5-025b0e
34973,2.326641798019409,,,,adamh-scaling-ladder-nemotron-optimal-1e+22-v5-025b0e
35000,,2.619713544845581,2.3825461864471436,2.504542827606201,adamh-scaling-ladder-nemotron-optimal-1e+22-v5-025b0e
35018,2.3406054973602295,,,,adamh-scaling-ladder-nemotron-optimal-1e+22-v5-025b0e
35034,2.3346245288848877,,,,adamh-scaling-ladder-nemotron-optimal-1e+22-v5-025b0e
35090,2.34393572807312,,,,adamh-scaling-ladder-nemotron-optimal-1e+22-v5-025b0e
35098,2.345689058303833,,,,adamh-scaling-ladder-nemotron-optimal-1e+22-v5-025b0e
35152,2.328946828842163,,,,adamh-scaling-ladder-nemotron-optimal-1e+22-v5-025b0e
35199,2.325899124145508,,,,adamh-scaling-ladder-nemotron-optimal-1e+22-v5-025b0e
35226,2.3128886222839355,,,,adamh-scaling-ladder-nemotron-optimal-1e+22-v5-025b0e
35230,2.3301117420196533,,,,adamh-scaling-ladder-nemotron-optimal-1e+22-v5-025b0e
35247,2.3167755603790283,,,,adamh-scaling-ladder-nemotron-optimal-1e+22-v5-025b0e
35248,2.3427963256835938,,,,adamh-scaling-ladder-nemotron-optimal-1e+22-v5-025b0e
35296,2.32088041305542,,,,adamh-scaling-ladder-nemotron-optimal-1e+22-v5-025b0e
35323,2.3467321395874023,,,,adamh-scaling-ladder-nemotron-optimal-1e+22-v5-025b0e
35324,2.3324062824249268,,,,adamh-scaling-ladder-nemotron-optimal-1e+22-v5-025b0e
35440,2.3271987438201904,,,,adamh-scaling-ladder-nemotron-optimal-1e+22-v5-025b0e
35471,2.3369140625,,,,adamh-scaling-ladder-nemotron-optimal-1e+22-v5-025b0e
35527,2.2959535121917725,,,,adamh-scaling-ladder-nemotron-optimal-1e+22-v5-025b0e
35602,2.3169891834259033,,,,adamh-scaling-ladder-nemotron-optimal-1e+22-v5-025b0e
35631,2.3049328327178955,,,,adamh-scaling-ladder-nemotron-optimal-1e+22-v5-025b0e
35672,2.2976624965667725,,,,adamh-scaling-ladder-nemotron-optimal-1e+22-v5-025b0e
35763,2.307992935180664,,,,adamh-scaling-ladder-nemotron-optimal-1e+22-v5-025b0e
35765,2.301312208175659,,,,adamh-scaling-ladder-nemotron-optimal-1e+22-v5-025b0e
35781,2.319300413131714,,,,adamh-scaling-ladder-nemotron-optimal-1e+22-v5-025b0e
35796,2.3121657371520996,,,,adamh-scaling-ladder-nemotron-optimal-1e+22-v5-025b0e
35797,2.316282272338867,,,,adamh-scaling-ladder-nemotron-optimal-1e+22-v5-025b0e
35816,2.3026673793792725,,,,adamh-scaling-ladder-nemotron-optimal-1e+22-v5-025b0e
35824,2.323073625564575,,,,adamh-scaling-ladder-nemotron-optimal-1e+22-v5-025b0e
35838,2.2943387031555176,,,,adamh-scaling-ladder-nemotron-optimal-1e+22-v5-025b0e
35839,2.2743513584136963,,,,adamh-scaling-ladder-nemotron-optimal-1e+22-v5-025b0e
35845,2.294440746307373,,,,adamh-scaling-ladder-nemotron-optimal-1e+22-v5-025b0e
35859,2.2932116985321045,,,,adamh-scaling-ladder-nemotron-optimal-1e+22-v5-025b0e
35862,2.3056960105895996,,,,adamh-scaling-ladder-nemotron-optimal-1e+22-v5-025b0e
35864,2.2920150756835938,,,,adamh-scaling-ladder-nemotron-optimal-1e+22-v5-025b0e
35868,2.3106062412261963,,,,adamh-scaling-ladder-nemotron-optimal-1e+22-v5-025b0e
35924,2.2858901023864746,,,,adamh-scaling-ladder-nemotron-optimal-1e+22-v5-025b0e
35956,2.2900447845458984,,,,adamh-scaling-ladder-nemotron-optimal-1e+22-v5-025b0e
35962,2.322098731994629,,,,adamh-scaling-ladder-nemotron-optimal-1e+22-v5-025b0e
36000,,2.5824806690216064,2.3431129455566406,2.4614005088806152,adamh-scaling-ladder-nemotron-optimal-1e+22-v5-025b0e
36005,2.293914794921875,,,,adamh-scaling-ladder-nemotron-optimal-1e+22-v5-025b0e
36013,2.2915592193603516,,,,adamh-scaling-ladder-nemotron-optimal-1e+22-v5-025b0e
36032,2.3021774291992188,,,,adamh-scaling-ladder-nemotron-optimal-1e+22-v5-025b0e
36069,2.307328224182129,,,,adamh-scaling-ladder-nemotron-optimal-1e+22-v5-025b0e
36081,2.29314923286438,,,,adamh-scaling-ladder-nemotron-optimal-1e+22-v5-025b0e
36099,2.311887741088867,,,,adamh-scaling-ladder-nemotron-optimal-1e+22-v5-025b0e
36120,2.273817539215088,,,,adamh-scaling-ladder-nemotron-optimal-1e+22-v5-025b0e
36184,2.2862119674682617,,,,adamh-scaling-ladder-nemotron-optimal-1e+22-v5-025b0e
36208,2.3038511276245117,,,,adamh-scaling-ladder-nemotron-optimal-1e+22-v5-025b0e
36291,2.288280963897705,,,,adamh-scaling-ladder-nemotron-optimal-1e+22-v5-025b0e
36302,2.2819430828094482,,,,adamh-scaling-ladder-nemotron-optimal-1e+22-v5-025b0e
36315,2.283449172973633,,,,adamh-scaling-ladder-nemotron-optimal-1e+22-v5-025b0e
36326,2.2823739051818848,,,,adamh-scaling-ladder-nemotron-optimal-1e+22-v5-025b0e
36334,2.290539026260376,,,,adamh-scaling-ladder-nemotron-optimal-1e+22-v5-025b0e
36384,2.2796690464019775,,,,adamh-scaling-ladder-nemotron-optimal-1e+22-v5-025b0e
36406,2.2805168628692627,,,,adamh-scaling-ladder-nemotron-optimal-1e+22-v5-025b0e
36441,2.312795877456665,,,,adamh-scaling-ladder-nemotron-optimal-1e+22-v5-025b0e
36454,2.27649188041687,,,,adamh-scaling-ladder-nemotron-optimal-1e+22-v5-025b0e
36493,2.2769861221313477,,,,adamh-scaling-ladder-nemotron-optimal-1e+22-v5-025b0e
36512,2.2586891651153564,,,,adamh-scaling-ladder-nemotron-optimal-1e+22-v5-025b0e
36518,2.2948620319366455,,,,adamh-scaling-ladder-nemotron-optimal-1e+22-v5-025b0e
36527,2.2693254947662354,,,,adamh-scaling-ladder-nemotron-optimal-1e+22-v5-025b0e
36566,2.268634080886841,,,,adamh-scaling-ladder-nemotron-optimal-1e+22-v5-025b0e
36578,2.296984910964966,,,,adamh-scaling-ladder-nemotron-optimal-1e+22-v5-025b0e
36596,2.2769298553466797,,,,adamh-scaling-ladder-nemotron-optimal-1e+22-v5-025b0e
36600,2.278561592102051,,,,adamh-scaling-ladder-nemotron-optimal-1e+22-v5-025b0e
36650,2.2850732803344727,,,,adamh-scaling-ladder-nemotron-optimal-1e+22-v5-025b0e
36674,2.2700915336608887,,,,adamh-scaling-ladder-nemotron-optimal-1e+22-v5-025b0e
36711,2.284632682800293,,,,adamh-scaling-ladder-nemotron-optimal-1e+22-v5-025b0e
36725,2.280653238296509,,,,adamh-scaling-ladder-nemotron-optimal-1e+22-v5-025b0e
36748,2.239223003387451,,,,adamh-scaling-ladder-nemotron-optimal-1e+22-v5-025b0e
36750,2.266005277633667,,,,adamh-scaling-ladder-nemotron-optimal-1e+22-v5-025b0e
36760,2.286153554916382,,,,adamh-scaling-ladder-nemotron-optimal-1e+22-v5-025b0e
36797,2.254110813140869,,,,adamh-scaling-ladder-nemotron-optimal-1e+22-v5-025b0e
36937,2.244662284851074,,,,adamh-scaling-ladder-nemotron-optimal-1e+22-v5-025b0e
36940,2.2640554904937744,,,,adamh-scaling-ladder-nemotron-optimal-1e+22-v5-025b0e
36999,2.2705752849578857,,,,adamh-scaling-ladder-nemotron-optimal-1e+22-v5-025b0e
37000,,2.548403263092041,2.3066823482513428,2.425530433654785,adamh-scaling-ladder-nemotron-optimal-1e+22-v5-025b0e
37025,2.263537645339966,,,,adamh-scaling-ladder-nemotron-optimal-1e+22-v5-025b0e
37038,2.266339063644409,,,,adamh-scaling-ladder-nemotron-optimal-1e+22-v5-025b0e
37045,2.2793591022491455,,,,adamh-scaling-ladder-nemotron-optimal-1e+22-v5-025b0e
37053,2.2812588214874268,,,,adamh-scaling-ladder-nemotron-optimal-1e+22-v5-025b0e
37059,2.2429428100585938,,,,adamh-scaling-ladder-nemotron-optimal-1e+22-v5-025b0e
37062,2.2711052894592285,,,,adamh-scaling-ladder-nemotron-optimal-1e+22-v5-025b0e
37144,2.269960641860962,,,,adamh-scaling-ladder-nemotron-optimal-1e+22-v5-025b0e
37160,2.2512600421905518,,,,adamh-scaling-ladder-nemotron-optimal-1e+22-v5-025b0e
37220,2.2428128719329834,,,,adamh-scaling-ladder-nemotron-optimal-1e+22-v5-025b0e
37267,2.2312262058258057,,,,adamh-scaling-ladder-nemotron-optimal-1e+22-v5-025b0e
37291,2.242309808731079,,,,adamh-scaling-ladder-nemotron-optimal-1e+22-v5-025b0e
37299,2.252392530441284,,,,adamh-scaling-ladder-nemotron-optimal-1e+22-v5-025b0e
37319,2.2532639503479004,,,,adamh-scaling-ladder-nemotron-optimal-1e+22-v5-025b0e
37346,2.2517056465148926,,,,adamh-scaling-ladder-nemotron-optimal-1e+22-v5-025b0e
37363,2.2597405910491943,,,,adamh-scaling-ladder-nemotron-optimal-1e+22-v5-025b0e
37424,2.2451789379119873,,,,adamh-scaling-ladder-nemotron-optimal-1e+22-v5-025b0e
37486,2.235788583755493,,,,adamh-scaling-ladder-nemotron-optimal-1e+22-v5-025b0e
37526,2.2419042587280273,,,,adamh-scaling-ladder-nemotron-optimal-1e+22-v5-025b0e
37542,2.237727403640747,,,,adamh-scaling-ladder-nemotron-optimal-1e+22-v5-025b0e
37576,2.2417614459991455,,,,adamh-scaling-ladder-nemotron-optimal-1e+22-v5-025b0e
37610,2.2234647274017334,,,,adamh-scaling-ladder-nemotron-optimal-1e+22-v5-025b0e
37617,2.2335052490234375,,,,adamh-scaling-ladder-nemotron-optimal-1e+22-v5-025b0e
37666,2.2449376583099365,,,,adamh-scaling-ladder-nemotron-optimal-1e+22-v5-025b0e
37673,2.2761247158050537,,,,adamh-scaling-ladder-nemotron-optimal-1e+22-v5-025b0e
37677,2.2465105056762695,,,,adamh-scaling-ladder-nemotron-optimal-1e+22-v5-025b0e
37693,2.244373083114624,,,,adamh-scaling-ladder-nemotron-optimal-1e+22-v5-025b0e
37696,2.245269536972046,,,,adamh-scaling-ladder-nemotron-optimal-1e+22-v5-025b0e
37715,2.246046781539917,,,,adamh-scaling-ladder-nemotron-optimal-1e+22-v5-025b0e
37730,2.2451491355895996,,,,adamh-scaling-ladder-nemotron-optimal-1e+22-v5-025b0e
37753,2.2470149993896484,,,,adamh-scaling-ladder-nemotron-optimal-1e+22-v5-025b0e
37769,2.2561628818511963,,,,adamh-scaling-ladder-nemotron-optimal-1e+22-v5-025b0e
37836,2.2534923553466797,,,,adamh-scaling-ladder-nemotron-optimal-1e+22-v5-025b0e
37858,2.2407376766204834,,,,adamh-scaling-ladder-nemotron-optimal-1e+22-v5-025b0e
37872,2.2472848892211914,,,,adamh-scaling-ladder-nemotron-optimal-1e+22-v5-025b0e
37888,2.251264810562134,,,,adamh-scaling-ladder-nemotron-optimal-1e+22-v5-025b0e
37927,2.2238683700561523,,,,adamh-scaling-ladder-nemotron-optimal-1e+22-v5-025b0e
37958,2.2202415466308594,,,,adamh-scaling-ladder-nemotron-optimal-1e+22-v5-025b0e
37978,2.2423152923583984,,,,adamh-scaling-ladder-nemotron-optimal-1e+22-v5-025b0e
37991,2.250371217727661,,,,adamh-scaling-ladder-nemotron-optimal-1e+22-v5-025b0e
38000,,2.520625591278076,2.277573585510254,2.395244836807251,adamh-scaling-ladder-nemotron-optimal-1e+22-v5-025b0e
38006,2.224005699157715,,,,adamh-scaling-ladder-nemotron-optimal-1e+22-v5-025b0e
38007,2.246776819229126,,,,adamh-scaling-ladder-nemotron-optimal-1e+22-v5-025b0e
38021,2.2425687313079834,,,,adamh-scaling-ladder-nemotron-optimal-1e+22-v5-025b0e
38040,2.248178243637085,,,,adamh-scaling-ladder-nemotron-optimal-1e+22-v5-025b0e
38102,2.2330782413482666,,,,adamh-scaling-ladder-nemotron-optimal-1e+22-v5-025b0e
38128,2.2288758754730225,,,,adamh-scaling-ladder-nemotron-optimal-1e+22-v5-025b0e
38149,2.222315788269043,,,,adamh-scaling-ladder-nemotron-optimal-1e+22-v5-025b0e
38164,2.220885992050171,,,,adamh-scaling-ladder-nemotron-optimal-1e+22-v5-025b0e
38222,2.262873649597168,,,,adamh-scaling-ladder-nemotron-optimal-1e+22-v5-025b0e
38234,,2.5181772708892822,2.274888515472412,2.3929169178009033,adamh-scaling-ladder-nemotron-optimal-1e+22-v5-025b0e
