_step,train/loss,eval/paloma/c4_en/loss,eval/loss,eval/macro_loss,_segment
820195,2.3371469974517822,,,,llama-8b-tootsie-adept-phoenix
820247,2.325448751449585,,,,llama-8b-tootsie-adept-phoenix
820444,2.3261563777923584,,,,llama-8b-tootsie-adept-phoenix
821000,,2.566624164581299,2.230484962463379,2.518091917037964,llama-8b-tootsie-adept-phoenix
821594,2.3807950019836426,,,,llama-8b-tootsie-adept-phoenix
821842,2.388059616088867,,,,llama-8b-tootsie-adept-phoenix
822000,,2.606841564178467,2.323742628097534,2.584474563598633,llama-8b-tootsie-adept-phoenix
822066,2.342607021331787,,,,llama-8b-tootsie-adept-phoenix
822141,2.3409810066223145,,,,llama-8b-tootsie-adept-phoenix
822192,2.339970588684082,,,,llama-8b-tootsie-adept-phoenix
822532,2.327178716659546,,,,llama-8b-tootsie-adept-phoenix
822711,2.311528205871582,,,,llama-8b-tootsie-adept-phoenix
823000,,2.6155335903167725,2.3531477451324463,2.602585792541504,llama-8b-tootsie-adept-phoenix
823018,2.3193626403808594,,,,llama-8b-tootsie-adept-phoenix
823367,2.32243275642395,,,,llama-8b-tootsie-adept-phoenix
823484,2.3034753799438477,,,,llama-8b-tootsie-adept-phoenix
824000,,2.578338146209717,2.3220434188842773,2.5667881965637207,llama-8b-tootsie-adept-phoenix
824072,2.295483350753784,,,,llama-8b-tootsie-adept-phoenix
824634,2.280576229095459,,,,llama-8b-tootsie-adept-phoenix
824737,2.2714390754699707,,,,llama-8b-tootsie-adept-phoenix
824801,2.2665791511535645,,,,llama-8b-tootsie-adept-phoenix
824962,2.2825992107391357,,,,llama-8b-tootsie-adept-phoenix
825000,,2.5651495456695557,2.313253879547119,2.5564656257629395,llama-8b-tootsie-adept-phoenix
825118,2.2656192779541016,,,,llama-8b-tootsie-adept-phoenix
825862,2.256521463394165,,,,llama-8b-tootsie-adept-phoenix
826000,,2.55405592918396,2.3073859214782715,2.5490915775299072,llama-8b-tootsie-adept-phoenix
826041,2.2649314403533936,,,,llama-8b-tootsie-adept-phoenix
826293,2.27445650100708,,,,llama-8b-tootsie-adept-phoenix
827000,,2.5475642681121826,2.30210542678833,2.542187213897705,llama-8b-tootsie-adept-phoenix
827148,2.2614636421203613,,,,llama-8b-tootsie-adept-phoenix
827300,2.2701327800750732,,,,llama-8b-tootsie-adept-phoenix
827371,2.2616615295410156,,,,llama-8b-tootsie-adept-phoenix
827555,2.257192373275757,,,,llama-8b-tootsie-adept-phoenix
827746,2.2802352905273438,,,,llama-8b-tootsie-adept-phoenix
828000,,2.544267416000366,2.302504539489746,2.5428361892700195,llama-8b-tootsie-adept-phoenix
828094,2.2496066093444824,,,,llama-8b-tootsie-adept-phoenix
828333,2.2586398124694824,,,,llama-8b-tootsie-adept-phoenix
828371,2.2434027194976807,,,,llama-8b-tootsie-adept-phoenix
828504,2.2536449432373047,,,,llama-8b-tootsie-adept-phoenix
828682,2.248849630355835,,,,llama-8b-tootsie-adept-phoenix
828724,2.2617299556732178,,,,llama-8b-tootsie-adept-phoenix
828730,2.2486956119537354,,,,llama-8b-tootsie-adept-phoenix
829000,,2.541144609451294,2.300915241241455,2.5413599014282227,llama-8b-tootsie-adept-phoenix
829824,2.25717830657959,,,,llama-8b-tootsie-adept-phoenix
830000,,2.537259578704834,2.297733783721924,2.5381531715393066,llama-8b-tootsie-adept-phoenix
830375,2.260540008544922,,,,llama-8b-tootsie-adept-phoenix
830796,2.245487928390503,,,,llama-8b-tootsie-adept-phoenix
831000,,2.5414974689483643,2.298105478286743,2.5356545448303223,llama-8b-tootsie-adept-phoenix
831106,2.24212646484375,,,,llama-8b-tootsie-adept-phoenix
831247,2.2547731399536133,,,,llama-8b-tootsie-adept-phoenix
831294,2.239297866821289,,,,llama-8b-tootsie-adept-phoenix
832000,,2.5342185497283936,2.2987492084503174,2.5374257564544678,llama-8b-tootsie-adept-phoenix
832202,2.2436726093292236,,,,llama-8b-tootsie-adept-phoenix
832217,2.2462968826293945,,,,llama-8b-tootsie-adept-phoenix
832403,2.221018075942993,,,,llama-8b-tootsie-adept-phoenix
832910,2.2309250831604004,,,,llama-8b-tootsie-adept-phoenix
832925,2.236248731613159,,,,llama-8b-tootsie-adept-phoenix
833000,,2.5339674949645996,2.297114610671997,2.5344626903533936,llama-8b-tootsie-adept-phoenix
833025,2.239027500152588,,,,llama-8b-tootsie-adept-phoenix
833939,2.232266902923584,,,,llama-8b-tootsie-adept-phoenix
834000,,2.5308589935302734,2.295119285583496,2.5328264236450195,llama-8b-tootsie-adept-phoenix
834014,2.233856678009033,,,,llama-8b-tootsie-adept-phoenix
834056,2.245138645172119,,,,llama-8b-tootsie-adept-phoenix
834105,2.2310128211975098,,,,llama-8b-tootsie-adept-phoenix
834944,2.238766670227051,,,,llama-8b-tootsie-adept-phoenix
835000,,2.531797409057617,2.297825336456299,2.5338878631591797,llama-8b-tootsie-adept-phoenix
835313,2.2356393337249756,,,,llama-8b-tootsie-adept-phoenix
835495,2.236638069152832,,,,llama-8b-tootsie-adept-phoenix
835750,2.242673635482788,,,,llama-8b-tootsie-adept-phoenix
836000,,2.52972149848938,2.296250343322754,2.5325074195861816,llama-8b-tootsie-adept-phoenix
836171,2.231998920440674,,,,llama-8b-tootsie-adept-phoenix
836553,2.2343270778656006,,,,llama-8b-tootsie-adept-phoenix
836888,2.2334189414978027,,,,llama-8b-tootsie-adept-phoenix
837000,,2.527944564819336,2.2954328060150146,2.5320286750793457,llama-8b-tootsie-adept-phoenix
837121,2.238694190979004,,,,llama-8b-tootsie-adept-phoenix
837674,2.243894100189209,,,,llama-8b-tootsie-adept-phoenix
838000,,2.530000686645508,2.2947492599487305,2.530561923980713,llama-8b-tootsie-adept-phoenix
838523,2.2258477210998535,,,,llama-8b-tootsie-adept-phoenix
838659,2.2313456535339355,,,,llama-8b-tootsie-adept-phoenix
838786,2.2505481243133545,,,,llama-8b-tootsie-adept-phoenix
839000,,2.5279765129089355,2.297772169113159,2.53521728515625,llama-8b-tootsie-adept-phoenix
839063,2.235828161239624,,,,llama-8b-tootsie-adept-phoenix
839603,2.2399609088897705,,,,llama-8b-tootsie-adept-phoenix
839649,2.2566616535186768,,,,llama-8b-tootsie-adept-phoenix
840000,,2.526555061340332,2.296699047088623,2.5302891731262207,llama-8b-tootsie-adept-phoenix
840259,2.234494924545288,,,,llama-8b-tootsie-adept-phoenix
840271,2.2359015941619873,,,,llama-8b-tootsie-adept-phoenix
840387,2.238708257675171,,,,llama-8b-tootsie-adept-phoenix
840868,2.242662191390991,,,,llama-8b-tootsie-adept-phoenix
840903,2.2299020290374756,,,,llama-8b-tootsie-adept-phoenix
840966,2.2412242889404297,,,,llama-8b-tootsie-adept-phoenix
841000,,2.5265402793884277,2.2960002422332764,2.53286075592041,llama-8b-tootsie-adept-phoenix
841058,2.237724542617798,,,,llama-8b-tootsie-adept-phoenix
841395,2.244635581970215,,,,llama-8b-tootsie-adept-phoenix
842000,,2.523513078689575,2.2943577766418457,2.527719020843506,llama-8b-tootsie-adept-phoenix
842454,2.2429535388946533,,,,llama-8b-tootsie-adept-phoenix
842693,2.2321367263793945,,,,llama-8b-tootsie-adept-phoenix
842842,2.246959686279297,,,,llama-8b-tootsie-adept-phoenix
842974,2.2292745113372803,,,,llama-8b-tootsie-adept-phoenix
843000,,2.525123357772827,2.2954866886138916,2.5299830436706543,llama-8b-tootsie-adept-phoenix
843266,2.222703695297241,,,,llama-8b-tootsie-adept-phoenix
843473,2.235243320465088,,,,llama-8b-tootsie-adept-phoenix
843974,2.235507011413574,,,,llama-8b-tootsie-adept-phoenix
844000,,2.525228500366211,2.2946996688842773,2.5297577381134033,llama-8b-tootsie-adept-phoenix
844455,2.2340691089630127,,,,llama-8b-tootsie-adept-phoenix
845000,2.2288269996643066,2.5238094329833984,2.2953362464904785,2.5315513610839844,llama-8b-tootsie-adept-phoenix
845250,2.232245922088623,,,,llama-8b-tootsie-adept-phoenix
845971,2.220266819000244,,,,llama-8b-tootsie-adept-phoenix
846000,,2.529905080795288,2.2987756729125977,2.53424072265625,llama-8b-tootsie-adept-phoenix
846143,2.221597194671631,,,,llama-8b-tootsie-adept-phoenix
846481,2.2250938415527344,,,,llama-8b-tootsie-adept-phoenix
846573,2.2401885986328125,,,,llama-8b-tootsie-adept-phoenix
846850,2.233196973800659,,,,llama-8b-tootsie-adept-phoenix
847000,,2.521641254425049,2.2951414585113525,2.529115676879883,llama-8b-tootsie-adept-phoenix
847033,2.228609800338745,,,,llama-8b-tootsie-adept-phoenix
847046,2.246990203857422,,,,llama-8b-tootsie-adept-phoenix
847067,2.235280752182007,,,,llama-8b-tootsie-adept-phoenix
848000,,2.523817539215088,2.294654607772827,2.5281879901885986,llama-8b-tootsie-adept-phoenix
848165,2.230354070663452,,,,llama-8b-tootsie-adept-phoenix
848181,2.2317707538604736,,,,llama-8b-tootsie-adept-phoenix
848201,2.242708683013916,,,,llama-8b-tootsie-adept-phoenix
848783,2.24015212059021,,,,llama-8b-tootsie-adept-phoenix
848930,2.227134943008423,,,,llama-8b-tootsie-adept-phoenix
849000,,2.5232391357421875,2.2959206104278564,2.530534267425537,llama-8b-tootsie-adept-phoenix
849513,2.2320756912231445,,,,llama-8b-tootsie-adept-phoenix
849762,2.2247252464294434,,,,llama-8b-tootsie-adept-phoenix
849941,2.2398061752319336,,,,llama-8b-tootsie-adept-phoenix
850000,,2.5224876403808594,2.295867681503296,2.5319488048553467,llama-8b-tootsie-adept-phoenix
850082,2.221648693084717,,,,llama-8b-tootsie-adept-phoenix
850217,2.2202723026275635,,,,llama-8b-tootsie-adept-phoenix
850655,2.230031967163086,,,,llama-8b-tootsie-adept-phoenix
850702,2.2347161769866943,,,,llama-8b-tootsie-adept-phoenix
850924,2.226806402206421,,,,llama-8b-tootsie-adept-phoenix
851000,,2.5198240280151367,2.2940165996551514,2.5283796787261963,llama-8b-tootsie-adept-phoenix
851166,2.229250907897949,,,,llama-8b-tootsie-adept-phoenix
851287,2.229630947113037,,,,llama-8b-tootsie-adept-phoenix
851311,2.2381532192230225,,,,llama-8b-tootsie-adept-phoenix
851320,2.256575345993042,,,,llama-8b-tootsie-adept-phoenix
851328,2.230653762817383,,,,llama-8b-tootsie-adept-phoenix
851464,2.2383859157562256,,,,llama-8b-tootsie-adept-phoenix
851550,2.2222678661346436,,,,llama-8b-tootsie-adept-phoenix
852000,,2.5234007835388184,2.29580020904541,2.532407760620117,llama-8b-tootsie-adept-phoenix
852015,2.230759859085083,,,,llama-8b-tootsie-adept-phoenix
852397,2.23748517036438,,,,llama-8b-tootsie-adept-phoenix
852629,2.2369320392608643,,,,llama-8b-tootsie-adept-phoenix
852713,2.2375407218933105,,,,llama-8b-tootsie-adept-phoenix
853000,,2.521962881088257,2.2953343391418457,2.529015302658081,llama-8b-tootsie-adept-phoenix
853267,2.226449966430664,,,,llama-8b-tootsie-adept-phoenix
853611,2.220172643661499,,,,llama-8b-tootsie-adept-phoenix
853881,2.224287986755371,,,,llama-8b-tootsie-adept-phoenix
853916,2.243515729904175,,,,llama-8b-tootsie-adept-phoenix
854000,,2.521333694458008,2.2951300144195557,2.5302393436431885,llama-8b-tootsie-adept-phoenix
854676,2.239879608154297,,,,llama-8b-tootsie-adept-phoenix
854728,2.2307541370391846,,,,llama-8b-tootsie-adept-phoenix
854944,2.2409045696258545,,,,llama-8b-tootsie-adept-phoenix
855000,,2.5209217071533203,2.2980146408081055,2.5316920280456543,llama-8b-tootsie-adept-phoenix
855888,2.235940456390381,,,,llama-8b-tootsie-adept-phoenix
856000,,2.5218772888183594,2.2954254150390625,2.527811050415039,llama-8b-tootsie-adept-phoenix
856367,2.2330965995788574,,,,llama-8b-tootsie-adept-phoenix
856453,2.2393484115600586,,,,llama-8b-tootsie-adept-phoenix
856637,2.2435503005981445,,,,llama-8b-tootsie-adept-phoenix
857000,,2.5203800201416016,2.294710636138916,2.527146100997925,llama-8b-tootsie-adept-phoenix
857245,2.236605167388916,,,,llama-8b-tootsie-adept-phoenix
857412,2.2324740886688232,,,,llama-8b-tootsie-adept-phoenix
857592,2.23264741897583,,,,llama-8b-tootsie-adept-phoenix
857966,2.2339470386505127,,,,llama-8b-tootsie-adept-phoenix
858000,,2.5208075046539307,2.2966485023498535,2.53096866607666,llama-8b-tootsie-adept-phoenix
858167,2.229893922805786,,,,llama-8b-tootsie-adept-phoenix
858530,2.2310476303100586,,,,llama-8b-tootsie-adept-phoenix
859000,,2.518324851989746,2.294079065322876,2.526399850845337,llama-8b-tootsie-adept-phoenix
859075,2.2278060913085938,,,,llama-8b-tootsie-adept-phoenix
859259,2.2202768325805664,,,,llama-8b-tootsie-adept-phoenix
859294,2.2322397232055664,,,,llama-8b-tootsie-adept-phoenix
860000,,2.518747329711914,2.29496169090271,2.530998706817627,llama-8b-tootsie-adept-phoenix
860488,2.2294607162475586,,,,llama-8b-tootsie-adept-phoenix
860632,2.2275803089141846,,,,llama-8b-tootsie-adept-phoenix
861000,,2.5208895206451416,2.2955527305603027,2.527069568634033,llama-8b-tootsie-adept-phoenix
861991,2.207181930541992,,,,llama-8b-tootsie-adept-phoenix
862000,,2.5174312591552734,2.294419527053833,2.5256569385528564,llama-8b-tootsie-adept-phoenix
862304,2.2231605052948,,,,llama-8b-tootsie-adept-phoenix
862490,2.243527889251709,,,,llama-8b-tootsie-adept-phoenix
862680,2.237928867340088,,,,llama-8b-tootsie-adept-phoenix
862945,2.2266247272491455,,,,llama-8b-tootsie-adept-phoenix
863000,,2.5186734199523926,2.298750400543213,2.530618667602539,llama-8b-tootsie-adept-phoenix
863451,2.2213404178619385,,,,llama-8b-tootsie-adept-phoenix
863869,2.235440254211426,,,,llama-8b-tootsie-adept-phoenix
863902,2.2282137870788574,,,,llama-8b-tootsie-adept-phoenix
863984,2.2236709594726562,,,,llama-8b-tootsie-adept-phoenix
864000,,2.520397424697876,2.295867443084717,2.5295569896698,llama-8b-tootsie-adept-phoenix
864472,2.2301454544067383,,,,llama-8b-tootsie-adept-phoenix
864684,2.22633695602417,,,,llama-8b-tootsie-adept-phoenix
864801,2.218600034713745,,,,llama-8b-tootsie-adept-phoenix
865000,,2.5179717540740967,2.2940080165863037,2.527238607406616,llama-8b-tootsie-adept-phoenix
865124,2.2162389755249023,,,,llama-8b-tootsie-adept-phoenix
865377,2.2218739986419678,,,,llama-8b-tootsie-adept-phoenix
865525,2.226088762283325,,,,llama-8b-tootsie-adept-phoenix
865813,2.227621555328369,,,,llama-8b-tootsie-adept-phoenix
866000,,2.522055149078369,2.298128128051758,2.53189754486084,llama-8b-tootsie-adept-phoenix
866101,2.2068543434143066,,,,llama-8b-tootsie-adept-phoenix
866461,2.2325327396392822,,,,llama-8b-tootsie-adept-phoenix
866698,2.2239553928375244,,,,llama-8b-tootsie-adept-phoenix
867000,,2.519498586654663,2.2956018447875977,2.529501438140869,llama-8b-tootsie-adept-phoenix
867289,2.230299949645996,,,,llama-8b-tootsie-adept-phoenix
867352,2.2309045791625977,,,,llama-8b-tootsie-adept-phoenix
867388,2.231168508529663,,,,llama-8b-tootsie-adept-phoenix
867650,2.230318307876587,,,,llama-8b-tootsie-adept-phoenix
867673,2.2195117473602295,,,,llama-8b-tootsie-adept-phoenix
867798,2.2425448894500732,,,,llama-8b-tootsie-adept-phoenix
868000,,2.5198676586151123,2.294637441635132,2.529414653778076,llama-8b-tootsie-adept-phoenix
868028,2.226532459259033,,,,llama-8b-tootsie-adept-phoenix
868360,2.213393449783325,,,,llama-8b-tootsie-adept-phoenix
868980,2.23456072807312,,,,llama-8b-tootsie-adept-phoenix
869000,,2.664451837539673,2.48576021194458,2.696211338043213,llama-8b-tootsie-adept-phoenix
869119,2.2384438514709473,,,,llama-8b-tootsie-adept-phoenix
869275,2.2264058589935303,,,,llama-8b-tootsie-adept-phoenix
869452,2.2248971462249756,,,,llama-8b-tootsie-adept-phoenix
869664,2.2270596027374268,,,,llama-8b-tootsie-adept-phoenix
869672,2.2303097248077393,,,,llama-8b-tootsie-adept-phoenix
869835,2.2182743549346924,,,,llama-8b-tootsie-adept-phoenix
869978,2.2345845699310303,,,,llama-8b-tootsie-adept-phoenix
870000,,2.5212090015411377,2.296391248703003,2.5305354595184326,llama-8b-tootsie-adept-phoenix
870234,2.2314581871032715,,,,llama-8b-tootsie-adept-phoenix
870563,2.239253044128418,,,,llama-8b-tootsie-adept-phoenix
870742,2.2259323596954346,,,,llama-8b-tootsie-adept-phoenix
871000,,2.5172791481018066,2.2948009967803955,2.5288283824920654,llama-8b-tootsie-adept-phoenix
871096,2.229177474975586,,,,llama-8b-tootsie-adept-phoenix
872000,,2.517157793045044,2.293433666229248,2.5262508392333984,llama-8b-tootsie-adept-phoenix
872372,2.2370526790618896,,,,llama-8b-tootsie-adept-phoenix
872682,2.2305095195770264,,,,llama-8b-tootsie-adept-phoenix
872864,2.224888324737549,,,,llama-8b-tootsie-adept-phoenix
873000,,2.5190258026123047,2.2956840991973877,2.530768632888794,llama-8b-tootsie-adept-phoenix
873154,2.233738422393799,,,,llama-8b-tootsie-adept-phoenix
873819,2.235895872116089,,,,llama-8b-tootsie-adept-phoenix
874000,,2.519378185272217,2.296701192855835,2.5302467346191406,llama-8b-tootsie-adept-phoenix
874224,2.2428500652313232,,,,llama-8b-tootsie-adept-phoenix
874404,2.2183337211608887,,,,llama-8b-tootsie-adept-phoenix
874994,2.224311113357544,,,,llama-8b-tootsie-adept-phoenix
875000,,2.5193562507629395,2.2945854663848877,2.524905204772949,llama-8b-tootsie-adept-phoenix
875505,2.2235381603240967,,,,llama-8b-tootsie-adept-phoenix
875712,2.2194831371307373,,,,llama-8b-tootsie-adept-phoenix
875723,2.2365219593048096,,,,llama-8b-tootsie-adept-phoenix
875951,2.2197606563568115,,,,llama-8b-tootsie-adept-phoenix
876000,,2.520772695541382,2.296584367752075,2.528920888900757,llama-8b-tootsie-adept-phoenix
876076,2.2462961673736572,,,,llama-8b-tootsie-adept-phoenix
876080,2.2251272201538086,,,,llama-8b-tootsie-adept-phoenix
876169,2.2216956615448,,,,llama-8b-tootsie-adept-phoenix
876977,2.233644723892212,,,,llama-8b-tootsie-adept-phoenix
876999,2.2328741550445557,,,,llama-8b-tootsie-adept-phoenix
877000,,2.518916130065918,2.2954182624816895,2.5259411334991455,llama-8b-tootsie-adept-phoenix
877445,2.2409722805023193,,,,llama-8b-tootsie-adept-phoenix
877576,2.226264238357544,,,,llama-8b-tootsie-adept-phoenix
877795,2.2355237007141113,,,,llama-8b-tootsie-adept-phoenix
878000,,2.520962953567505,2.2973341941833496,2.5295050144195557,llama-8b-tootsie-adept-phoenix
878693,2.23028564453125,,,,llama-8b-tootsie-adept-phoenix
878811,2.241591691970825,,,,llama-8b-tootsie-adept-phoenix
879000,,2.517735719680786,2.297299385070801,2.529764175415039,llama-8b-tootsie-adept-phoenix
879157,2.237724542617798,,,,llama-8b-tootsie-adept-phoenix
879636,2.213778495788574,,,,llama-8b-tootsie-adept-phoenix
879638,2.225241184234619,,,,llama-8b-tootsie-adept-phoenix
879801,2.2321834564208984,,,,llama-8b-tootsie-adept-phoenix
880000,,2.516249179840088,2.2934370040893555,2.5258045196533203,llama-8b-tootsie-adept-phoenix
880120,2.2338335514068604,,,,llama-8b-tootsie-adept-phoenix
880201,2.2337586879730225,,,,llama-8b-tootsie-adept-phoenix
880354,2.2119812965393066,,,,llama-8b-tootsie-adept-phoenix
880453,2.217047929763794,,,,llama-8b-tootsie-adept-phoenix
880855,2.2140233516693115,,,,llama-8b-tootsie-adept-phoenix
881000,,2.5160276889801025,2.294466733932495,2.5266637802124023,llama-8b-tootsie-adept-phoenix
881033,2.215728998184204,,,,llama-8b-tootsie-adept-phoenix
881404,2.2274856567382812,,,,llama-8b-tootsie-adept-phoenix
881808,2.2232182025909424,,,,llama-8b-tootsie-adept-phoenix
881838,2.2175214290618896,,,,llama-8b-tootsie-adept-phoenix
881875,2.2399582862854004,,,,llama-8b-tootsie-adept-phoenix
881889,2.2224037647247314,,,,llama-8b-tootsie-adept-phoenix
881917,2.2185521125793457,,,,llama-8b-tootsie-adept-phoenix
882000,,2.5175461769104004,2.2970283031463623,2.5292482376098633,llama-8b-tootsie-adept-phoenix
882256,2.214035749435425,,,,llama-8b-tootsie-adept-phoenix
882360,2.2343952655792236,,,,llama-8b-tootsie-adept-phoenix
882565,2.2221477031707764,,,,llama-8b-tootsie-adept-phoenix
882696,2.2336246967315674,,,,llama-8b-tootsie-adept-phoenix
882771,2.227353572845459,,,,llama-8b-tootsie-adept-phoenix
882780,2.2294092178344727,,,,llama-8b-tootsie-adept-phoenix
883000,,2.5191988945007324,2.2956669330596924,2.525505304336548,llama-8b-tootsie-adept-phoenix
883353,2.2286298274993896,,,,llama-8b-tootsie-adept-phoenix
883490,2.226996421813965,,,,llama-8b-tootsie-adept-phoenix
883511,2.204869270324707,,,,llama-8b-tootsie-adept-phoenix
883552,2.237001895904541,,,,llama-8b-tootsie-adept-phoenix
883557,2.2111597061157227,,,,llama-8b-tootsie-adept-phoenix
883604,2.2222070693969727,,,,llama-8b-tootsie-adept-phoenix
883646,2.2142889499664307,,,,llama-8b-tootsie-adept-phoenix
884000,,2.517977714538574,2.2963449954986572,2.530222177505493,llama-8b-tootsie-adept-phoenix
884471,2.2301688194274902,,,,llama-8b-tootsie-adept-phoenix
884526,2.2309677600860596,,,,llama-8b-tootsie-adept-phoenix
884663,2.216045379638672,,,,llama-8b-tootsie-adept-phoenix
885000,,2.5190138816833496,2.294151782989502,2.530083656311035,llama-8b-tootsie-adept-phoenix
885044,2.2286183834075928,,,,llama-8b-tootsie-adept-phoenix
885223,2.228055953979492,,,,llama-8b-tootsie-adept-phoenix
885405,2.220128297805786,,,,llama-8b-tootsie-adept-phoenix
885531,2.2225306034088135,,,,llama-8b-tootsie-adept-phoenix
885767,2.2210938930511475,,,,llama-8b-tootsie-adept-phoenix
885877,2.2371764183044434,,,,llama-8b-tootsie-adept-phoenix
886000,,2.514768362045288,2.294078826904297,2.5272889137268066,llama-8b-tootsie-adept-phoenix
886374,2.2148067951202393,,,,llama-8b-tootsie-adept-phoenix
886588,2.2340805530548096,,,,llama-8b-tootsie-adept-phoenix
886654,2.216381311416626,,,,llama-8b-tootsie-adept-phoenix
886964,2.230370283126831,,,,llama-8b-tootsie-adept-phoenix
887000,,2.51723313331604,2.294297933578491,2.5261306762695312,llama-8b-tootsie-adept-phoenix
887083,2.2269811630249023,,,,llama-8b-tootsie-adept-phoenix
887158,2.2248482704162598,,,,llama-8b-tootsie-adept-phoenix
887285,2.2390754222869873,,,,llama-8b-tootsie-adept-phoenix
887574,2.22299861907959,,,,llama-8b-tootsie-adept-phoenix
887970,2.23138427734375,,,,llama-8b-tootsie-adept-phoenix
888000,,2.5158591270446777,2.2938342094421387,2.525930404663086,llama-8b-tootsie-adept-phoenix
888286,2.2635438442230225,,,,llama-8b-tootsie-adept-phoenix
888637,2.2256550788879395,,,,llama-8b-tootsie-adept-phoenix
889000,,2.5173118114471436,2.2960567474365234,2.5265543460845947,llama-8b-tootsie-adept-phoenix
889267,2.235508918762207,,,,llama-8b-tootsie-adept-phoenix
889439,2.2178189754486084,,,,llama-8b-tootsie-adept-phoenix
889656,2.243960380554199,,,,llama-8b-tootsie-adept-phoenix
889738,2.2119150161743164,,,,llama-8b-tootsie-adept-phoenix
890000,,2.5161314010620117,2.2941086292266846,2.525552749633789,llama-8b-tootsie-adept-phoenix
890224,2.210634708404541,,,,llama-8b-tootsie-adept-phoenix
890695,2.223048448562622,,,,llama-8b-tootsie-adept-phoenix
890891,2.2106170654296875,,,,llama-8b-tootsie-adept-phoenix
891000,,2.5162320137023926,2.2953951358795166,2.5268192291259766,llama-8b-tootsie-adept-phoenix
891027,2.2258245944976807,,,,llama-8b-tootsie-adept-phoenix
891108,2.2255215644836426,,,,llama-8b-tootsie-adept-phoenix
892000,,2.5150909423828125,2.2934648990631104,2.5265650749206543,llama-8b-tootsie-adept-phoenix
892509,2.234584331512451,,,,llama-8b-tootsie-adept-phoenix
892795,2.227356195449829,,,,llama-8b-tootsie-adept-phoenix
892805,2.21921443939209,,,,llama-8b-tootsie-adept-phoenix
893000,,2.515744686126709,2.2948520183563232,2.526249647140503,llama-8b-tootsie-adept-phoenix
893174,2.212296485900879,,,,llama-8b-tootsie-adept-phoenix
893287,2.2341408729553223,,,,llama-8b-tootsie-adept-phoenix
893658,2.2271411418914795,,,,llama-8b-tootsie-adept-phoenix
893973,2.216292142868042,,,,llama-8b-tootsie-adept-phoenix
894000,,2.515021800994873,2.2938177585601807,2.5257294178009033,llama-8b-tootsie-adept-phoenix
894483,2.2281837463378906,,,,llama-8b-tootsie-adept-phoenix
894676,2.2148773670196533,,,,llama-8b-tootsie-adept-phoenix
895000,,2.5154192447662354,2.2929022312164307,2.524885892868042,llama-8b-tootsie-adept-phoenix
895105,2.236358404159546,,,,llama-8b-tootsie-adept-phoenix
895116,2.2287850379943848,,,,llama-8b-tootsie-adept-phoenix
895280,2.2266480922698975,,,,llama-8b-tootsie-adept-phoenix
895879,2.2181499004364014,,,,llama-8b-tootsie-adept-phoenix
895965,2.228910446166992,,,,llama-8b-tootsie-adept-phoenix
896000,,2.5160629749298096,2.2939085960388184,2.526275157928467,llama-8b-tootsie-adept-phoenix
896107,2.233232259750366,,,,llama-8b-tootsie-adept-phoenix
896361,2.216519355773926,,,,llama-8b-tootsie-adept-phoenix
896770,2.2420239448547363,,,,llama-8b-tootsie-adept-phoenix
896951,2.231593132019043,,,,llama-8b-tootsie-adept-phoenix
897000,,2.5140984058380127,2.293729066848755,2.5256261825561523,llama-8b-tootsie-adept-phoenix
897056,2.2461793422698975,,,,llama-8b-tootsie-adept-phoenix
897363,2.2268056869506836,,,,llama-8b-tootsie-adept-phoenix
897594,2.2249398231506348,,,,llama-8b-tootsie-adept-phoenix
897704,2.234306573867798,,,,llama-8b-tootsie-adept-phoenix
898000,,2.5146284103393555,2.2944092750549316,2.5278372764587402,llama-8b-tootsie-adept-phoenix
898118,2.2311253547668457,,,,llama-8b-tootsie-adept-phoenix
898350,2.2375648021698,,,,llama-8b-tootsie-adept-phoenix
898447,2.225681781768799,,,,llama-8b-tootsie-adept-phoenix
898692,2.2128357887268066,,,,llama-8b-tootsie-adept-phoenix
899000,,2.5134217739105225,2.2933754920959473,2.5247039794921875,llama-8b-tootsie-adept-phoenix
899113,2.2429168224334717,,,,llama-8b-tootsie-adept-phoenix
899704,2.2260870933532715,,,,llama-8b-tootsie-adept-phoenix
900000,,2.5159056186676025,2.294010877609253,2.5247743129730225,llama-8b-tootsie-adept-phoenix
900427,2.2202422618865967,,,,llama-8b-tootsie-adept-phoenix
901000,,2.515446424484253,2.2958362102508545,2.5273358821868896,llama-8b-tootsie-adept-phoenix
901074,2.2326526641845703,,,,llama-8b-tootsie-adept-phoenix
901346,2.223825693130493,,,,llama-8b-tootsie-adept-phoenix
902000,,2.516073703765869,2.292356014251709,2.5252583026885986,llama-8b-tootsie-adept-phoenix
902042,2.229445219039917,,,,llama-8b-tootsie-adept-phoenix
902118,2.2213361263275146,,,,llama-8b-tootsie-adept-phoenix
902195,2.2337307929992676,,,,llama-8b-tootsie-adept-phoenix
902463,2.2209339141845703,,,,llama-8b-tootsie-adept-phoenix
902791,2.207796335220337,,,,llama-8b-tootsie-adept-phoenix
903000,,2.51509428024292,2.293276309967041,2.525085926055908,llama-8b-tootsie-adept-phoenix
903403,2.2234816551208496,,,,llama-8b-tootsie-adept-phoenix
904000,,2.5158603191375732,2.2936789989471436,2.5225706100463867,llama-8b-tootsie-adept-phoenix
904130,2.20412278175354,,,,llama-8b-tootsie-adept-phoenix
904267,2.2195849418640137,,,,llama-8b-tootsie-adept-phoenix
904620,2.2311758995056152,,,,llama-8b-tootsie-adept-phoenix
904805,2.2056541442871094,,,,llama-8b-tootsie-adept-phoenix
905000,,2.5161585807800293,2.2935843467712402,2.5248923301696777,llama-8b-tootsie-adept-phoenix
905341,2.224639892578125,,,,llama-8b-tootsie-adept-phoenix
905571,2.2174932956695557,,,,llama-8b-tootsie-adept-phoenix
906000,,2.517765760421753,2.2964720726013184,2.5290515422821045,llama-8b-tootsie-adept-phoenix
906693,2.2168374061584473,,,,llama-8b-tootsie-adept-phoenix
907000,,2.514512062072754,2.293149709701538,2.5264341831207275,llama-8b-tootsie-adept-phoenix
907036,2.2185885906219482,,,,llama-8b-tootsie-adept-phoenix
907409,2.224860668182373,,,,llama-8b-tootsie-adept-phoenix
907422,2.232308864593506,,,,llama-8b-tootsie-adept-phoenix
907559,2.2155611515045166,,,,llama-8b-tootsie-adept-phoenix
908000,,2.513094425201416,2.293208599090576,2.5235209465026855,llama-8b-tootsie-adept-phoenix
908287,2.232401132583618,,,,llama-8b-tootsie-adept-phoenix
908670,2.2263050079345703,,,,llama-8b-tootsie-adept-phoenix
908728,2.208369493484497,,,,llama-8b-tootsie-adept-phoenix
908909,2.223841905593872,,,,llama-8b-tootsie-adept-phoenix
909000,,2.5125932693481445,2.292081832885742,2.5233688354492188,llama-8b-tootsie-adept-phoenix
909713,2.223513603210449,,,,llama-8b-tootsie-adept-phoenix
909843,2.227661609649658,,,,llama-8b-tootsie-adept-phoenix
910000,,2.5125677585601807,2.292419910430908,2.522719383239746,llama-8b-tootsie-adept-phoenix
910664,2.221905469894409,,,,llama-8b-tootsie-adept-phoenix
911000,,2.5149903297424316,2.2913949489593506,2.5216827392578125,llama-8b-tootsie-adept-phoenix
911364,2.219369649887085,,,,llama-8b-tootsie-adept-phoenix
911665,2.220226287841797,,,,llama-8b-tootsie-adept-phoenix
912000,,2.5126254558563232,2.293596029281616,2.5244805812835693,llama-8b-tootsie-adept-phoenix
913000,,2.5151379108428955,2.294726610183716,2.5281903743743896,llama-8b-tootsie-adept-phoenix
913211,2.222252368927002,,,,llama-8b-tootsie-adept-phoenix
914000,,2.51401948928833,2.2948436737060547,2.5233724117279053,llama-8b-tootsie-adept-phoenix
914475,2.233917236328125,,,,llama-8b-tootsie-adept-phoenix
914927,2.22744083404541,,,,llama-8b-tootsie-adept-phoenix
914932,2.207602024078369,,,,llama-8b-tootsie-adept-phoenix
915000,,2.5152268409729004,2.294924020767212,2.5235848426818848,llama-8b-tootsie-adept-phoenix
915049,2.214418411254883,,,,llama-8b-tootsie-adept-phoenix
915477,2.229780673980713,,,,llama-8b-tootsie-adept-phoenix
915658,2.3176064491271973,,,,llama-8b-tootsie-adept-phoenix
915926,2.244027614593506,,,,llama-8b-tootsie-adept-phoenix
915987,2.2127554416656494,,,,llama-8b-tootsie-adept-phoenix
916000,,2.5163660049438477,2.2953290939331055,2.524428129196167,llama-8b-tootsie-adept-phoenix
916109,2.2275736331939697,,,,llama-8b-tootsie-adept-phoenix
916476,2.2242298126220703,,,,llama-8b-tootsie-adept-phoenix
917000,,2.5135655403137207,2.295034408569336,2.527650833129883,llama-8b-tootsie-adept-phoenix
918000,,2.51352596282959,2.29302978515625,2.523487091064453,llama-8b-tootsie-adept-phoenix
918405,2.2145721912384033,,,,llama-8b-tootsie-adept-phoenix
918786,2.2150187492370605,,,,llama-8b-tootsie-adept-phoenix
919000,,2.5126283168792725,2.293227195739746,2.523949384689331,llama-8b-tootsie-adept-phoenix
919178,2.2071826457977295,,,,llama-8b-tootsie-adept-phoenix
919285,2.236081838607788,,,,llama-8b-tootsie-adept-phoenix
919377,2.2217116355895996,,,,llama-8b-tootsie-adept-phoenix
919560,2.2367193698883057,,,,llama-8b-tootsie-adept-phoenix
919691,2.210742473602295,,,,llama-8b-tootsie-adept-phoenix
920000,,2.5140247344970703,2.2943835258483887,2.5263547897338867,llama-8b-tootsie-adept-phoenix
920230,2.218592882156372,,,,llama-8b-tootsie-adept-phoenix
920381,2.2067811489105225,,,,llama-8b-tootsie-adept-phoenix
921000,,2.5131428241729736,2.294114589691162,2.526902675628662,llama-8b-tootsie-adept-phoenix
921008,2.206137180328369,,,,llama-8b-tootsie-adept-phoenix
921107,2.221059799194336,,,,llama-8b-tootsie-adept-phoenix
921310,2.2165169715881348,,,,llama-8b-tootsie-adept-phoenix
921719,2.2256221771240234,,,,llama-8b-tootsie-adept-phoenix
922000,,2.5100669860839844,2.291808605194092,2.5225560665130615,llama-8b-tootsie-adept-phoenix
922221,2.2045137882232666,,,,llama-8b-tootsie-adept-phoenix
922251,2.216377019882202,,,,llama-8b-tootsie-adept-phoenix
922338,2.2165279388427734,,,,llama-8b-tootsie-adept-phoenix
922355,2.2208893299102783,,,,llama-8b-tootsie-adept-phoenix
922859,2.225806474685669,,,,llama-8b-tootsie-adept-phoenix
923000,,2.5103743076324463,2.2911791801452637,2.5227057933807373,llama-8b-tootsie-adept-phoenix
923520,2.2183709144592285,,,,llama-8b-tootsie-adept-phoenix
923745,2.219555616378784,,,,llama-8b-tootsie-adept-phoenix
924000,,2.5148355960845947,2.2910966873168945,2.5226378440856934,llama-8b-tootsie-adept-phoenix
924012,2.220001697540283,,,,llama-8b-tootsie-adept-phoenix
924091,2.2145137786865234,,,,llama-8b-tootsie-adept-phoenix
924190,2.2109527587890625,,,,llama-8b-tootsie-adept-phoenix
924629,2.223308801651001,,,,llama-8b-tootsie-adept-phoenix
925000,,2.535013437271118,2.322091579437256,2.5567455291748047,llama-8b-tootsie-adept-phoenix
926000,,2.5092992782592773,2.2921600341796875,2.5251517295837402,llama-8b-tootsie-adept-phoenix
926043,2.2198081016540527,,,,llama-8b-tootsie-adept-phoenix
926729,2.223595142364502,,,,llama-8b-tootsie-adept-phoenix
926779,2.2149088382720947,,,,llama-8b-tootsie-adept-phoenix
927000,,2.510406017303467,2.290194034576416,2.5213279724121094,llama-8b-tootsie-adept-phoenix
927623,2.209979772567749,,,,llama-8b-tootsie-adept-phoenix
927737,2.2069103717803955,,,,llama-8b-tootsie-adept-phoenix
927931,2.21581768989563,,,,llama-8b-tootsie-adept-phoenix
928000,,2.5156407356262207,2.2917861938476562,2.5246262550354004,llama-8b-tootsie-adept-phoenix
928309,2.2171521186828613,,,,llama-8b-tootsie-adept-phoenix
928489,2.2362210750579834,,,,llama-8b-tootsie-adept-phoenix
929000,,2.5091259479522705,2.288853168487549,2.521346092224121,llama-8b-tootsie-adept-phoenix
929143,2.2168681621551514,,,,llama-8b-tootsie-adept-phoenix
929863,2.2025158405303955,,,,llama-8b-tootsie-adept-phoenix
930000,,2.508730173110962,2.2884507179260254,2.5179100036621094,llama-8b-tootsie-adept-phoenix
930676,2.2293405532836914,,,,llama-8b-tootsie-adept-phoenix
931000,,2.5103859901428223,2.290360927581787,2.5198185443878174,llama-8b-tootsie-adept-phoenix
931012,2.2131569385528564,,,,llama-8b-tootsie-adept-phoenix
931061,2.207087278366089,,,,llama-8b-tootsie-adept-phoenix
931581,2.213212490081787,,,,llama-8b-tootsie-adept-phoenix
931635,2.228240728378296,,,,llama-8b-tootsie-adept-phoenix
931998,2.2039647102355957,,,,llama-8b-tootsie-adept-phoenix
932000,,2.509810447692871,2.2919728755950928,2.5236709117889404,llama-8b-tootsie-adept-phoenix
932090,2.2210006713867188,,,,llama-8b-tootsie-adept-phoenix
932220,2.223522186279297,,,,llama-8b-tootsie-adept-phoenix
932340,2.237666368484497,,,,llama-8b-tootsie-adept-phoenix
932653,2.211266040802002,,,,llama-8b-tootsie-adept-phoenix
932724,2.2291195392608643,,,,llama-8b-tootsie-adept-phoenix
932787,2.2279412746429443,,,,llama-8b-tootsie-adept-phoenix
933000,,2.510788679122925,2.2897298336029053,2.518674850463867,llama-8b-tootsie-adept-phoenix
933150,2.2130510807037354,,,,llama-8b-tootsie-adept-phoenix
933378,2.2296931743621826,,,,llama-8b-tootsie-adept-phoenix
933422,2.2295498847961426,,,,llama-8b-tootsie-adept-phoenix
933595,2.218632698059082,,,,llama-8b-tootsie-adept-phoenix
934000,,2.5092837810516357,2.2921578884124756,2.522434711456299,llama-8b-tootsie-adept-phoenix
934144,2.2291340827941895,,,,llama-8b-tootsie-adept-phoenix
934338,2.2163925170898438,,,,llama-8b-tootsie-adept-phoenix
934529,2.2130064964294434,,,,llama-8b-tootsie-adept-phoenix
935000,,2.5104711055755615,2.2905209064483643,2.5233778953552246,llama-8b-tootsie-adept-phoenix
935365,2.2304933071136475,,,,llama-8b-tootsie-adept-phoenix
935562,2.2210638523101807,,,,llama-8b-tootsie-adept-phoenix
935913,2.2213494777679443,,,,llama-8b-tootsie-adept-phoenix
936000,,2.5108940601348877,2.2909696102142334,2.5222771167755127,llama-8b-tootsie-adept-phoenix
936187,2.212639331817627,,,,llama-8b-tootsie-adept-phoenix
936781,2.208630084991455,,,,llama-8b-tootsie-adept-phoenix
936799,2.223822832107544,,,,llama-8b-tootsie-adept-phoenix
936989,2.2158169746398926,,,,llama-8b-tootsie-adept-phoenix
937000,,2.508355140686035,2.290311098098755,2.519723415374756,llama-8b-tootsie-adept-phoenix
937825,2.2124695777893066,,,,llama-8b-tootsie-adept-phoenix
937873,2.2189624309539795,,,,llama-8b-tootsie-adept-phoenix
937968,2.2201550006866455,,,,llama-8b-tootsie-adept-phoenix
938000,,2.5092029571533203,2.2909538745880127,2.522390365600586,llama-8b-tootsie-adept-phoenix
938339,2.234856605529785,,,,llama-8b-tootsie-adept-phoenix
938718,2.2236244678497314,,,,llama-8b-tootsie-adept-phoenix
939000,,2.510671615600586,2.2917377948760986,2.5245823860168457,llama-8b-tootsie-adept-phoenix
939786,2.2329065799713135,,,,llama-8b-tootsie-adept-phoenix
940000,,2.507828950881958,2.290558338165283,2.5208146572113037,llama-8b-tootsie-adept-phoenix
940059,2.213636636734009,,,,llama-8b-tootsie-adept-phoenix
940302,2.2363831996917725,,,,llama-8b-tootsie-adept-phoenix
940927,2.2198870182037354,,,,llama-8b-tootsie-adept-phoenix
941000,,2.5101664066314697,2.290330410003662,2.521270513534546,llama-8b-tootsie-adept-phoenix
941232,2.2110633850097656,,,,llama-8b-tootsie-adept-phoenix
941352,2.2253997325897217,,,,llama-8b-tootsie-adept-phoenix
941719,2.224104166030884,,,,llama-8b-tootsie-adept-phoenix
942000,,2.5084946155548096,2.288055658340454,2.516878843307495,llama-8b-tootsie-adept-phoenix
942369,2.222256898880005,,,,llama-8b-tootsie-adept-phoenix
942439,2.2112550735473633,,,,llama-8b-tootsie-adept-phoenix
942894,2.2119739055633545,,,,llama-8b-tootsie-adept-phoenix
942960,2.2122771739959717,,,,llama-8b-tootsie-adept-phoenix
943000,,2.508744716644287,2.290557861328125,2.519312858581543,llama-8b-tootsie-adept-phoenix
943603,2.201917886734009,,,,llama-8b-tootsie-adept-phoenix
943631,2.2189130783081055,,,,llama-8b-tootsie-adept-phoenix
943868,2.2306976318359375,,,,llama-8b-tootsie-adept-phoenix
944000,,2.5077667236328125,2.290194034576416,2.518991470336914,llama-8b-tootsie-adept-phoenix
944038,2.227508068084717,,,,llama-8b-tootsie-adept-phoenix
944095,2.221482038497925,,,,llama-8b-tootsie-adept-phoenix
944150,2.235269069671631,,,,llama-8b-tootsie-adept-phoenix
944304,2.233301877975464,,,,llama-8b-tootsie-adept-phoenix
944683,2.2115252017974854,,,,llama-8b-tootsie-adept-phoenix
944869,2.1949963569641113,,,,llama-8b-tootsie-adept-phoenix
944916,2.224848985671997,,,,llama-8b-tootsie-adept-phoenix
945000,,2.5110466480255127,2.2927510738372803,2.523707389831543,llama-8b-tootsie-adept-phoenix
945183,2.204301118850708,,,,llama-8b-tootsie-adept-phoenix
945971,2.222118616104126,,,,llama-8b-tootsie-adept-phoenix
946000,,2.5091941356658936,2.2921042442321777,2.52191162109375,llama-8b-tootsie-adept-phoenix
946201,2.227165460586548,,,,llama-8b-tootsie-adept-phoenix
946256,2.2049190998077393,,,,llama-8b-tootsie-adept-phoenix
946368,2.213606834411621,,,,llama-8b-tootsie-adept-phoenix
946402,2.229613780975342,,,,llama-8b-tootsie-adept-phoenix
946546,2.2315540313720703,,,,llama-8b-tootsie-adept-phoenix
946611,2.2216851711273193,,,,llama-8b-tootsie-adept-phoenix
946664,2.212312936782837,,,,llama-8b-tootsie-adept-phoenix
946719,2.2199745178222656,,,,llama-8b-tootsie-adept-phoenix
946945,2.2150216102600098,,,,llama-8b-tootsie-adept-phoenix
947000,,2.505735158920288,2.289557933807373,2.518752098083496,llama-8b-tootsie-adept-phoenix
947079,2.2026126384735107,,,,llama-8b-tootsie-adept-phoenix
948000,,2.5087411403656006,2.2893271446228027,2.5193796157836914,llama-8b-tootsie-adept-phoenix
948510,2.2134501934051514,,,,llama-8b-tootsie-adept-phoenix
948542,2.2090611457824707,,,,llama-8b-tootsie-adept-phoenix
949000,,2.51031494140625,2.2903242111206055,2.5208215713500977,llama-8b-tootsie-adept-phoenix
949245,2.207766056060791,,,,llama-8b-tootsie-adept-phoenix
949962,2.224125385284424,,,,llama-8b-tootsie-adept-phoenix
950000,,2.510059356689453,2.2916862964630127,2.5237789154052734,llama-8b-tootsie-adept-phoenix
950198,2.2088301181793213,,,,llama-8b-tootsie-adept-phoenix
950304,2.2114417552948,,,,llama-8b-tootsie-adept-phoenix
950994,2.208716869354248,,,,llama-8b-tootsie-adept-phoenix
951000,,2.5080106258392334,2.2908406257629395,2.5210862159729004,llama-8b-tootsie-adept-phoenix
952000,,2.508455753326416,2.288817882537842,2.517828941345215,llama-8b-tootsie-adept-phoenix
952268,2.228966236114502,,,,llama-8b-tootsie-adept-phoenix
952577,2.2072181701660156,,,,llama-8b-tootsie-adept-phoenix
952748,2.225759744644165,,,,llama-8b-tootsie-adept-phoenix
953000,,2.5100960731506348,2.29463529586792,2.525899648666382,llama-8b-tootsie-adept-phoenix
953369,2.2253596782684326,,,,llama-8b-tootsie-adept-phoenix
953797,2.215348482131958,,,,llama-8b-tootsie-adept-phoenix
954000,,2.510073184967041,2.2910096645355225,2.5213890075683594,llama-8b-tootsie-adept-phoenix
954351,2.2048957347869873,,,,llama-8b-tootsie-adept-phoenix
954696,2.236851692199707,,,,llama-8b-tootsie-adept-phoenix
955000,,2.5112667083740234,2.290897846221924,2.52254056930542,llama-8b-tootsie-adept-phoenix
955013,2.2249107360839844,,,,llama-8b-tootsie-adept-phoenix
955318,2.2202041149139404,,,,llama-8b-tootsie-adept-phoenix
955602,2.210357427597046,,,,llama-8b-tootsie-adept-phoenix
955873,2.213071584701538,,,,llama-8b-tootsie-adept-phoenix
956000,,2.5106585025787354,2.292926788330078,2.5244038105010986,llama-8b-tootsie-adept-phoenix
956169,2.2211124897003174,,,,llama-8b-tootsie-adept-phoenix
956753,2.227756977081299,,,,llama-8b-tootsie-adept-phoenix
956909,2.2237489223480225,,,,llama-8b-tootsie-adept-phoenix
957000,,2.5097439289093018,2.290095090866089,2.5208590030670166,llama-8b-tootsie-adept-phoenix
957627,2.219935894012451,,,,llama-8b-tootsie-adept-phoenix
957821,2.219390869140625,,,,llama-8b-tootsie-adept-phoenix
958000,,2.5082571506500244,2.289275646209717,2.5174026489257812,llama-8b-tootsie-adept-phoenix
958561,2.2003092765808105,,,,llama-8b-tootsie-adept-phoenix
959000,,2.510911703109741,2.2906441688537598,2.523530960083008,llama-8b-tootsie-adept-phoenix
960000,,2.507263422012329,2.289421319961548,2.516634702682495,llama-8b-tootsie-adept-phoenix
961000,,2.509033203125,2.292017698287964,2.5208568572998047,llama-8b-tootsie-adept-phoenix
961222,2.229661226272583,,,,llama-8b-tootsie-adept-phoenix
961325,2.217597246170044,,,,llama-8b-tootsie-adept-phoenix
961898,2.225454807281494,,,,llama-8b-tootsie-adept-phoenix
962000,,2.5091798305511475,2.290656328201294,2.52156400680542,llama-8b-tootsie-adept-phoenix
962583,2.214996099472046,,,,llama-8b-tootsie-adept-phoenix
962686,2.2069170475006104,,,,llama-8b-tootsie-adept-phoenix
962753,2.2090394496917725,,,,llama-8b-tootsie-adept-phoenix
963000,,2.509371519088745,2.2899863719940186,2.5206339359283447,llama-8b-tootsie-adept-phoenix
963293,2.201613426208496,,,,llama-8b-tootsie-adept-phoenix
963339,2.2345385551452637,,,,llama-8b-tootsie-adept-phoenix
963684,2.218193292617798,,,,llama-8b-tootsie-adept-phoenix
964000,,2.508239507675171,2.2899208068847656,2.5178165435791016,llama-8b-tootsie-adept-phoenix
964216,2.2188687324523926,,,,llama-8b-tootsie-adept-phoenix
964238,2.21362042427063,,,,llama-8b-tootsie-adept-phoenix
964258,2.2229907512664795,,,,llama-8b-tootsie-adept-phoenix
964414,2.2055718898773193,,,,llama-8b-tootsie-adept-phoenix
964491,2.228454113006592,,,,llama-8b-tootsie-adept-phoenix
964664,2.210763931274414,,,,llama-8b-tootsie-adept-phoenix
964727,2.2195041179656982,,,,llama-8b-tootsie-adept-phoenix
965000,,2.508157968521118,2.2898569107055664,2.5206985473632812,llama-8b-tootsie-adept-phoenix
965745,2.2230372428894043,,,,llama-8b-tootsie-adept-phoenix
965804,2.2053041458129883,,,,llama-8b-tootsie-adept-phoenix
965862,2.208268880844116,,,,llama-8b-tootsie-adept-phoenix
965917,2.2280383110046387,,,,llama-8b-tootsie-adept-phoenix
965953,2.2231829166412354,,,,llama-8b-tootsie-adept-phoenix
966000,,2.5067310333251953,2.2888195514678955,2.5183091163635254,llama-8b-tootsie-adept-phoenix
966055,2.207538366317749,,,,llama-8b-tootsie-adept-phoenix
966864,2.2144646644592285,,,,llama-8b-tootsie-adept-phoenix
967000,,2.506896495819092,2.289468288421631,2.519925594329834,llama-8b-tootsie-adept-phoenix
967045,2.2342920303344727,,,,llama-8b-tootsie-adept-phoenix
967140,2.2051947116851807,,,,llama-8b-tootsie-adept-phoenix
967235,2.21931529045105,,,,llama-8b-tootsie-adept-phoenix
967335,2.230841636657715,,,,llama-8b-tootsie-adept-phoenix
967779,2.215022563934326,,,,llama-8b-tootsie-adept-phoenix
967908,2.2297635078430176,,,,llama-8b-tootsie-adept-phoenix
968000,,2.5070197582244873,2.289996862411499,2.5220236778259277,llama-8b-tootsie-adept-phoenix
968815,2.2205097675323486,,,,llama-8b-tootsie-adept-phoenix
968977,2.2066080570220947,,,,llama-8b-tootsie-adept-phoenix
969000,,2.5075831413269043,2.288680076599121,2.518585205078125,llama-8b-tootsie-adept-phoenix
969252,2.2173984050750732,,,,llama-8b-tootsie-adept-phoenix
969493,2.2016546726226807,,,,llama-8b-tootsie-adept-phoenix
969554,2.213794231414795,,,,llama-8b-tootsie-adept-phoenix
969584,2.2071101665496826,,,,llama-8b-tootsie-adept-phoenix
969676,2.211576223373413,,,,llama-8b-tootsie-adept-phoenix
969865,2.2138924598693848,,,,llama-8b-tootsie-adept-phoenix
970000,,2.5091991424560547,2.2904224395751953,2.5196712017059326,llama-8b-tootsie-adept-phoenix
970109,2.2227587699890137,,,,llama-8b-tootsie-adept-phoenix
970534,2.2271623611450195,,,,llama-8b-tootsie-adept-phoenix
971000,,2.510359764099121,2.289191722869873,2.519411325454712,llama-8b-tootsie-adept-phoenix
971471,2.2122256755828857,,,,llama-8b-tootsie-adept-phoenix
971907,2.228398323059082,,,,llama-8b-tootsie-adept-phoenix
972000,,2.5099732875823975,2.2921364307403564,2.525460720062256,llama-8b-tootsie-adept-phoenix
972298,2.213616132736206,,,,llama-8b-tootsie-adept-phoenix
972512,2.2152843475341797,,,,llama-8b-tootsie-adept-phoenix
972686,2.2158851623535156,,,,llama-8b-tootsie-adept-phoenix
972727,2.209170341491699,,,,llama-8b-tootsie-adept-phoenix
973000,,2.511484146118164,2.2910850048065186,2.520209312438965,llama-8b-tootsie-adept-phoenix
973167,2.224194049835205,,,,llama-8b-tootsie-adept-phoenix
973244,2.2154810428619385,,,,llama-8b-tootsie-adept-phoenix
973444,2.2155404090881348,,,,llama-8b-tootsie-adept-phoenix
973510,2.2106449604034424,,,,llama-8b-tootsie-adept-phoenix
974000,,2.508413076400757,2.2898101806640625,2.517670154571533,llama-8b-tootsie-adept-phoenix
975000,,2.508044719696045,2.2907562255859375,2.521066665649414,llama-8b-tootsie-adept-phoenix
975839,2.220548629760742,,,,llama-8b-tootsie-adept-phoenix
976000,,2.510016679763794,2.291588306427002,2.523693561553955,llama-8b-tootsie-adept-phoenix
976148,2.206850290298462,,,,llama-8b-tootsie-adept-phoenix
976752,2.2151644229888916,,,,llama-8b-tootsie-adept-phoenix
977000,,2.5089871883392334,2.29097056388855,2.5233144760131836,llama-8b-tootsie-adept-phoenix
977077,2.216653347015381,,,,llama-8b-tootsie-adept-phoenix
977136,2.2213761806488037,,,,llama-8b-tootsie-adept-phoenix
977321,2.2119879722595215,,,,llama-8b-tootsie-adept-phoenix
978000,,2.5084147453308105,2.289736270904541,2.5180792808532715,llama-8b-tootsie-adept-phoenix
978106,2.207942247390747,,,,llama-8b-tootsie-adept-phoenix
978171,2.2216148376464844,,,,llama-8b-tootsie-adept-phoenix
978338,2.2072222232818604,,,,llama-8b-tootsie-adept-phoenix
979000,,2.5109739303588867,2.289794445037842,2.519857406616211,llama-8b-tootsie-adept-phoenix
979197,2.2180676460266113,,,,llama-8b-tootsie-adept-phoenix
979466,2.212022542953491,,,,llama-8b-tootsie-adept-phoenix
979834,2.206113576889038,,,,llama-8b-tootsie-adept-phoenix
980000,,2.5088822841644287,2.288652181625366,2.517803907394409,llama-8b-tootsie-adept-phoenix
980022,2.2331228256225586,,,,llama-8b-tootsie-adept-phoenix
980114,2.214890718460083,,,,llama-8b-tootsie-adept-phoenix
980709,2.2179934978485107,,,,llama-8b-tootsie-adept-phoenix
980827,2.2312417030334473,,,,llama-8b-tootsie-adept-phoenix
980885,2.212482213973999,,,,llama-8b-tootsie-adept-phoenix
980979,2.224846124649048,,,,llama-8b-tootsie-adept-phoenix
980981,2.2223429679870605,,,,llama-8b-tootsie-adept-phoenix
981000,,2.5085608959198,2.290544271469116,2.5217270851135254,llama-8b-tootsie-adept-phoenix
981699,2.2327871322631836,,,,llama-8b-tootsie-adept-phoenix
981823,2.226891040802002,,,,llama-8b-tootsie-adept-phoenix
982000,,2.5099987983703613,2.2892465591430664,2.5182852745056152,llama-8b-tootsie-adept-phoenix
982345,2.2148754596710205,,,,llama-8b-tootsie-adept-phoenix
982712,2.22931170463562,,,,llama-8b-tootsie-adept-phoenix
982765,2.2130110263824463,,,,llama-8b-tootsie-adept-phoenix
982895,2.2166225910186768,,,,llama-8b-tootsie-adept-phoenix
983000,,2.5088107585906982,2.2888576984405518,2.520930528640747,llama-8b-tootsie-adept-phoenix
983043,2.2094242572784424,,,,llama-8b-tootsie-adept-phoenix
983093,2.207834005355835,,,,llama-8b-tootsie-adept-phoenix
983097,2.211958885192871,,,,llama-8b-tootsie-adept-phoenix
983473,2.2216601371765137,,,,llama-8b-tootsie-adept-phoenix
983609,2.209188461303711,,,,llama-8b-tootsie-adept-phoenix
983670,2.205037832260132,,,,llama-8b-tootsie-adept-phoenix
984000,,2.5058324337005615,2.288883924484253,2.519749641418457,llama-8b-tootsie-adept-phoenix
984435,2.2264652252197266,,,,llama-8b-tootsie-adept-phoenix
985000,,2.5060853958129883,2.2874388694763184,2.5179247856140137,llama-8b-tootsie-adept-phoenix
985247,2.2134666442871094,,,,llama-8b-tootsie-adept-phoenix
986000,,2.505985975265503,2.2878804206848145,2.5178756713867188,llama-8b-tootsie-adept-phoenix
986402,2.211337089538574,,,,llama-8b-tootsie-adept-phoenix
986642,2.2167513370513916,,,,llama-8b-tootsie-adept-phoenix
986866,2.2171640396118164,,,,llama-8b-tootsie-adept-phoenix
987000,,2.509023904800415,2.290192127227783,2.5206198692321777,llama-8b-tootsie-adept-phoenix
987154,2.2209208011627197,,,,llama-8b-tootsie-adept-phoenix
987217,2.2187938690185547,,,,llama-8b-tootsie-adept-phoenix
987326,2.2245731353759766,,,,llama-8b-tootsie-adept-phoenix
988000,,2.5076353549957275,2.2886064052581787,2.5167396068573,llama-8b-tootsie-adept-phoenix
988606,2.214841365814209,,,,llama-8b-tootsie-adept-phoenix
989000,,2.508429527282715,2.29003643989563,2.520944356918335,llama-8b-tootsie-adept-phoenix
989189,2.221052885055542,,,,llama-8b-tootsie-adept-phoenix
989306,2.1966798305511475,,,,llama-8b-tootsie-adept-phoenix
989478,2.2025580406188965,,,,llama-8b-tootsie-adept-phoenix
989641,2.2022502422332764,,,,llama-8b-tootsie-adept-phoenix
990000,,2.508991241455078,2.289900064468384,2.5222630500793457,llama-8b-tootsie-adept-phoenix
990281,2.2146828174591064,,,,llama-8b-tootsie-adept-phoenix
990999,2.227635383605957,,,,llama-8b-tootsie-adept-phoenix
991000,,2.511431932449341,2.290820598602295,2.5227386951446533,llama-8b-tootsie-adept-phoenix
991005,2.2148258686065674,,,,llama-8b-tootsie-adept-phoenix
991091,2.217378616333008,,,,llama-8b-tootsie-adept-phoenix
991463,2.214616298675537,,,,llama-8b-tootsie-adept-phoenix
991838,2.2189717292785645,,,,llama-8b-tootsie-adept-phoenix
991843,2.2322158813476562,,,,llama-8b-tootsie-adept-phoenix
991992,2.2204930782318115,,,,llama-8b-tootsie-adept-phoenix
992000,,2.5080692768096924,2.2892868518829346,2.5184807777404785,llama-8b-tootsie-adept-phoenix
992621,2.220691442489624,,,,llama-8b-tootsie-adept-phoenix
992747,2.2099666595458984,,,,llama-8b-tootsie-adept-phoenix
992750,2.2079343795776367,,,,llama-8b-tootsie-adept-phoenix
992873,2.209829568862915,,,,llama-8b-tootsie-adept-phoenix
993000,,2.509990930557251,2.292587995529175,2.5241637229919434,llama-8b-tootsie-adept-phoenix
993451,2.2330026626586914,,,,llama-8b-tootsie-adept-phoenix
994000,,2.5073304176330566,2.2904953956604004,2.521768569946289,llama-8b-tootsie-adept-phoenix
994388,2.206979751586914,,,,llama-8b-tootsie-adept-phoenix
994866,2.2287912368774414,,,,llama-8b-tootsie-adept-phoenix
995000,,2.507809638977051,2.2898166179656982,2.519692897796631,llama-8b-tootsie-adept-phoenix
995102,2.21813702583313,,,,llama-8b-tootsie-adept-phoenix
995178,2.206458806991577,,,,llama-8b-tootsie-adept-phoenix
995700,2.2245700359344482,,,,llama-8b-tootsie-adept-phoenix
996000,,2.5089402198791504,2.288311243057251,2.5191335678100586,llama-8b-tootsie-adept-phoenix
996372,2.2075295448303223,,,,llama-8b-tootsie-adept-phoenix
997000,,2.510342597961426,2.2911767959594727,2.522073984146118,llama-8b-tootsie-adept-phoenix
997719,2.2223196029663086,,,,llama-8b-tootsie-adept-phoenix
998000,,2.5072219371795654,2.2896289825439453,2.5196428298950195,llama-8b-tootsie-adept-phoenix
998813,2.226749897003174,,,,llama-8b-tootsie-adept-phoenix
998876,2.2200815677642822,,,,llama-8b-tootsie-adept-phoenix
999000,,2.5063538551330566,2.2884461879730225,2.5203731060028076,llama-8b-tootsie-adept-phoenix
1000480.0,2.197899103164673,,,,llama-8b-tootsie-adept-phoenix
1001000.0,,2.508035898208618,2.294952154159546,2.5213892459869385,llama-8b-tootsie-adept-phoenix
1001093.0,2.2244679927825928,,,,llama-8b-tootsie-adept-phoenix
1001666.0,2.2359042167663574,,,,llama-8b-tootsie-adept-phoenix
1001675.0,2.2338478565216064,,,,llama-8b-tootsie-adept-phoenix
1001884.0,2.2081897258758545,,,,llama-8b-tootsie-adept-phoenix
1002000.0,,2.5086450576782227,2.290278911590576,2.520503044128418,llama-8b-tootsie-adept-phoenix
1002232.0,2.2084243297576904,,,,llama-8b-tootsie-adept-phoenix
1002424.0,2.2143564224243164,,,,llama-8b-tootsie-adept-phoenix
1002883.0,2.206019401550293,,,,llama-8b-tootsie-adept-phoenix
1002931.0,2.194812059402466,,,,llama-8b-tootsie-adept-phoenix
1003000.0,,2.50984787940979,2.2906463146209717,2.520303726196289,llama-8b-tootsie-adept-phoenix
1003203.0,2.204728603363037,,,,llama-8b-tootsie-adept-phoenix
1003929.0,2.1931989192962646,,,,llama-8b-tootsie-adept-phoenix
1004000.0,,2.5084681510925293,2.289996385574341,2.521280288696289,llama-8b-tootsie-adept-phoenix
1004477.0,2.212629795074463,,,,llama-8b-tootsie-adept-phoenix
1005000.0,,2.5069384574890137,2.2887001037597656,2.5177884101867676,llama-8b-tootsie-adept-phoenix
1005159.0,2.2219645977020264,,,,llama-8b-tootsie-adept-phoenix
1005581.0,2.213479995727539,,,,llama-8b-tootsie-adept-phoenix
1006000.0,,2.506319284439087,2.2936434745788574,2.523253917694092,llama-8b-tootsie-adept-phoenix
1006933.0,2.201214551925659,,,,llama-8b-tootsie-adept-phoenix
1007000.0,,2.5067057609558105,2.2889082431793213,2.5201525688171387,llama-8b-tootsie-adept-phoenix
1007741.0,2.210972785949707,,,,llama-8b-tootsie-adept-phoenix
1007881.0,2.2165212631225586,,,,llama-8b-tootsie-adept-phoenix
1007983.0,2.219219923019409,,,,llama-8b-tootsie-adept-phoenix
1008000.0,,2.5070838928222656,2.2890512943267822,2.5170249938964844,llama-8b-tootsie-adept-phoenix
1008579.0,2.2086591720581055,,,,llama-8b-tootsie-adept-phoenix
1008583.0,2.2109761238098145,,,,llama-8b-tootsie-adept-phoenix
1008809.0,2.203108549118042,,,,llama-8b-tootsie-adept-phoenix
1008886.0,2.232431173324585,,,,llama-8b-tootsie-adept-phoenix
1009000.0,,2.506603240966797,2.288947582244873,2.5191423892974854,llama-8b-tootsie-adept-phoenix
1010000.0,,2.505715847015381,2.287975549697876,2.518526554107666,llama-8b-tootsie-adept-phoenix
1010753.0,2.2223308086395264,,,,llama-8b-tootsie-adept-phoenix
1010981.0,2.215240240097046,,,,llama-8b-tootsie-adept-phoenix
1011000.0,,2.508087158203125,2.289088249206543,2.5205087661743164,llama-8b-tootsie-adept-phoenix
1011112.0,2.2192962169647217,,,,llama-8b-tootsie-adept-phoenix
1011319.0,2.2123172283172607,,,,llama-8b-tootsie-adept-phoenix
1012000.0,,2.5084052085876465,2.2892906665802,2.5198044776916504,llama-8b-tootsie-adept-phoenix
1012279.0,2.225255250930786,,,,llama-8b-tootsie-adept-phoenix
1012312.0,2.22892689704895,,,,llama-8b-tootsie-adept-phoenix
1012591.0,2.222214937210083,,,,llama-8b-tootsie-adept-phoenix
1012695.0,2.2336337566375732,,,,llama-8b-tootsie-adept-phoenix
1013000.0,,2.506110191345215,2.2900617122650146,2.5211167335510254,llama-8b-tootsie-adept-phoenix
1013376.0,2.2179222106933594,,,,llama-8b-tootsie-adept-phoenix
1013610.0,2.2103707790374756,,,,llama-8b-tootsie-adept-phoenix
1014000.0,,2.507678747177124,2.2879841327667236,2.5197792053222656,llama-8b-tootsie-adept-phoenix
1014481.0,2.2186214923858643,,,,llama-8b-tootsie-adept-phoenix
1014921.0,2.208751678466797,,,,llama-8b-tootsie-adept-phoenix
1015000.0,,2.5077245235443115,2.287224292755127,2.5169291496276855,llama-8b-tootsie-adept-phoenix
1015031.0,2.2199554443359375,,,,llama-8b-tootsie-adept-phoenix
1015710.0,2.2271065711975098,,,,llama-8b-tootsie-adept-phoenix
1015771.0,2.2129008769989014,,,,llama-8b-tootsie-adept-phoenix
1015946.0,2.219743251800537,,,,llama-8b-tootsie-adept-phoenix
1016000.0,,2.507650852203369,2.2892043590545654,2.5171620845794678,llama-8b-tootsie-adept-phoenix
1016070.0,2.218679189682007,,,,llama-8b-tootsie-adept-phoenix
1016519.0,2.220719575881958,,,,llama-8b-tootsie-adept-phoenix
1016970.0,2.207393169403076,,,,llama-8b-tootsie-adept-phoenix
1017000.0,,2.507115364074707,2.2890686988830566,2.519763231277466,llama-8b-tootsie-adept-phoenix
1017153.0,2.205394744873047,,,,llama-8b-tootsie-adept-phoenix
1017194.0,2.221918821334839,,,,llama-8b-tootsie-adept-phoenix
1017238.0,2.193148612976074,,,,llama-8b-tootsie-adept-phoenix
1017242.0,2.2156143188476562,,,,llama-8b-tootsie-adept-phoenix
1017315.0,2.2269387245178223,,,,llama-8b-tootsie-adept-phoenix
1017578.0,2.208118200302124,,,,llama-8b-tootsie-adept-phoenix
1018000.0,,2.5077052116394043,2.291673421859741,2.525527238845825,llama-8b-tootsie-adept-phoenix
1018135.0,2.221710443496704,,,,llama-8b-tootsie-adept-phoenix
1018305.0,2.2182185649871826,,,,llama-8b-tootsie-adept-phoenix
1018349.0,2.2263283729553223,,,,llama-8b-tootsie-adept-phoenix
1018475.0,2.2105929851531982,,,,llama-8b-tootsie-adept-phoenix
1018488.0,2.2274460792541504,,,,llama-8b-tootsie-adept-phoenix
1018649.0,2.2213621139526367,,,,llama-8b-tootsie-adept-phoenix
1019000.0,,2.509040594100952,2.2890539169311523,2.518230438232422,llama-8b-tootsie-adept-phoenix
1019009.0,2.2131197452545166,,,,llama-8b-tootsie-adept-phoenix
1019118.0,2.2213284969329834,,,,llama-8b-tootsie-adept-phoenix
1019612.0,2.2201035022735596,,,,llama-8b-tootsie-adept-phoenix
1019852.0,2.2081217765808105,,,,llama-8b-tootsie-adept-phoenix
1020000.0,,2.509772539138794,2.290107250213623,2.5186715126037598,llama-8b-tootsie-adept-phoenix
1020853.0,2.2144625186920166,,,,llama-8b-tootsie-adept-phoenix
1020884.0,2.21390438079834,,,,llama-8b-tootsie-adept-phoenix
1021000.0,,2.510018825531006,2.291947603225708,2.5214643478393555,llama-8b-tootsie-adept-phoenix
1021283.0,2.213257074356079,,,,llama-8b-tootsie-adept-phoenix
1021559.0,2.2076570987701416,,,,llama-8b-tootsie-adept-phoenix
1022000.0,,2.5090172290802,2.2904393672943115,2.5214381217956543,llama-8b-tootsie-adept-phoenix
1022099.0,2.2094764709472656,,,,llama-8b-tootsie-adept-phoenix
1023000.0,,2.5060160160064697,2.2875518798828125,2.5178635120391846,llama-8b-tootsie-adept-phoenix
1023009.0,2.2242841720581055,,,,llama-8b-tootsie-adept-phoenix
1023221.0,2.2039990425109863,,,,llama-8b-tootsie-adept-phoenix
1023456.0,2.2032999992370605,,,,llama-8b-tootsie-adept-phoenix
1023725.0,2.20469331741333,,,,llama-8b-tootsie-adept-phoenix
1023814.0,2.2280590534210205,,,,llama-8b-tootsie-adept-phoenix
1024000.0,,2.507056951522827,2.2897634506225586,2.5203137397766113,llama-8b-tootsie-adept-phoenix
1024371.0,2.2115447521209717,,,,llama-8b-tootsie-adept-phoenix
1024808.0,2.204801559448242,,,,llama-8b-tootsie-adept-phoenix
1024934.0,2.202458143234253,,,,llama-8b-tootsie-adept-phoenix
1024951.0,2.2203567028045654,,,,llama-8b-tootsie-adept-phoenix
1025000.0,,2.506965398788452,2.2885451316833496,2.5199968814849854,llama-8b-tootsie-adept-phoenix
1025374.0,2.2068870067596436,,,,llama-8b-tootsie-adept-phoenix
1026000.0,,2.5087544918060303,2.28871750831604,2.5182714462280273,llama-8b-tootsie-adept-phoenix
1026409.0,2.2185580730438232,,,,llama-8b-tootsie-adept-phoenix
1027000.0,,2.5070230960845947,2.2877652645111084,2.520862579345703,llama-8b-tootsie-adept-phoenix
1027507.0,2.211831569671631,,,,llama-8b-tootsie-adept-phoenix
1027516.0,2.2226855754852295,,,,llama-8b-tootsie-adept-phoenix
1028000.0,,2.506601095199585,2.2881529331207275,2.5184028148651123,llama-8b-tootsie-adept-phoenix
1028159.0,2.219027280807495,,,,llama-8b-tootsie-adept-phoenix
1028988.0,2.2115094661712646,,,,llama-8b-tootsie-adept-phoenix
1029000.0,,2.5063366889953613,2.288064956665039,2.5211281776428223,llama-8b-tootsie-adept-phoenix
1029098.0,2.220411539077759,,,,llama-8b-tootsie-adept-phoenix
1029423.0,2.2291297912597656,,,,llama-8b-tootsie-adept-phoenix
1029671.0,2.2133235931396484,,,,llama-8b-tootsie-adept-phoenix
1029757.0,2.217496633529663,,,,llama-8b-tootsie-adept-phoenix
1030000.0,,2.5056116580963135,2.287163734436035,2.516841411590576,llama-8b-tootsie-adept-phoenix
1030186.0,2.221379041671753,,,,llama-8b-tootsie-adept-phoenix
1030447.0,2.209650993347168,,,,llama-8b-tootsie-adept-phoenix
1030545.0,2.2159459590911865,,,,llama-8b-tootsie-adept-phoenix
1031000.0,,2.5085413455963135,2.29138445854187,2.5182690620422363,llama-8b-tootsie-adept-phoenix
1031229.0,2.228349208831787,,,,llama-8b-tootsie-adept-phoenix
1031404.0,2.2203118801116943,,,,llama-8b-tootsie-adept-phoenix
1031501.0,2.218226671218872,,,,llama-8b-tootsie-adept-phoenix
1031648.0,2.2146167755126953,,,,llama-8b-tootsie-adept-phoenix
1032000.0,,2.507314682006836,2.288444757461548,2.5207619667053223,llama-8b-tootsie-adept-phoenix
1032031.0,2.217514753341675,,,,llama-8b-tootsie-adept-phoenix
1032460.0,2.2180840969085693,,,,llama-8b-tootsie-adept-phoenix
1032728.0,2.2233736515045166,,,,llama-8b-tootsie-adept-phoenix
1032890.0,2.1999664306640625,,,,llama-8b-tootsie-adept-phoenix
1033000.0,,2.5062007904052734,2.287224769592285,2.517237663269043,llama-8b-tootsie-adept-phoenix
1033587.0,2.206397533416748,,,,llama-8b-tootsie-adept-phoenix
1034000.0,,2.50866436958313,2.2909791469573975,2.5220296382904053,llama-8b-tootsie-adept-phoenix
1034159.0,2.2032783031463623,,,,llama-8b-tootsie-adept-phoenix
1034455.0,2.2156929969787598,,,,llama-8b-tootsie-adept-phoenix
1034573.0,2.2144901752471924,,,,llama-8b-tootsie-adept-phoenix
1034593.0,2.2144932746887207,,,,llama-8b-tootsie-adept-phoenix
1034881.0,2.2141470909118652,,,,llama-8b-tootsie-adept-phoenix
1035000.0,,2.5056684017181396,2.288688898086548,2.519479274749756,llama-8b-tootsie-adept-phoenix
1035146.0,2.208690643310547,,,,llama-8b-tootsie-adept-phoenix
1035404.0,2.208902597427368,,,,llama-8b-tootsie-adept-phoenix
1035893.0,2.2067160606384277,,,,llama-8b-tootsie-adept-phoenix
1035954.0,2.2203783988952637,,,,llama-8b-tootsie-adept-phoenix
1036000.0,,2.507687568664551,2.288943290710449,2.5195565223693848,llama-8b-tootsie-adept-phoenix
1036439.0,2.200324058532715,,,,llama-8b-tootsie-adept-phoenix
1036478.0,2.206836700439453,,,,llama-8b-tootsie-adept-phoenix
1036745.0,2.2214863300323486,,,,llama-8b-tootsie-adept-phoenix
1037000.0,,2.5051863193511963,2.2883424758911133,2.5172572135925293,llama-8b-tootsie-adept-phoenix
1037454.0,2.2289109230041504,,,,llama-8b-tootsie-adept-phoenix
1037582.0,2.2170627117156982,,,,llama-8b-tootsie-adept-phoenix
1037637.0,2.2118818759918213,,,,llama-8b-tootsie-adept-phoenix
1038000.0,,2.505420207977295,2.287942886352539,2.5178401470184326,llama-8b-tootsie-adept-phoenix
1038081.0,2.2264270782470703,,,,llama-8b-tootsie-adept-phoenix
1039000.0,,2.5075912475585938,2.2902157306671143,2.5176568031311035,llama-8b-tootsie-adept-phoenix
1039236.0,2.232767343521118,,,,llama-8b-tootsie-adept-phoenix
1039515.0,2.207463502883911,,,,llama-8b-tootsie-adept-phoenix
1039928.0,2.209683656692505,,,,llama-8b-tootsie-adept-phoenix
1039967.0,2.2037603855133057,,,,llama-8b-tootsie-adept-phoenix
1040000.0,,2.5064857006073,2.2887935638427734,2.517404556274414,llama-8b-tootsie-adept-phoenix
1040283.0,2.2214889526367188,,,,llama-8b-tootsie-adept-phoenix
1040344.0,2.2059202194213867,,,,llama-8b-tootsie-adept-phoenix
1040347.0,2.1965138912200928,,,,llama-8b-tootsie-adept-phoenix
1040399.0,2.2101144790649414,,,,llama-8b-tootsie-adept-phoenix
1041000.0,,2.5092620849609375,2.2910103797912598,2.5205752849578857,llama-8b-tootsie-adept-phoenix
1041959.0,2.2249960899353027,,,,llama-8b-tootsie-adept-phoenix
1042000.0,,2.5077149868011475,2.2878148555755615,2.517514705657959,llama-8b-tootsie-adept-phoenix
1042297.0,2.2261271476745605,,,,llama-8b-tootsie-adept-phoenix
1042602.0,2.2149088382720947,,,,llama-8b-tootsie-adept-phoenix
1043000.0,,2.5063211917877197,2.2899975776672363,2.5183730125427246,llama-8b-tootsie-adept-phoenix
1043269.0,2.218554973602295,,,,llama-8b-tootsie-adept-phoenix
1043759.0,2.203130006790161,,,,llama-8b-tootsie-adept-phoenix
1043874.0,2.227694511413574,,,,llama-8b-tootsie-adept-phoenix
1044000.0,,2.506711006164551,2.289269208908081,2.5200047492980957,llama-8b-tootsie-adept-phoenix
1044872.0,2.2209441661834717,,,,llama-8b-tootsie-adept-phoenix
1045000.0,,2.507187843322754,2.289608955383301,2.520850658416748,llama-8b-tootsie-adept-phoenix
1045118.0,2.214280366897583,,,,llama-8b-tootsie-adept-phoenix
1045415.0,2.235801935195923,,,,llama-8b-tootsie-adept-phoenix
1045802.0,2.2098710536956787,,,,llama-8b-tootsie-adept-phoenix
1046000.0,,2.5081558227539062,2.2884809970855713,2.5165481567382812,llama-8b-tootsie-adept-phoenix
1046117.0,2.214197874069214,,,,llama-8b-tootsie-adept-phoenix
1046273.0,2.2264270782470703,,,,llama-8b-tootsie-adept-phoenix
1046373.0,2.2162322998046875,,,,llama-8b-tootsie-adept-phoenix
1046767.0,2.2139546871185303,,,,llama-8b-tootsie-adept-phoenix
1046887.0,2.2157344818115234,,,,llama-8b-tootsie-adept-phoenix
1046913.0,2.2094852924346924,,,,llama-8b-tootsie-adept-phoenix
1047000.0,,2.50777006149292,2.288597822189331,2.5173001289367676,llama-8b-tootsie-adept-phoenix
1047701.0,2.228590726852417,,,,llama-8b-tootsie-adept-phoenix
1047865.0,2.2203783988952637,,,,llama-8b-tootsie-adept-phoenix
1047928.0,2.21317195892334,,,,llama-8b-tootsie-adept-phoenix
1048000.0,,2.506498098373413,2.2895355224609375,2.5183005332946777,llama-8b-tootsie-adept-phoenix
1048570.0,2.226437568664551,,,,llama-8b-tootsie-adept-phoenix
1048605.0,2.2099008560180664,,,,llama-8b-tootsie-adept-phoenix
1048888.0,2.22279953956604,,,,llama-8b-tootsie-adept-phoenix
1049000.0,,2.507040500640869,2.2888259887695312,2.518341064453125,llama-8b-tootsie-adept-phoenix
1049012.0,2.197061061859131,,,,llama-8b-tootsie-adept-phoenix
1049844.0,2.2154593467712402,,,,llama-8b-tootsie-adept-phoenix
1050000.0,,2.507643699645996,2.2889716625213623,2.520038604736328,llama-8b-tootsie-adept-phoenix
1050559.0,2.2102572917938232,,,,llama-8b-tootsie-adept-phoenix
1050646.0,2.215301990509033,,,,llama-8b-tootsie-adept-phoenix
1050771.0,2.2171449661254883,,,,llama-8b-tootsie-adept-phoenix
1050831.0,2.2100143432617188,,,,llama-8b-tootsie-adept-phoenix
1051000.0,,2.5066661834716797,2.289220094680786,2.522423267364502,llama-8b-tootsie-adept-phoenix
1051050.0,2.208988904953003,,,,llama-8b-tootsie-adept-phoenix
1051298.0,2.219874858856201,,,,llama-8b-tootsie-adept-phoenix
1051531.0,2.226923942565918,,,,llama-8b-tootsie-adept-phoenix
1051859.0,2.2162630558013916,,,,llama-8b-tootsie-adept-phoenix
1052000.0,,2.508089065551758,2.2908825874328613,2.5225629806518555,llama-8b-tootsie-adept-phoenix
1052100.0,2.2059102058410645,,,,llama-8b-tootsie-adept-phoenix
1052635.0,2.2238359451293945,,,,llama-8b-tootsie-adept-phoenix
1053000.0,,2.5068578720092773,2.288106679916382,2.5210256576538086,llama-8b-tootsie-adept-phoenix
1053115.0,2.21330189704895,,,,llama-8b-tootsie-adept-phoenix
1053647.0,2.2111470699310303,,,,llama-8b-tootsie-adept-phoenix
1054000.0,,2.5046353340148926,2.2867674827575684,2.5177431106567383,llama-8b-tootsie-adept-phoenix
1054124.0,2.2208428382873535,,,,llama-8b-tootsie-adept-phoenix
1054160.0,2.209568977355957,,,,llama-8b-tootsie-adept-phoenix
1054265.0,2.2076878547668457,,,,llama-8b-tootsie-adept-phoenix
1054444.0,2.223824977874756,,,,llama-8b-tootsie-adept-phoenix
1054496.0,2.2327027320861816,,,,llama-8b-tootsie-adept-phoenix
1054995.0,2.2121071815490723,,,,llama-8b-tootsie-adept-phoenix
1055000.0,,2.5056259632110596,2.287567138671875,2.5176632404327393,llama-8b-tootsie-adept-phoenix
1056000.0,,2.505739212036133,2.289094924926758,2.520634174346924,llama-8b-tootsie-adept-phoenix
1056260.0,2.2185235023498535,,,,llama-8b-tootsie-adept-phoenix
1057000.0,,2.504102945327759,2.2861862182617188,2.51511812210083,llama-8b-tootsie-adept-phoenix
1057820.0,2.1960647106170654,,,,llama-8b-tootsie-adept-phoenix
1057976.0,2.223435401916504,,,,llama-8b-tootsie-adept-phoenix
1058000.0,,2.5059828758239746,2.289264440536499,2.5190269947052,llama-8b-tootsie-adept-phoenix
1058578.0,2.211346387863159,,,,llama-8b-tootsie-adept-phoenix
1058600.0,2.210085153579712,,,,llama-8b-tootsie-adept-phoenix
1059000.0,,2.506822347640991,2.2894718647003174,2.519352436065674,llama-8b-tootsie-adept-phoenix
1059166.0,2.2051913738250732,,,,llama-8b-tootsie-adept-phoenix
1059407.0,2.201341390609741,,,,llama-8b-tootsie-adept-phoenix
1059694.0,2.216876268386841,,,,llama-8b-tootsie-adept-phoenix
1060000.0,,2.504035711288452,2.2865803241729736,2.5144753456115723,llama-8b-tootsie-adept-phoenix
1060051.0,2.208608627319336,,,,llama-8b-tootsie-adept-phoenix
1060132.0,2.2174081802368164,,,,llama-8b-tootsie-adept-phoenix
1060184.0,2.2152462005615234,,,,llama-8b-tootsie-adept-phoenix
1060673.0,2.19876766204834,,,,llama-8b-tootsie-adept-phoenix
1061000.0,,2.503605604171753,2.2875733375549316,2.5175931453704834,llama-8b-tootsie-adept-phoenix
1061029.0,2.2026357650756836,,,,llama-8b-tootsie-adept-phoenix
1061376.0,2.204814910888672,,,,llama-8b-tootsie-adept-phoenix
1062000.0,,2.5057246685028076,2.2873880863189697,2.5169174671173096,llama-8b-tootsie-adept-phoenix
1062005.0,2.2148990631103516,,,,llama-8b-tootsie-adept-phoenix
1062871.0,2.2195141315460205,,,,llama-8b-tootsie-adept-phoenix
1063000.0,,2.5040218830108643,2.28841495513916,2.5177621841430664,llama-8b-tootsie-adept-phoenix
1063658.0,2.2185282707214355,,,,llama-8b-tootsie-adept-phoenix
1064000.0,,2.506240129470825,2.287459373474121,2.516702175140381,llama-8b-tootsie-adept-phoenix
1064135.0,2.2135894298553467,,,,llama-8b-tootsie-adept-phoenix
1064266.0,2.222231388092041,,,,llama-8b-tootsie-adept-phoenix
1064364.0,2.208704948425293,,,,llama-8b-tootsie-adept-phoenix
1064622.0,2.218810558319092,,,,llama-8b-tootsie-adept-phoenix
1065000.0,,2.5074472427368164,2.290087938308716,2.519496440887451,llama-8b-tootsie-adept-phoenix
1065335.0,2.2080271244049072,,,,llama-8b-tootsie-adept-phoenix
1065425.0,2.2263917922973633,,,,llama-8b-tootsie-adept-phoenix
1066000.0,,2.5044286251068115,2.28804874420166,2.5185611248016357,llama-8b-tootsie-adept-phoenix
1067000.0,,2.5025815963745117,2.28836727142334,2.520336866378784,llama-8b-tootsie-adept-phoenix
1067787.0,2.203143835067749,,,,llama-8b-tootsie-adept-phoenix
1067881.0,2.2055845260620117,,,,llama-8b-tootsie-adept-phoenix
1068000.0,,2.501746892929077,2.2868990898132324,2.5155773162841797,llama-8b-tootsie-adept-phoenix
1068834.0,2.204453706741333,,,,llama-8b-tootsie-adept-phoenix
1068895.0,2.2196621894836426,,,,llama-8b-tootsie-adept-phoenix
1069000.0,,2.504103899002075,2.287372350692749,2.517160177230835,llama-8b-tootsie-adept-phoenix
1069001.0,2.217095375061035,,,,llama-8b-tootsie-adept-phoenix
1069007.0,2.227930784225464,,,,llama-8b-tootsie-adept-phoenix
1069331.0,2.2154412269592285,,,,llama-8b-tootsie-adept-phoenix
1070000.0,,2.508265733718872,2.289595127105713,2.520937919616699,llama-8b-tootsie-adept-phoenix
1070141.0,2.222498893737793,,,,llama-8b-tootsie-adept-phoenix
1070238.0,2.221435785293579,,,,llama-8b-tootsie-adept-phoenix
1070872.0,2.2149860858917236,,,,llama-8b-tootsie-adept-phoenix
1071000.0,,2.505167245864868,2.2880983352661133,2.5192174911499023,llama-8b-tootsie-adept-phoenix
1071009.0,2.212859869003296,,,,llama-8b-tootsie-adept-phoenix
1071705.0,2.207036256790161,,,,llama-8b-tootsie-adept-phoenix
1071720.0,2.2116246223449707,,,,llama-8b-tootsie-adept-phoenix
1071837.0,2.2103617191314697,,,,llama-8b-tootsie-adept-phoenix
1072000.0,,2.504990577697754,2.2880773544311523,2.5177431106567383,llama-8b-tootsie-adept-phoenix
1072070.0,2.211684465408325,,,,llama-8b-tootsie-adept-phoenix
1072226.0,2.2129874229431152,,,,llama-8b-tootsie-adept-phoenix
1072865.0,2.226332902908325,,,,llama-8b-tootsie-adept-phoenix
1072910.0,2.217299461364746,,,,llama-8b-tootsie-adept-phoenix
1073000.0,,2.5059704780578613,2.289351224899292,2.5189192295074463,llama-8b-tootsie-adept-phoenix
1073037.0,2.211627721786499,,,,llama-8b-tootsie-adept-phoenix
1074000.0,,2.5044467449188232,2.2863824367523193,2.5149545669555664,llama-8b-tootsie-adept-phoenix
1074014.0,2.22202730178833,,,,llama-8b-tootsie-adept-phoenix
1074390.0,2.2240238189697266,,,,llama-8b-tootsie-adept-phoenix
1074563.0,2.2271106243133545,,,,llama-8b-tootsie-adept-phoenix
1075000.0,,2.5080792903900146,2.2905044555664062,2.5203676223754883,llama-8b-tootsie-adept-phoenix
1075021.0,2.2198662757873535,,,,llama-8b-tootsie-adept-phoenix
1075279.0,2.213141679763794,,,,llama-8b-tootsie-adept-phoenix
1075358.0,2.2103660106658936,,,,llama-8b-tootsie-adept-phoenix
1075701.0,2.21065616607666,,,,llama-8b-tootsie-adept-phoenix
1075805.0,2.236116886138916,,,,llama-8b-tootsie-adept-phoenix
1076000.0,,2.504218578338623,2.2866158485412598,2.5172433853149414,llama-8b-tootsie-adept-phoenix
1076898.0,2.194819211959839,,,,llama-8b-tootsie-adept-phoenix
1077000.0,,2.5042781829833984,2.28692889213562,2.515782356262207,llama-8b-tootsie-adept-phoenix
1077177.0,2.2244505882263184,,,,llama-8b-tootsie-adept-phoenix
1077278.0,2.2096383571624756,,,,llama-8b-tootsie-adept-phoenix
1077744.0,2.2236580848693848,,,,llama-8b-tootsie-adept-phoenix
1078000.0,,2.5049262046813965,2.289486885070801,2.5189647674560547,llama-8b-tootsie-adept-phoenix
1078133.0,2.22938871383667,,,,llama-8b-tootsie-adept-phoenix
1078723.0,2.2022228240966797,,,,llama-8b-tootsie-adept-phoenix
1078966.0,2.2259809970855713,,,,llama-8b-tootsie-adept-phoenix
1079000.0,,2.5072665214538574,2.2916979789733887,2.5217080116271973,llama-8b-tootsie-adept-phoenix
1079453.0,2.205474853515625,,,,llama-8b-tootsie-adept-phoenix
1079702.0,2.212583541870117,,,,llama-8b-tootsie-adept-phoenix
1079739.0,2.203216314315796,,,,llama-8b-tootsie-adept-phoenix
1079994.0,2.2172603607177734,,,,llama-8b-tootsie-adept-phoenix
1080000.0,,2.504561424255371,2.292815685272217,2.521531105041504,llama-8b-tootsie-adept-phoenix
1080540.0,2.2177627086639404,,,,llama-8b-tootsie-adept-phoenix
1080915.0,2.2017505168914795,,,,llama-8b-tootsie-adept-phoenix
1081000.0,,2.507240056991577,2.288109302520752,2.514949321746826,llama-8b-tootsie-adept-phoenix
1081573.0,2.217123031616211,,,,llama-8b-tootsie-adept-phoenix
1082000.0,,2.5078816413879395,2.2897744178771973,2.522223472595215,llama-8b-tootsie-adept-phoenix
1082098.0,2.216170072555542,,,,llama-8b-tootsie-adept-phoenix
1083000.0,,2.5041041374206543,2.2866756916046143,2.515786647796631,llama-8b-tootsie-adept-phoenix
1083029.0,2.202317953109741,,,,llama-8b-tootsie-adept-phoenix
1083422.0,2.2184157371520996,,,,llama-8b-tootsie-adept-phoenix
1084000.0,,2.506643056869507,2.2883150577545166,2.517362356185913,llama-8b-tootsie-adept-phoenix
1084057.0,2.2049002647399902,,,,llama-8b-tootsie-adept-phoenix
1084301.0,2.2176833152770996,,,,llama-8b-tootsie-adept-phoenix
1084357.0,2.2126717567443848,,,,llama-8b-tootsie-adept-phoenix
1084385.0,2.218395709991455,,,,llama-8b-tootsie-adept-phoenix
1084465.0,2.212352752685547,,,,llama-8b-tootsie-adept-phoenix
1084708.0,2.209477186203003,,,,llama-8b-tootsie-adept-phoenix
1084876.0,2.2186458110809326,,,,llama-8b-tootsie-adept-phoenix
1085000.0,,2.507297992706299,2.289355754852295,2.5188732147216797,llama-8b-tootsie-adept-phoenix
1086000.0,,2.504850149154663,2.288986921310425,2.5181288719177246,llama-8b-tootsie-adept-phoenix
1086732.0,2.212791681289673,,,,llama-8b-tootsie-adept-phoenix
1086822.0,2.209904193878174,,,,llama-8b-tootsie-adept-phoenix
1087000.0,,2.504359483718872,2.287304401397705,2.518773317337036,llama-8b-tootsie-adept-phoenix
1087193.0,2.2098398208618164,,,,llama-8b-tootsie-adept-phoenix
1087405.0,2.2065043449401855,,,,llama-8b-tootsie-adept-phoenix
1087538.0,2.194597005844116,,,,llama-8b-tootsie-adept-phoenix
1087779.0,2.213580369949341,,,,llama-8b-tootsie-adept-phoenix
1087923.0,2.2072958946228027,,,,llama-8b-tootsie-adept-phoenix
1088000.0,,2.503340721130371,2.286555051803589,2.5143065452575684,llama-8b-tootsie-adept-phoenix
1088001.0,2.2197818756103516,,,,llama-8b-tootsie-adept-phoenix
1088024.0,2.216271162033081,,,,llama-8b-tootsie-adept-phoenix
1088330.0,2.212521553039551,,,,llama-8b-tootsie-adept-phoenix
1088545.0,2.1989643573760986,,,,llama-8b-tootsie-adept-phoenix
1088807.0,2.214442253112793,,,,llama-8b-tootsie-adept-phoenix
1089000.0,,2.5063180923461914,2.287902355194092,2.5182044506073,llama-8b-tootsie-adept-phoenix
1089760.0,2.200155258178711,,,,llama-8b-tootsie-adept-phoenix
1089941.0,2.2086987495422363,,,,llama-8b-tootsie-adept-phoenix
1090000.0,,2.5062499046325684,2.288874387741089,2.5163891315460205,llama-8b-tootsie-adept-phoenix
1090024.0,2.2309606075286865,,,,llama-8b-tootsie-adept-phoenix
1090181.0,2.215770959854126,,,,llama-8b-tootsie-adept-phoenix
1090447.0,2.2134346961975098,,,,llama-8b-tootsie-adept-phoenix
1090958.0,2.1833341121673584,,,,llama-8b-tootsie-adept-phoenix
1091000.0,,2.505031108856201,2.2873241901397705,2.515169143676758,llama-8b-tootsie-adept-phoenix
1091155.0,2.2175180912017822,,,,llama-8b-tootsie-adept-phoenix
1091606.0,2.196861743927002,,,,llama-8b-tootsie-adept-phoenix
1091983.0,2.1894984245300293,,,,llama-8b-tootsie-adept-phoenix
1091993.0,2.229882001876831,,,,llama-8b-tootsie-adept-phoenix
1092000.0,,2.505589723587036,2.2878992557525635,2.517899513244629,llama-8b-tootsie-adept-phoenix
1092096.0,2.22221040725708,,,,llama-8b-tootsie-adept-phoenix
1092284.0,2.206303834915161,,,,llama-8b-tootsie-adept-phoenix
1092449.0,2.211838960647583,,,,llama-8b-tootsie-adept-phoenix
1092463.0,2.217022180557251,,,,llama-8b-tootsie-adept-phoenix
1093000.0,,2.507253408432007,2.28828763961792,2.5192925930023193,llama-8b-tootsie-adept-phoenix
1093317.0,2.2297816276550293,,,,llama-8b-tootsie-adept-phoenix
1093388.0,2.2012789249420166,,,,llama-8b-tootsie-adept-phoenix
1093851.0,2.2350809574127197,,,,llama-8b-tootsie-adept-phoenix
1093925.0,2.197415590286255,,,,llama-8b-tootsie-adept-phoenix
1094000.0,,2.5039708614349365,2.2877116203308105,2.517970085144043,llama-8b-tootsie-adept-phoenix
1094314.0,2.212251663208008,,,,llama-8b-tootsie-adept-phoenix
1094610.0,2.2059218883514404,,,,llama-8b-tootsie-adept-phoenix
1094722.0,2.2152035236358643,,,,llama-8b-tootsie-adept-phoenix
1094735.0,2.216820001602173,,,,llama-8b-tootsie-adept-phoenix
1094881.0,2.210085391998291,,,,llama-8b-tootsie-adept-phoenix
1095000.0,,2.5047287940979004,2.2877819538116455,2.518266201019287,llama-8b-tootsie-adept-phoenix
1095049.0,2.2174596786499023,,,,llama-8b-tootsie-adept-phoenix
1095298.0,2.2150120735168457,,,,llama-8b-tootsie-adept-phoenix
1096000.0,,2.504147529602051,2.28753399848938,2.518089771270752,llama-8b-tootsie-adept-phoenix
1096905.0,2.2024142742156982,,,,llama-8b-tootsie-adept-phoenix
1097000.0,,2.507769823074341,2.290395498275757,2.523638963699341,llama-8b-tootsie-adept-phoenix
1097192.0,2.2177531719207764,,,,llama-8b-tootsie-adept-phoenix
1097450.0,2.208550214767456,,,,llama-8b-tootsie-adept-phoenix
1097651.0,2.223281145095825,,,,llama-8b-tootsie-adept-phoenix
1097783.0,2.2068190574645996,,,,llama-8b-tootsie-adept-phoenix
1097875.0,2.207695960998535,,,,llama-8b-tootsie-adept-phoenix
1097880.0,2.218724489212036,,,,llama-8b-tootsie-adept-phoenix
1098000.0,,2.5061631202697754,2.289022445678711,2.517760753631592,llama-8b-tootsie-adept-phoenix
1098883.0,2.200120210647583,,,,llama-8b-tootsie-adept-phoenix
1098958.0,2.2081103324890137,,,,llama-8b-tootsie-adept-phoenix
1099000.0,,2.5076513290405273,2.2890868186950684,2.517688274383545,llama-8b-tootsie-adept-phoenix
1099403.0,2.2192904949188232,,,,llama-8b-tootsie-adept-phoenix
1100000.0,,2.5106723308563232,2.29905104637146,2.5329136848449707,llama-8b-tootsie-adept-phoenix
1100077.0,2.2088875770568848,,,,llama-8b-tootsie-adept-phoenix
1101000.0,,2.5050063133239746,2.290252923965454,2.522573947906494,llama-8b-tootsie-adept-phoenix
1101420.0,2.2033510208129883,,,,llama-8b-tootsie-adept-phoenix
1101848.0,2.217926025390625,,,,llama-8b-tootsie-adept-phoenix
1101957.0,2.2173874378204346,,,,llama-8b-tootsie-adept-phoenix
1101969.0,2.226019859313965,,,,llama-8b-tootsie-adept-phoenix
1102000.0,,2.5057201385498047,2.2899580001831055,2.5211756229400635,llama-8b-tootsie-adept-phoenix
1102373.0,2.208965539932251,,,,llama-8b-tootsie-adept-phoenix
1102659.0,2.2022809982299805,,,,llama-8b-tootsie-adept-phoenix
1103000.0,,2.505337715148926,2.2895164489746094,2.5193958282470703,llama-8b-tootsie-adept-phoenix
1103219.0,2.207184076309204,,,,llama-8b-tootsie-adept-phoenix
1103300.0,2.2001802921295166,,,,llama-8b-tootsie-adept-phoenix
1103498.0,2.2073233127593994,,,,llama-8b-tootsie-adept-phoenix
1103685.0,2.214348554611206,,,,llama-8b-tootsie-adept-phoenix
1104000.0,,2.5057737827301025,2.2884156703948975,2.519876003265381,llama-8b-tootsie-adept-phoenix
1104164.0,2.2025246620178223,,,,llama-8b-tootsie-adept-phoenix
1104923.0,2.21368670463562,,,,llama-8b-tootsie-adept-phoenix
1105000.0,,2.5074172019958496,2.288882255554199,2.517951011657715,llama-8b-tootsie-adept-phoenix
1105286.0,2.217200756072998,,,,llama-8b-tootsie-adept-phoenix
1105908.0,2.220036268234253,,,,llama-8b-tootsie-adept-phoenix
1106000.0,,2.5064666271209717,2.28706693649292,2.5162582397460938,llama-8b-tootsie-adept-phoenix
1106167.0,2.2231671810150146,,,,llama-8b-tootsie-adept-phoenix
1106240.0,2.206481456756592,,,,llama-8b-tootsie-adept-phoenix
1106613.0,2.216963291168213,,,,llama-8b-tootsie-adept-phoenix
1106693.0,2.2112820148468018,,,,llama-8b-tootsie-adept-phoenix
1107000.0,,2.5079710483551025,2.289738178253174,2.520207643508911,llama-8b-tootsie-adept-phoenix
1107142.0,2.2095253467559814,,,,llama-8b-tootsie-adept-phoenix
1108000.0,,2.5039005279541016,2.286585569381714,2.515204429626465,llama-8b-tootsie-adept-phoenix
1108038.0,2.207045793533325,,,,llama-8b-tootsie-adept-phoenix
1108126.0,2.2061259746551514,,,,llama-8b-tootsie-adept-phoenix
1108150.0,2.1884281635284424,,,,llama-8b-tootsie-adept-phoenix
1108201.0,2.200554609298706,,,,llama-8b-tootsie-adept-phoenix
1108279.0,2.211024522781372,,,,llama-8b-tootsie-adept-phoenix
1108543.0,2.2074832916259766,,,,llama-8b-tootsie-adept-phoenix
1108552.0,2.220763683319092,,,,llama-8b-tootsie-adept-phoenix
1108660.0,2.202425479888916,,,,llama-8b-tootsie-adept-phoenix
1108960.0,2.21506404876709,,,,llama-8b-tootsie-adept-phoenix
1109000.0,,2.5040934085845947,2.287222146987915,2.518458366394043,llama-8b-tootsie-adept-phoenix
1110000.0,,2.5054802894592285,2.290175199508667,2.5170774459838867,llama-8b-tootsie-adept-phoenix
1110214.0,2.222099542617798,,,,llama-8b-tootsie-adept-phoenix
1110277.0,2.206620216369629,,,,llama-8b-tootsie-adept-phoenix
1110673.0,2.211688995361328,,,,llama-8b-tootsie-adept-phoenix
1110739.0,2.230098247528076,,,,llama-8b-tootsie-adept-phoenix
1111000.0,,2.5047271251678467,2.2883403301239014,2.519219398498535,llama-8b-tootsie-adept-phoenix
1111161.0,2.1990725994110107,,,,llama-8b-tootsie-adept-phoenix
1111555.0,2.2062251567840576,,,,llama-8b-tootsie-adept-phoenix
1111566.0,2.2178914546966553,,,,llama-8b-tootsie-adept-phoenix
1111883.0,2.204786777496338,,,,llama-8b-tootsie-adept-phoenix
1112000.0,,2.5021541118621826,2.2864110469818115,2.5160136222839355,llama-8b-tootsie-adept-phoenix
1112039.0,2.22552490234375,,,,llama-8b-tootsie-adept-phoenix
1112173.0,2.1979281902313232,,,,llama-8b-tootsie-adept-phoenix
1112195.0,2.217360734939575,,,,llama-8b-tootsie-adept-phoenix
1112592.0,2.204878091812134,,,,llama-8b-tootsie-adept-phoenix
1112855.0,2.2057456970214844,,,,llama-8b-tootsie-adept-phoenix
1113000.0,,2.5035557746887207,2.2867414951324463,2.515265464782715,llama-8b-tootsie-adept-phoenix
1114000.0,,2.501384735107422,2.2853024005889893,2.5145115852355957,llama-8b-tootsie-adept-phoenix
1114597.0,2.2137398719787598,,,,llama-8b-tootsie-adept-phoenix
1114673.0,2.2085585594177246,,,,llama-8b-tootsie-adept-phoenix
1115000.0,,2.5065159797668457,2.2883353233337402,2.51780366897583,llama-8b-tootsie-adept-phoenix
1115444.0,2.2245094776153564,,,,llama-8b-tootsie-adept-phoenix
1115515.0,2.2113914489746094,,,,llama-8b-tootsie-adept-phoenix
1115755.0,2.229642629623413,,,,llama-8b-tootsie-adept-phoenix
1115935.0,2.2175073623657227,,,,llama-8b-tootsie-adept-phoenix
1116000.0,,2.5073916912078857,2.2911300659179688,2.519946813583374,llama-8b-tootsie-adept-phoenix
1116357.0,2.220661163330078,,,,llama-8b-tootsie-adept-phoenix
1116417.0,2.2090861797332764,,,,llama-8b-tootsie-adept-phoenix
1117000.0,,2.5045042037963867,2.290285587310791,2.520606517791748,llama-8b-tootsie-adept-phoenix
1117190.0,2.213575839996338,,,,llama-8b-tootsie-adept-phoenix
1117246.0,2.204315185546875,,,,llama-8b-tootsie-adept-phoenix
1117374.0,2.2282395362854004,,,,llama-8b-tootsie-adept-phoenix
1117420.0,2.200387716293335,,,,llama-8b-tootsie-adept-phoenix
1117439.0,2.219670534133911,,,,llama-8b-tootsie-adept-phoenix
1117605.0,2.203165292739868,,,,llama-8b-tootsie-adept-phoenix
1117971.0,2.2193143367767334,,,,llama-8b-tootsie-adept-phoenix
1118000.0,,2.5037126541137695,2.2876222133636475,2.517319679260254,llama-8b-tootsie-adept-phoenix
1118331.0,2.208975076675415,,,,llama-8b-tootsie-adept-phoenix
1118530.0,2.204575300216675,,,,llama-8b-tootsie-adept-phoenix
1119000.0,,2.505013942718506,2.2880001068115234,2.5180654525756836,llama-8b-tootsie-adept-phoenix
1119319.0,2.2126195430755615,,,,llama-8b-tootsie-adept-phoenix
1119471.0,2.2149205207824707,,,,llama-8b-tootsie-adept-phoenix
1120000.0,,2.5035176277160645,2.2877655029296875,2.5191593170166016,llama-8b-tootsie-adept-phoenix
1120295.0,2.214937210083008,,,,llama-8b-tootsie-adept-phoenix
1120322.0,2.2018730640411377,,,,llama-8b-tootsie-adept-phoenix
1120810.0,2.213825225830078,,,,llama-8b-tootsie-adept-phoenix
1121000.0,,2.5044426918029785,2.286785364151001,2.5152359008789062,llama-8b-tootsie-adept-phoenix
1121025.0,2.217747688293457,,,,llama-8b-tootsie-adept-phoenix
1121131.0,2.2225937843322754,,,,llama-8b-tootsie-adept-phoenix
1121474.0,2.2092747688293457,,,,llama-8b-tootsie-adept-phoenix
1121732.0,2.2148184776306152,,,,llama-8b-tootsie-adept-phoenix
1122000.0,,2.503519058227539,2.2864983081817627,2.5174508094787598,llama-8b-tootsie-adept-phoenix
1122852.0,2.2081069946289062,,,,llama-8b-tootsie-adept-phoenix
1123000.0,,2.5071544647216797,2.289121389389038,2.517571449279785,llama-8b-tootsie-adept-phoenix
1123098.0,2.220200300216675,,,,llama-8b-tootsie-adept-phoenix
1123639.0,2.204484701156616,,,,llama-8b-tootsie-adept-phoenix
1123841.0,2.206812620162964,,,,llama-8b-tootsie-adept-phoenix
1124000.0,,2.5032002925872803,2.286085844039917,2.5163094997406006,llama-8b-tootsie-adept-phoenix
1124022.0,2.192054033279419,,,,llama-8b-tootsie-adept-phoenix
1124352.0,2.207947254180908,,,,llama-8b-tootsie-adept-phoenix
1124508.0,2.2050607204437256,,,,llama-8b-tootsie-adept-phoenix
1124524.0,2.2257094383239746,,,,llama-8b-tootsie-adept-phoenix
1124728.0,2.2059009075164795,,,,llama-8b-tootsie-adept-phoenix
1124876.0,2.1987996101379395,,,,llama-8b-tootsie-adept-phoenix
1125000.0,,2.504995822906494,2.28865385055542,2.5191681385040283,llama-8b-tootsie-adept-phoenix
1125433.0,2.2053279876708984,,,,llama-8b-tootsie-adept-phoenix
1125550.0,2.213233232498169,,,,llama-8b-tootsie-adept-phoenix
1125751.0,2.2009735107421875,,,,llama-8b-tootsie-adept-phoenix
1125766.0,2.2113513946533203,,,,llama-8b-tootsie-adept-phoenix
1126000.0,,2.505436897277832,2.2884860038757324,2.518096923828125,llama-8b-tootsie-adept-phoenix
1127000.0,,2.503319025039673,2.2877516746520996,2.5187971591949463,llama-8b-tootsie-adept-phoenix
1127069.0,2.2261247634887695,,,,llama-8b-tootsie-adept-phoenix
1127101.0,2.2011353969573975,,,,llama-8b-tootsie-adept-phoenix
1127713.0,2.196868896484375,,,,llama-8b-tootsie-adept-phoenix
1128000.0,,2.505570650100708,2.288607120513916,2.5196757316589355,llama-8b-tootsie-adept-phoenix
1128421.0,2.2137060165405273,,,,llama-8b-tootsie-adept-phoenix
1128504.0,2.203639507293701,,,,llama-8b-tootsie-adept-phoenix
1129000.0,,2.503406286239624,2.286342144012451,2.515038013458252,llama-8b-tootsie-adept-phoenix
1129061.0,2.2068614959716797,,,,llama-8b-tootsie-adept-phoenix
1129096.0,2.199205160140991,,,,llama-8b-tootsie-adept-phoenix
1130000.0,,2.5033469200134277,2.2883527278900146,2.517967462539673,llama-8b-tootsie-adept-phoenix
1130128.0,2.2233364582061768,,,,llama-8b-tootsie-adept-phoenix
1130280.0,2.2007007598876953,,,,llama-8b-tootsie-adept-phoenix
1130512.0,2.1987974643707275,,,,llama-8b-tootsie-adept-phoenix
1130532.0,2.2106876373291016,,,,llama-8b-tootsie-adept-phoenix
1130686.0,2.203516960144043,,,,llama-8b-tootsie-adept-phoenix
1130983.0,2.2062695026397705,,,,llama-8b-tootsie-adept-phoenix
1131000.0,,2.502647876739502,2.2867562770843506,2.516510486602783,llama-8b-tootsie-adept-phoenix
1131785.0,2.2151057720184326,,,,llama-8b-tootsie-adept-phoenix
1132000.0,,2.5033390522003174,2.288424491882324,2.517019748687744,llama-8b-tootsie-adept-phoenix
1132302.0,2.2220351696014404,,,,llama-8b-tootsie-adept-phoenix
1132338.0,2.225476026535034,,,,llama-8b-tootsie-adept-phoenix
1132415.0,2.1929993629455566,,,,llama-8b-tootsie-adept-phoenix
1132514.0,2.203651189804077,,,,llama-8b-tootsie-adept-phoenix
1132694.0,2.2265207767486572,,,,llama-8b-tootsie-adept-phoenix
1132843.0,2.197786569595337,,,,llama-8b-tootsie-adept-phoenix
1132940.0,2.2084858417510986,,,,llama-8b-tootsie-adept-phoenix
1133000.0,,2.5164477825164795,2.3020639419555664,2.5297598838806152,llama-8b-tootsie-adept-phoenix
1134000.0,,2.5042884349823,2.2867867946624756,2.5159823894500732,llama-8b-tootsie-adept-phoenix
1134789.0,2.2318649291992188,,,,llama-8b-tootsie-adept-phoenix
1135000.0,,2.503822088241577,2.285740852355957,2.513984203338623,llama-8b-tootsie-adept-phoenix
1135033.0,2.209162712097168,,,,llama-8b-tootsie-adept-phoenix
1135142.0,2.2158355712890625,,,,llama-8b-tootsie-adept-phoenix
1135294.0,2.201751708984375,,,,llama-8b-tootsie-adept-phoenix
1135519.0,2.2318594455718994,,,,llama-8b-tootsie-adept-phoenix
1135525.0,2.2123923301696777,,,,llama-8b-tootsie-adept-phoenix
1135794.0,2.2197885513305664,,,,llama-8b-tootsie-adept-phoenix
1136000.0,,2.5041589736938477,2.2871057987213135,2.5162127017974854,llama-8b-tootsie-adept-phoenix
1136578.0,2.218022346496582,,,,llama-8b-tootsie-adept-phoenix
1136944.0,2.1942195892333984,,,,llama-8b-tootsie-adept-phoenix
1137000.0,,2.5029993057250977,2.289186716079712,2.5174543857574463,llama-8b-tootsie-adept-phoenix
1138000.0,,2.5028746128082275,2.2881336212158203,2.517409563064575,llama-8b-tootsie-adept-phoenix
1138230.0,2.224937915802002,,,,llama-8b-tootsie-adept-phoenix
1138405.0,2.224616765975952,,,,llama-8b-tootsie-adept-phoenix
1138608.0,2.209533214569092,,,,llama-8b-tootsie-adept-phoenix
1138887.0,2.2173731327056885,,,,llama-8b-tootsie-adept-phoenix
1138933.0,2.219482183456421,,,,llama-8b-tootsie-adept-phoenix
1139000.0,,2.5025415420532227,2.2876620292663574,2.5163586139678955,llama-8b-tootsie-adept-phoenix
1139020.0,2.2144205570220947,,,,llama-8b-tootsie-adept-phoenix
1139190.0,2.225419521331787,,,,llama-8b-tootsie-adept-phoenix
1139290.0,2.2144994735717773,,,,llama-8b-tootsie-adept-phoenix
1139336.0,2.208768606185913,,,,llama-8b-tootsie-adept-phoenix
1139862.0,2.2118852138519287,,,,llama-8b-tootsie-adept-phoenix
1139908.0,2.2167437076568604,,,,llama-8b-tootsie-adept-phoenix
1140000.0,,2.5049052238464355,2.288099765777588,2.5168323516845703,llama-8b-tootsie-adept-phoenix
1140262.0,2.2109501361846924,,,,llama-8b-tootsie-adept-phoenix
1140321.0,2.2016124725341797,,,,llama-8b-tootsie-adept-phoenix
1140719.0,2.212409257888794,,,,llama-8b-tootsie-adept-phoenix
1141000.0,,2.5030415058135986,2.287116765975952,2.5152952671051025,llama-8b-tootsie-adept-phoenix
1141303.0,2.2131786346435547,,,,llama-8b-tootsie-adept-phoenix
1142000.0,,2.5019617080688477,2.286712169647217,2.5163304805755615,llama-8b-tootsie-adept-phoenix
1142333.0,2.2139105796813965,,,,llama-8b-tootsie-adept-phoenix
1142334.0,2.2029013633728027,,,,llama-8b-tootsie-adept-phoenix
1142420.0,2.2147836685180664,,,,llama-8b-tootsie-adept-phoenix
1143000.0,,2.5027685165405273,2.2874867916107178,2.515638828277588,llama-8b-tootsie-adept-phoenix
1143111.0,2.2160308361053467,,,,llama-8b-tootsie-adept-phoenix
1143631.0,2.208103656768799,,,,llama-8b-tootsie-adept-phoenix
1143948.0,2.2042768001556396,,,,llama-8b-tootsie-adept-phoenix
1144000.0,,2.5055243968963623,2.2881228923797607,2.517709255218506,llama-8b-tootsie-adept-phoenix
1144078.0,2.215366840362549,,,,llama-8b-tootsie-adept-phoenix
1144295.0,2.219419240951538,,,,llama-8b-tootsie-adept-phoenix
1144694.0,2.20243763923645,,,,llama-8b-tootsie-adept-phoenix
1144775.0,2.219641923904419,,,,llama-8b-tootsie-adept-phoenix
1144876.0,2.196716070175171,,,,llama-8b-tootsie-adept-phoenix
1145000.0,,2.504892349243164,2.288001298904419,2.5171399116516113,llama-8b-tootsie-adept-phoenix
1145045.0,2.2061355113983154,,,,llama-8b-tootsie-adept-phoenix
1145676.0,2.202240467071533,,,,llama-8b-tootsie-adept-phoenix
1145768.0,2.208463430404663,,,,llama-8b-tootsie-adept-phoenix
1146000.0,,2.5029706954956055,2.287848472595215,2.519243001937866,llama-8b-tootsie-adept-phoenix
1146673.0,2.200960874557495,,,,llama-8b-tootsie-adept-phoenix
1147000.0,,2.50024676322937,2.2857794761657715,2.515230655670166,llama-8b-tootsie-adept-phoenix
1147008.0,2.2142720222473145,,,,llama-8b-tootsie-adept-phoenix
1147067.0,2.228445291519165,,,,llama-8b-tootsie-adept-phoenix
1147379.0,2.202576160430908,,,,llama-8b-tootsie-adept-phoenix
1147728.0,2.207556962966919,,,,llama-8b-tootsie-adept-phoenix
1147919.0,2.1988003253936768,,,,llama-8b-tootsie-adept-phoenix
1148000.0,,2.505476474761963,2.288377523422241,2.517756462097168,llama-8b-tootsie-adept-phoenix
1148265.0,2.211211681365967,,,,llama-8b-tootsie-adept-phoenix
1148685.0,2.204235076904297,,,,llama-8b-tootsie-adept-phoenix
1148714.0,2.2128233909606934,,,,llama-8b-tootsie-adept-phoenix
1149000.0,,2.5017426013946533,2.2881014347076416,2.5148019790649414,llama-8b-tootsie-adept-phoenix
1149070.0,2.2133288383483887,,,,llama-8b-tootsie-adept-phoenix
1149410.0,2.258057117462158,,,,llama-8b-tootsie-adept-phoenix
1149443.0,2.21622633934021,,,,llama-8b-tootsie-adept-phoenix
1149862.0,2.2274069786071777,,,,llama-8b-tootsie-adept-phoenix
1150000.0,,2.5024497509002686,2.2872188091278076,2.5176377296447754,llama-8b-tootsie-adept-phoenix
1150308.0,2.2082183361053467,,,,llama-8b-tootsie-adept-phoenix
1150546.0,2.210968255996704,,,,llama-8b-tootsie-adept-phoenix
1151000.0,,2.5025978088378906,2.2875611782073975,2.5181281566619873,llama-8b-tootsie-adept-phoenix
1151022.0,2.1963536739349365,,,,llama-8b-tootsie-adept-phoenix
1151393.0,2.2023491859436035,,,,llama-8b-tootsie-adept-phoenix
1151916.0,2.2257580757141113,,,,llama-8b-tootsie-adept-phoenix
1152000.0,,2.503815174102783,2.2882349491119385,2.518716335296631,llama-8b-tootsie-adept-phoenix
1153000.0,,2.5024311542510986,2.285964012145996,2.513899803161621,llama-8b-tootsie-adept-phoenix
1153897.0,2.2278544902801514,,,,llama-8b-tootsie-adept-phoenix
1154000.0,,2.503232717514038,2.285933494567871,2.514375686645508,llama-8b-tootsie-adept-phoenix
1154203.0,2.207502603530884,,,,llama-8b-tootsie-adept-phoenix
1155000.0,,2.503427505493164,2.287012815475464,2.5150375366210938,llama-8b-tootsie-adept-phoenix
1155541.0,2.2213525772094727,,,,llama-8b-tootsie-adept-phoenix
1155561.0,2.213850975036621,,,,llama-8b-tootsie-adept-phoenix
1156000.0,,2.5024077892303467,2.2861123085021973,2.516317844390869,llama-8b-tootsie-adept-phoenix
1156130.0,2.2016208171844482,,,,llama-8b-tootsie-adept-phoenix
1156413.0,2.2089550495147705,,,,llama-8b-tootsie-adept-phoenix
1156627.0,2.215595006942749,,,,llama-8b-tootsie-adept-phoenix
1157000.0,,2.5066161155700684,2.289029359817505,2.519137144088745,llama-8b-tootsie-adept-phoenix
1157894.0,2.198796510696411,,,,llama-8b-tootsie-adept-phoenix
1158000.0,,2.5040125846862793,2.286027669906616,2.5152058601379395,llama-8b-tootsie-adept-phoenix
1158797.0,2.202883720397949,,,,llama-8b-tootsie-adept-phoenix
1159000.0,,2.5029489994049072,2.2867977619171143,2.516230583190918,llama-8b-tootsie-adept-phoenix
1159067.0,2.221717357635498,,,,llama-8b-tootsie-adept-phoenix
1159869.0,2.2119553089141846,,,,llama-8b-tootsie-adept-phoenix
1160000.0,,2.503734827041626,2.2893965244293213,2.5200858116149902,llama-8b-tootsie-adept-phoenix
1160186.0,2.2038493156433105,,,,llama-8b-tootsie-adept-phoenix
1160878.0,2.2082605361938477,,,,llama-8b-tootsie-adept-phoenix
1161000.0,,2.5032501220703125,2.28627610206604,2.5148983001708984,llama-8b-tootsie-adept-phoenix
1161150.0,2.2265050411224365,,,,llama-8b-tootsie-adept-phoenix
1162000.0,,2.50414776802063,2.2910025119781494,2.5196452140808105,llama-8b-tootsie-adept-phoenix
1162123.0,2.194326400756836,,,,llama-8b-tootsie-adept-phoenix
1162273.0,2.2102913856506348,,,,llama-8b-tootsie-adept-phoenix
1162286.0,2.2053768634796143,,,,llama-8b-tootsie-adept-phoenix
1162464.0,2.204292058944702,,,,llama-8b-tootsie-adept-phoenix
1162565.0,2.2105226516723633,,,,llama-8b-tootsie-adept-phoenix
1163000.0,,2.504270553588867,2.2864792346954346,2.5167455673217773,llama-8b-tootsie-adept-phoenix
1163213.0,2.215913772583008,,,,llama-8b-tootsie-adept-phoenix
1163753.0,2.215552568435669,,,,llama-8b-tootsie-adept-phoenix
1164000.0,,2.5050175189971924,2.288163900375366,2.5159683227539062,llama-8b-tootsie-adept-phoenix
1164492.0,2.2152814865112305,,,,llama-8b-tootsie-adept-phoenix
1164555.0,2.2150776386260986,,,,llama-8b-tootsie-adept-phoenix
1165000.0,,2.50575852394104,2.2870805263519287,2.516982078552246,llama-8b-tootsie-adept-phoenix
1165065.0,2.211010217666626,,,,llama-8b-tootsie-adept-phoenix
1165435.0,2.214909315109253,,,,llama-8b-tootsie-adept-phoenix
1165919.0,2.204911231994629,,,,llama-8b-tootsie-adept-phoenix
1166000.0,,2.5069265365600586,2.288588762283325,2.5202994346618652,llama-8b-tootsie-adept-phoenix
1166380.0,2.21022629737854,,,,llama-8b-tootsie-adept-phoenix
1166444.0,2.2125954627990723,,,,llama-8b-tootsie-adept-phoenix
1166975.0,2.2036428451538086,,,,llama-8b-tootsie-adept-phoenix
1167000.0,,2.5009591579437256,2.2861170768737793,2.5143284797668457,llama-8b-tootsie-adept-phoenix
1167116.0,2.222306251525879,,,,llama-8b-tootsie-adept-phoenix
1167282.0,2.2025949954986572,,,,llama-8b-tootsie-adept-phoenix
1167689.0,2.2061519622802734,,,,llama-8b-tootsie-adept-phoenix
1167800.0,2.224888801574707,,,,llama-8b-tootsie-adept-phoenix
1167806.0,2.221944570541382,,,,llama-8b-tootsie-adept-phoenix
1168000.0,,2.5035908222198486,2.286707878112793,2.517697811126709,llama-8b-tootsie-adept-phoenix
1168211.0,2.2001726627349854,,,,llama-8b-tootsie-adept-phoenix
1168426.0,2.211651086807251,,,,llama-8b-tootsie-adept-phoenix
1169000.0,,2.501499891281128,2.288485050201416,2.519223690032959,llama-8b-tootsie-adept-phoenix
1169179.0,2.2039794921875,,,,llama-8b-tootsie-adept-phoenix
1170000.0,,2.5013267993927,2.2875678539276123,2.5177531242370605,llama-8b-tootsie-adept-phoenix
1171000.0,,2.5027358531951904,2.2876718044281006,2.5171403884887695,llama-8b-tootsie-adept-phoenix
1171483.0,2.193882942199707,,,,llama-8b-tootsie-adept-phoenix
1172000.0,,2.5043375492095947,2.2869250774383545,2.516468048095703,llama-8b-tootsie-adept-phoenix
1172448.0,2.200716972351074,,,,llama-8b-tootsie-adept-phoenix
1172655.0,2.2251806259155273,,,,llama-8b-tootsie-adept-phoenix
1172982.0,2.2058913707733154,,,,llama-8b-tootsie-adept-phoenix
1173000.0,,2.5034539699554443,2.285209894180298,2.5131402015686035,llama-8b-tootsie-adept-phoenix
1173900.0,2.408498764038086,,,,llama-8b-tootsie-adept-phoenix
1174000.0,,2.5035693645477295,2.28855562210083,2.5177488327026367,llama-8b-tootsie-adept-phoenix
1175000.0,,2.5055012702941895,2.289130926132202,2.5185866355895996,llama-8b-tootsie-adept-phoenix
1175098.0,2.225550413131714,,,,llama-8b-tootsie-adept-phoenix
1175574.0,2.2213194370269775,,,,llama-8b-tootsie-adept-phoenix
1175796.0,2.1991546154022217,,,,llama-8b-tootsie-adept-phoenix
1176000.0,,2.506011962890625,2.288433790206909,2.517866373062134,llama-8b-tootsie-adept-phoenix
1176076.0,2.199226140975952,,,,llama-8b-tootsie-adept-phoenix
1176423.0,2.1969213485717773,,,,llama-8b-tootsie-adept-phoenix
1176572.0,2.2083728313446045,,,,llama-8b-tootsie-adept-phoenix
1176757.0,2.2208163738250732,,,,llama-8b-tootsie-adept-phoenix
1177000.0,,2.5051679611206055,2.288522958755493,2.5185413360595703,llama-8b-tootsie-adept-phoenix
1177295.0,2.202194929122925,,,,llama-8b-tootsie-adept-phoenix
1177523.0,2.2210333347320557,,,,llama-8b-tootsie-adept-phoenix
1177627.0,2.2111616134643555,,,,llama-8b-tootsie-adept-phoenix
1178000.0,,2.503648519515991,2.2874104976654053,2.516350746154785,llama-8b-tootsie-adept-phoenix
1178080.0,2.2309465408325195,,,,llama-8b-tootsie-adept-phoenix
1178295.0,2.2044546604156494,,,,llama-8b-tootsie-adept-phoenix
1178389.0,2.2050530910491943,,,,llama-8b-tootsie-adept-phoenix
1178681.0,2.214033603668213,,,,llama-8b-tootsie-adept-phoenix
1178733.0,2.1981492042541504,,,,llama-8b-tootsie-adept-phoenix
1179000.0,,2.504085063934326,2.2871601581573486,2.518012762069702,llama-8b-tootsie-adept-phoenix
1179308.0,2.2049098014831543,,,,llama-8b-tootsie-adept-phoenix
1179332.0,2.228226661682129,,,,llama-8b-tootsie-adept-phoenix
1179519.0,2.2173614501953125,,,,llama-8b-tootsie-adept-phoenix
1179622.0,2.2135822772979736,,,,llama-8b-tootsie-adept-phoenix
1180000.0,,2.501861333847046,2.2854061126708984,2.5180134773254395,llama-8b-tootsie-adept-phoenix
1180375.0,2.2155327796936035,,,,llama-8b-tootsie-adept-phoenix
1180432.0,2.211440324783325,,,,llama-8b-tootsie-adept-phoenix
1180638.0,2.223212480545044,,,,llama-8b-tootsie-adept-phoenix
1180806.0,2.213677406311035,,,,llama-8b-tootsie-adept-phoenix
1181000.0,,2.5033392906188965,2.288451910018921,2.5174944400787354,llama-8b-tootsie-adept-phoenix
1181215.0,2.210197925567627,,,,llama-8b-tootsie-adept-phoenix
1181264.0,2.211634874343872,,,,llama-8b-tootsie-adept-phoenix
1181558.0,2.2147328853607178,,,,llama-8b-tootsie-adept-phoenix
1182000.0,,2.5021445751190186,2.2882611751556396,2.518389940261841,llama-8b-tootsie-adept-phoenix
1182059.0,2.203458786010742,,,,llama-8b-tootsie-adept-phoenix
1182127.0,2.204364061355591,,,,llama-8b-tootsie-adept-phoenix
1182659.0,2.201815605163574,,,,llama-8b-tootsie-adept-phoenix
1182732.0,2.2129323482513428,,,,llama-8b-tootsie-adept-phoenix
1182876.0,2.202744960784912,,,,llama-8b-tootsie-adept-phoenix
1182938.0,2.2086331844329834,,,,llama-8b-tootsie-adept-phoenix
1183000.0,,2.5031425952911377,2.2881391048431396,2.5163958072662354,llama-8b-tootsie-adept-phoenix
1184000.0,,2.5031673908233643,2.2876906394958496,2.5159807205200195,llama-8b-tootsie-adept-phoenix
1184254.0,2.2234113216400146,,,,llama-8b-tootsie-adept-phoenix
1184323.0,2.2079668045043945,,,,llama-8b-tootsie-adept-phoenix
1184396.0,2.207810640335083,,,,llama-8b-tootsie-adept-phoenix
1184420.0,2.2188494205474854,,,,llama-8b-tootsie-adept-phoenix
1184758.0,2.1993141174316406,,,,llama-8b-tootsie-adept-phoenix
1185000.0,,2.501513719558716,2.286708354949951,2.5170397758483887,llama-8b-tootsie-adept-phoenix
1185287.0,2.207139253616333,,,,llama-8b-tootsie-adept-phoenix
1185322.0,2.203876256942749,,,,llama-8b-tootsie-adept-phoenix
1185417.0,2.209705114364624,,,,llama-8b-tootsie-adept-phoenix
1185720.0,2.2161290645599365,,,,llama-8b-tootsie-adept-phoenix
1185757.0,2.2028183937072754,,,,llama-8b-tootsie-adept-phoenix
1185884.0,2.209601640701294,,,,llama-8b-tootsie-adept-phoenix
1185919.0,2.199624538421631,,,,llama-8b-tootsie-adept-phoenix
1186000.0,,2.50162935256958,2.2858521938323975,2.5163040161132812,llama-8b-tootsie-adept-phoenix
1186750.0,2.212763547897339,,,,llama-8b-tootsie-adept-phoenix
1187000.0,,2.5029096603393555,2.287123203277588,2.517491340637207,llama-8b-tootsie-adept-phoenix
1187893.0,2.2082109451293945,,,,llama-8b-tootsie-adept-phoenix
1188000.0,,2.502454996109009,2.2870900630950928,2.515697479248047,llama-8b-tootsie-adept-phoenix
1188153.0,2.2132177352905273,,,,llama-8b-tootsie-adept-phoenix
1188377.0,2.2010281085968018,,,,llama-8b-tootsie-adept-phoenix
1188542.0,2.2280495166778564,,,,llama-8b-tootsie-adept-phoenix
1189000.0,,2.5024828910827637,2.2870402336120605,2.514878034591675,llama-8b-tootsie-adept-phoenix
1189090.0,2.209582567214966,,,,llama-8b-tootsie-adept-phoenix
1189092.0,2.220197916030884,,,,llama-8b-tootsie-adept-phoenix
1189109.0,2.220890522003174,,,,llama-8b-tootsie-adept-phoenix
1189410.0,2.227813959121704,,,,llama-8b-tootsie-adept-phoenix
1189551.0,2.1999471187591553,,,,llama-8b-tootsie-adept-phoenix
1189558.0,2.223233461380005,,,,llama-8b-tootsie-adept-phoenix
1189617.0,2.2025444507598877,,,,llama-8b-tootsie-adept-phoenix
1189965.0,2.212522506713867,,,,llama-8b-tootsie-adept-phoenix
1190000.0,,2.502074718475342,2.286097526550293,2.516193389892578,llama-8b-tootsie-adept-phoenix
1190582.0,2.2019128799438477,,,,llama-8b-tootsie-adept-phoenix
1191000.0,,2.5026166439056396,2.2875099182128906,2.5197200775146484,llama-8b-tootsie-adept-phoenix
1191694.0,2.226836681365967,,,,llama-8b-tootsie-adept-phoenix
1191750.0,2.210881471633911,,,,llama-8b-tootsie-adept-phoenix
1191859.0,2.2016732692718506,,,,llama-8b-tootsie-adept-phoenix
1192000.0,,2.5032448768615723,2.2873194217681885,2.5186984539031982,llama-8b-tootsie-adept-phoenix
1192072.0,2.2130138874053955,,,,llama-8b-tootsie-adept-phoenix
1192124.0,2.211674451828003,,,,llama-8b-tootsie-adept-phoenix
1192200.0,2.2290170192718506,,,,llama-8b-tootsie-adept-phoenix
1192609.0,2.1935267448425293,,,,llama-8b-tootsie-adept-phoenix
1192900.0,2.213221549987793,,,,llama-8b-tootsie-adept-phoenix
1193000.0,,2.503246784210205,2.2860829830169678,2.515782356262207,llama-8b-tootsie-adept-phoenix
1193092.0,2.21551251411438,,,,llama-8b-tootsie-adept-phoenix
1193284.0,2.212705373764038,,,,llama-8b-tootsie-adept-phoenix
1193481.0,2.2068674564361572,,,,llama-8b-tootsie-adept-phoenix
1193606.0,2.224074602127075,,,,llama-8b-tootsie-adept-phoenix
1194000.0,,2.5021331310272217,2.2867329120635986,2.516897678375244,llama-8b-tootsie-adept-phoenix
1194224.0,2.2223970890045166,,,,llama-8b-tootsie-adept-phoenix
1194340.0,2.2065954208374023,,,,llama-8b-tootsie-adept-phoenix
1194485.0,2.197787046432495,,,,llama-8b-tootsie-adept-phoenix
1195000.0,,2.500587224960327,2.287107467651367,2.516611099243164,llama-8b-tootsie-adept-phoenix
1195372.0,2.2084529399871826,,,,llama-8b-tootsie-adept-phoenix
1195874.0,2.207531213760376,,,,llama-8b-tootsie-adept-phoenix
1196000.0,,2.502544641494751,2.287256956100464,2.5187501907348633,llama-8b-tootsie-adept-phoenix
1196031.0,2.209566354751587,,,,llama-8b-tootsie-adept-phoenix
1196258.0,2.2032485008239746,,,,llama-8b-tootsie-adept-phoenix
1196452.0,2.215496778488159,,,,llama-8b-tootsie-adept-phoenix
1196555.0,2.211024522781372,,,,llama-8b-tootsie-adept-phoenix
1197000.0,,2.5005412101745605,2.2870371341705322,2.516672372817993,llama-8b-tootsie-adept-phoenix
1197007.0,2.2116739749908447,,,,llama-8b-tootsie-adept-phoenix
1197086.0,2.218567132949829,,,,llama-8b-tootsie-adept-phoenix
1197092.0,2.210188627243042,,,,llama-8b-tootsie-adept-phoenix
1197486.0,2.2138452529907227,,,,llama-8b-tootsie-adept-phoenix
1197518.0,2.207274913787842,,,,llama-8b-tootsie-adept-phoenix
1197564.0,2.209637403488159,,,,llama-8b-tootsie-adept-phoenix
1197839.0,2.2142465114593506,,,,llama-8b-tootsie-adept-phoenix
1198000.0,,2.504509925842285,2.2893905639648438,2.5187978744506836,llama-8b-tootsie-adept-phoenix
1198161.0,2.2107136249542236,,,,llama-8b-tootsie-adept-phoenix
1198861.0,2.207453489303589,,,,llama-8b-tootsie-adept-phoenix
1198965.0,2.207167863845825,,,,llama-8b-tootsie-adept-phoenix
1198979.0,2.204277753829956,,,,llama-8b-tootsie-adept-phoenix
1199000.0,,2.504546880722046,2.2885217666625977,2.5203120708465576,llama-8b-tootsie-adept-phoenix
1199327.0,2.21403169631958,,,,llama-8b-tootsie-adept-phoenix
1199473.0,2.2004449367523193,,,,llama-8b-tootsie-adept-phoenix
1199792.0,2.1933882236480713,,,,llama-8b-tootsie-adept-phoenix
1200000.0,,2.5034279823303223,2.2879960536956787,2.5152368545532227,llama-8b-tootsie-adept-phoenix
1200177.0,2.218198776245117,,,,llama-8b-tootsie-adept-phoenix
1200263.0,2.2104709148406982,,,,llama-8b-tootsie-adept-phoenix
1200284.0,2.2064507007598877,,,,llama-8b-tootsie-adept-phoenix
1200444.0,2.198613405227661,,,,llama-8b-tootsie-adept-phoenix
1200688.0,2.2030069828033447,,,,llama-8b-tootsie-adept-phoenix
1201000.0,,2.5039660930633545,2.2859058380126953,2.5139317512512207,llama-8b-tootsie-adept-phoenix
1201848.0,2.211315631866455,,,,llama-8b-tootsie-adept-phoenix
1202000.0,,2.5030317306518555,2.2868218421936035,2.516085147857666,llama-8b-tootsie-adept-phoenix
1202186.0,2.2064852714538574,,,,llama-8b-tootsie-adept-phoenix
1202278.0,2.2178244590759277,,,,llama-8b-tootsie-adept-phoenix
1202387.0,2.2114098072052,,,,llama-8b-tootsie-adept-phoenix
1202447.0,2.2130725383758545,,,,llama-8b-tootsie-adept-phoenix
1202557.0,2.2098593711853027,,,,llama-8b-tootsie-adept-phoenix
1202682.0,2.207109212875366,,,,llama-8b-tootsie-adept-phoenix
1203000.0,,2.5012762546539307,2.2846360206604004,2.514305353164673,llama-8b-tootsie-adept-phoenix
1203336.0,2.196826934814453,,,,llama-8b-tootsie-adept-phoenix
1203453.0,2.2002880573272705,,,,llama-8b-tootsie-adept-phoenix
1204000.0,,2.5011160373687744,2.2888975143432617,2.5165936946868896,llama-8b-tootsie-adept-phoenix
1204025.0,2.2179737091064453,,,,llama-8b-tootsie-adept-phoenix
1204095.0,2.2189879417419434,,,,llama-8b-tootsie-adept-phoenix
1204565.0,2.21942400932312,,,,llama-8b-tootsie-adept-phoenix
1204946.0,2.203282117843628,,,,llama-8b-tootsie-adept-phoenix
1205000.0,,2.504467487335205,2.2872860431671143,2.5183866024017334,llama-8b-tootsie-adept-phoenix
1205245.0,2.208845853805542,,,,llama-8b-tootsie-adept-phoenix
1205376.0,2.2218217849731445,,,,llama-8b-tootsie-adept-phoenix
1205467.0,2.2184414863586426,,,,llama-8b-tootsie-adept-phoenix
1205769.0,2.1942176818847656,,,,llama-8b-tootsie-adept-phoenix
1206000.0,,2.5008935928344727,2.285426616668701,2.5173494815826416,llama-8b-tootsie-adept-phoenix
1206009.0,2.220360279083252,,,,llama-8b-tootsie-adept-phoenix
1206018.0,2.2203357219696045,,,,llama-8b-tootsie-adept-phoenix
1206025.0,2.2096307277679443,,,,llama-8b-tootsie-adept-phoenix
1206096.0,2.2152462005615234,,,,llama-8b-tootsie-adept-phoenix
1206289.0,2.2164902687072754,,,,llama-8b-tootsie-adept-phoenix
1206355.0,2.201045274734497,,,,llama-8b-tootsie-adept-phoenix
1206382.0,2.2084434032440186,,,,llama-8b-tootsie-adept-phoenix
1206551.0,2.212524652481079,,,,llama-8b-tootsie-adept-phoenix
1206740.0,2.209352493286133,,,,llama-8b-tootsie-adept-phoenix
1206963.0,2.2048392295837402,,,,llama-8b-tootsie-adept-phoenix
1207000.0,,2.503990650177002,2.285158395767212,2.513489246368408,llama-8b-tootsie-adept-phoenix
1208000.0,,2.503303289413452,2.2861292362213135,2.515737533569336,llama-8b-tootsie-adept-phoenix
1208021.0,2.2210693359375,,,,llama-8b-tootsie-adept-phoenix
1208594.0,2.2227118015289307,,,,llama-8b-tootsie-adept-phoenix
1208653.0,2.204523801803589,,,,llama-8b-tootsie-adept-phoenix
1208984.0,2.1951143741607666,,,,llama-8b-tootsie-adept-phoenix
1208992.0,2.227083921432495,,,,llama-8b-tootsie-adept-phoenix
1209000.0,,2.5044913291931152,2.2874104976654053,2.517164707183838,llama-8b-tootsie-adept-phoenix
1209688.0,2.2157812118530273,,,,llama-8b-tootsie-adept-phoenix
1209703.0,2.213639259338379,,,,llama-8b-tootsie-adept-phoenix
1210000.0,,2.502203941345215,2.2875258922576904,2.5165202617645264,llama-8b-tootsie-adept-phoenix
1210139.0,2.2056710720062256,,,,llama-8b-tootsie-adept-phoenix
1210251.0,2.208225965499878,,,,llama-8b-tootsie-adept-phoenix
1210511.0,2.2196390628814697,,,,llama-8b-tootsie-adept-phoenix
1210594.0,2.195338249206543,,,,llama-8b-tootsie-adept-phoenix
1211000.0,,2.50520920753479,2.288576364517212,2.517122268676758,llama-8b-tootsie-adept-phoenix
1211214.0,2.2105045318603516,,,,llama-8b-tootsie-adept-phoenix
1211667.0,2.2031028270721436,,,,llama-8b-tootsie-adept-phoenix
1211884.0,2.2276434898376465,,,,llama-8b-tootsie-adept-phoenix
1212000.0,,2.503109931945801,2.287524461746216,2.5168099403381348,llama-8b-tootsie-adept-phoenix
1212242.0,2.213791847229004,,,,llama-8b-tootsie-adept-phoenix
1212783.0,2.199514865875244,,,,llama-8b-tootsie-adept-phoenix
1212890.0,2.2063448429107666,,,,llama-8b-tootsie-adept-phoenix
1212911.0,2.2101211547851562,,,,llama-8b-tootsie-adept-phoenix
1213000.0,,2.5012731552124023,2.286792039871216,2.516535758972168,llama-8b-tootsie-adept-phoenix
1213137.0,2.207117795944214,,,,llama-8b-tootsie-adept-phoenix
1213521.0,2.211287260055542,,,,llama-8b-tootsie-adept-phoenix
1214000.0,,2.501554012298584,2.286536693572998,2.5167646408081055,llama-8b-tootsie-adept-phoenix
1214088.0,2.221835136413574,,,,llama-8b-tootsie-adept-phoenix
1214169.0,2.201240062713623,,,,llama-8b-tootsie-adept-phoenix
1214343.0,2.200648069381714,,,,llama-8b-tootsie-adept-phoenix
1214500.0,2.2025506496429443,,,,llama-8b-tootsie-adept-phoenix
1214833.0,2.2090508937835693,,,,llama-8b-tootsie-adept-phoenix
1215000.0,,2.502554416656494,2.2874982357025146,2.518460273742676,llama-8b-tootsie-adept-phoenix
1215336.0,2.2129714488983154,,,,llama-8b-tootsie-adept-phoenix
1215502.0,2.2089505195617676,,,,llama-8b-tootsie-adept-phoenix
1215808.0,2.2051918506622314,,,,llama-8b-tootsie-adept-phoenix
1216000.0,,2.5004730224609375,2.286445379257202,2.516796112060547,llama-8b-tootsie-adept-phoenix
1216268.0,2.2190494537353516,,,,llama-8b-tootsie-adept-phoenix
1216974.0,2.2249155044555664,,,,llama-8b-tootsie-adept-phoenix
1217000.0,,2.503194808959961,2.285640239715576,2.514284372329712,llama-8b-tootsie-adept-phoenix
1217153.0,2.211944580078125,,,,llama-8b-tootsie-adept-phoenix
1217470.0,2.2007057666778564,,,,llama-8b-tootsie-adept-phoenix
1217592.0,2.2127060890197754,,,,llama-8b-tootsie-adept-phoenix
1218000.0,,2.503636121749878,2.2879912853240967,2.518838405609131,llama-8b-tootsie-adept-phoenix
1218040.0,2.199831485748291,,,,llama-8b-tootsie-adept-phoenix
1218280.0,2.210301160812378,,,,llama-8b-tootsie-adept-phoenix
1218297.0,2.199594497680664,,,,llama-8b-tootsie-adept-phoenix
1218632.0,2.1926019191741943,,,,llama-8b-tootsie-adept-phoenix
1218702.0,2.215272903442383,,,,llama-8b-tootsie-adept-phoenix
1218840.0,2.215608835220337,,,,llama-8b-tootsie-adept-phoenix
1219000.0,,2.5035064220428467,2.2867674827575684,2.5174102783203125,llama-8b-tootsie-adept-phoenix
1219032.0,2.1927785873413086,,,,llama-8b-tootsie-adept-phoenix
1219059.0,2.2032525539398193,,,,llama-8b-tootsie-adept-phoenix
1219120.0,2.211146831512451,,,,llama-8b-tootsie-adept-phoenix
1219215.0,2.2108166217803955,,,,llama-8b-tootsie-adept-phoenix
1219493.0,2.2138381004333496,,,,llama-8b-tootsie-adept-phoenix
1219524.0,2.204951524734497,,,,llama-8b-tootsie-adept-phoenix
1220000.0,,2.502310037612915,2.2857367992401123,2.5194826126098633,llama-8b-tootsie-adept-phoenix
1220041.0,2.2189178466796875,,,,llama-8b-tootsie-adept-phoenix
1220213.0,2.225907564163208,,,,llama-8b-tootsie-adept-phoenix
1221000.0,,2.5029029846191406,2.286322832107544,2.5137953758239746,llama-8b-tootsie-adept-phoenix
1221222.0,2.1929826736450195,,,,llama-8b-tootsie-adept-phoenix
1221374.0,2.225735902786255,,,,llama-8b-tootsie-adept-phoenix
1221509.0,2.2083609104156494,,,,llama-8b-tootsie-adept-phoenix
1222000.0,,2.5019307136535645,2.287501811981201,2.5187954902648926,llama-8b-tootsie-adept-phoenix
1222265.0,2.2097625732421875,,,,llama-8b-tootsie-adept-phoenix
1222824.0,2.210536479949951,,,,llama-8b-tootsie-adept-phoenix
1222920.0,2.19848370552063,,,,llama-8b-tootsie-adept-phoenix
1223000.0,,2.5040974617004395,2.2866392135620117,2.515822649002075,llama-8b-tootsie-adept-phoenix
1223057.0,2.2316372394561768,,,,llama-8b-tootsie-adept-phoenix
1223715.0,2.2012853622436523,,,,llama-8b-tootsie-adept-phoenix
1223842.0,2.19836688041687,,,,llama-8b-tootsie-adept-phoenix
1224000.0,,2.507108688354492,2.2867417335510254,2.515742778778076,llama-8b-tootsie-adept-phoenix
1224122.0,2.2150003910064697,,,,llama-8b-tootsie-adept-phoenix
1224481.0,2.2025721073150635,,,,llama-8b-tootsie-adept-phoenix
1224640.0,2.219727039337158,,,,llama-8b-tootsie-adept-phoenix
1224723.0,2.208925485610962,,,,llama-8b-tootsie-adept-phoenix
1224874.0,2.1993162631988525,,,,llama-8b-tootsie-adept-phoenix
1225000.0,,2.5055007934570312,2.2873010635375977,2.5166866779327393,llama-8b-tootsie-adept-phoenix
1225332.0,2.1982696056365967,,,,llama-8b-tootsie-adept-phoenix
1225393.0,2.2089362144470215,,,,llama-8b-tootsie-adept-phoenix
1225687.0,2.219550609588623,,,,llama-8b-tootsie-adept-phoenix
1225823.0,2.2167067527770996,,,,llama-8b-tootsie-adept-phoenix
1226000.0,,2.502234935760498,2.287508726119995,2.516960620880127,llama-8b-tootsie-adept-phoenix
1227000.0,,2.5021448135375977,2.285780668258667,2.5142974853515625,llama-8b-tootsie-adept-phoenix
1227142.0,2.2031517028808594,,,,llama-8b-tootsie-adept-phoenix
1227323.0,2.1940019130706787,,,,llama-8b-tootsie-adept-phoenix
1227495.0,2.208451509475708,,,,llama-8b-tootsie-adept-phoenix
1227627.0,2.2061777114868164,,,,llama-8b-tootsie-adept-phoenix
1228000.0,,2.502295970916748,2.2855138778686523,2.511958122253418,llama-8b-tootsie-adept-phoenix
1228044.0,2.211240768432617,,,,llama-8b-tootsie-adept-phoenix
1228049.0,2.2136316299438477,,,,llama-8b-tootsie-adept-phoenix
1228417.0,2.2149603366851807,,,,llama-8b-tootsie-adept-phoenix
1228472.0,2.1994285583496094,,,,llama-8b-tootsie-adept-phoenix
1228879.0,2.1893136501312256,,,,llama-8b-tootsie-adept-phoenix
1229000.0,,2.5019378662109375,2.2876460552215576,2.51820969581604,llama-8b-tootsie-adept-phoenix
1229441.0,2.211296558380127,,,,llama-8b-tootsie-adept-phoenix
1230000.0,,2.5009820461273193,2.2852895259857178,2.513807535171509,llama-8b-tootsie-adept-phoenix
1230315.0,2.212675094604492,,,,llama-8b-tootsie-adept-phoenix
1230532.0,2.213355541229248,,,,llama-8b-tootsie-adept-phoenix
1230643.0,2.1998205184936523,,,,llama-8b-tootsie-adept-phoenix
1231000.0,,2.501507520675659,2.284940004348755,2.513547897338867,llama-8b-tootsie-adept-phoenix
1231431.0,2.2075788974761963,,,,llama-8b-tootsie-adept-phoenix
1231813.0,2.1989951133728027,,,,llama-8b-tootsie-adept-phoenix
1231865.0,2.1987831592559814,,,,llama-8b-tootsie-adept-phoenix
1232000.0,,2.501796245574951,2.2860021591186523,2.5169425010681152,llama-8b-tootsie-adept-phoenix
1232453.0,2.209076404571533,,,,llama-8b-tootsie-adept-phoenix
1233000.0,,2.501678705215454,2.286238431930542,2.5177245140075684,llama-8b-tootsie-adept-phoenix
1233109.0,2.204265832901001,,,,llama-8b-tootsie-adept-phoenix
1233168.0,2.2189462184906006,,,,llama-8b-tootsie-adept-phoenix
1233810.0,2.203057050704956,,,,llama-8b-tootsie-adept-phoenix
1234000.0,,2.5016183853149414,2.2857718467712402,2.513491630554199,llama-8b-tootsie-adept-phoenix
1234032.0,2.212423801422119,,,,llama-8b-tootsie-adept-phoenix
1234556.0,2.2210702896118164,,,,llama-8b-tootsie-adept-phoenix
1234614.0,2.2256715297698975,,,,llama-8b-tootsie-adept-phoenix
1234905.0,2.2011635303497314,,,,llama-8b-tootsie-adept-phoenix
1235000.0,,2.5022802352905273,2.2871930599212646,2.517204761505127,llama-8b-tootsie-adept-phoenix
1235159.0,2.2080271244049072,,,,llama-8b-tootsie-adept-phoenix
1235886.0,2.2204461097717285,,,,llama-8b-tootsie-adept-phoenix
1236000.0,,2.5031661987304688,2.2872400283813477,2.515084743499756,llama-8b-tootsie-adept-phoenix
1237000.0,,2.505190372467041,2.287554979324341,2.51495099067688,llama-8b-tootsie-adept-phoenix
1237672.0,2.1987152099609375,,,,llama-8b-tootsie-adept-phoenix
1237682.0,2.1967294216156006,,,,llama-8b-tootsie-adept-phoenix
1238000.0,,2.5044312477111816,2.288717269897461,2.519603967666626,llama-8b-tootsie-adept-phoenix
1238973.0,2.2022411823272705,,,,llama-8b-tootsie-adept-phoenix
1239000.0,,2.5042762756347656,2.2895965576171875,2.5186586380004883,llama-8b-tootsie-adept-phoenix
1239102.0,2.2066245079040527,,,,llama-8b-tootsie-adept-phoenix
1240000.0,,2.5028433799743652,2.2860050201416016,2.516078233718872,llama-8b-tootsie-adept-phoenix
1240179.0,2.200413942337036,,,,llama-8b-tootsie-adept-phoenix
1240282.0,2.19999361038208,,,,llama-8b-tootsie-adept-phoenix
1240990.0,2.196507692337036,,,,llama-8b-tootsie-adept-phoenix
1240997.0,2.2079927921295166,,,,llama-8b-tootsie-adept-phoenix
1241000.0,,2.5020272731781006,2.286022663116455,2.5149176120758057,llama-8b-tootsie-adept-phoenix
1241034.0,2.216538906097412,,,,llama-8b-tootsie-adept-phoenix
1241400.0,2.198685884475708,,,,llama-8b-tootsie-adept-phoenix
1241452.0,2.1970653533935547,,,,llama-8b-tootsie-adept-phoenix
1241956.0,2.217836618423462,,,,llama-8b-tootsie-adept-phoenix
1242000.0,,2.5015392303466797,2.2858595848083496,2.5132646560668945,llama-8b-tootsie-adept-phoenix
1242122.0,2.2204837799072266,,,,llama-8b-tootsie-adept-phoenix
1242494.0,2.2085013389587402,,,,llama-8b-tootsie-adept-phoenix
1242648.0,2.1980390548706055,,,,llama-8b-tootsie-adept-phoenix
1242858.0,2.215773582458496,,,,llama-8b-tootsie-adept-phoenix
1243000.0,,2.5006906986236572,2.2866580486297607,2.5163254737854004,llama-8b-tootsie-adept-phoenix
1243211.0,2.228180408477783,,,,llama-8b-tootsie-adept-phoenix
1243721.0,2.2176432609558105,,,,llama-8b-tootsie-adept-phoenix
1243866.0,2.216327667236328,,,,llama-8b-tootsie-adept-phoenix
1243988.0,2.208080530166626,,,,llama-8b-tootsie-adept-phoenix
1244000.0,,2.501150131225586,2.287233352661133,2.5167503356933594,llama-8b-tootsie-adept-phoenix
1244079.0,2.2084553241729736,,,,llama-8b-tootsie-adept-phoenix
1244489.0,2.2044670581817627,,,,llama-8b-tootsie-adept-phoenix
1244597.0,2.2006113529205322,,,,llama-8b-tootsie-adept-phoenix
1244737.0,2.2118358612060547,,,,llama-8b-tootsie-adept-phoenix
1244783.0,2.211789131164551,,,,llama-8b-tootsie-adept-phoenix
1245000.0,,2.5023157596588135,2.2860312461853027,2.5153098106384277,llama-8b-tootsie-adept-phoenix
1245735.0,2.1990015506744385,,,,llama-8b-tootsie-adept-phoenix
1245996.0,2.2118611335754395,,,,llama-8b-tootsie-adept-phoenix
1246000.0,,2.501695156097412,2.2851858139038086,2.5166189670562744,llama-8b-tootsie-adept-phoenix
1246040.0,2.2167344093322754,,,,llama-8b-tootsie-adept-phoenix
1246310.0,2.198884963989258,,,,llama-8b-tootsie-adept-phoenix
1246579.0,2.2220468521118164,,,,llama-8b-tootsie-adept-phoenix
1246999.0,2.2191803455352783,,,,llama-8b-tootsie-adept-phoenix
1247000.0,,2.503561019897461,2.287912130355835,2.51875638961792,llama-8b-tootsie-adept-phoenix
1247111.0,2.2146878242492676,,,,llama-8b-tootsie-adept-phoenix
1247323.0,2.2114083766937256,,,,llama-8b-tootsie-adept-phoenix
1247894.0,2.2118911743164062,,,,llama-8b-tootsie-adept-phoenix
1248000.0,,2.5022084712982178,2.286205530166626,2.516725540161133,llama-8b-tootsie-adept-phoenix
1249000.0,,2.5049290657043457,2.2868590354919434,2.516940116882324,llama-8b-tootsie-adept-phoenix
1249211.0,2.2149808406829834,,,,llama-8b-tootsie-adept-phoenix
1249508.0,2.2169177532196045,,,,llama-8b-tootsie-adept-phoenix
1249566.0,2.220211982727051,,,,llama-8b-tootsie-adept-phoenix
1249642.0,2.201155185699463,,,,llama-8b-tootsie-adept-phoenix
1249745.0,2.2062041759490967,,,,llama-8b-tootsie-adept-phoenix
1249968.0,2.211998701095581,,,,llama-8b-tootsie-adept-phoenix
1250000.0,,2.500990152359009,2.2851550579071045,2.5154106616973877,llama-8b-tootsie-adept-phoenix
1250047.0,2.2104849815368652,,,,llama-8b-tootsie-adept-phoenix
1250198.0,2.211092948913574,,,,llama-8b-tootsie-adept-phoenix
1250597.0,2.2134788036346436,,,,llama-8b-tootsie-adept-phoenix
1251000.0,,2.5021047592163086,2.284637451171875,2.512934684753418,llama-8b-tootsie-adept-phoenix
1251851.0,2.2180445194244385,,,,llama-8b-tootsie-adept-phoenix
1252000.0,,2.5030932426452637,2.2865772247314453,2.5178284645080566,llama-8b-tootsie-adept-phoenix
1252480.0,2.20540714263916,,,,llama-8b-tootsie-adept-phoenix
1252599.0,2.2161881923675537,,,,llama-8b-tootsie-adept-phoenix
1253000.0,,2.500918388366699,2.2874181270599365,2.515869140625,llama-8b-tootsie-adept-phoenix
1253796.0,2.2157070636749268,,,,llama-8b-tootsie-adept-phoenix
1254000.0,,2.5037126541137695,2.2848668098449707,2.5152196884155273,llama-8b-tootsie-adept-phoenix
1254322.0,2.21136474609375,,,,llama-8b-tootsie-adept-phoenix
1254998.0,2.200206756591797,,,,llama-8b-tootsie-adept-phoenix
1255000.0,,2.5037572383880615,2.286419630050659,2.5179977416992188,llama-8b-tootsie-adept-phoenix
1255283.0,2.2158918380737305,,,,llama-8b-tootsie-adept-phoenix
1255881.0,2.2101643085479736,,,,llama-8b-tootsie-adept-phoenix
1255913.0,2.2157156467437744,,,,llama-8b-tootsie-adept-phoenix
1256000.0,,2.502467632293701,2.2882471084594727,2.518970012664795,llama-8b-tootsie-adept-phoenix
1256476.0,2.206090211868286,,,,llama-8b-tootsie-adept-phoenix
1256507.0,2.2201106548309326,,,,llama-8b-tootsie-adept-phoenix
1256545.0,2.2132110595703125,,,,llama-8b-tootsie-adept-phoenix
1257000.0,,2.502185821533203,2.2855429649353027,2.514904737472534,llama-8b-tootsie-adept-phoenix
1257752.0,2.1935219764709473,,,,llama-8b-tootsie-adept-phoenix
1257828.0,2.2101457118988037,,,,llama-8b-tootsie-adept-phoenix
1257845.0,2.202636957168579,,,,llama-8b-tootsie-adept-phoenix
1257972.0,2.2051339149475098,,,,llama-8b-tootsie-adept-phoenix
1258000.0,,2.5014615058898926,2.2842068672180176,2.5132765769958496,llama-8b-tootsie-adept-phoenix
1258301.0,2.2070834636688232,,,,llama-8b-tootsie-adept-phoenix
1258395.0,2.2214040756225586,,,,llama-8b-tootsie-adept-phoenix
1259000.0,,2.501317262649536,2.2841854095458984,2.509190082550049,llama-8b-tootsie-adept-phoenix
1259104.0,2.2280807495117188,,,,llama-8b-tootsie-adept-phoenix
1259174.0,2.214789628982544,,,,llama-8b-tootsie-adept-phoenix
1259988.0,2.223693370819092,,,,llama-8b-tootsie-adept-phoenix
1260000.0,,2.5027127265930176,2.2849254608154297,2.5122742652893066,llama-8b-tootsie-adept-phoenix
1260483.0,2.2124617099761963,,,,llama-8b-tootsie-adept-phoenix
1260682.0,2.2149946689605713,,,,llama-8b-tootsie-adept-phoenix
1261000.0,,2.4995856285095215,2.283836841583252,2.5121359825134277,llama-8b-tootsie-adept-phoenix
1261631.0,2.224768877029419,,,,llama-8b-tootsie-adept-phoenix
1261641.0,2.204885244369507,,,,llama-8b-tootsie-adept-phoenix
1261769.0,2.204878807067871,,,,llama-8b-tootsie-adept-phoenix
1261865.0,2.211132049560547,,,,llama-8b-tootsie-adept-phoenix
1261988.0,2.2034800052642822,,,,llama-8b-tootsie-adept-phoenix
1262000.0,,2.5045077800750732,2.2892932891845703,2.518949508666992,llama-8b-tootsie-adept-phoenix
1262273.0,2.206155300140381,,,,llama-8b-tootsie-adept-phoenix
1263000.0,,2.5018908977508545,2.287527084350586,2.5169482231140137,llama-8b-tootsie-adept-phoenix
1263146.0,2.20766282081604,,,,llama-8b-tootsie-adept-phoenix
1263600.0,2.2135188579559326,,,,llama-8b-tootsie-adept-phoenix
1263693.0,2.1974549293518066,,,,llama-8b-tootsie-adept-phoenix
1263701.0,2.2035536766052246,,,,llama-8b-tootsie-adept-phoenix
1264000.0,,2.502805233001709,2.2866950035095215,2.5160789489746094,llama-8b-tootsie-adept-phoenix
1264144.0,2.2069575786590576,,,,llama-8b-tootsie-adept-phoenix
1264214.0,2.197572708129883,,,,llama-8b-tootsie-adept-phoenix
1264464.0,2.2101006507873535,,,,llama-8b-tootsie-adept-phoenix
1264588.0,2.202889919281006,,,,llama-8b-tootsie-adept-phoenix
1265000.0,,2.50392484664917,2.28635835647583,2.5156102180480957,llama-8b-tootsie-adept-phoenix
1265030.0,2.2253024578094482,,,,llama-8b-tootsie-adept-phoenix
1265145.0,2.223182439804077,,,,llama-8b-tootsie-adept-phoenix
1265449.0,2.2325453758239746,,,,llama-8b-tootsie-adept-phoenix
1265726.0,2.218386173248291,,,,llama-8b-tootsie-adept-phoenix
1266000.0,,2.500098705291748,2.2863903045654297,2.518785238265991,llama-8b-tootsie-adept-phoenix
1266298.0,2.200697422027588,,,,llama-8b-tootsie-adept-phoenix
1266532.0,2.207310676574707,,,,llama-8b-tootsie-adept-phoenix
1267000.0,,2.5024588108062744,2.2874722480773926,2.5165276527404785,llama-8b-tootsie-adept-phoenix
1267075.0,2.2125794887542725,,,,llama-8b-tootsie-adept-phoenix
1267264.0,2.2089669704437256,,,,llama-8b-tootsie-adept-phoenix
1267390.0,2.2042603492736816,,,,llama-8b-tootsie-adept-phoenix
1267469.0,2.206023931503296,,,,llama-8b-tootsie-adept-phoenix
1268000.0,,2.5014522075653076,2.2849972248077393,2.5143227577209473,llama-8b-tootsie-adept-phoenix
1268022.0,2.2209558486938477,,,,llama-8b-tootsie-adept-phoenix
1269000.0,,2.5019571781158447,2.286177635192871,2.5178871154785156,llama-8b-tootsie-adept-phoenix
1269561.0,2.206763744354248,,,,llama-8b-tootsie-adept-phoenix
1269703.0,2.186518669128418,,,,llama-8b-tootsie-adept-phoenix
1270000.0,,2.501110076904297,2.285031795501709,2.5140562057495117,llama-8b-tootsie-adept-phoenix
1270454.0,2.1993186473846436,,,,llama-8b-tootsie-adept-phoenix
1270959.0,2.2143659591674805,,,,llama-8b-tootsie-adept-phoenix
1271000.0,,2.5032737255096436,2.288393020629883,2.5143933296203613,llama-8b-tootsie-adept-phoenix
1271118.0,2.210547924041748,,,,llama-8b-tootsie-adept-phoenix
1271633.0,2.201899290084839,,,,llama-8b-tootsie-adept-phoenix
1271807.0,2.22540020942688,,,,llama-8b-tootsie-adept-phoenix
1271992.0,2.206366777420044,,,,llama-8b-tootsie-adept-phoenix
1272000.0,,2.5021533966064453,2.287109136581421,2.5167880058288574,llama-8b-tootsie-adept-phoenix
1272090.0,2.2259676456451416,,,,llama-8b-tootsie-adept-phoenix
1272850.0,2.223402261734009,,,,llama-8b-tootsie-adept-phoenix
1273000.0,,2.501272201538086,2.284705400466919,2.5142757892608643,llama-8b-tootsie-adept-phoenix
1273061.0,2.2211222648620605,,,,llama-8b-tootsie-adept-phoenix
1273591.0,2.2109014987945557,,,,llama-8b-tootsie-adept-phoenix
1273875.0,2.2195866107940674,,,,llama-8b-tootsie-adept-phoenix
1274000.0,,2.5032811164855957,2.2866084575653076,2.515172004699707,llama-8b-tootsie-adept-phoenix
1274178.0,2.205141544342041,,,,llama-8b-tootsie-adept-phoenix
1274771.0,2.2244131565093994,,,,llama-8b-tootsie-adept-phoenix
1274868.0,2.2169623374938965,,,,llama-8b-tootsie-adept-phoenix
1275000.0,,2.50457763671875,2.287609815597534,2.5151398181915283,llama-8b-tootsie-adept-phoenix
1275547.0,2.2104711532592773,,,,llama-8b-tootsie-adept-phoenix
1275664.0,2.2196154594421387,,,,llama-8b-tootsie-adept-phoenix
1275739.0,2.2216851711273193,,,,llama-8b-tootsie-adept-phoenix
1276000.0,,2.5039279460906982,2.286649703979492,2.516889810562134,llama-8b-tootsie-adept-phoenix
1276379.0,2.19429349899292,,,,llama-8b-tootsie-adept-phoenix
1277000.0,,2.5045158863067627,2.287323236465454,2.5179555416107178,llama-8b-tootsie-adept-phoenix
1278000.0,,2.5047221183776855,2.2878546714782715,2.517343759536743,llama-8b-tootsie-adept-phoenix
1278548.0,2.193753242492676,,,,llama-8b-tootsie-adept-phoenix
1279000.0,,2.5016751289367676,2.2859344482421875,2.513822078704834,llama-8b-tootsie-adept-phoenix
1279696.0,2.2174899578094482,,,,llama-8b-tootsie-adept-phoenix
1279782.0,2.210983991622925,,,,llama-8b-tootsie-adept-phoenix
1279909.0,2.2137575149536133,,,,llama-8b-tootsie-adept-phoenix
1280000.0,,2.5037312507629395,2.2884864807128906,2.518541097640991,llama-8b-tootsie-adept-phoenix
1280450.0,2.221409797668457,,,,llama-8b-tootsie-adept-phoenix
1280566.0,2.2061078548431396,,,,llama-8b-tootsie-adept-phoenix
1280734.0,2.2014992237091064,,,,llama-8b-tootsie-adept-phoenix
1281000.0,,2.502714157104492,2.286499500274658,2.5172979831695557,llama-8b-tootsie-adept-phoenix
1281793.0,2.20550537109375,,,,llama-8b-tootsie-adept-phoenix
1282000.0,,2.504912853240967,2.2868993282318115,2.5156421661376953,llama-8b-tootsie-adept-phoenix
1282059.0,2.2038326263427734,,,,llama-8b-tootsie-adept-phoenix
1282215.0,2.1966476440429688,,,,llama-8b-tootsie-adept-phoenix
1282328.0,2.2115890979766846,,,,llama-8b-tootsie-adept-phoenix
1282608.0,2.214121103286743,,,,llama-8b-tootsie-adept-phoenix
1283000.0,,2.5036306381225586,2.286712884902954,2.516650438308716,llama-8b-tootsie-adept-phoenix
1283652.0,2.223137617111206,,,,llama-8b-tootsie-adept-phoenix
1283964.0,2.1833417415618896,,,,llama-8b-tootsie-adept-phoenix
1284000.0,,2.4995064735412598,2.284456968307495,2.513171434402466,llama-8b-tootsie-adept-phoenix
1284124.0,2.2088444232940674,,,,llama-8b-tootsie-adept-phoenix
1284162.0,2.2208800315856934,,,,llama-8b-tootsie-adept-phoenix
1284295.0,2.219740867614746,,,,llama-8b-tootsie-adept-phoenix
1284393.0,2.2045087814331055,,,,llama-8b-tootsie-adept-phoenix
1285000.0,,2.5028274059295654,2.28568434715271,2.516630172729492,llama-8b-tootsie-adept-phoenix
1285017.0,2.2021121978759766,,,,llama-8b-tootsie-adept-phoenix
1285393.0,2.2134740352630615,,,,llama-8b-tootsie-adept-phoenix
1286000.0,,2.502105236053467,2.289686441421509,2.519737482070923,llama-8b-tootsie-adept-phoenix
1286131.0,2.213075637817383,,,,llama-8b-tootsie-adept-phoenix
1286346.0,2.2052831649780273,,,,llama-8b-tootsie-adept-phoenix
1287000.0,,2.503444194793701,2.2871077060699463,2.5180258750915527,llama-8b-tootsie-adept-phoenix
1287699.0,2.2031610012054443,,,,llama-8b-tootsie-adept-phoenix
1287711.0,2.216250419616699,,,,llama-8b-tootsie-adept-phoenix
1287922.0,2.223982810974121,,,,llama-8b-tootsie-adept-phoenix
1287951.0,2.200826406478882,,,,llama-8b-tootsie-adept-phoenix
1288000.0,,2.499558687210083,2.285625457763672,2.516289472579956,llama-8b-tootsie-adept-phoenix
1288420.0,2.2114148139953613,,,,llama-8b-tootsie-adept-phoenix
1288689.0,2.218555450439453,,,,llama-8b-tootsie-adept-phoenix
1288914.0,2.2138192653656006,,,,llama-8b-tootsie-adept-phoenix
1289000.0,,2.503422498703003,2.288022756576538,2.5195541381835938,llama-8b-tootsie-adept-phoenix
1289197.0,2.203333616256714,,,,llama-8b-tootsie-adept-phoenix
1289727.0,2.2082643508911133,,,,llama-8b-tootsie-adept-phoenix
1290000.0,,2.5050320625305176,2.2874722480773926,2.5180258750915527,llama-8b-tootsie-adept-phoenix
1290607.0,2.2198688983917236,,,,llama-8b-tootsie-adept-phoenix
1291000.0,,2.5033254623413086,2.286648750305176,2.515767812728882,llama-8b-tootsie-adept-phoenix
1291967.0,2.216771125793457,,,,llama-8b-tootsie-adept-phoenix
1292000.0,,2.502917528152466,2.2856857776641846,2.5143113136291504,llama-8b-tootsie-adept-phoenix
1292058.0,2.2068660259246826,,,,llama-8b-tootsie-adept-phoenix
1292479.0,2.2164933681488037,,,,llama-8b-tootsie-adept-phoenix
1292596.0,2.214531421661377,,,,llama-8b-tootsie-adept-phoenix
1292849.0,2.2061948776245117,,,,llama-8b-tootsie-adept-phoenix
1293000.0,,2.500763177871704,2.2847228050231934,2.5135316848754883,llama-8b-tootsie-adept-phoenix
1293651.0,2.207159996032715,,,,llama-8b-tootsie-adept-phoenix
1293838.0,2.2038512229919434,,,,llama-8b-tootsie-adept-phoenix
1294000.0,,2.502976417541504,2.2852935791015625,2.512939929962158,llama-8b-tootsie-adept-phoenix
1294500.0,2.2087502479553223,,,,llama-8b-tootsie-adept-phoenix
1294504.0,2.2023890018463135,,,,llama-8b-tootsie-adept-phoenix
1294559.0,2.206918716430664,,,,llama-8b-tootsie-adept-phoenix
1294924.0,2.2085635662078857,,,,llama-8b-tootsie-adept-phoenix
1295000.0,,2.500915765762329,2.293121576309204,2.5237457752227783,llama-8b-tootsie-adept-phoenix
1295369.0,2.206874132156372,,,,llama-8b-tootsie-adept-phoenix
1295408.0,2.1995339393615723,,,,llama-8b-tootsie-adept-phoenix
1295445.0,2.210303544998169,,,,llama-8b-tootsie-adept-phoenix
1295934.0,2.2069358825683594,,,,llama-8b-tootsie-adept-phoenix
1296000.0,,2.5010714530944824,2.285259962081909,2.513272762298584,llama-8b-tootsie-adept-phoenix
1296181.0,2.2048816680908203,,,,llama-8b-tootsie-adept-phoenix
1296205.0,2.1918301582336426,,,,llama-8b-tootsie-adept-phoenix
1296628.0,2.1977663040161133,,,,llama-8b-tootsie-adept-phoenix
1297000.0,,2.501936912536621,2.2861886024475098,2.5164566040039062,llama-8b-tootsie-adept-phoenix
1297281.0,2.208367347717285,,,,llama-8b-tootsie-adept-phoenix
1297564.0,2.228365182876587,,,,llama-8b-tootsie-adept-phoenix
1297616.0,2.2111849784851074,,,,llama-8b-tootsie-adept-phoenix
1298000.0,,2.502610683441162,2.286999464035034,2.5173392295837402,llama-8b-tootsie-adept-phoenix
1298134.0,2.217374801635742,,,,llama-8b-tootsie-adept-phoenix
1298918.0,2.213381052017212,,,,llama-8b-tootsie-adept-phoenix
1299000.0,,2.5044069290161133,2.287522077560425,2.5191893577575684,llama-8b-tootsie-adept-phoenix
1299019.0,2.2009525299072266,,,,llama-8b-tootsie-adept-phoenix
1299272.0,2.208698272705078,,,,llama-8b-tootsie-adept-phoenix
1299566.0,2.2120859622955322,,,,llama-8b-tootsie-adept-phoenix
1299963.0,2.1924643516540527,,,,llama-8b-tootsie-adept-phoenix
1300000.0,,2.501091718673706,2.2842705249786377,2.513719081878662,llama-8b-tootsie-adept-phoenix
1300129.0,2.1938600540161133,,,,llama-8b-tootsie-adept-phoenix
1300269.0,2.2226998805999756,,,,llama-8b-tootsie-adept-phoenix
1301000.0,,2.5019071102142334,2.2855050563812256,2.5153348445892334,llama-8b-tootsie-adept-phoenix
1301173.0,2.2154364585876465,,,,llama-8b-tootsie-adept-phoenix
1301375.0,2.2226765155792236,,,,llama-8b-tootsie-adept-phoenix
1302000.0,,2.5025641918182373,2.285543203353882,2.5140490531921387,llama-8b-tootsie-adept-phoenix
1302176.0,2.2003629207611084,,,,llama-8b-tootsie-adept-phoenix
1302210.0,2.2127883434295654,,,,llama-8b-tootsie-adept-phoenix
1302610.0,2.2026333808898926,,,,llama-8b-tootsie-adept-phoenix
1302642.0,2.2085530757904053,,,,llama-8b-tootsie-adept-phoenix
1302781.0,2.221674919128418,,,,llama-8b-tootsie-adept-phoenix
1303000.0,,2.5028626918792725,2.286283016204834,2.5170156955718994,llama-8b-tootsie-adept-phoenix
1303017.0,2.208761692047119,,,,llama-8b-tootsie-adept-phoenix
1303466.0,2.2170441150665283,,,,llama-8b-tootsie-adept-phoenix
1303732.0,2.1943721771240234,,,,llama-8b-tootsie-adept-phoenix
1303999.0,2.2124276161193848,,,,llama-8b-tootsie-adept-phoenix
1304000.0,,2.4998183250427246,2.2848563194274902,2.5153744220733643,llama-8b-tootsie-adept-phoenix
1304031.0,2.2082085609436035,,,,llama-8b-tootsie-adept-phoenix
1304191.0,2.19368314743042,,,,llama-8b-tootsie-adept-phoenix
1304257.0,2.21435809135437,,,,llama-8b-tootsie-adept-phoenix
1304446.0,2.2124414443969727,,,,llama-8b-tootsie-adept-phoenix
1304661.0,2.2017829418182373,,,,llama-8b-tootsie-adept-phoenix
1304731.0,2.1995620727539062,,,,llama-8b-tootsie-adept-phoenix
1305000.0,,2.5024538040161133,2.2855794429779053,2.517000675201416,llama-8b-tootsie-adept-phoenix
1305182.0,2.2086267471313477,,,,llama-8b-tootsie-adept-phoenix
1305545.0,2.211458444595337,,,,llama-8b-tootsie-adept-phoenix
1305849.0,2.2033462524414062,,,,llama-8b-tootsie-adept-phoenix
1305894.0,2.215134382247925,,,,llama-8b-tootsie-adept-phoenix
1306000.0,,2.5010552406311035,2.2841289043426514,2.513920783996582,llama-8b-tootsie-adept-phoenix
1306294.0,2.214637041091919,,,,llama-8b-tootsie-adept-phoenix
1306794.0,2.20866322517395,,,,llama-8b-tootsie-adept-phoenix
1306864.0,2.215786933898926,,,,llama-8b-tootsie-adept-phoenix
1307000.0,,2.50349760055542,2.286684989929199,2.5183868408203125,llama-8b-tootsie-adept-phoenix
1307048.0,2.210064172744751,,,,llama-8b-tootsie-adept-phoenix
1307140.0,2.1976284980773926,,,,llama-8b-tootsie-adept-phoenix
1307391.0,2.19564151763916,,,,llama-8b-tootsie-adept-phoenix
1307421.0,2.213287353515625,,,,llama-8b-tootsie-adept-phoenix
1307676.0,2.2178750038146973,,,,llama-8b-tootsie-adept-phoenix
1307857.0,2.214108943939209,,,,llama-8b-tootsie-adept-phoenix
1307999.0,2.2071738243103027,,,,llama-8b-tootsie-adept-phoenix
1308000.0,,2.5019490718841553,2.285724639892578,2.515131950378418,llama-8b-tootsie-adept-phoenix
1308010.0,2.213698387145996,,,,llama-8b-tootsie-adept-phoenix
1308278.0,2.21211838722229,,,,llama-8b-tootsie-adept-phoenix
1308312.0,2.2187578678131104,,,,llama-8b-tootsie-adept-phoenix
1309000.0,,2.5032505989074707,2.285515546798706,2.516610622406006,llama-8b-tootsie-adept-phoenix
1309130.0,2.2035975456237793,,,,llama-8b-tootsie-adept-phoenix
1309947.0,2.207308530807495,,,,llama-8b-tootsie-adept-phoenix
1310000.0,,2.5003232955932617,2.2849960327148438,2.5150318145751953,llama-8b-tootsie-adept-phoenix
1310649.0,2.2187373638153076,,,,llama-8b-tootsie-adept-phoenix
1310898.0,2.207975387573242,,,,llama-8b-tootsie-adept-phoenix
1310900.0,2.2058088779449463,,,,llama-8b-tootsie-adept-phoenix
1311000.0,,2.4996321201324463,2.2854926586151123,2.512676954269409,llama-8b-tootsie-adept-phoenix
1311153.0,2.2108240127563477,,,,llama-8b-tootsie-adept-phoenix
1311210.0,2.2200982570648193,,,,llama-8b-tootsie-adept-phoenix
1311467.0,2.2080869674682617,,,,llama-8b-tootsie-adept-phoenix
1311503.0,2.209538698196411,,,,llama-8b-tootsie-adept-phoenix
1311527.0,2.21516489982605,,,,llama-8b-tootsie-adept-phoenix
1311726.0,2.2139079570770264,,,,llama-8b-tootsie-adept-phoenix
1311741.0,2.202432870864868,,,,llama-8b-tootsie-adept-phoenix
1311757.0,2.1965153217315674,,,,llama-8b-tootsie-adept-phoenix
1312000.0,,2.5025575160980225,2.285203218460083,2.513223648071289,llama-8b-tootsie-adept-phoenix
1312007.0,2.203338623046875,,,,llama-8b-tootsie-adept-phoenix
1312729.0,2.2030885219573975,,,,llama-8b-tootsie-adept-phoenix
1312835.0,2.2224276065826416,,,,llama-8b-tootsie-adept-phoenix
1312923.0,2.2148091793060303,,,,llama-8b-tootsie-adept-phoenix
1313000.0,,2.5030157566070557,2.2858188152313232,2.5153310298919678,llama-8b-tootsie-adept-phoenix
1313863.0,2.197880983352661,,,,llama-8b-tootsie-adept-phoenix
1314000.0,,2.5028295516967773,2.2867913246154785,2.517434597015381,llama-8b-tootsie-adept-phoenix
1314278.0,2.2044665813446045,,,,llama-8b-tootsie-adept-phoenix
1314357.0,2.206362247467041,,,,llama-8b-tootsie-adept-phoenix
1314745.0,2.2154438495635986,,,,llama-8b-tootsie-adept-phoenix
1315000.0,,2.503023862838745,2.2865819931030273,2.515195846557617,llama-8b-tootsie-adept-phoenix
1316000.0,,2.502495288848877,2.287147283554077,2.517345666885376,llama-8b-tootsie-adept-phoenix
1316158.0,2.2053027153015137,,,,llama-8b-tootsie-adept-phoenix
1316328.0,2.2091057300567627,,,,llama-8b-tootsie-adept-phoenix
1316453.0,2.206974744796753,,,,llama-8b-tootsie-adept-phoenix
1316506.0,2.2119228839874268,,,,llama-8b-tootsie-adept-phoenix
1316551.0,2.210557222366333,,,,llama-8b-tootsie-adept-phoenix
1317000.0,,2.501650094985962,2.287106513977051,2.516557216644287,llama-8b-tootsie-adept-phoenix
1317223.0,2.2178854942321777,,,,llama-8b-tootsie-adept-phoenix
1317632.0,2.19765305519104,,,,llama-8b-tootsie-adept-phoenix
1317804.0,2.192507743835449,,,,llama-8b-tootsie-adept-phoenix
1318000.0,,2.5017406940460205,2.286616563796997,2.515977382659912,llama-8b-tootsie-adept-phoenix
1318233.0,2.2080631256103516,,,,llama-8b-tootsie-adept-phoenix
1318619.0,2.197955846786499,,,,llama-8b-tootsie-adept-phoenix
1319000.0,,2.5018863677978516,2.2853498458862305,2.515955924987793,llama-8b-tootsie-adept-phoenix
1319770.0,2.1959025859832764,,,,llama-8b-tootsie-adept-phoenix
1320000.0,,2.5004427433013916,2.2859420776367188,2.516418695449829,llama-8b-tootsie-adept-phoenix
1320569.0,2.2086081504821777,,,,llama-8b-tootsie-adept-phoenix
1320777.0,2.2043840885162354,,,,llama-8b-tootsie-adept-phoenix
1320825.0,2.2149808406829834,,,,llama-8b-tootsie-adept-phoenix
1321000.0,,2.5046186447143555,2.286135196685791,2.5151264667510986,llama-8b-tootsie-adept-phoenix
1321031.0,2.2060980796813965,,,,llama-8b-tootsie-adept-phoenix
