_step,train/loss,eval/paloma/c4_en/loss,eval/loss,eval/macro_loss,_segment
1320061.0,2.085052967071533,,,,tootsie-8b-sensible-starling
1320063.0,2.073936700820923,,,,tootsie-8b-sensible-starling
1320074.0,2.0843536853790283,,,,tootsie-8b-sensible-starling
1320182.0,2.0430235862731934,,,,tootsie-8b-sensible-starling
1320185.0,2.044994831085205,,,,tootsie-8b-sensible-starling
1320270.0,2.0497329235076904,,,,tootsie-8b-sensible-starling
1320284.0,2.0364601612091064,,,,tootsie-8b-sensible-starling
1320314.0,2.043132781982422,,,,tootsie-8b-sensible-starling
1320322.0,2.0507020950317383,,,,tootsie-8b-sensible-starling
1320361.0,2.049067258834839,,,,tootsie-8b-sensible-starling
1320378.0,2.0330214500427246,,,,tootsie-8b-sensible-starling
1320519.0,2.057905673980713,,,,tootsie-8b-sensible-starling
1320571.0,2.0370283126831055,,,,tootsie-8b-sensible-starling
1320681.0,2.0159518718719482,,,,tootsie-8b-sensible-starling
1320734.0,2.049874782562256,,,,tootsie-8b-sensible-starling
1320868.0,2.0274345874786377,,,,tootsie-8b-sensible-starling
1320905.0,2.029954433441162,,,,tootsie-8b-sensible-starling
1320928.0,2.0207290649414062,,,,tootsie-8b-sensible-starling
1321000.0,,2.4890151023864746,2.2069718837738037,2.471224784851074,tootsie-8b-sensible-starling
1321056.0,2.042802333831787,,,,tootsie-8b-sensible-starling
1321068.0,2.0293819904327393,,,,tootsie-8b-sensible-starling
1321134.0,2.02681303024292,,,,tootsie-8b-sensible-starling
1321153.0,2.049579620361328,,,,tootsie-8b-sensible-starling
1321165.0,2.023672342300415,,,,tootsie-8b-sensible-starling
1321213.0,2.0347235202789307,,,,tootsie-8b-sensible-starling
1321413.0,2.033435106277466,,,,tootsie-8b-sensible-starling
1321454.0,2.030358076095581,,,,tootsie-8b-sensible-starling
1321505.0,2.0229978561401367,,,,tootsie-8b-sensible-starling
1321624.0,2.0359578132629395,,,,tootsie-8b-sensible-starling
1321669.0,2.0320065021514893,,,,tootsie-8b-sensible-starling
1321685.0,2.023040294647217,,,,tootsie-8b-sensible-starling
1321702.0,2.0189733505249023,,,,tootsie-8b-sensible-starling
1321770.0,2.0256035327911377,,,,tootsie-8b-sensible-starling
1321844.0,2.017995595932007,,,,tootsie-8b-sensible-starling
1321860.0,2.0352978706359863,,,,tootsie-8b-sensible-starling
1321904.0,2.023770570755005,,,,tootsie-8b-sensible-starling
1321917.0,2.0319788455963135,,,,tootsie-8b-sensible-starling
1322000.0,,2.492398977279663,2.2012224197387695,2.4701662063598633,tootsie-8b-sensible-starling
1322009.0,2.031529188156128,,,,tootsie-8b-sensible-starling
1322127.0,2.0305047035217285,,,,tootsie-8b-sensible-starling
1322133.0,2.0082082748413086,,,,tootsie-8b-sensible-starling
1322141.0,2.0298588275909424,,,,tootsie-8b-sensible-starling
1322184.0,2.0234992504119873,,,,tootsie-8b-sensible-starling
1322216.0,2.0132813453674316,,,,tootsie-8b-sensible-starling
1322267.0,2.0205154418945312,,,,tootsie-8b-sensible-starling
1322414.0,2.0182933807373047,,,,tootsie-8b-sensible-starling
1322418.0,2.0226032733917236,,,,tootsie-8b-sensible-starling
1322446.0,2.0293800830841064,,,,tootsie-8b-sensible-starling
1322453.0,2.030043363571167,,,,tootsie-8b-sensible-starling
1322581.0,2.021501302719116,,,,tootsie-8b-sensible-starling
1322607.0,2.0211563110351562,,,,tootsie-8b-sensible-starling
1322635.0,2.012359380722046,,,,tootsie-8b-sensible-starling
1322725.0,2.0208120346069336,,,,tootsie-8b-sensible-starling
1322786.0,2.023484945297241,,,,tootsie-8b-sensible-starling
1323000.0,,2.4885663986206055,2.1936452388763428,2.464362382888794,tootsie-8b-sensible-starling
1323092.0,2.031785726547241,,,,tootsie-8b-sensible-starling
1323093.0,2.005279064178467,,,,tootsie-8b-sensible-starling
1323123.0,2.0263583660125732,,,,tootsie-8b-sensible-starling
1323181.0,2.0047216415405273,,,,tootsie-8b-sensible-starling
1323189.0,2.0376055240631104,,,,tootsie-8b-sensible-starling
1323272.0,2.0250864028930664,,,,tootsie-8b-sensible-starling
1323373.0,2.0184061527252197,,,,tootsie-8b-sensible-starling
1323399.0,2.019235610961914,,,,tootsie-8b-sensible-starling
1323425.0,2.010312795639038,,,,tootsie-8b-sensible-starling
1323442.0,2.029924154281616,,,,tootsie-8b-sensible-starling
1323506.0,2.0288612842559814,,,,tootsie-8b-sensible-starling
1323559.0,2.0324816703796387,,,,tootsie-8b-sensible-starling
1323611.0,2.034421920776367,,,,tootsie-8b-sensible-starling
1323706.0,2.0193159580230713,,,,tootsie-8b-sensible-starling
1323902.0,2.0232577323913574,,,,tootsie-8b-sensible-starling
1323907.0,2.018045425415039,,,,tootsie-8b-sensible-starling
1323913.0,2.0150275230407715,,,,tootsie-8b-sensible-starling
1323926.0,2.015385150909424,,,,tootsie-8b-sensible-starling
1323964.0,2.009119987487793,,,,tootsie-8b-sensible-starling
1324000.0,,2.492318630218506,2.1917941570281982,2.4617316722869873,tootsie-8b-sensible-starling
1324001.0,2.019346237182617,,,,tootsie-8b-sensible-starling
1324081.0,2.0103955268859863,,,,tootsie-8b-sensible-starling
1324147.0,2.008585214614868,,,,tootsie-8b-sensible-starling
1324176.0,2.0064985752105713,,,,tootsie-8b-sensible-starling
1324311.0,2.017151117324829,,,,tootsie-8b-sensible-starling
1324334.0,2.012033700942993,,,,tootsie-8b-sensible-starling
1324344.0,2.031254529953003,,,,tootsie-8b-sensible-starling
1324520.0,2.013169765472412,,,,tootsie-8b-sensible-starling
1324604.0,2.024489402770996,,,,tootsie-8b-sensible-starling
1324649.0,2.0083088874816895,,,,tootsie-8b-sensible-starling
1324709.0,2.014004945755005,,,,tootsie-8b-sensible-starling
1324812.0,2.0281155109405518,,,,tootsie-8b-sensible-starling
1324866.0,2.0134570598602295,,,,tootsie-8b-sensible-starling
1324876.0,2.0113959312438965,,,,tootsie-8b-sensible-starling
1324910.0,2.0152597427368164,,,,tootsie-8b-sensible-starling
1324927.0,2.0095999240875244,,,,tootsie-8b-sensible-starling
1324997.0,1.9999712705612183,,,,tootsie-8b-sensible-starling
1325000.0,,2.4886462688446045,2.1876060962677,2.46301007270813,tootsie-8b-sensible-starling
1325037.0,2.0090065002441406,,,,tootsie-8b-sensible-starling
1325169.0,2.020441770553589,,,,tootsie-8b-sensible-starling
1325193.0,2.027122974395752,,,,tootsie-8b-sensible-starling
1325388.0,1.99774169921875,,,,tootsie-8b-sensible-starling
1325547.0,2.0209455490112305,,,,tootsie-8b-sensible-starling
1325556.0,2.0253806114196777,,,,tootsie-8b-sensible-starling
1325589.0,2.0156164169311523,,,,tootsie-8b-sensible-starling
1325606.0,2.0125985145568848,,,,tootsie-8b-sensible-starling
1325645.0,2.033000946044922,,,,tootsie-8b-sensible-starling
1325867.0,2.023742437362671,,,,tootsie-8b-sensible-starling
1325935.0,2.0359628200531006,,,,tootsie-8b-sensible-starling
1325937.0,2.0132648944854736,,,,tootsie-8b-sensible-starling
1325963.0,2.0037660598754883,,,,tootsie-8b-sensible-starling
1325979.0,2.0060322284698486,,,,tootsie-8b-sensible-starling
1325985.0,2.021571636199951,,,,tootsie-8b-sensible-starling
1326000.0,,2.4915943145751953,2.1859381198883057,2.4617838859558105,tootsie-8b-sensible-starling
1326012.0,2.0160882472991943,,,,tootsie-8b-sensible-starling
1326033.0,2.0219428539276123,,,,tootsie-8b-sensible-starling
1326092.0,2.0070912837982178,,,,tootsie-8b-sensible-starling
1326109.0,2.02083683013916,,,,tootsie-8b-sensible-starling
1326116.0,2.0333096981048584,,,,tootsie-8b-sensible-starling
1326208.0,2.013449192047119,,,,tootsie-8b-sensible-starling
1326368.0,2.0114901065826416,,,,tootsie-8b-sensible-starling
1326514.0,2.0140841007232666,,,,tootsie-8b-sensible-starling
1326516.0,2.0098631381988525,,,,tootsie-8b-sensible-starling
1326583.0,2.0337886810302734,,,,tootsie-8b-sensible-starling
1326712.0,2.019810438156128,,,,tootsie-8b-sensible-starling
1326743.0,2.0086185932159424,,,,tootsie-8b-sensible-starling
1326807.0,2.019432306289673,,,,tootsie-8b-sensible-starling
1326815.0,2.011524200439453,,,,tootsie-8b-sensible-starling
1326994.0,2.0144121646881104,,,,tootsie-8b-sensible-starling
1327000.0,,2.4883952140808105,2.183502674102783,2.457050323486328,tootsie-8b-sensible-starling
1327071.0,2.007141590118408,,,,tootsie-8b-sensible-starling
1327141.0,2.008680582046509,,,,tootsie-8b-sensible-starling
1327223.0,2.0256972312927246,,,,tootsie-8b-sensible-starling
1327305.0,2.023183822631836,,,,tootsie-8b-sensible-starling
1327371.0,2.0101640224456787,,,,tootsie-8b-sensible-starling
1327375.0,2.0212554931640625,,,,tootsie-8b-sensible-starling
1327446.0,2.0147793292999268,,,,tootsie-8b-sensible-starling
1327485.0,2.003011703491211,,,,tootsie-8b-sensible-starling
1327526.0,2.013239860534668,,,,tootsie-8b-sensible-starling
1327558.0,2.029435873031616,,,,tootsie-8b-sensible-starling
1327630.0,2.0164709091186523,,,,tootsie-8b-sensible-starling
1327664.0,2.0096564292907715,,,,tootsie-8b-sensible-starling
1327731.0,2.0068857669830322,,,,tootsie-8b-sensible-starling
1327746.0,2.0228114128112793,,,,tootsie-8b-sensible-starling
1327821.0,2.0140814781188965,,,,tootsie-8b-sensible-starling
1327841.0,2.0004169940948486,,,,tootsie-8b-sensible-starling
1327924.0,2.0163004398345947,,,,tootsie-8b-sensible-starling
1327932.0,2.0197911262512207,,,,tootsie-8b-sensible-starling
1328000.0,,2.4874801635742188,2.1814074516296387,2.4568676948547363,tootsie-8b-sensible-starling
1328169.0,2.008112668991089,,,,tootsie-8b-sensible-starling
1328257.0,2.0073633193969727,,,,tootsie-8b-sensible-starling
1328290.0,2.017625093460083,,,,tootsie-8b-sensible-starling
1328306.0,2.030306816101074,,,,tootsie-8b-sensible-starling
1328378.0,2.0116922855377197,,,,tootsie-8b-sensible-starling
1328408.0,2.0235893726348877,,,,tootsie-8b-sensible-starling
1328446.0,2.0158755779266357,,,,tootsie-8b-sensible-starling
1328485.0,2.0069456100463867,,,,tootsie-8b-sensible-starling
1328521.0,2.007981538772583,,,,tootsie-8b-sensible-starling
1328556.0,2.0159003734588623,,,,tootsie-8b-sensible-starling
1328567.0,2.0093801021575928,,,,tootsie-8b-sensible-starling
1328577.0,2.0243146419525146,,,,tootsie-8b-sensible-starling
1328579.0,2.006568193435669,,,,tootsie-8b-sensible-starling
1328701.0,2.0150513648986816,,,,tootsie-8b-sensible-starling
1328750.0,2.0087668895721436,,,,tootsie-8b-sensible-starling
1328757.0,2.017486810684204,,,,tootsie-8b-sensible-starling
1328782.0,2.0072855949401855,,,,tootsie-8b-sensible-starling
1328799.0,2.006855010986328,,,,tootsie-8b-sensible-starling
1328805.0,2.0149495601654053,,,,tootsie-8b-sensible-starling
1328806.0,2.0121939182281494,,,,tootsie-8b-sensible-starling
1328926.0,2.011514663696289,,,,tootsie-8b-sensible-starling
1328935.0,2.0217185020446777,,,,tootsie-8b-sensible-starling
1328977.0,1.998298168182373,,,,tootsie-8b-sensible-starling
1328981.0,2.0166163444519043,,,,tootsie-8b-sensible-starling
1329000.0,,2.4882421493530273,2.1805365085601807,2.458172559738159,tootsie-8b-sensible-starling
1329045.0,2.008772850036621,,,,tootsie-8b-sensible-starling
1329051.0,2.0175437927246094,,,,tootsie-8b-sensible-starling
1329089.0,2.018059015274048,,,,tootsie-8b-sensible-starling
1329103.0,2.013927698135376,,,,tootsie-8b-sensible-starling
1329331.0,2.0056345462799072,,,,tootsie-8b-sensible-starling
1329334.0,1.9990705251693726,,,,tootsie-8b-sensible-starling
1329430.0,2.0134243965148926,,,,tootsie-8b-sensible-starling
1329543.0,2.0184617042541504,,,,tootsie-8b-sensible-starling
1329674.0,2.0017504692077637,,,,tootsie-8b-sensible-starling
1329675.0,2.0177557468414307,,,,tootsie-8b-sensible-starling
1329741.0,1.9974474906921387,,,,tootsie-8b-sensible-starling
1329842.0,2.013432025909424,,,,tootsie-8b-sensible-starling
1329843.0,2.013740301132202,,,,tootsie-8b-sensible-starling
1329879.0,2.0101168155670166,,,,tootsie-8b-sensible-starling
1329899.0,2.011936902999878,,,,tootsie-8b-sensible-starling
1329924.0,2.011965036392212,,,,tootsie-8b-sensible-starling
1329942.0,2.006709098815918,,,,tootsie-8b-sensible-starling
1330000.0,,2.484279155731201,2.1773247718811035,2.4543886184692383,tootsie-8b-sensible-starling
1330072.0,1.990303635597229,,,,tootsie-8b-sensible-starling
1330257.0,2.013227701187134,,,,tootsie-8b-sensible-starling
1330283.0,2.003216505050659,,,,tootsie-8b-sensible-starling
1330297.0,2.0217342376708984,,,,tootsie-8b-sensible-starling
1330304.0,2.0059027671813965,,,,tootsie-8b-sensible-starling
1330305.0,2.0076208114624023,,,,tootsie-8b-sensible-starling
1330341.0,2.0069050788879395,,,,tootsie-8b-sensible-starling
1330363.0,2.0077250003814697,,,,tootsie-8b-sensible-starling
1330396.0,2.0196402072906494,,,,tootsie-8b-sensible-starling
1330450.0,2.0148212909698486,,,,tootsie-8b-sensible-starling
1330668.0,2.0091781616210938,,,,tootsie-8b-sensible-starling
1330814.0,2.007992744445801,,,,tootsie-8b-sensible-starling
1330818.0,1.9990222454071045,,,,tootsie-8b-sensible-starling
1330834.0,2.0086424350738525,,,,tootsie-8b-sensible-starling
1330871.0,2.0027713775634766,,,,tootsie-8b-sensible-starling
1330886.0,2.0102717876434326,,,,tootsie-8b-sensible-starling
1330896.0,2.0012094974517822,,,,tootsie-8b-sensible-starling
1330927.0,2.0023176670074463,,,,tootsie-8b-sensible-starling
1330942.0,2.013942003250122,,,,tootsie-8b-sensible-starling
1331000.0,,2.483994483947754,2.175305128097534,2.451169013977051,tootsie-8b-sensible-starling
1331078.0,2.0206942558288574,,,,tootsie-8b-sensible-starling
1331181.0,2.00933837890625,,,,tootsie-8b-sensible-starling
1331245.0,2.0131287574768066,,,,tootsie-8b-sensible-starling
1331267.0,2.0222761631011963,,,,tootsie-8b-sensible-starling
1331308.0,2.018366575241089,,,,tootsie-8b-sensible-starling
1331322.0,1.997556209564209,,,,tootsie-8b-sensible-starling
1331348.0,2.0108680725097656,,,,tootsie-8b-sensible-starling
1331369.0,1.99396812915802,,,,tootsie-8b-sensible-starling
1331396.0,2.0168652534484863,,,,tootsie-8b-sensible-starling
1331402.0,2.0173492431640625,,,,tootsie-8b-sensible-starling
1331431.0,2.010878562927246,,,,tootsie-8b-sensible-starling
1331465.0,1.9920834302902222,,,,tootsie-8b-sensible-starling
1331470.0,2.0050978660583496,,,,tootsie-8b-sensible-starling
1331476.0,2.0075788497924805,,,,tootsie-8b-sensible-starling
1331490.0,2.0139248371124268,,,,tootsie-8b-sensible-starling
1331524.0,2.007723808288574,,,,tootsie-8b-sensible-starling
1331613.0,2.004699230194092,,,,tootsie-8b-sensible-starling
1331665.0,2.0074875354766846,,,,tootsie-8b-sensible-starling
1331685.0,2.000082492828369,,,,tootsie-8b-sensible-starling
1331704.0,1.9889063835144043,,,,tootsie-8b-sensible-starling
1331717.0,2.011569023132324,,,,tootsie-8b-sensible-starling
1331793.0,2.005340814590454,,,,tootsie-8b-sensible-starling
1331803.0,1.9924674034118652,,,,tootsie-8b-sensible-starling
1331953.0,2.0098254680633545,,,,tootsie-8b-sensible-starling
1332000.0,,2.482788562774658,2.173962116241455,2.453036308288574,tootsie-8b-sensible-starling
1332008.0,2.0086538791656494,,,,tootsie-8b-sensible-starling
1332129.0,2.00799560546875,,,,tootsie-8b-sensible-starling
1332252.0,2.014129400253296,,,,tootsie-8b-sensible-starling
1332277.0,2.0099093914031982,,,,tootsie-8b-sensible-starling
1332292.0,1.9943376779556274,,,,tootsie-8b-sensible-starling
1332348.0,2.0099306106567383,,,,tootsie-8b-sensible-starling
1332458.0,2.0034592151641846,,,,tootsie-8b-sensible-starling
1332478.0,1.9890629053115845,,,,tootsie-8b-sensible-starling
1332541.0,1.9970104694366455,,,,tootsie-8b-sensible-starling
1332659.0,2.019537925720215,,,,tootsie-8b-sensible-starling
1332684.0,2.0160393714904785,,,,tootsie-8b-sensible-starling
1332806.0,1.9992552995681763,,,,tootsie-8b-sensible-starling
1332828.0,2.004533529281616,,,,tootsie-8b-sensible-starling
1332837.0,2.01410174369812,,,,tootsie-8b-sensible-starling
1332877.0,2.0090179443359375,,,,tootsie-8b-sensible-starling
1332894.0,1.9982448816299438,,,,tootsie-8b-sensible-starling
1332964.0,1.9945656061172485,,,,tootsie-8b-sensible-starling
1332985.0,2.0091822147369385,,,,tootsie-8b-sensible-starling
1332991.0,2.0015203952789307,,,,tootsie-8b-sensible-starling
1333000.0,2.021888017654419,2.4832139015197754,2.173140048980713,2.4505510330200195,tootsie-8b-sensible-starling
1333022.0,2.009964942932129,,,,tootsie-8b-sensible-starling
1333042.0,1.9932199716567993,,,,tootsie-8b-sensible-starling
1333100.0,2.0056493282318115,,,,tootsie-8b-sensible-starling
1333232.0,2.001962423324585,,,,tootsie-8b-sensible-starling
1333244.0,2.0013506412506104,,,,tootsie-8b-sensible-starling
1333359.0,1.9963175058364868,,,,tootsie-8b-sensible-starling
1333467.0,2.010143995285034,,,,tootsie-8b-sensible-starling
1333636.0,2.0043094158172607,,,,tootsie-8b-sensible-starling
1333698.0,2.0094454288482666,,,,tootsie-8b-sensible-starling
1333791.0,2.0044443607330322,,,,tootsie-8b-sensible-starling
1333841.0,1.9902955293655396,,,,tootsie-8b-sensible-starling
1333885.0,2.007056951522827,,,,tootsie-8b-sensible-starling
1333958.0,1.9953129291534424,,,,tootsie-8b-sensible-starling
1334000.0,,2.47792387008667,2.1697988510131836,2.4472577571868896,tootsie-8b-sensible-starling
1334008.0,2.0015616416931152,,,,tootsie-8b-sensible-starling
1334014.0,2.0075581073760986,,,,tootsie-8b-sensible-starling
1334044.0,2.00602126121521,,,,tootsie-8b-sensible-starling
1334048.0,2.0086259841918945,,,,tootsie-8b-sensible-starling
1334089.0,2.0155787467956543,,,,tootsie-8b-sensible-starling
1334105.0,2.0041747093200684,,,,tootsie-8b-sensible-starling
1334131.0,1.994473934173584,,,,tootsie-8b-sensible-starling
1334155.0,2.022381067276001,,,,tootsie-8b-sensible-starling
1334180.0,2.000725746154785,,,,tootsie-8b-sensible-starling
1334197.0,2.000213623046875,,,,tootsie-8b-sensible-starling
1334251.0,2.0071942806243896,,,,tootsie-8b-sensible-starling
1334260.0,2.0045838356018066,,,,tootsie-8b-sensible-starling
1334268.0,2.003530979156494,,,,tootsie-8b-sensible-starling
1334417.0,2.0039687156677246,,,,tootsie-8b-sensible-starling
1334431.0,1.9924300909042358,,,,tootsie-8b-sensible-starling
1334517.0,2.0046398639678955,,,,tootsie-8b-sensible-starling
1334520.0,2.0068838596343994,,,,tootsie-8b-sensible-starling
1334683.0,2.00612473487854,,,,tootsie-8b-sensible-starling
1334714.0,2.006593942642212,,,,tootsie-8b-sensible-starling
1334756.0,2.0057132244110107,,,,tootsie-8b-sensible-starling
1334783.0,2.0084996223449707,,,,tootsie-8b-sensible-starling
1334852.0,2.0018362998962402,,,,tootsie-8b-sensible-starling
1334928.0,2.0095508098602295,,,,tootsie-8b-sensible-starling
1334955.0,2.0068864822387695,,,,tootsie-8b-sensible-starling
1335000.0,,2.481963872909546,2.1715657711029053,2.4508349895477295,tootsie-8b-sensible-starling
1335019.0,1.9941637516021729,,,,tootsie-8b-sensible-starling
1335305.0,2.005518913269043,,,,tootsie-8b-sensible-starling
1335324.0,1.993956446647644,,,,tootsie-8b-sensible-starling
1335388.0,1.9971953630447388,,,,tootsie-8b-sensible-starling
1335446.0,1.9988934993743896,,,,tootsie-8b-sensible-starling
1335470.0,1.9917393922805786,,,,tootsie-8b-sensible-starling
1335531.0,2.0086281299591064,,,,tootsie-8b-sensible-starling
1335570.0,2.008660078048706,,,,tootsie-8b-sensible-starling
1335638.0,2.0013821125030518,,,,tootsie-8b-sensible-starling
1335696.0,2.0113275051116943,,,,tootsie-8b-sensible-starling
1335714.0,2.025087356567383,,,,tootsie-8b-sensible-starling
1335777.0,2.0042755603790283,,,,tootsie-8b-sensible-starling
1335825.0,1.997473955154419,,,,tootsie-8b-sensible-starling
1335830.0,2.0026605129241943,,,,tootsie-8b-sensible-starling
1335853.0,2.0052061080932617,,,,tootsie-8b-sensible-starling
1335908.0,1.9953593015670776,,,,tootsie-8b-sensible-starling
1335929.0,2.0126731395721436,,,,tootsie-8b-sensible-starling
1336000.0,,2.480968475341797,2.1682145595550537,2.4470314979553223,tootsie-8b-sensible-starling
1336151.0,2.001915693283081,,,,tootsie-8b-sensible-starling
1336212.0,2.000701665878296,,,,tootsie-8b-sensible-starling
1336246.0,1.997236728668213,,,,tootsie-8b-sensible-starling
1336365.0,2.002502679824829,,,,tootsie-8b-sensible-starling
1336464.0,2.0044896602630615,,,,tootsie-8b-sensible-starling
1336469.0,2.001248359680176,,,,tootsie-8b-sensible-starling
1336555.0,2.0007176399230957,,,,tootsie-8b-sensible-starling
1336623.0,2.0040223598480225,,,,tootsie-8b-sensible-starling
1336628.0,2.001572608947754,,,,tootsie-8b-sensible-starling
1336707.0,1.9948464632034302,,,,tootsie-8b-sensible-starling
1336723.0,1.9986903667449951,,,,tootsie-8b-sensible-starling
1336853.0,1.987319827079773,,,,tootsie-8b-sensible-starling
1336858.0,2.001657247543335,,,,tootsie-8b-sensible-starling
1336936.0,2.001708984375,,,,tootsie-8b-sensible-starling
1336963.0,1.996964454650879,,,,tootsie-8b-sensible-starling
1337000.0,,2.4772467613220215,2.1675422191619873,2.4487032890319824,tootsie-8b-sensible-starling
1337063.0,2.009603500366211,,,,tootsie-8b-sensible-starling
1337196.0,1.994057297706604,,,,tootsie-8b-sensible-starling
1337208.0,2.0079166889190674,,,,tootsie-8b-sensible-starling
1337288.0,1.99299955368042,,,,tootsie-8b-sensible-starling
1337448.0,1.9939864873886108,,,,tootsie-8b-sensible-starling
1337507.0,2.0038673877716064,,,,tootsie-8b-sensible-starling
1337603.0,1.9822877645492554,,,,tootsie-8b-sensible-starling
1337733.0,1.9933267831802368,,,,tootsie-8b-sensible-starling
1337744.0,2.0115509033203125,,,,tootsie-8b-sensible-starling
1337746.0,2.0008163452148438,,,,tootsie-8b-sensible-starling
1337749.0,1.9896456003189087,,,,tootsie-8b-sensible-starling
1337796.0,1.997977375984192,,,,tootsie-8b-sensible-starling
1337800.0,2.0024564266204834,,,,tootsie-8b-sensible-starling
1337851.0,1.9921005964279175,,,,tootsie-8b-sensible-starling
1337873.0,1.9940663576126099,,,,tootsie-8b-sensible-starling
1337937.0,2.0112292766571045,,,,tootsie-8b-sensible-starling
1337989.0,1.9985021352767944,,,,tootsie-8b-sensible-starling
1338000.0,,2.475860357284546,2.164616107940674,2.443528652191162,tootsie-8b-sensible-starling
1338019.0,2.0010695457458496,,,,tootsie-8b-sensible-starling
1338068.0,1.9936306476593018,,,,tootsie-8b-sensible-starling
1338107.0,1.9974842071533203,,,,tootsie-8b-sensible-starling
1338233.0,1.9974325895309448,,,,tootsie-8b-sensible-starling
1338250.0,1.9959825277328491,,,,tootsie-8b-sensible-starling
1338286.0,1.985886812210083,,,,tootsie-8b-sensible-starling
1338318.0,1.9949955940246582,,,,tootsie-8b-sensible-starling
1338344.0,1.998041033744812,,,,tootsie-8b-sensible-starling
1338448.0,2.002385377883911,,,,tootsie-8b-sensible-starling
1338583.0,1.9964154958724976,,,,tootsie-8b-sensible-starling
1338598.0,1.9947876930236816,,,,tootsie-8b-sensible-starling
1338700.0,1.9976266622543335,,,,tootsie-8b-sensible-starling
1338719.0,2.0046956539154053,,,,tootsie-8b-sensible-starling
1338734.0,1.9974749088287354,,,,tootsie-8b-sensible-starling
1338778.0,2.001657247543335,,,,tootsie-8b-sensible-starling
1338815.0,2.0044162273406982,,,,tootsie-8b-sensible-starling
1338861.0,1.9924876689910889,,,,tootsie-8b-sensible-starling
1338921.0,1.9956411123275757,,,,tootsie-8b-sensible-starling
1338922.0,2.009275436401367,,,,tootsie-8b-sensible-starling
1339000.0,,2.4761457443237305,2.1641082763671875,2.4462485313415527,tootsie-8b-sensible-starling
1339138.0,1.9981905221939087,,,,tootsie-8b-sensible-starling
1339183.0,1.997244954109192,,,,tootsie-8b-sensible-starling
1339196.0,1.991257905960083,,,,tootsie-8b-sensible-starling
1339202.0,1.9958168268203735,,,,tootsie-8b-sensible-starling
1339246.0,1.9975430965423584,,,,tootsie-8b-sensible-starling
1339254.0,2.002819538116455,,,,tootsie-8b-sensible-starling
1339368.0,1.9851821660995483,,,,tootsie-8b-sensible-starling
1339443.0,1.999131441116333,,,,tootsie-8b-sensible-starling
1339637.0,1.988759994506836,,,,tootsie-8b-sensible-starling
1339678.0,1.9875924587249756,,,,tootsie-8b-sensible-starling
1339724.0,1.98703932762146,,,,tootsie-8b-sensible-starling
1339881.0,2.00852370262146,,,,tootsie-8b-sensible-starling
1339925.0,1.993084192276001,,,,tootsie-8b-sensible-starling
1340000.0,,2.4735591411590576,2.161543369293213,2.4416866302490234,tootsie-8b-sensible-starling
1340075.0,1.9954614639282227,,,,tootsie-8b-sensible-starling
1340094.0,1.9930452108383179,,,,tootsie-8b-sensible-starling
1340202.0,1.9846378564834595,,,,tootsie-8b-sensible-starling
1340209.0,1.9930318593978882,,,,tootsie-8b-sensible-starling
1340228.0,1.9913140535354614,,,,tootsie-8b-sensible-starling
1340251.0,1.998502492904663,,,,tootsie-8b-sensible-starling
1340268.0,1.992490530014038,,,,tootsie-8b-sensible-starling
1340270.0,1.9934355020523071,,,,tootsie-8b-sensible-starling
1340334.0,1.9966347217559814,,,,tootsie-8b-sensible-starling
1340343.0,2.002756357192993,,,,tootsie-8b-sensible-starling
1340346.0,1.9987587928771973,,,,tootsie-8b-sensible-starling
1340351.0,1.9965002536773682,,,,tootsie-8b-sensible-starling
1340462.0,2.0005133152008057,,,,tootsie-8b-sensible-starling
1340488.0,2.0040621757507324,,,,tootsie-8b-sensible-starling
1340494.0,1.9929149150848389,,,,tootsie-8b-sensible-starling
1340535.0,2.006178140640259,,,,tootsie-8b-sensible-starling
1340541.0,2.0080714225769043,,,,tootsie-8b-sensible-starling
1340705.0,2.0007991790771484,,,,tootsie-8b-sensible-starling
1340724.0,2.0035853385925293,,,,tootsie-8b-sensible-starling
1340779.0,1.9859488010406494,,,,tootsie-8b-sensible-starling
1340875.0,1.9967381954193115,,,,tootsie-8b-sensible-starling
1340913.0,2.0023419857025146,,,,tootsie-8b-sensible-starling
1340943.0,1.9833698272705078,,,,tootsie-8b-sensible-starling
1340978.0,1.9734864234924316,,,,tootsie-8b-sensible-starling
1341000.0,,2.4778993129730225,2.1627604961395264,2.4438133239746094,tootsie-8b-sensible-starling
1341041.0,1.9836419820785522,,,,tootsie-8b-sensible-starling
1341092.0,1.9929141998291016,,,,tootsie-8b-sensible-starling
1341093.0,1.9976309537887573,,,,tootsie-8b-sensible-starling
1341133.0,1.9901033639907837,,,,tootsie-8b-sensible-starling
1341166.0,1.9893720149993896,,,,tootsie-8b-sensible-starling
1341202.0,1.9913054704666138,,,,tootsie-8b-sensible-starling
1341250.0,1.9853787422180176,,,,tootsie-8b-sensible-starling
1341298.0,1.9959447383880615,,,,tootsie-8b-sensible-starling
1341319.0,1.9887797832489014,,,,tootsie-8b-sensible-starling
1341386.0,1.992979645729065,,,,tootsie-8b-sensible-starling
1341448.0,1.9907445907592773,,,,tootsie-8b-sensible-starling
1341470.0,1.9901858568191528,,,,tootsie-8b-sensible-starling
1341622.0,1.9839556217193604,,,,tootsie-8b-sensible-starling
1341666.0,1.9807722568511963,,,,tootsie-8b-sensible-starling
1341954.0,1.9827101230621338,,,,tootsie-8b-sensible-starling
1342000.0,,2.4729559421539307,2.159609317779541,2.439915180206299,tootsie-8b-sensible-starling
1342301.0,1.9925825595855713,,,,tootsie-8b-sensible-starling
1342347.0,1.9979275465011597,,,,tootsie-8b-sensible-starling
1342396.0,1.9963312149047852,,,,tootsie-8b-sensible-starling
1342404.0,1.9969648122787476,,,,tootsie-8b-sensible-starling
1342528.0,1.9763418436050415,,,,tootsie-8b-sensible-starling
1342529.0,1.9976457357406616,,,,tootsie-8b-sensible-starling
1342556.0,1.989822506904602,,,,tootsie-8b-sensible-starling
1342640.0,2.001526355743408,,,,tootsie-8b-sensible-starling
1342699.0,1.985007405281067,,,,tootsie-8b-sensible-starling
1342768.0,1.9731783866882324,,,,tootsie-8b-sensible-starling
1342858.0,1.9981132745742798,,,,tootsie-8b-sensible-starling
1342917.0,1.9788177013397217,,,,tootsie-8b-sensible-starling
1343000.0,,2.4716975688934326,2.158919095993042,2.4422667026519775,tootsie-8b-sensible-starling
1343007.0,1.993944764137268,,,,tootsie-8b-sensible-starling
1343034.0,1.9945662021636963,,,,tootsie-8b-sensible-starling
1343049.0,1.981966257095337,,,,tootsie-8b-sensible-starling
1343104.0,1.9975942373275757,,,,tootsie-8b-sensible-starling
1343125.0,1.9939531087875366,,,,tootsie-8b-sensible-starling
1343128.0,1.9803833961486816,,,,tootsie-8b-sensible-starling
1343259.0,1.9941705465316772,,,,tootsie-8b-sensible-starling
1343341.0,2.0034842491149902,,,,tootsie-8b-sensible-starling
1343346.0,1.9902812242507935,,,,tootsie-8b-sensible-starling
1343389.0,1.9767924547195435,,,,tootsie-8b-sensible-starling
1343469.0,1.9873682260513306,,,,tootsie-8b-sensible-starling
1343548.0,1.9825907945632935,,,,tootsie-8b-sensible-starling
1343585.0,2.032360076904297,,,,tootsie-8b-sensible-starling
1343679.0,1.9996263980865479,,,,tootsie-8b-sensible-starling
1343722.0,1.9977447986602783,,,,tootsie-8b-sensible-starling
1343764.0,1.9914075136184692,,,,tootsie-8b-sensible-starling
1343808.0,1.992640733718872,,,,tootsie-8b-sensible-starling
1343884.0,1.9982763528823853,,,,tootsie-8b-sensible-starling
1343923.0,1.974776268005371,,,,tootsie-8b-sensible-starling
1343969.0,1.9885329008102417,,,,tootsie-8b-sensible-starling
1343999.0,1.9860177040100098,,,,tootsie-8b-sensible-starling
1344000.0,,2.4724700450897217,2.15706729888916,2.4374420642852783,tootsie-8b-sensible-starling
1344049.0,1.9907093048095703,,,,tootsie-8b-sensible-starling
1344077.0,2.0045459270477295,,,,tootsie-8b-sensible-starling
1344100.0,1.996254801750183,,,,tootsie-8b-sensible-starling
1344142.0,2.007262706756592,,,,tootsie-8b-sensible-starling
1344209.0,1.9929050207138062,,,,tootsie-8b-sensible-starling
1344296.0,1.9841986894607544,,,,tootsie-8b-sensible-starling
1344402.0,1.995839238166809,,,,tootsie-8b-sensible-starling
1344406.0,1.989456295967102,,,,tootsie-8b-sensible-starling
1344411.0,1.9915192127227783,,,,tootsie-8b-sensible-starling
1344419.0,1.989937424659729,,,,tootsie-8b-sensible-starling
1344451.0,1.998839259147644,,,,tootsie-8b-sensible-starling
1344453.0,1.9943054914474487,,,,tootsie-8b-sensible-starling
1344530.0,1.9924079179763794,,,,tootsie-8b-sensible-starling
1344682.0,1.9920133352279663,,,,tootsie-8b-sensible-starling
1344789.0,1.9878311157226562,,,,tootsie-8b-sensible-starling
1344871.0,2.0005557537078857,,,,tootsie-8b-sensible-starling
1344875.0,1.9974169731140137,,,,tootsie-8b-sensible-starling
1344917.0,1.9839611053466797,,,,tootsie-8b-sensible-starling
1344946.0,1.9806970357894897,,,,tootsie-8b-sensible-starling
1345000.0,,2.469304323196411,2.1550049781799316,2.4350173473358154,tootsie-8b-sensible-starling
1345075.0,1.9810333251953125,,,,tootsie-8b-sensible-starling
1345225.0,1.9692776203155518,,,,tootsie-8b-sensible-starling
1345237.0,1.9867377281188965,,,,tootsie-8b-sensible-starling
1345325.0,1.9804257154464722,,,,tootsie-8b-sensible-starling
1345384.0,1.9814480543136597,,,,tootsie-8b-sensible-starling
1345468.0,1.9831342697143555,,,,tootsie-8b-sensible-starling
1345547.0,1.9820891618728638,,,,tootsie-8b-sensible-starling
1345567.0,1.9954646825790405,,,,tootsie-8b-sensible-starling
1345586.0,1.9856646060943604,,,,tootsie-8b-sensible-starling
1345684.0,1.9837162494659424,,,,tootsie-8b-sensible-starling
1345734.0,1.982849359512329,,,,tootsie-8b-sensible-starling
1345795.0,1.9783064126968384,,,,tootsie-8b-sensible-starling
1345815.0,1.9909106492996216,,,,tootsie-8b-sensible-starling
1345852.0,1.9892116785049438,,,,tootsie-8b-sensible-starling
1346000.0,,2.4698262214660645,2.1543116569519043,2.433776378631592,tootsie-8b-sensible-starling
1346013.0,1.984997272491455,,,,tootsie-8b-sensible-starling
1346046.0,1.9919719696044922,,,,tootsie-8b-sensible-starling
1346061.0,1.990922212600708,,,,tootsie-8b-sensible-starling
1346218.0,1.9876713752746582,,,,tootsie-8b-sensible-starling
1346228.0,1.9759304523468018,,,,tootsie-8b-sensible-starling
1346257.0,1.9979732036590576,,,,tootsie-8b-sensible-starling
1346285.0,1.9844263792037964,,,,tootsie-8b-sensible-starling
1346390.0,1.9849438667297363,,,,tootsie-8b-sensible-starling
1346411.0,1.9840316772460938,,,,tootsie-8b-sensible-starling
1346444.0,1.99550461769104,,,,tootsie-8b-sensible-starling
1346482.0,1.9843591451644897,,,,tootsie-8b-sensible-starling
1346556.0,1.9812489748001099,,,,tootsie-8b-sensible-starling
1346648.0,1.9867823123931885,,,,tootsie-8b-sensible-starling
1346712.0,1.9959927797317505,,,,tootsie-8b-sensible-starling
1346746.0,1.9894336462020874,,,,tootsie-8b-sensible-starling
1346836.0,1.9874968528747559,,,,tootsie-8b-sensible-starling
1346852.0,1.9871540069580078,,,,tootsie-8b-sensible-starling
1346858.0,1.9909076690673828,,,,tootsie-8b-sensible-starling
1346863.0,1.9882606267929077,,,,tootsie-8b-sensible-starling
1346867.0,1.9893182516098022,,,,tootsie-8b-sensible-starling
1346904.0,1.9850144386291504,,,,tootsie-8b-sensible-starling
1346925.0,1.98544180393219,,,,tootsie-8b-sensible-starling
1346955.0,1.9839277267456055,,,,tootsie-8b-sensible-starling
1347000.0,,2.46649432182312,2.1534407138824463,2.434579849243164,tootsie-8b-sensible-starling
1347018.0,1.989703893661499,,,,tootsie-8b-sensible-starling
1347065.0,1.9997782707214355,,,,tootsie-8b-sensible-starling
1347084.0,1.974193811416626,,,,tootsie-8b-sensible-starling
1347104.0,1.987945318222046,,,,tootsie-8b-sensible-starling
1347108.0,1.9673711061477661,,,,tootsie-8b-sensible-starling
1347121.0,1.978778600692749,,,,tootsie-8b-sensible-starling
1347142.0,1.986692190170288,,,,tootsie-8b-sensible-starling
1347218.0,1.9886929988861084,,,,tootsie-8b-sensible-starling
1347240.0,1.9873971939086914,,,,tootsie-8b-sensible-starling
1347388.0,1.9776713848114014,,,,tootsie-8b-sensible-starling
1347469.0,1.9983243942260742,,,,tootsie-8b-sensible-starling
1347673.0,1.983649730682373,,,,tootsie-8b-sensible-starling
1347744.0,1.9873348474502563,,,,tootsie-8b-sensible-starling
1347821.0,1.9892419576644897,,,,tootsie-8b-sensible-starling
1347894.0,1.9694243669509888,,,,tootsie-8b-sensible-starling
1347896.0,1.9858906269073486,,,,tootsie-8b-sensible-starling
1347922.0,1.9791784286499023,,,,tootsie-8b-sensible-starling
1348000.0,,2.464522361755371,2.1512229442596436,2.4331088066101074,tootsie-8b-sensible-starling
1348034.0,1.9902552366256714,,,,tootsie-8b-sensible-starling
1348058.0,1.9850873947143555,,,,tootsie-8b-sensible-starling
1348086.0,1.9776197671890259,,,,tootsie-8b-sensible-starling
1348145.0,1.992913007736206,,,,tootsie-8b-sensible-starling
1348189.0,1.9842170476913452,,,,tootsie-8b-sensible-starling
1348240.0,1.9936575889587402,,,,tootsie-8b-sensible-starling
1348256.0,1.9938745498657227,,,,tootsie-8b-sensible-starling
1348276.0,1.9780189990997314,,,,tootsie-8b-sensible-starling
1348439.0,1.9933415651321411,,,,tootsie-8b-sensible-starling
1348440.0,1.9734560251235962,,,,tootsie-8b-sensible-starling
1348443.0,1.985556960105896,,,,tootsie-8b-sensible-starling
1348450.0,1.984275221824646,,,,tootsie-8b-sensible-starling
1348470.0,1.9860193729400635,,,,tootsie-8b-sensible-starling
1348523.0,1.9887690544128418,,,,tootsie-8b-sensible-starling
1348550.0,1.988519549369812,,,,tootsie-8b-sensible-starling
1348712.0,1.9790384769439697,,,,tootsie-8b-sensible-starling
1348786.0,1.9904567003250122,,,,tootsie-8b-sensible-starling
1348858.0,1.9869766235351562,,,,tootsie-8b-sensible-starling
1348868.0,1.9864943027496338,,,,tootsie-8b-sensible-starling
1348897.0,1.9850709438323975,,,,tootsie-8b-sensible-starling
1348902.0,1.9835704565048218,,,,tootsie-8b-sensible-starling
1349000.0,,2.465999126434326,2.152047872543335,2.432941198348999,tootsie-8b-sensible-starling
1349005.0,1.9864100217819214,,,,tootsie-8b-sensible-starling
1349476.0,1.9811439514160156,,,,tootsie-8b-sensible-starling
1349504.0,1.9796260595321655,,,,tootsie-8b-sensible-starling
1349588.0,1.9764875173568726,,,,tootsie-8b-sensible-starling
1349718.0,1.996921181678772,,,,tootsie-8b-sensible-starling
1349783.0,1.9838671684265137,,,,tootsie-8b-sensible-starling
1349803.0,1.985783576965332,,,,tootsie-8b-sensible-starling
1349837.0,1.9926960468292236,,,,tootsie-8b-sensible-starling
1349887.0,1.9933407306671143,,,,tootsie-8b-sensible-starling
1349937.0,1.9784587621688843,,,,tootsie-8b-sensible-starling
1349976.0,1.994403600692749,,,,tootsie-8b-sensible-starling
1349992.0,1.9960209131240845,,,,tootsie-8b-sensible-starling
1350000.0,,2.4646384716033936,2.1486077308654785,2.4285526275634766,tootsie-8b-sensible-starling
1350016.0,1.9749482870101929,,,,tootsie-8b-sensible-starling
1350109.0,1.981856346130371,,,,tootsie-8b-sensible-starling
1350127.0,1.979627251625061,,,,tootsie-8b-sensible-starling
1350157.0,1.9837698936462402,,,,tootsie-8b-sensible-starling
1350163.0,1.982221245765686,,,,tootsie-8b-sensible-starling
1350262.0,1.9828758239746094,,,,tootsie-8b-sensible-starling
1350292.0,1.978378176689148,,,,tootsie-8b-sensible-starling
1350374.0,1.991624116897583,,,,tootsie-8b-sensible-starling
1350396.0,1.9868016242980957,,,,tootsie-8b-sensible-starling
1350420.0,1.98247230052948,,,,tootsie-8b-sensible-starling
1350478.0,1.989211916923523,,,,tootsie-8b-sensible-starling
1350514.0,1.972259521484375,,,,tootsie-8b-sensible-starling
1350538.0,1.989640712738037,,,,tootsie-8b-sensible-starling
1350730.0,1.9775863885879517,,,,tootsie-8b-sensible-starling
1350749.0,1.9992057085037231,,,,tootsie-8b-sensible-starling
1350769.0,1.9768346548080444,,,,tootsie-8b-sensible-starling
1350777.0,1.9909172058105469,,,,tootsie-8b-sensible-starling
1350869.0,1.9832977056503296,,,,tootsie-8b-sensible-starling
1350946.0,1.9727139472961426,,,,tootsie-8b-sensible-starling
1350999.0,1.9952033758163452,,,,tootsie-8b-sensible-starling
1351000.0,,2.4620888233184814,2.148282766342163,2.4273934364318848,tootsie-8b-sensible-starling
1351038.0,1.969007968902588,,,,tootsie-8b-sensible-starling
1351133.0,1.9819153547286987,,,,tootsie-8b-sensible-starling
1351135.0,1.9868900775909424,,,,tootsie-8b-sensible-starling
1351149.0,1.98209810256958,,,,tootsie-8b-sensible-starling
1351173.0,2.000786781311035,,,,tootsie-8b-sensible-starling
1351175.0,1.9761173725128174,,,,tootsie-8b-sensible-starling
1351226.0,1.9830479621887207,,,,tootsie-8b-sensible-starling
1351241.0,1.981890320777893,,,,tootsie-8b-sensible-starling
1351243.0,1.9804589748382568,,,,tootsie-8b-sensible-starling
1351252.0,1.9905637502670288,,,,tootsie-8b-sensible-starling
1351299.0,1.990177035331726,,,,tootsie-8b-sensible-starling
1351362.0,1.9893074035644531,,,,tootsie-8b-sensible-starling
1351364.0,1.9816949367523193,,,,tootsie-8b-sensible-starling
1351386.0,1.9689292907714844,,,,tootsie-8b-sensible-starling
1351395.0,1.9819843769073486,,,,tootsie-8b-sensible-starling
1351403.0,1.991203784942627,,,,tootsie-8b-sensible-starling
1351427.0,1.990755558013916,,,,tootsie-8b-sensible-starling
1351539.0,1.9906365871429443,,,,tootsie-8b-sensible-starling
1351606.0,1.982946515083313,,,,tootsie-8b-sensible-starling
1351625.0,1.9724563360214233,,,,tootsie-8b-sensible-starling
1351722.0,1.9812042713165283,,,,tootsie-8b-sensible-starling
1351736.0,1.9681363105773926,,,,tootsie-8b-sensible-starling
1351764.0,1.968817114830017,,,,tootsie-8b-sensible-starling
1351767.0,1.966819405555725,,,,tootsie-8b-sensible-starling
1351788.0,1.9860633611679077,,,,tootsie-8b-sensible-starling
1351793.0,1.9693793058395386,,,,tootsie-8b-sensible-starling
1351848.0,1.9789330959320068,,,,tootsie-8b-sensible-starling
1352000.0,,2.4605720043182373,2.1452829837799072,2.4241867065429688,tootsie-8b-sensible-starling
1352013.0,1.9713759422302246,,,,tootsie-8b-sensible-starling
1352017.0,1.976370096206665,,,,tootsie-8b-sensible-starling
1352090.0,1.9778499603271484,,,,tootsie-8b-sensible-starling
1352167.0,1.99869966506958,,,,tootsie-8b-sensible-starling
1352187.0,1.9760277271270752,,,,tootsie-8b-sensible-starling
1352210.0,1.9792248010635376,,,,tootsie-8b-sensible-starling
1352212.0,1.9731743335723877,,,,tootsie-8b-sensible-starling
1352385.0,1.9782302379608154,,,,tootsie-8b-sensible-starling
1352472.0,1.9820351600646973,,,,tootsie-8b-sensible-starling
1352494.0,1.98134446144104,,,,tootsie-8b-sensible-starling
1352529.0,1.984755516052246,,,,tootsie-8b-sensible-starling
1352630.0,1.977692723274231,,,,tootsie-8b-sensible-starling
1352695.0,1.983720302581787,,,,tootsie-8b-sensible-starling
1352704.0,1.9744491577148438,,,,tootsie-8b-sensible-starling
1352727.0,1.9742228984832764,,,,tootsie-8b-sensible-starling
1352768.0,1.9718177318572998,,,,tootsie-8b-sensible-starling
1352776.0,1.9939433336257935,,,,tootsie-8b-sensible-starling
1352787.0,1.9648785591125488,,,,tootsie-8b-sensible-starling
1352788.0,1.9758259057998657,,,,tootsie-8b-sensible-starling
1352838.0,1.971998929977417,,,,tootsie-8b-sensible-starling
1352854.0,1.9849975109100342,,,,tootsie-8b-sensible-starling
1352902.0,1.9910112619400024,,,,tootsie-8b-sensible-starling
1352935.0,1.9632679224014282,,,,tootsie-8b-sensible-starling
1352996.0,1.968477487564087,,,,tootsie-8b-sensible-starling
1353000.0,,2.4586400985717773,2.1446759700775146,2.426982879638672,tootsie-8b-sensible-starling
1353130.0,1.9757881164550781,,,,tootsie-8b-sensible-starling
1353166.0,1.9675596952438354,,,,tootsie-8b-sensible-starling
1353172.0,1.9708369970321655,,,,tootsie-8b-sensible-starling
1353215.0,1.9846488237380981,,,,tootsie-8b-sensible-starling
1353328.0,1.9813958406448364,,,,tootsie-8b-sensible-starling
1353342.0,1.9658855199813843,,,,tootsie-8b-sensible-starling
1353363.0,1.9775681495666504,,,,tootsie-8b-sensible-starling
1353375.0,1.9783562421798706,,,,tootsie-8b-sensible-starling
1353440.0,1.9679542779922485,,,,tootsie-8b-sensible-starling
1353686.0,1.9646919965744019,,,,tootsie-8b-sensible-starling
1353727.0,1.9775469303131104,,,,tootsie-8b-sensible-starling
1353785.0,1.9730284214019775,,,,tootsie-8b-sensible-starling
1353816.0,1.960999846458435,,,,tootsie-8b-sensible-starling
1353921.0,1.9682438373565674,,,,tootsie-8b-sensible-starling
1353956.0,1.992228388786316,,,,tootsie-8b-sensible-starling
1353980.0,1.9744564294815063,,,,tootsie-8b-sensible-starling
1353991.0,1.9906446933746338,,,,tootsie-8b-sensible-starling
1354000.0,,2.4577367305755615,2.1431632041931152,2.42281174659729,tootsie-8b-sensible-starling
1354035.0,1.9754284620285034,,,,tootsie-8b-sensible-starling
1354064.0,1.986831545829773,,,,tootsie-8b-sensible-starling
1354125.0,1.9603254795074463,,,,tootsie-8b-sensible-starling
1354132.0,1.9749345779418945,,,,tootsie-8b-sensible-starling
1354218.0,1.9769220352172852,,,,tootsie-8b-sensible-starling
1354339.0,1.9807331562042236,,,,tootsie-8b-sensible-starling
1354368.0,1.9823461771011353,,,,tootsie-8b-sensible-starling
1354400.0,1.9658252000808716,,,,tootsie-8b-sensible-starling
1354414.0,1.9754384756088257,,,,tootsie-8b-sensible-starling
1354475.0,1.9726258516311646,,,,tootsie-8b-sensible-starling
1354526.0,1.9712774753570557,,,,tootsie-8b-sensible-starling
1354538.0,1.9668437242507935,,,,tootsie-8b-sensible-starling
1354549.0,1.9814165830612183,,,,tootsie-8b-sensible-starling
1354644.0,1.9789612293243408,,,,tootsie-8b-sensible-starling
1354676.0,1.991456151008606,,,,tootsie-8b-sensible-starling
1354709.0,1.9690203666687012,,,,tootsie-8b-sensible-starling
1354751.0,1.9640570878982544,,,,tootsie-8b-sensible-starling
1354767.0,1.975271224975586,,,,tootsie-8b-sensible-starling
1354803.0,1.9775536060333252,,,,tootsie-8b-sensible-starling
1354917.0,1.9838933944702148,,,,tootsie-8b-sensible-starling
1354919.0,1.9776917695999146,,,,tootsie-8b-sensible-starling
1354961.0,1.9723427295684814,,,,tootsie-8b-sensible-starling
1355000.0,,2.4561216831207275,2.14274263381958,2.4264657497406006,tootsie-8b-sensible-starling
1355019.0,1.9692410230636597,,,,tootsie-8b-sensible-starling
1355099.0,1.972522258758545,,,,tootsie-8b-sensible-starling
1355200.0,1.9844545125961304,,,,tootsie-8b-sensible-starling
1355231.0,1.9862550497055054,,,,tootsie-8b-sensible-starling
1355441.0,1.9785313606262207,,,,tootsie-8b-sensible-starling
1355632.0,1.9743722677230835,,,,tootsie-8b-sensible-starling
1355782.0,1.9632384777069092,,,,tootsie-8b-sensible-starling
1355797.0,1.975109338760376,,,,tootsie-8b-sensible-starling
1355798.0,1.9714407920837402,,,,tootsie-8b-sensible-starling
1355839.0,1.9661623239517212,,,,tootsie-8b-sensible-starling
1355863.0,1.9828931093215942,,,,tootsie-8b-sensible-starling
1355865.0,1.9588184356689453,,,,tootsie-8b-sensible-starling
1355869.0,1.9653942584991455,,,,tootsie-8b-sensible-starling
1355963.0,1.9720473289489746,,,,tootsie-8b-sensible-starling
1356000.0,,2.456881046295166,2.1410508155822754,2.4227676391601562,tootsie-8b-sensible-starling
1356006.0,1.9655752182006836,,,,tootsie-8b-sensible-starling
1356014.0,1.9784623384475708,,,,tootsie-8b-sensible-starling
1356070.0,1.9827890396118164,,,,tootsie-8b-sensible-starling
1356185.0,1.9780235290527344,,,,tootsie-8b-sensible-starling
1356209.0,1.9738267660140991,,,,tootsie-8b-sensible-starling
1356292.0,1.9873851537704468,,,,tootsie-8b-sensible-starling
1356316.0,1.9637932777404785,,,,tootsie-8b-sensible-starling
1356327.0,1.970536231994629,,,,tootsie-8b-sensible-starling
1356442.0,1.9820500612258911,,,,tootsie-8b-sensible-starling
1356455.0,1.9633451700210571,,,,tootsie-8b-sensible-starling
1356494.0,1.9724013805389404,,,,tootsie-8b-sensible-starling
1356513.0,1.9727073907852173,,,,tootsie-8b-sensible-starling
1356528.0,1.978803277015686,,,,tootsie-8b-sensible-starling
1356597.0,1.961922287940979,,,,tootsie-8b-sensible-starling
1356712.0,1.973676323890686,,,,tootsie-8b-sensible-starling
1356798.0,1.9838786125183105,,,,tootsie-8b-sensible-starling
1357000.0,1.9804340600967407,2.4552268981933594,2.138518810272217,2.4186530113220215,tootsie-8b-sensible-starling
1357026.0,1.9735416173934937,,,,tootsie-8b-sensible-starling
1357046.0,1.9678319692611694,,,,tootsie-8b-sensible-starling
1357063.0,1.9837987422943115,,,,tootsie-8b-sensible-starling
1357221.0,1.9622572660446167,,,,tootsie-8b-sensible-starling
1357268.0,1.9752933979034424,,,,tootsie-8b-sensible-starling
1357300.0,1.9694020748138428,,,,tootsie-8b-sensible-starling
1357320.0,1.9583961963653564,,,,tootsie-8b-sensible-starling
1357347.0,1.981235146522522,,,,tootsie-8b-sensible-starling
1357425.0,1.9689394235610962,,,,tootsie-8b-sensible-starling
1357487.0,1.966215968132019,,,,tootsie-8b-sensible-starling
1357543.0,1.9677374362945557,,,,tootsie-8b-sensible-starling
1357611.0,1.976880669593811,,,,tootsie-8b-sensible-starling
1357618.0,1.9731489419937134,,,,tootsie-8b-sensible-starling
1357667.0,1.9675042629241943,,,,tootsie-8b-sensible-starling
1357678.0,1.9892481565475464,,,,tootsie-8b-sensible-starling
1357731.0,1.9712220430374146,,,,tootsie-8b-sensible-starling
1357754.0,1.9718809127807617,,,,tootsie-8b-sensible-starling
1357770.0,1.9680132865905762,,,,tootsie-8b-sensible-starling
1358000.0,,2.453947067260742,2.139091730117798,2.4205126762390137,tootsie-8b-sensible-starling
1358022.0,1.9777817726135254,,,,tootsie-8b-sensible-starling
1358041.0,1.9676052331924438,,,,tootsie-8b-sensible-starling
1358129.0,1.9579293727874756,,,,tootsie-8b-sensible-starling
1358150.0,1.9727532863616943,,,,tootsie-8b-sensible-starling
1358242.0,1.9656307697296143,,,,tootsie-8b-sensible-starling
1358273.0,1.9684795141220093,,,,tootsie-8b-sensible-starling
1358383.0,1.9600368738174438,,,,tootsie-8b-sensible-starling
1358443.0,1.9716191291809082,,,,tootsie-8b-sensible-starling
1358478.0,1.9569331407546997,,,,tootsie-8b-sensible-starling
1358549.0,1.9814783334732056,,,,tootsie-8b-sensible-starling
1358576.0,1.9659804105758667,,,,tootsie-8b-sensible-starling
1358605.0,1.9676657915115356,,,,tootsie-8b-sensible-starling
1358606.0,1.9675812721252441,,,,tootsie-8b-sensible-starling
1358613.0,1.969821810722351,,,,tootsie-8b-sensible-starling
1358689.0,1.9599088430404663,,,,tootsie-8b-sensible-starling
1358752.0,1.9656327962875366,,,,tootsie-8b-sensible-starling
1358770.0,1.9654908180236816,,,,tootsie-8b-sensible-starling
1358873.0,1.9690134525299072,,,,tootsie-8b-sensible-starling
1359000.0,,2.4536280632019043,2.1377649307250977,2.418325424194336,tootsie-8b-sensible-starling
1359078.0,1.9536702632904053,,,,tootsie-8b-sensible-starling
1359109.0,1.9639948606491089,,,,tootsie-8b-sensible-starling
1359150.0,1.97529935836792,,,,tootsie-8b-sensible-starling
1359151.0,1.956162452697754,,,,tootsie-8b-sensible-starling
1359299.0,1.9740996360778809,,,,tootsie-8b-sensible-starling
1359316.0,1.9739651679992676,,,,tootsie-8b-sensible-starling
1359330.0,1.9667071104049683,,,,tootsie-8b-sensible-starling
1359334.0,1.9531489610671997,,,,tootsie-8b-sensible-starling
1359369.0,1.9677271842956543,,,,tootsie-8b-sensible-starling
1359454.0,1.9650706052780151,,,,tootsie-8b-sensible-starling
1359559.0,1.971980094909668,,,,tootsie-8b-sensible-starling
1359602.0,1.961242437362671,,,,tootsie-8b-sensible-starling
1359657.0,1.9570623636245728,,,,tootsie-8b-sensible-starling
1359777.0,1.9617093801498413,,,,tootsie-8b-sensible-starling
1359797.0,1.9552311897277832,,,,tootsie-8b-sensible-starling
1359818.0,1.9780378341674805,,,,tootsie-8b-sensible-starling
1359823.0,1.9656516313552856,,,,tootsie-8b-sensible-starling
1359942.0,1.9697121381759644,,,,tootsie-8b-sensible-starling
1360000.0,,2.4498672485351562,2.1350998878479004,2.4166605472564697,tootsie-8b-sensible-starling
1360015.0,1.971805453300476,,,,tootsie-8b-sensible-starling
1360310.0,1.964955449104309,,,,tootsie-8b-sensible-starling
1360374.0,1.9704524278640747,,,,tootsie-8b-sensible-starling
1360395.0,1.9529517889022827,,,,tootsie-8b-sensible-starling
1360430.0,1.9699883460998535,,,,tootsie-8b-sensible-starling
1360448.0,1.9593664407730103,,,,tootsie-8b-sensible-starling
1360483.0,1.9539684057235718,,,,tootsie-8b-sensible-starling
1360523.0,1.9591645002365112,,,,tootsie-8b-sensible-starling
1360563.0,1.978627324104309,,,,tootsie-8b-sensible-starling
1360581.0,1.9634411334991455,,,,tootsie-8b-sensible-starling
1360606.0,1.956112027168274,,,,tootsie-8b-sensible-starling
1360674.0,1.966271162033081,,,,tootsie-8b-sensible-starling
1360707.0,1.9613988399505615,,,,tootsie-8b-sensible-starling
1360711.0,1.961979627609253,,,,tootsie-8b-sensible-starling
1360794.0,1.9836422204971313,,,,tootsie-8b-sensible-starling
1360865.0,1.949252724647522,,,,tootsie-8b-sensible-starling
1360889.0,1.971060872077942,,,,tootsie-8b-sensible-starling
1360984.0,1.9626264572143555,,,,tootsie-8b-sensible-starling
1361000.0,,2.446659803390503,2.1327311992645264,2.4145255088806152,tootsie-8b-sensible-starling
1361040.0,1.960824966430664,,,,tootsie-8b-sensible-starling
1361120.0,1.9679030179977417,,,,tootsie-8b-sensible-starling
1361141.0,1.971175193786621,,,,tootsie-8b-sensible-starling
1361315.0,1.980277180671692,,,,tootsie-8b-sensible-starling
1361335.0,1.958139419555664,,,,tootsie-8b-sensible-starling
1361342.0,1.9660412073135376,,,,tootsie-8b-sensible-starling
1361356.0,1.9721388816833496,,,,tootsie-8b-sensible-starling
1361371.0,1.9690070152282715,,,,tootsie-8b-sensible-starling
1361466.0,1.9704177379608154,,,,tootsie-8b-sensible-starling
1361548.0,1.9635595083236694,,,,tootsie-8b-sensible-starling
1361613.0,1.9603524208068848,,,,tootsie-8b-sensible-starling
1361615.0,1.9677718877792358,,,,tootsie-8b-sensible-starling
1361792.0,1.9628459215164185,,,,tootsie-8b-sensible-starling
1361815.0,1.9556934833526611,,,,tootsie-8b-sensible-starling
1361839.0,1.963117003440857,,,,tootsie-8b-sensible-starling
1362000.0,,2.446270227432251,2.1322999000549316,2.4144883155822754,tootsie-8b-sensible-starling
1362028.0,1.9574944972991943,,,,tootsie-8b-sensible-starling
1362066.0,1.9647802114486694,,,,tootsie-8b-sensible-starling
1362098.0,1.970340609550476,,,,tootsie-8b-sensible-starling
1362169.0,1.9716871976852417,,,,tootsie-8b-sensible-starling
1362189.0,1.9712915420532227,,,,tootsie-8b-sensible-starling
1362221.0,1.97527015209198,,,,tootsie-8b-sensible-starling
1362379.0,1.970329999923706,,,,tootsie-8b-sensible-starling
1362479.0,1.9570714235305786,,,,tootsie-8b-sensible-starling
1362502.0,1.963777780532837,,,,tootsie-8b-sensible-starling
1362565.0,1.9683842658996582,,,,tootsie-8b-sensible-starling
1362669.0,1.9642410278320312,,,,tootsie-8b-sensible-starling
1362755.0,1.960665225982666,,,,tootsie-8b-sensible-starling
1362793.0,1.9677199125289917,,,,tootsie-8b-sensible-starling
1362884.0,1.960553526878357,,,,tootsie-8b-sensible-starling
1362930.0,1.965652346611023,,,,tootsie-8b-sensible-starling
1362971.0,1.9538558721542358,,,,tootsie-8b-sensible-starling
1362978.0,1.9661362171173096,,,,tootsie-8b-sensible-starling
1363000.0,,2.445089101791382,2.1318788528442383,2.4140193462371826,tootsie-8b-sensible-starling
1363020.0,1.9625216722488403,,,,tootsie-8b-sensible-starling
1363022.0,1.9806281328201294,,,,tootsie-8b-sensible-starling
1363059.0,1.965383768081665,,,,tootsie-8b-sensible-starling
1363065.0,1.9600199460983276,,,,tootsie-8b-sensible-starling
1363071.0,1.9516521692276,,,,tootsie-8b-sensible-starling
1363304.0,1.9578937292099,,,,tootsie-8b-sensible-starling
1363320.0,1.957218050956726,,,,tootsie-8b-sensible-starling
1363336.0,1.9408605098724365,,,,tootsie-8b-sensible-starling
1363412.0,1.9458060264587402,,,,tootsie-8b-sensible-starling
1363494.0,1.9602272510528564,,,,tootsie-8b-sensible-starling
1363505.0,1.956701636314392,,,,tootsie-8b-sensible-starling
1363526.0,1.9563932418823242,,,,tootsie-8b-sensible-starling
1363548.0,1.9645805358886719,,,,tootsie-8b-sensible-starling
1363645.0,1.957732915878296,,,,tootsie-8b-sensible-starling
1363677.0,1.9559109210968018,,,,tootsie-8b-sensible-starling
1363713.0,1.9609028100967407,,,,tootsie-8b-sensible-starling
1363819.0,1.9511932134628296,,,,tootsie-8b-sensible-starling
1363860.0,1.955872893333435,,,,tootsie-8b-sensible-starling
1363889.0,1.9494777917861938,,,,tootsie-8b-sensible-starling
1363914.0,1.9604533910751343,,,,tootsie-8b-sensible-starling
1363944.0,1.9697792530059814,,,,tootsie-8b-sensible-starling
1363955.0,1.952304482460022,,,,tootsie-8b-sensible-starling
1363977.0,1.9584423303604126,,,,tootsie-8b-sensible-starling
1363990.0,1.9484847784042358,,,,tootsie-8b-sensible-starling
1364000.0,,2.441732406616211,2.1284162998199463,2.410907745361328,tootsie-8b-sensible-starling
1364015.0,1.9468809366226196,,,,tootsie-8b-sensible-starling
1364032.0,1.9630287885665894,,,,tootsie-8b-sensible-starling
1364057.0,1.9689905643463135,,,,tootsie-8b-sensible-starling
1364059.0,1.9587018489837646,,,,tootsie-8b-sensible-starling
1364207.0,1.9501653909683228,,,,tootsie-8b-sensible-starling
1364225.0,1.9704639911651611,,,,tootsie-8b-sensible-starling
1364302.0,1.9473854303359985,,,,tootsie-8b-sensible-starling
1364458.0,1.96826171875,,,,tootsie-8b-sensible-starling
1364534.0,1.9681065082550049,,,,tootsie-8b-sensible-starling
1364547.0,1.9638184309005737,,,,tootsie-8b-sensible-starling
1364586.0,1.955844759941101,,,,tootsie-8b-sensible-starling
1364759.0,1.9534380435943604,,,,tootsie-8b-sensible-starling
1364777.0,1.979762077331543,,,,tootsie-8b-sensible-starling
1364856.0,1.961995005607605,,,,tootsie-8b-sensible-starling
1364876.0,1.9421740770339966,,,,tootsie-8b-sensible-starling
1364951.0,1.9750182628631592,,,,tootsie-8b-sensible-starling
1364958.0,1.9508532285690308,,,,tootsie-8b-sensible-starling
1365000.0,,2.44108510017395,2.126417636871338,2.407576084136963,tootsie-8b-sensible-starling
1365036.0,1.989113450050354,,,,tootsie-8b-sensible-starling
1365099.0,1.9648692607879639,,,,tootsie-8b-sensible-starling
1365110.0,1.9537625312805176,,,,tootsie-8b-sensible-starling
1365116.0,1.9605505466461182,,,,tootsie-8b-sensible-starling
1365199.0,1.9551714658737183,,,,tootsie-8b-sensible-starling
1365308.0,1.9654018878936768,,,,tootsie-8b-sensible-starling
1365316.0,1.9479732513427734,,,,tootsie-8b-sensible-starling
1365330.0,1.9650169610977173,,,,tootsie-8b-sensible-starling
1365385.0,1.9473742246627808,,,,tootsie-8b-sensible-starling
1365452.0,1.967950701713562,,,,tootsie-8b-sensible-starling
1365528.0,1.965687870979309,,,,tootsie-8b-sensible-starling
1365600.0,1.9626668691635132,,,,tootsie-8b-sensible-starling
1365616.0,1.9555084705352783,,,,tootsie-8b-sensible-starling
1365729.0,1.9456751346588135,,,,tootsie-8b-sensible-starling
1365802.0,1.9468262195587158,,,,tootsie-8b-sensible-starling
1365857.0,1.9530469179153442,,,,tootsie-8b-sensible-starling
1365872.0,1.956618070602417,,,,tootsie-8b-sensible-starling
1365878.0,1.9530547857284546,,,,tootsie-8b-sensible-starling
1365888.0,1.96011221408844,,,,tootsie-8b-sensible-starling
1365971.0,1.9546141624450684,,,,tootsie-8b-sensible-starling
1366000.0,,2.441404342651367,2.125708818435669,2.407775402069092,tootsie-8b-sensible-starling
1366101.0,1.9553139209747314,,,,tootsie-8b-sensible-starling
1366176.0,1.9632419347763062,,,,tootsie-8b-sensible-starling
1366198.0,1.9599992036819458,,,,tootsie-8b-sensible-starling
1366246.0,1.9440126419067383,,,,tootsie-8b-sensible-starling
1366256.0,1.95530104637146,,,,tootsie-8b-sensible-starling
1366370.0,1.9564132690429688,,,,tootsie-8b-sensible-starling
1366403.0,1.9681168794631958,,,,tootsie-8b-sensible-starling
1366436.0,1.9451600313186646,,,,tootsie-8b-sensible-starling
1366462.0,1.9572999477386475,,,,tootsie-8b-sensible-starling
1366489.0,1.9466896057128906,,,,tootsie-8b-sensible-starling
1366496.0,1.9491091966629028,,,,tootsie-8b-sensible-starling
1366536.0,1.947110891342163,,,,tootsie-8b-sensible-starling
1366560.0,1.9474515914916992,,,,tootsie-8b-sensible-starling
1366580.0,1.9637023210525513,,,,tootsie-8b-sensible-starling
1366623.0,1.9453006982803345,,,,tootsie-8b-sensible-starling
1366674.0,1.9582451581954956,,,,tootsie-8b-sensible-starling
1366707.0,1.9524595737457275,,,,tootsie-8b-sensible-starling
1366773.0,1.9586862325668335,,,,tootsie-8b-sensible-starling
1366805.0,1.9558438062667847,,,,tootsie-8b-sensible-starling
1366832.0,1.9652410745620728,,,,tootsie-8b-sensible-starling
1366908.0,1.9555082321166992,,,,tootsie-8b-sensible-starling
1366955.0,1.9715031385421753,,,,tootsie-8b-sensible-starling
1367000.0,,2.4383511543273926,2.1228601932525635,2.4053800106048584,tootsie-8b-sensible-starling
1367039.0,1.9541929960250854,,,,tootsie-8b-sensible-starling
1367109.0,1.9368637800216675,,,,tootsie-8b-sensible-starling
1367144.0,1.96208655834198,,,,tootsie-8b-sensible-starling
1367155.0,1.9556801319122314,,,,tootsie-8b-sensible-starling
1367171.0,1.9695724248886108,,,,tootsie-8b-sensible-starling
1367205.0,1.9692662954330444,,,,tootsie-8b-sensible-starling
1367308.0,1.9517698287963867,,,,tootsie-8b-sensible-starling
1367316.0,1.9509289264678955,,,,tootsie-8b-sensible-starling
1367364.0,1.949852466583252,,,,tootsie-8b-sensible-starling
1367427.0,1.9506735801696777,,,,tootsie-8b-sensible-starling
1367463.0,1.9619678258895874,,,,tootsie-8b-sensible-starling
1367555.0,1.9602296352386475,,,,tootsie-8b-sensible-starling
1367675.0,1.9544219970703125,,,,tootsie-8b-sensible-starling
1367725.0,1.9617427587509155,,,,tootsie-8b-sensible-starling
1367748.0,1.942006230354309,,,,tootsie-8b-sensible-starling
1367873.0,1.9559775590896606,,,,tootsie-8b-sensible-starling
1367935.0,1.9479955434799194,,,,tootsie-8b-sensible-starling
1367959.0,1.965822458267212,,,,tootsie-8b-sensible-starling
1368000.0,,2.4362711906433105,2.1205039024353027,2.402266025543213,tootsie-8b-sensible-starling
1368079.0,1.957433819770813,,,,tootsie-8b-sensible-starling
1368103.0,1.9511706829071045,,,,tootsie-8b-sensible-starling
1368128.0,1.9440996646881104,,,,tootsie-8b-sensible-starling
1368166.0,1.949442982673645,,,,tootsie-8b-sensible-starling
1368169.0,1.9364773035049438,,,,tootsie-8b-sensible-starling
1368172.0,1.9464789628982544,,,,tootsie-8b-sensible-starling
1368215.0,1.954664945602417,,,,tootsie-8b-sensible-starling
1368227.0,1.9539438486099243,,,,tootsie-8b-sensible-starling
1368234.0,1.9501343965530396,,,,tootsie-8b-sensible-starling
1368235.0,1.945212483406067,,,,tootsie-8b-sensible-starling
1368250.0,1.9578076601028442,,,,tootsie-8b-sensible-starling
1368274.0,1.9522316455841064,,,,tootsie-8b-sensible-starling
1368435.0,1.9424774646759033,,,,tootsie-8b-sensible-starling
1368470.0,1.9558032751083374,,,,tootsie-8b-sensible-starling
1368560.0,1.9492875337600708,,,,tootsie-8b-sensible-starling
1368611.0,1.9475470781326294,,,,tootsie-8b-sensible-starling
1368643.0,1.9330334663391113,,,,tootsie-8b-sensible-starling
1368646.0,1.9522621631622314,,,,tootsie-8b-sensible-starling
1368659.0,1.9365531206130981,,,,tootsie-8b-sensible-starling
1368671.0,1.9495112895965576,,,,tootsie-8b-sensible-starling
1368843.0,1.952471375465393,,,,tootsie-8b-sensible-starling
1368902.0,1.944918155670166,,,,tootsie-8b-sensible-starling
1368959.0,1.950812578201294,,,,tootsie-8b-sensible-starling
1369000.0,,2.435046911239624,2.1194510459899902,2.400047540664673,tootsie-8b-sensible-starling
1369009.0,1.9567043781280518,,,,tootsie-8b-sensible-starling
1369040.0,1.9459272623062134,,,,tootsie-8b-sensible-starling
1369055.0,1.949937105178833,,,,tootsie-8b-sensible-starling
1369144.0,1.9367727041244507,,,,tootsie-8b-sensible-starling
1369194.0,1.9492814540863037,,,,tootsie-8b-sensible-starling
1369216.0,1.9516997337341309,,,,tootsie-8b-sensible-starling
1369281.0,1.9566947221755981,,,,tootsie-8b-sensible-starling
1369290.0,1.944836974143982,,,,tootsie-8b-sensible-starling
1369295.0,1.9442616701126099,,,,tootsie-8b-sensible-starling
1369350.0,1.949454426765442,,,,tootsie-8b-sensible-starling
1369373.0,1.9648667573928833,,,,tootsie-8b-sensible-starling
1369445.0,1.959315299987793,,,,tootsie-8b-sensible-starling
1369448.0,1.9506559371948242,,,,tootsie-8b-sensible-starling
1369469.0,1.9563844203948975,,,,tootsie-8b-sensible-starling
1369505.0,1.9430406093597412,,,,tootsie-8b-sensible-starling
1369527.0,1.9480894804000854,,,,tootsie-8b-sensible-starling
1369559.0,1.9468598365783691,,,,tootsie-8b-sensible-starling
1369574.0,1.943346619606018,,,,tootsie-8b-sensible-starling
1369622.0,1.9438978433609009,,,,tootsie-8b-sensible-starling
1369739.0,1.9568301439285278,,,,tootsie-8b-sensible-starling
1369747.0,1.9469923973083496,,,,tootsie-8b-sensible-starling
1369910.0,1.9578759670257568,,,,tootsie-8b-sensible-starling
1370000.0,,2.4335436820983887,2.1181910037994385,2.400066375732422,tootsie-8b-sensible-starling
1370053.0,1.9451569318771362,,,,tootsie-8b-sensible-starling
1370103.0,1.9531015157699585,,,,tootsie-8b-sensible-starling
1370109.0,1.956307291984558,,,,tootsie-8b-sensible-starling
1370185.0,1.9464126825332642,,,,tootsie-8b-sensible-starling
1370276.0,1.965596079826355,,,,tootsie-8b-sensible-starling
1370309.0,1.9330058097839355,,,,tootsie-8b-sensible-starling
1370311.0,1.9554834365844727,,,,tootsie-8b-sensible-starling
1370429.0,1.9350759983062744,,,,tootsie-8b-sensible-starling
1370460.0,1.939426302909851,,,,tootsie-8b-sensible-starling
1370466.0,1.9460686445236206,,,,tootsie-8b-sensible-starling
1370472.0,1.9434982538223267,,,,tootsie-8b-sensible-starling
1370507.0,1.95412015914917,,,,tootsie-8b-sensible-starling
1370578.0,1.9395313262939453,,,,tootsie-8b-sensible-starling
1370579.0,1.9587819576263428,,,,tootsie-8b-sensible-starling
1370638.0,1.9545009136199951,,,,tootsie-8b-sensible-starling
1370682.0,1.9485111236572266,,,,tootsie-8b-sensible-starling
1370695.0,1.9520303010940552,,,,tootsie-8b-sensible-starling
1370704.0,1.9489381313323975,,,,tootsie-8b-sensible-starling
1370727.0,1.9525442123413086,,,,tootsie-8b-sensible-starling
1370730.0,1.9343706369400024,,,,tootsie-8b-sensible-starling
1370757.0,1.9368817806243896,,,,tootsie-8b-sensible-starling
1370784.0,1.9647475481033325,,,,tootsie-8b-sensible-starling
1370817.0,1.9488426446914673,,,,tootsie-8b-sensible-starling
1371000.0,,2.433220148086548,2.11653470993042,2.397164821624756,tootsie-8b-sensible-starling
1371009.0,1.9568610191345215,,,,tootsie-8b-sensible-starling
1371107.0,1.9501184225082397,,,,tootsie-8b-sensible-starling
1371132.0,1.9490454196929932,,,,tootsie-8b-sensible-starling
1371158.0,1.9422074556350708,,,,tootsie-8b-sensible-starling
1371171.0,1.9391779899597168,,,,tootsie-8b-sensible-starling
1371181.0,1.952990174293518,,,,tootsie-8b-sensible-starling
1371183.0,1.9424824714660645,,,,tootsie-8b-sensible-starling
1371236.0,1.9488810300827026,,,,tootsie-8b-sensible-starling
1371353.0,1.9387469291687012,,,,tootsie-8b-sensible-starling
1371441.0,1.9584389925003052,,,,tootsie-8b-sensible-starling
1371527.0,1.9457876682281494,,,,tootsie-8b-sensible-starling
1371697.0,1.9476406574249268,,,,tootsie-8b-sensible-starling
1371711.0,1.9393696784973145,,,,tootsie-8b-sensible-starling
1371724.0,1.931349754333496,,,,tootsie-8b-sensible-starling
1371789.0,1.958942174911499,,,,tootsie-8b-sensible-starling
1371797.0,1.9446215629577637,,,,tootsie-8b-sensible-starling
1371825.0,1.9398789405822754,,,,tootsie-8b-sensible-starling
1371878.0,1.9430021047592163,,,,tootsie-8b-sensible-starling
1371894.0,1.9396477937698364,,,,tootsie-8b-sensible-starling
1371975.0,1.9433207511901855,,,,tootsie-8b-sensible-starling
1372000.0,,2.431345224380493,2.1147513389587402,2.3963215351104736,tootsie-8b-sensible-starling
1372138.0,1.9557284116744995,,,,tootsie-8b-sensible-starling
1372153.0,1.940178632736206,,,,tootsie-8b-sensible-starling
1372447.0,1.9350155591964722,,,,tootsie-8b-sensible-starling
1372466.0,1.941068410873413,,,,tootsie-8b-sensible-starling
1372555.0,1.944394826889038,,,,tootsie-8b-sensible-starling
1372729.0,1.9444481134414673,,,,tootsie-8b-sensible-starling
1372749.0,1.9425909519195557,,,,tootsie-8b-sensible-starling
1372757.0,1.965238094329834,,,,tootsie-8b-sensible-starling
1372783.0,1.9433077573776245,,,,tootsie-8b-sensible-starling
1372802.0,1.948582410812378,,,,tootsie-8b-sensible-starling
1372839.0,1.9428415298461914,,,,tootsie-8b-sensible-starling
1372939.0,1.9435213804244995,,,,tootsie-8b-sensible-starling
1372979.0,1.9486067295074463,,,,tootsie-8b-sensible-starling
1373000.0,,2.426792621612549,2.112069845199585,2.392554759979248,tootsie-8b-sensible-starling
1373137.0,1.9378403425216675,,,,tootsie-8b-sensible-starling
1373192.0,1.9414172172546387,,,,tootsie-8b-sensible-starling
1373229.0,1.9178017377853394,,,,tootsie-8b-sensible-starling
1373261.0,1.9435092210769653,,,,tootsie-8b-sensible-starling
1373272.0,1.937148094177246,,,,tootsie-8b-sensible-starling
1373316.0,1.946746826171875,,,,tootsie-8b-sensible-starling
1373320.0,1.9438486099243164,,,,tootsie-8b-sensible-starling
1373359.0,1.9317831993103027,,,,tootsie-8b-sensible-starling
1373431.0,1.9326785802841187,,,,tootsie-8b-sensible-starling
1373432.0,1.9460967779159546,,,,tootsie-8b-sensible-starling
1373484.0,1.94159996509552,,,,tootsie-8b-sensible-starling
1373657.0,1.9409801959991455,,,,tootsie-8b-sensible-starling
1373669.0,1.9507420063018799,,,,tootsie-8b-sensible-starling
1373677.0,1.9360337257385254,,,,tootsie-8b-sensible-starling
1373696.0,1.9447511434555054,,,,tootsie-8b-sensible-starling
1373705.0,1.9446969032287598,,,,tootsie-8b-sensible-starling
1373707.0,1.9458062648773193,,,,tootsie-8b-sensible-starling
1373739.0,1.9542962312698364,,,,tootsie-8b-sensible-starling
1373756.0,1.925478219985962,,,,tootsie-8b-sensible-starling
1373769.0,1.9400283098220825,,,,tootsie-8b-sensible-starling
1373821.0,1.9526455402374268,,,,tootsie-8b-sensible-starling
1373827.0,1.9374500513076782,,,,tootsie-8b-sensible-starling
1373894.0,1.9346143007278442,,,,tootsie-8b-sensible-starling
1373907.0,1.9288421869277954,,,,tootsie-8b-sensible-starling
1373970.0,1.949669361114502,,,,tootsie-8b-sensible-starling
1373987.0,1.9288572072982788,,,,tootsie-8b-sensible-starling
1374000.0,,2.4243929386138916,2.110159158706665,2.3913817405700684,tootsie-8b-sensible-starling
1374014.0,1.9355546236038208,,,,tootsie-8b-sensible-starling
1374041.0,1.9257084131240845,,,,tootsie-8b-sensible-starling
1374042.0,1.954728603363037,,,,tootsie-8b-sensible-starling
1374061.0,1.9343911409378052,,,,tootsie-8b-sensible-starling
1374167.0,1.937282681465149,,,,tootsie-8b-sensible-starling
1374271.0,1.9325426816940308,,,,tootsie-8b-sensible-starling
1374299.0,1.9383199214935303,,,,tootsie-8b-sensible-starling
1374305.0,1.9367848634719849,,,,tootsie-8b-sensible-starling
1374315.0,1.9326061010360718,,,,tootsie-8b-sensible-starling
1374334.0,1.9273080825805664,,,,tootsie-8b-sensible-starling
1374349.0,1.9388186931610107,,,,tootsie-8b-sensible-starling
1374396.0,1.9348045587539673,,,,tootsie-8b-sensible-starling
1374479.0,1.9240031242370605,,,,tootsie-8b-sensible-starling
1374604.0,1.9336758852005005,,,,tootsie-8b-sensible-starling
1374612.0,1.929551124572754,,,,tootsie-8b-sensible-starling
1374779.0,1.9361393451690674,,,,tootsie-8b-sensible-starling
1374838.0,1.9456539154052734,,,,tootsie-8b-sensible-starling
1374860.0,1.9446041584014893,,,,tootsie-8b-sensible-starling
1374953.0,1.9368624687194824,,,,tootsie-8b-sensible-starling
1374982.0,1.9335380792617798,,,,tootsie-8b-sensible-starling
1374987.0,1.9447721242904663,,,,tootsie-8b-sensible-starling
1375000.0,,2.4231605529785156,2.109529733657837,2.3898916244506836,tootsie-8b-sensible-starling
1375069.0,1.9344624280929565,,,,tootsie-8b-sensible-starling
1375145.0,1.9220997095108032,,,,tootsie-8b-sensible-starling
1375212.0,1.9298804998397827,,,,tootsie-8b-sensible-starling
1375307.0,1.946699857711792,,,,tootsie-8b-sensible-starling
1375325.0,1.9158395528793335,,,,tootsie-8b-sensible-starling
1375331.0,1.927486777305603,,,,tootsie-8b-sensible-starling
1375486.0,1.9244722127914429,,,,tootsie-8b-sensible-starling
1375560.0,1.942244052886963,,,,tootsie-8b-sensible-starling
1375563.0,1.9371485710144043,,,,tootsie-8b-sensible-starling
1375576.0,1.9396995306015015,,,,tootsie-8b-sensible-starling
1375580.0,1.9302959442138672,,,,tootsie-8b-sensible-starling
1375653.0,1.9286459684371948,,,,tootsie-8b-sensible-starling
1375726.0,1.932531714439392,,,,tootsie-8b-sensible-starling
1375787.0,1.951127290725708,,,,tootsie-8b-sensible-starling
1375798.0,1.928277611732483,,,,tootsie-8b-sensible-starling
1375824.0,1.9269497394561768,,,,tootsie-8b-sensible-starling
1376000.0,,2.4208126068115234,2.1066269874572754,2.3882412910461426,tootsie-8b-sensible-starling
1376026.0,1.9368151426315308,,,,tootsie-8b-sensible-starling
1376061.0,1.9363105297088623,,,,tootsie-8b-sensible-starling
1376148.0,1.9344087839126587,,,,tootsie-8b-sensible-starling
1376151.0,1.939517855644226,,,,tootsie-8b-sensible-starling
1376155.0,1.9397350549697876,,,,tootsie-8b-sensible-starling
1376208.0,1.9403371810913086,,,,tootsie-8b-sensible-starling
1376244.0,1.93186354637146,,,,tootsie-8b-sensible-starling
1376296.0,1.9375320672988892,,,,tootsie-8b-sensible-starling
1376303.0,1.9356693029403687,,,,tootsie-8b-sensible-starling
1376467.0,1.9321049451828003,,,,tootsie-8b-sensible-starling
1376653.0,1.931136131286621,,,,tootsie-8b-sensible-starling
1376691.0,1.9291614294052124,,,,tootsie-8b-sensible-starling
1376710.0,1.933246374130249,,,,tootsie-8b-sensible-starling
1376916.0,1.929740309715271,,,,tootsie-8b-sensible-starling
1377000.0,,2.417603015899658,2.103452205657959,2.3842573165893555,tootsie-8b-sensible-starling
1377042.0,1.9354954957962036,,,,tootsie-8b-sensible-starling
1377052.0,1.9282525777816772,,,,tootsie-8b-sensible-starling
1377068.0,1.9293015003204346,,,,tootsie-8b-sensible-starling
1377074.0,1.93256413936615,,,,tootsie-8b-sensible-starling
1377109.0,1.924781084060669,,,,tootsie-8b-sensible-starling
1377114.0,1.9320714473724365,,,,tootsie-8b-sensible-starling
1377168.0,1.9289889335632324,,,,tootsie-8b-sensible-starling
1377223.0,1.929880976676941,,,,tootsie-8b-sensible-starling
1377310.0,1.9224681854248047,,,,tootsie-8b-sensible-starling
1377355.0,1.931114912033081,,,,tootsie-8b-sensible-starling
1377433.0,1.926646113395691,,,,tootsie-8b-sensible-starling
1377452.0,1.9181727170944214,,,,tootsie-8b-sensible-starling
1377518.0,1.93873131275177,,,,tootsie-8b-sensible-starling
1377520.0,1.934741497039795,,,,tootsie-8b-sensible-starling
1377619.0,1.9216843843460083,,,,tootsie-8b-sensible-starling
1377644.0,1.9312628507614136,,,,tootsie-8b-sensible-starling
1377651.0,1.9240353107452393,,,,tootsie-8b-sensible-starling
1377684.0,1.9319446086883545,,,,tootsie-8b-sensible-starling
1377870.0,1.927986741065979,,,,tootsie-8b-sensible-starling
1377949.0,1.9407340288162231,,,,tootsie-8b-sensible-starling
1377953.0,1.938007116317749,,,,tootsie-8b-sensible-starling
1377976.0,1.9232392311096191,,,,tootsie-8b-sensible-starling
1378000.0,,2.415814161300659,2.1014018058776855,2.3821089267730713,tootsie-8b-sensible-starling
1378050.0,1.9388682842254639,,,,tootsie-8b-sensible-starling
1378056.0,1.9293030500411987,,,,tootsie-8b-sensible-starling
1378096.0,1.9333219528198242,,,,tootsie-8b-sensible-starling
1378125.0,1.923761248588562,,,,tootsie-8b-sensible-starling
1378133.0,1.935074806213379,,,,tootsie-8b-sensible-starling
1378154.0,1.9333003759384155,,,,tootsie-8b-sensible-starling
1378217.0,1.9277361631393433,,,,tootsie-8b-sensible-starling
1378313.0,1.9504648447036743,,,,tootsie-8b-sensible-starling
1378373.0,1.9310011863708496,,,,tootsie-8b-sensible-starling
1378465.0,1.9236189126968384,,,,tootsie-8b-sensible-starling
1378550.0,1.922489881515503,,,,tootsie-8b-sensible-starling
1378599.0,1.9315156936645508,,,,tootsie-8b-sensible-starling
1378713.0,1.9224860668182373,,,,tootsie-8b-sensible-starling
1378719.0,1.9275439977645874,,,,tootsie-8b-sensible-starling
1378768.0,1.9309453964233398,,,,tootsie-8b-sensible-starling
1378794.0,1.9224653244018555,,,,tootsie-8b-sensible-starling
1378886.0,1.9208754301071167,,,,tootsie-8b-sensible-starling
1378956.0,1.9398832321166992,,,,tootsie-8b-sensible-starling
1378961.0,1.9276853799819946,,,,tootsie-8b-sensible-starling
1378993.0,1.9175660610198975,,,,tootsie-8b-sensible-starling
1379000.0,1.9271762371063232,2.4145586490631104,2.09848690032959,2.379908561706543,tootsie-8b-sensible-starling
1379027.0,1.9321521520614624,,,,tootsie-8b-sensible-starling
1379036.0,1.9244768619537354,,,,tootsie-8b-sensible-starling
1379046.0,1.9191728830337524,,,,tootsie-8b-sensible-starling
1379087.0,1.91571044921875,,,,tootsie-8b-sensible-starling
1379232.0,1.9352078437805176,,,,tootsie-8b-sensible-starling
1379265.0,1.9250092506408691,,,,tootsie-8b-sensible-starling
1379268.0,1.9103409051895142,,,,tootsie-8b-sensible-starling
1379273.0,1.9269626140594482,,,,tootsie-8b-sensible-starling
1379388.0,1.9230459928512573,,,,tootsie-8b-sensible-starling
1379479.0,1.9269052743911743,,,,tootsie-8b-sensible-starling
1379512.0,1.9347525835037231,,,,tootsie-8b-sensible-starling
1379539.0,1.9213910102844238,,,,tootsie-8b-sensible-starling
1379546.0,1.9089100360870361,,,,tootsie-8b-sensible-starling
1379571.0,1.917679786682129,,,,tootsie-8b-sensible-starling
1379663.0,1.934790015220642,,,,tootsie-8b-sensible-starling
1379670.0,1.939393162727356,,,,tootsie-8b-sensible-starling
1379711.0,1.929916262626648,,,,tootsie-8b-sensible-starling
1379713.0,1.926903247833252,,,,tootsie-8b-sensible-starling
1379756.0,1.9173920154571533,,,,tootsie-8b-sensible-starling
1379770.0,1.9287933111190796,,,,tootsie-8b-sensible-starling
1379799.0,1.9171538352966309,,,,tootsie-8b-sensible-starling
1379824.0,1.9306527376174927,,,,tootsie-8b-sensible-starling
1379840.0,1.9255870580673218,,,,tootsie-8b-sensible-starling
1379858.0,1.9083653688430786,,,,tootsie-8b-sensible-starling
1379876.0,1.9234898090362549,,,,tootsie-8b-sensible-starling
1379881.0,1.9302631616592407,,,,tootsie-8b-sensible-starling
1379891.0,1.9310600757598877,,,,tootsie-8b-sensible-starling
1379910.0,1.9346935749053955,,,,tootsie-8b-sensible-starling
1380000.0,,2.4115426540374756,2.0969367027282715,2.3774776458740234,tootsie-8b-sensible-starling
1380125.0,1.924538493156433,,,,tootsie-8b-sensible-starling
1380149.0,1.9131160974502563,,,,tootsie-8b-sensible-starling
1380168.0,1.9346338510513306,,,,tootsie-8b-sensible-starling
1380169.0,1.9310250282287598,,,,tootsie-8b-sensible-starling
1380195.0,1.908651351928711,,,,tootsie-8b-sensible-starling
1380268.0,1.9245425462722778,,,,tootsie-8b-sensible-starling
1380271.0,1.9280951023101807,,,,tootsie-8b-sensible-starling
1380276.0,1.9360988140106201,,,,tootsie-8b-sensible-starling
1380291.0,1.920295238494873,,,,tootsie-8b-sensible-starling
1380429.0,1.9267587661743164,,,,tootsie-8b-sensible-starling
1380482.0,1.9271272420883179,,,,tootsie-8b-sensible-starling
1380487.0,1.935595154762268,,,,tootsie-8b-sensible-starling
1380528.0,1.9253287315368652,,,,tootsie-8b-sensible-starling
1380540.0,1.924284815788269,,,,tootsie-8b-sensible-starling
1380642.0,1.9282972812652588,,,,tootsie-8b-sensible-starling
1380645.0,1.9269131422042847,,,,tootsie-8b-sensible-starling
1380826.0,1.9271471500396729,,,,tootsie-8b-sensible-starling
1380897.0,1.9240177869796753,,,,tootsie-8b-sensible-starling
1380922.0,1.9180246591567993,,,,tootsie-8b-sensible-starling
1380930.0,1.9248093366622925,,,,tootsie-8b-sensible-starling
1380935.0,1.925137996673584,,,,tootsie-8b-sensible-starling
1380957.0,1.9171987771987915,,,,tootsie-8b-sensible-starling
1380961.0,1.9364147186279297,,,,tootsie-8b-sensible-starling
1380972.0,1.9215949773788452,,,,tootsie-8b-sensible-starling
1381000.0,,2.4093618392944336,2.0950119495391846,2.374622344970703,tootsie-8b-sensible-starling
1381108.0,1.9174070358276367,,,,tootsie-8b-sensible-starling
1381155.0,1.9257595539093018,,,,tootsie-8b-sensible-starling
1381261.0,1.9262330532073975,,,,tootsie-8b-sensible-starling
1381320.0,1.9236743450164795,,,,tootsie-8b-sensible-starling
1381428.0,1.924012541770935,,,,tootsie-8b-sensible-starling
1381431.0,1.928553819656372,,,,tootsie-8b-sensible-starling
1381479.0,1.9309126138687134,,,,tootsie-8b-sensible-starling
1381483.0,1.9178541898727417,,,,tootsie-8b-sensible-starling
1381530.0,1.9372620582580566,,,,tootsie-8b-sensible-starling
1381538.0,1.9235599040985107,,,,tootsie-8b-sensible-starling
1381618.0,1.9188100099563599,,,,tootsie-8b-sensible-starling
1381714.0,1.922277569770813,,,,tootsie-8b-sensible-starling
1381727.0,1.9360992908477783,,,,tootsie-8b-sensible-starling
1381883.0,1.9209049940109253,,,,tootsie-8b-sensible-starling
1381886.0,1.933898687362671,,,,tootsie-8b-sensible-starling
1381896.0,1.910775065422058,,,,tootsie-8b-sensible-starling
1381913.0,1.9154865741729736,,,,tootsie-8b-sensible-starling
1381943.0,1.9327043294906616,,,,tootsie-8b-sensible-starling
1381950.0,1.9192349910736084,,,,tootsie-8b-sensible-starling
1381964.0,1.9165457487106323,,,,tootsie-8b-sensible-starling
1381967.0,1.9187768697738647,,,,tootsie-8b-sensible-starling
1381972.0,1.917584776878357,,,,tootsie-8b-sensible-starling
1381992.0,1.9132128953933716,,,,tootsie-8b-sensible-starling
1382000.0,,2.4067137241363525,2.0908713340759277,2.3727164268493652,tootsie-8b-sensible-starling
1382032.0,1.9135642051696777,,,,tootsie-8b-sensible-starling
1382062.0,1.914626121520996,,,,tootsie-8b-sensible-starling
1382113.0,1.9287011623382568,,,,tootsie-8b-sensible-starling
1382127.0,1.9116944074630737,,,,tootsie-8b-sensible-starling
1382331.0,1.9212267398834229,,,,tootsie-8b-sensible-starling
1382343.0,1.92255699634552,,,,tootsie-8b-sensible-starling
1382380.0,1.9114916324615479,,,,tootsie-8b-sensible-starling
1382397.0,1.9187490940093994,,,,tootsie-8b-sensible-starling
1382403.0,1.9265702962875366,,,,tootsie-8b-sensible-starling
1382431.0,1.9180678129196167,,,,tootsie-8b-sensible-starling
1382435.0,1.92685067653656,,,,tootsie-8b-sensible-starling
1382637.0,1.919021725654602,,,,tootsie-8b-sensible-starling
1382640.0,1.9165375232696533,,,,tootsie-8b-sensible-starling
1382665.0,1.9205296039581299,,,,tootsie-8b-sensible-starling
1382771.0,1.9126031398773193,,,,tootsie-8b-sensible-starling
1382803.0,1.9206080436706543,,,,tootsie-8b-sensible-starling
1382846.0,1.9153870344161987,,,,tootsie-8b-sensible-starling
1382855.0,1.91475510597229,,,,tootsie-8b-sensible-starling
1383000.0,,2.4036953449249268,2.0896525382995605,2.3706793785095215,tootsie-8b-sensible-starling
1383065.0,1.9131343364715576,,,,tootsie-8b-sensible-starling
1383112.0,1.9051038026809692,,,,tootsie-8b-sensible-starling
1383155.0,1.934557318687439,,,,tootsie-8b-sensible-starling
1383186.0,1.9243030548095703,,,,tootsie-8b-sensible-starling
1383192.0,1.9244993925094604,,,,tootsie-8b-sensible-starling
1383374.0,1.9319238662719727,,,,tootsie-8b-sensible-starling
1383390.0,1.9167817831039429,,,,tootsie-8b-sensible-starling
1383391.0,1.908857822418213,,,,tootsie-8b-sensible-starling
1383428.0,1.9069187641143799,,,,tootsie-8b-sensible-starling
1383543.0,1.9270977973937988,,,,tootsie-8b-sensible-starling
1383547.0,1.9232866764068604,,,,tootsie-8b-sensible-starling
1383565.0,1.9249173402786255,,,,tootsie-8b-sensible-starling
1383567.0,1.9217878580093384,,,,tootsie-8b-sensible-starling
1383572.0,1.9123940467834473,,,,tootsie-8b-sensible-starling
1383586.0,1.9190572500228882,,,,tootsie-8b-sensible-starling
1383606.0,1.9338374137878418,,,,tootsie-8b-sensible-starling
1383627.0,1.9114137887954712,,,,tootsie-8b-sensible-starling
1383632.0,1.916471242904663,,,,tootsie-8b-sensible-starling
1383679.0,1.9258452653884888,,,,tootsie-8b-sensible-starling
1383721.0,1.9115225076675415,,,,tootsie-8b-sensible-starling
1383759.0,1.8964000940322876,,,,tootsie-8b-sensible-starling
1383774.0,1.9212449789047241,,,,tootsie-8b-sensible-starling
1383844.0,1.9126391410827637,,,,tootsie-8b-sensible-starling
1383852.0,1.9099135398864746,,,,tootsie-8b-sensible-starling
1383901.0,1.9081997871398926,,,,tootsie-8b-sensible-starling
1383974.0,1.907431960105896,,,,tootsie-8b-sensible-starling
1384000.0,,2.4018871784210205,2.0877161026000977,2.369250535964966,tootsie-8b-sensible-starling
1384007.0,1.909448504447937,,,,tootsie-8b-sensible-starling
1384108.0,1.9206252098083496,,,,tootsie-8b-sensible-starling
1384171.0,1.911948800086975,,,,tootsie-8b-sensible-starling
1384216.0,1.9235072135925293,,,,tootsie-8b-sensible-starling
1384368.0,1.9019203186035156,,,,tootsie-8b-sensible-starling
1384436.0,1.905150294303894,,,,tootsie-8b-sensible-starling
1384546.0,1.9070807695388794,,,,tootsie-8b-sensible-starling
1384572.0,1.9191350936889648,,,,tootsie-8b-sensible-starling
1384601.0,1.9273139238357544,,,,tootsie-8b-sensible-starling
1384643.0,1.9007009267807007,,,,tootsie-8b-sensible-starling
1384670.0,1.9231218099594116,,,,tootsie-8b-sensible-starling
1384738.0,1.9047341346740723,,,,tootsie-8b-sensible-starling
1384757.0,1.9072905778884888,,,,tootsie-8b-sensible-starling
1384812.0,1.9196052551269531,,,,tootsie-8b-sensible-starling
1384852.0,1.9241721630096436,,,,tootsie-8b-sensible-starling
1384887.0,1.8992561101913452,,,,tootsie-8b-sensible-starling
1384891.0,1.9161252975463867,,,,tootsie-8b-sensible-starling
1384898.0,1.9267674684524536,,,,tootsie-8b-sensible-starling
1384915.0,1.906545639038086,,,,tootsie-8b-sensible-starling
1384937.0,1.908364176750183,,,,tootsie-8b-sensible-starling
1384995.0,1.9210749864578247,,,,tootsie-8b-sensible-starling
1384999.0,1.915162444114685,,,,tootsie-8b-sensible-starling
1385000.0,,2.398671865463257,2.085463523864746,2.366903305053711,tootsie-8b-sensible-starling
1385075.0,1.9014674425125122,,,,tootsie-8b-sensible-starling
1385119.0,1.913331151008606,,,,tootsie-8b-sensible-starling
1385164.0,1.9058856964111328,,,,tootsie-8b-sensible-starling
1385260.0,1.8954353332519531,,,,tootsie-8b-sensible-starling
1385293.0,1.9091147184371948,,,,tootsie-8b-sensible-starling
1385298.0,1.915705919265747,,,,tootsie-8b-sensible-starling
1385309.0,1.914111614227295,,,,tootsie-8b-sensible-starling
1385363.0,1.9076857566833496,,,,tootsie-8b-sensible-starling
1385401.0,1.9048502445220947,,,,tootsie-8b-sensible-starling
1385479.0,1.9042470455169678,,,,tootsie-8b-sensible-starling
1385480.0,1.9079216718673706,,,,tootsie-8b-sensible-starling
1385509.0,1.9141916036605835,,,,tootsie-8b-sensible-starling
1385531.0,1.9173763990402222,,,,tootsie-8b-sensible-starling
1385548.0,1.9181534051895142,,,,tootsie-8b-sensible-starling
1385594.0,1.9199923276901245,,,,tootsie-8b-sensible-starling
1385606.0,1.9053598642349243,,,,tootsie-8b-sensible-starling
1385771.0,1.900483250617981,,,,tootsie-8b-sensible-starling
1385793.0,1.9165096282958984,,,,tootsie-8b-sensible-starling
1385842.0,1.9117753505706787,,,,tootsie-8b-sensible-starling
1385952.0,1.906130075454712,,,,tootsie-8b-sensible-starling
1386000.0,,2.397172451019287,2.0835189819335938,2.3647613525390625,tootsie-8b-sensible-starling
1386001.0,1.9045451879501343,,,,tootsie-8b-sensible-starling
1386005.0,1.9108331203460693,,,,tootsie-8b-sensible-starling
1386037.0,1.9246772527694702,,,,tootsie-8b-sensible-starling
1386047.0,1.9154112339019775,,,,tootsie-8b-sensible-starling
1386124.0,1.9072283506393433,,,,tootsie-8b-sensible-starling
1386333.0,1.907065510749817,,,,tootsie-8b-sensible-starling
1386421.0,1.9047807455062866,,,,tootsie-8b-sensible-starling
1386449.0,1.899278998374939,,,,tootsie-8b-sensible-starling
1386525.0,1.9128464460372925,,,,tootsie-8b-sensible-starling
1386583.0,1.905491590499878,,,,tootsie-8b-sensible-starling
1386628.0,1.9092711210250854,,,,tootsie-8b-sensible-starling
1386636.0,1.9064677953720093,,,,tootsie-8b-sensible-starling
1386663.0,1.9102061986923218,,,,tootsie-8b-sensible-starling
1386692.0,1.9108860492706299,,,,tootsie-8b-sensible-starling
1386729.0,1.9124215841293335,,,,tootsie-8b-sensible-starling
1386854.0,1.909555196762085,,,,tootsie-8b-sensible-starling
1386883.0,1.9225709438323975,,,,tootsie-8b-sensible-starling
1386934.0,1.8992176055908203,,,,tootsie-8b-sensible-starling
1386978.0,1.9001376628875732,,,,tootsie-8b-sensible-starling
1387000.0,,2.39235782623291,2.079338312149048,2.359112024307251,tootsie-8b-sensible-starling
1387039.0,1.899037480354309,,,,tootsie-8b-sensible-starling
1387078.0,1.912776231765747,,,,tootsie-8b-sensible-starling
1387112.0,1.8982559442520142,,,,tootsie-8b-sensible-starling
1387158.0,1.8962739706039429,,,,tootsie-8b-sensible-starling
1387233.0,1.911811113357544,,,,tootsie-8b-sensible-starling
1387256.0,1.9112383127212524,,,,tootsie-8b-sensible-starling
1387279.0,1.904570460319519,,,,tootsie-8b-sensible-starling
1387357.0,1.9013901948928833,,,,tootsie-8b-sensible-starling
1387360.0,1.9080485105514526,,,,tootsie-8b-sensible-starling
1387429.0,1.9073666334152222,,,,tootsie-8b-sensible-starling
1387468.0,1.9061309099197388,,,,tootsie-8b-sensible-starling
1387527.0,1.910974144935608,,,,tootsie-8b-sensible-starling
1387562.0,1.9090975522994995,,,,tootsie-8b-sensible-starling
1387571.0,1.9025386571884155,,,,tootsie-8b-sensible-starling
1387630.0,1.9048810005187988,,,,tootsie-8b-sensible-starling
1387649.0,1.9052163362503052,,,,tootsie-8b-sensible-starling
1387816.0,1.8977667093276978,,,,tootsie-8b-sensible-starling
1387837.0,1.8959739208221436,,,,tootsie-8b-sensible-starling
1387938.0,1.8841512203216553,,,,tootsie-8b-sensible-starling
1388000.0,,2.390190601348877,2.0777156352996826,2.357435941696167,tootsie-8b-sensible-starling
1388009.0,1.9072967767715454,,,,tootsie-8b-sensible-starling
1388025.0,1.9208558797836304,,,,tootsie-8b-sensible-starling
1388045.0,1.9120672941207886,,,,tootsie-8b-sensible-starling
1388166.0,1.898292064666748,,,,tootsie-8b-sensible-starling
1388238.0,1.8888517618179321,,,,tootsie-8b-sensible-starling
1388268.0,1.9000126123428345,,,,tootsie-8b-sensible-starling
1388331.0,1.892422080039978,,,,tootsie-8b-sensible-starling
1388361.0,1.8910465240478516,,,,tootsie-8b-sensible-starling
1388406.0,1.9035980701446533,,,,tootsie-8b-sensible-starling
1388426.0,1.9209208488464355,,,,tootsie-8b-sensible-starling
1388485.0,1.8744690418243408,,,,tootsie-8b-sensible-starling
1388667.0,1.9011595249176025,,,,tootsie-8b-sensible-starling
1388674.0,1.9018657207489014,,,,tootsie-8b-sensible-starling
1388712.0,1.8965544700622559,,,,tootsie-8b-sensible-starling
1388764.0,1.9025541543960571,,,,tootsie-8b-sensible-starling
1389000.0,,2.3877878189086914,2.0734364986419678,2.3543386459350586,tootsie-8b-sensible-starling
1389073.0,1.9046287536621094,,,,tootsie-8b-sensible-starling
1389097.0,1.9000046253204346,,,,tootsie-8b-sensible-starling
1389164.0,1.890381097793579,,,,tootsie-8b-sensible-starling
1389186.0,1.9042437076568604,,,,tootsie-8b-sensible-starling
1389233.0,1.9066051244735718,,,,tootsie-8b-sensible-starling
1389342.0,1.9137656688690186,,,,tootsie-8b-sensible-starling
1389359.0,1.8993436098098755,,,,tootsie-8b-sensible-starling
1389443.0,1.909657597541809,,,,tootsie-8b-sensible-starling
1389503.0,1.8878421783447266,,,,tootsie-8b-sensible-starling
1389514.0,1.8824814558029175,,,,tootsie-8b-sensible-starling
1389515.0,1.9137468338012695,,,,tootsie-8b-sensible-starling
1389519.0,1.908539056777954,,,,tootsie-8b-sensible-starling
1389553.0,1.8948798179626465,,,,tootsie-8b-sensible-starling
1389563.0,1.9095313549041748,,,,tootsie-8b-sensible-starling
1389645.0,1.9068057537078857,,,,tootsie-8b-sensible-starling
1389676.0,1.9115748405456543,,,,tootsie-8b-sensible-starling
1389731.0,1.9018316268920898,,,,tootsie-8b-sensible-starling
1389813.0,1.896445631980896,,,,tootsie-8b-sensible-starling
1389884.0,1.8949663639068604,,,,tootsie-8b-sensible-starling
1389889.0,1.8839261531829834,,,,tootsie-8b-sensible-starling
1389947.0,1.8965178728103638,,,,tootsie-8b-sensible-starling
1389962.0,1.8967839479446411,,,,tootsie-8b-sensible-starling
1389966.0,1.8951644897460938,,,,tootsie-8b-sensible-starling
1389981.0,1.9037714004516602,,,,tootsie-8b-sensible-starling
1390000.0,,2.385591983795166,2.0714893341064453,2.353555202484131,tootsie-8b-sensible-starling
1390007.0,1.8958932161331177,,,,tootsie-8b-sensible-starling
1390029.0,1.8882637023925781,,,,tootsie-8b-sensible-starling
1390150.0,1.8930878639221191,,,,tootsie-8b-sensible-starling
1390193.0,1.8863754272460938,,,,tootsie-8b-sensible-starling
1390194.0,1.9071505069732666,,,,tootsie-8b-sensible-starling
1390235.0,1.8983110189437866,,,,tootsie-8b-sensible-starling
1390269.0,1.8921010494232178,,,,tootsie-8b-sensible-starling
1390299.0,1.9004510641098022,,,,tootsie-8b-sensible-starling
1390379.0,1.8971328735351562,,,,tootsie-8b-sensible-starling
1390703.0,1.8844799995422363,,,,tootsie-8b-sensible-starling
1390749.0,1.902492880821228,,,,tootsie-8b-sensible-starling
1390770.0,1.8959053754806519,,,,tootsie-8b-sensible-starling
1390820.0,1.8918551206588745,,,,tootsie-8b-sensible-starling
1390821.0,1.8950761556625366,,,,tootsie-8b-sensible-starling
1390822.0,1.902516484260559,,,,tootsie-8b-sensible-starling
1390917.0,1.8971669673919678,,,,tootsie-8b-sensible-starling
1390966.0,1.8760517835617065,,,,tootsie-8b-sensible-starling
1390987.0,1.8979395627975464,,,,tootsie-8b-sensible-starling
1391000.0,,2.3812689781188965,2.067857265472412,2.3471927642822266,tootsie-8b-sensible-starling
1391102.0,1.8832604885101318,,,,tootsie-8b-sensible-starling
1391183.0,1.8899885416030884,,,,tootsie-8b-sensible-starling
1391275.0,1.893109917640686,,,,tootsie-8b-sensible-starling
1391337.0,1.8991988897323608,,,,tootsie-8b-sensible-starling
1391383.0,1.8687005043029785,,,,tootsie-8b-sensible-starling
1391390.0,1.900892734527588,,,,tootsie-8b-sensible-starling
1391439.0,1.8874645233154297,,,,tootsie-8b-sensible-starling
1391556.0,1.877575159072876,,,,tootsie-8b-sensible-starling
1391626.0,1.8902568817138672,,,,tootsie-8b-sensible-starling
1391633.0,1.9060817956924438,,,,tootsie-8b-sensible-starling
1391667.0,1.8755762577056885,,,,tootsie-8b-sensible-starling
1391669.0,1.8781267404556274,,,,tootsie-8b-sensible-starling
1391744.0,1.9029908180236816,,,,tootsie-8b-sensible-starling
1391906.0,1.8890318870544434,,,,tootsie-8b-sensible-starling
1391973.0,1.882310152053833,,,,tootsie-8b-sensible-starling
1392000.0,,2.3773460388183594,2.0652217864990234,2.345271110534668,tootsie-8b-sensible-starling
1392037.0,1.889653205871582,,,,tootsie-8b-sensible-starling
1392226.0,1.8860158920288086,,,,tootsie-8b-sensible-starling
1392238.0,1.8812534809112549,,,,tootsie-8b-sensible-starling
1392305.0,1.8896161317825317,,,,tootsie-8b-sensible-starling
1392311.0,1.888127088546753,,,,tootsie-8b-sensible-starling
1392490.0,1.8741322755813599,,,,tootsie-8b-sensible-starling
1392540.0,1.8886092901229858,,,,tootsie-8b-sensible-starling
1392560.0,1.8808695077896118,,,,tootsie-8b-sensible-starling
1392584.0,1.8867570161819458,,,,tootsie-8b-sensible-starling
1392602.0,1.8920507431030273,,,,tootsie-8b-sensible-starling
1392615.0,1.888919472694397,,,,tootsie-8b-sensible-starling
1392675.0,1.896090030670166,,,,tootsie-8b-sensible-starling
1392688.0,1.8961513042449951,,,,tootsie-8b-sensible-starling
1392749.0,1.872275710105896,,,,tootsie-8b-sensible-starling
1392813.0,1.8780800104141235,,,,tootsie-8b-sensible-starling
1392855.0,1.8966392278671265,,,,tootsie-8b-sensible-starling
1392859.0,1.8874651193618774,,,,tootsie-8b-sensible-starling
1392870.0,1.8894914388656616,,,,tootsie-8b-sensible-starling
1392880.0,1.8951318264007568,,,,tootsie-8b-sensible-starling
1393000.0,,2.3752171993255615,2.0618090629577637,2.3424344062805176,tootsie-8b-sensible-starling
1393039.0,1.8797293901443481,,,,tootsie-8b-sensible-starling
1393152.0,1.8931798934936523,,,,tootsie-8b-sensible-starling
1393201.0,1.8778941631317139,,,,tootsie-8b-sensible-starling
1393249.0,1.8936470746994019,,,,tootsie-8b-sensible-starling
1393268.0,1.89096999168396,,,,tootsie-8b-sensible-starling
1393362.0,1.888944149017334,,,,tootsie-8b-sensible-starling
1393401.0,1.8974162340164185,,,,tootsie-8b-sensible-starling
1393441.0,1.882310152053833,,,,tootsie-8b-sensible-starling
1393449.0,1.8865807056427002,,,,tootsie-8b-sensible-starling
1393464.0,1.8877114057540894,,,,tootsie-8b-sensible-starling
1393479.0,1.890404462814331,,,,tootsie-8b-sensible-starling
1393533.0,1.8856600522994995,,,,tootsie-8b-sensible-starling
1393566.0,1.8753738403320312,,,,tootsie-8b-sensible-starling
1393733.0,1.8799251317977905,,,,tootsie-8b-sensible-starling
1393769.0,1.8774327039718628,,,,tootsie-8b-sensible-starling
1394000.0,,2.3709678649902344,2.058082103729248,2.338864803314209,tootsie-8b-sensible-starling
1394048.0,1.8922383785247803,,,,tootsie-8b-sensible-starling
1394173.0,1.8891537189483643,,,,tootsie-8b-sensible-starling
1394294.0,1.8869993686676025,,,,tootsie-8b-sensible-starling
1394369.0,1.884665608406067,,,,tootsie-8b-sensible-starling
1394372.0,1.8779388666152954,,,,tootsie-8b-sensible-starling
1394399.0,1.881831407546997,,,,tootsie-8b-sensible-starling
1394477.0,1.8665544986724854,,,,tootsie-8b-sensible-starling
1394558.0,1.8714990615844727,,,,tootsie-8b-sensible-starling
1394571.0,1.8789259195327759,,,,tootsie-8b-sensible-starling
1394645.0,1.877509355545044,,,,tootsie-8b-sensible-starling
1394751.0,1.8806493282318115,,,,tootsie-8b-sensible-starling
1394753.0,1.8784946203231812,,,,tootsie-8b-sensible-starling
1394785.0,1.888892412185669,,,,tootsie-8b-sensible-starling
1394791.0,1.8710942268371582,,,,tootsie-8b-sensible-starling
1394957.0,1.8855704069137573,,,,tootsie-8b-sensible-starling
1395000.0,,2.3684329986572266,2.0551719665527344,2.335730791091919,tootsie-8b-sensible-starling
1395019.0,1.876285195350647,,,,tootsie-8b-sensible-starling
1395102.0,1.8653250932693481,,,,tootsie-8b-sensible-starling
1395167.0,1.8665732145309448,,,,tootsie-8b-sensible-starling
1395180.0,1.8696269989013672,,,,tootsie-8b-sensible-starling
1395191.0,1.877577543258667,,,,tootsie-8b-sensible-starling
1395275.0,1.8633862733840942,,,,tootsie-8b-sensible-starling
1395355.0,1.878799557685852,,,,tootsie-8b-sensible-starling
1395433.0,1.8626055717468262,,,,tootsie-8b-sensible-starling
1395552.0,1.8707330226898193,,,,tootsie-8b-sensible-starling
1395660.0,1.8624502420425415,,,,tootsie-8b-sensible-starling
1395662.0,1.873099446296692,,,,tootsie-8b-sensible-starling
1395722.0,1.873766541481018,,,,tootsie-8b-sensible-starling
1395909.0,1.855074167251587,,,,tootsie-8b-sensible-starling
1395954.0,1.8719302415847778,,,,tootsie-8b-sensible-starling
1395974.0,1.868510365486145,,,,tootsie-8b-sensible-starling
1396000.0,,2.3645670413970947,2.051351308822632,2.330930471420288,tootsie-8b-sensible-starling
1396001.0,1.8749213218688965,,,,tootsie-8b-sensible-starling
1396040.0,1.8739798069000244,,,,tootsie-8b-sensible-starling
1396152.0,1.8608694076538086,,,,tootsie-8b-sensible-starling
1396182.0,1.8779997825622559,,,,tootsie-8b-sensible-starling
1396200.0,1.8759621381759644,,,,tootsie-8b-sensible-starling
1396346.0,1.8753770589828491,,,,tootsie-8b-sensible-starling
1396386.0,1.8654652833938599,,,,tootsie-8b-sensible-starling
1396436.0,1.8600938320159912,,,,tootsie-8b-sensible-starling
1396484.0,1.867279052734375,,,,tootsie-8b-sensible-starling
1396697.0,1.864668846130371,,,,tootsie-8b-sensible-starling
1396715.0,1.8739428520202637,,,,tootsie-8b-sensible-starling
1396817.0,1.8781884908676147,,,,tootsie-8b-sensible-starling
1396842.0,1.8690890073776245,,,,tootsie-8b-sensible-starling
1396845.0,1.8643687963485718,,,,tootsie-8b-sensible-starling
1396900.0,1.8580868244171143,,,,tootsie-8b-sensible-starling
1396928.0,1.861538052558899,,,,tootsie-8b-sensible-starling
1396991.0,1.8680139780044556,,,,tootsie-8b-sensible-starling
1397000.0,,2.3604483604431152,2.048173427581787,2.3276572227478027,tootsie-8b-sensible-starling
1397026.0,1.8559253215789795,,,,tootsie-8b-sensible-starling
1397105.0,1.858490228652954,,,,tootsie-8b-sensible-starling
1397112.0,1.8672049045562744,,,,tootsie-8b-sensible-starling
1397131.0,1.8651961088180542,,,,tootsie-8b-sensible-starling
1397183.0,1.8707010746002197,,,,tootsie-8b-sensible-starling
1397209.0,1.864774227142334,,,,tootsie-8b-sensible-starling
1397241.0,1.857109785079956,,,,tootsie-8b-sensible-starling
1397253.0,1.87257719039917,,,,tootsie-8b-sensible-starling
1397303.0,1.8764722347259521,,,,tootsie-8b-sensible-starling
1397423.0,1.8713440895080566,,,,tootsie-8b-sensible-starling
1397438.0,1.8625990152359009,,,,tootsie-8b-sensible-starling
1397472.0,1.873575210571289,,,,tootsie-8b-sensible-starling
1397669.0,1.8511638641357422,,,,tootsie-8b-sensible-starling
1397676.0,1.8563960790634155,,,,tootsie-8b-sensible-starling
1397718.0,1.860757827758789,,,,tootsie-8b-sensible-starling
1397779.0,1.8613728284835815,,,,tootsie-8b-sensible-starling
1397785.0,1.876502513885498,,,,tootsie-8b-sensible-starling
1397872.0,1.862463355064392,,,,tootsie-8b-sensible-starling
1397895.0,1.874403953552246,,,,tootsie-8b-sensible-starling
1398000.0,,2.357710123062134,2.0460894107818604,2.326127529144287,tootsie-8b-sensible-starling
1398125.0,1.8508399724960327,,,,tootsie-8b-sensible-starling
1398193.0,1.870932698249817,,,,tootsie-8b-sensible-starling
1398425.0,1.866544485092163,,,,tootsie-8b-sensible-starling
1398447.0,1.8679100275039673,,,,tootsie-8b-sensible-starling
1398488.0,1.855291724205017,,,,tootsie-8b-sensible-starling
1398503.0,1.8619602918624878,,,,tootsie-8b-sensible-starling
1398522.0,1.8538424968719482,,,,tootsie-8b-sensible-starling
1398638.0,1.8669154644012451,,,,tootsie-8b-sensible-starling
1398767.0,1.871355652809143,,,,tootsie-8b-sensible-starling
1398785.0,1.8603161573410034,,,,tootsie-8b-sensible-starling
1398796.0,1.8606257438659668,,,,tootsie-8b-sensible-starling
1398828.0,1.8721880912780762,,,,tootsie-8b-sensible-starling
1398948.0,1.869350790977478,,,,tootsie-8b-sensible-starling
1398949.0,1.857627272605896,,,,tootsie-8b-sensible-starling
1399000.0,,2.3553459644317627,2.042832612991333,2.3229217529296875,tootsie-8b-sensible-starling
1399082.0,1.857399582862854,,,,tootsie-8b-sensible-starling
1399089.0,1.869066834449768,,,,tootsie-8b-sensible-starling
1399185.0,1.8505918979644775,,,,tootsie-8b-sensible-starling
1399188.0,1.862701654434204,,,,tootsie-8b-sensible-starling
1399322.0,1.8603909015655518,,,,tootsie-8b-sensible-starling
1399367.0,1.865116834640503,,,,tootsie-8b-sensible-starling
1399388.0,1.8624991178512573,,,,tootsie-8b-sensible-starling
1399521.0,1.8575016260147095,,,,tootsie-8b-sensible-starling
1399657.0,1.8652230501174927,,,,tootsie-8b-sensible-starling
1399729.0,1.861344337463379,,,,tootsie-8b-sensible-starling
1399779.0,1.8641198873519897,,,,tootsie-8b-sensible-starling
1399837.0,1.8569071292877197,,,,tootsie-8b-sensible-starling
1399999.0,,2.352290153503418,2.040311336517334,2.3205175399780273,tootsie-8b-sensible-starling
