_step,train/loss,eval/paloma/c4_en-llama3/loss,eval_dropless/paloma/c4_en-llama3/loss,eval/macro_loss,eval_dropless/macro_loss,_segment
0,,11.781057357788086,11.781115531921387,11.786336898803711,11.786397933959961,hero-12d8b6f0-dee637
60,11.386762619018555,,,,,hero-12d8b6f0-dee637
62,11.361893653869629,,,,,hero-12d8b6f0-dee637
73,11.213017463684082,,,,,hero-12d8b6f0-dee637
181,9.491684913635254,,,,,hero-12d8b6f0-dee637
184,9.448095321655273,,,,,hero-12d8b6f0-dee637
188,9.395821571350098,,,,,hero-12d8b6f0-dee637
199,9.245194435119629,,,,,hero-12d8b6f0-dee637
227,8.909324645996094,,,,,hero-12d8b6f0-dee637
269,8.490076065063477,,,,,hero-12d8b6f0-dee637
283,8.329967498779297,,,,,hero-12d8b6f0-dee637
290,8.274094581604004,,,,,hero-12d8b6f0-dee637
313,8.080077171325684,,,,,hero-12d8b6f0-dee637
321,7.988956451416016,,,,,hero-12d8b6f0-dee637
343,7.822170734405518,,,,,hero-12d8b6f0-dee637
360,7.62931489944458,,,,,hero-12d8b6f0-dee637
377,7.4890217781066895,,,,,hero-12d8b6f0-dee637
518,6.326875686645508,,,,,hero-12d8b6f0-dee637
570,5.907623291015625,,,,,hero-12d8b6f0-dee637
649,5.321665287017822,,,,,hero-12d8b6f0-dee637
680,5.0998148918151855,,,,,hero-12d8b6f0-dee637
707,4.918656826019287,,,,,hero-12d8b6f0-dee637
733,4.7438483238220215,,,,,hero-12d8b6f0-dee637
838,4.070394039154053,,,,,hero-12d8b6f0-dee637
867,3.85766863822937,,,,,hero-12d8b6f0-dee637
883,3.7574799060821533,,,,,hero-12d8b6f0-dee637
904,3.635474920272827,,,,,hero-12d8b6f0-dee637
927,3.49497127532959,,,,,hero-12d8b6f0-dee637
1055,2.9660282135009766,,,,,hero-12d8b6f0-dee637
1067,2.9249818325042725,,,,,hero-12d8b6f0-dee637
1083,2.856952667236328,,,,,hero-12d8b6f0-dee637
1133,2.749892473220825,,,,,hero-12d8b6f0-dee637
1150,2.6867611408233643,,,,,hero-12d8b6f0-dee637
1152,2.685392141342163,,,,,hero-12d8b6f0-dee637
1164,2.682464361190796,,,,,hero-12d8b6f0-dee637
1212,2.5822670459747314,,,,,hero-12d8b6f0-dee637
1263,2.49226450920105,,,,,hero-12d8b6f0-dee637
1412,2.2970662117004395,,,,,hero-12d8b6f0-dee637
1453,2.253077507019043,,,,,hero-12d8b6f0-dee637
1504,2.2116847038269043,,,,,hero-12d8b6f0-dee637
1623,2.096039056777954,,,,,hero-12d8b6f0-dee637
1652,2.084003210067749,,,,,hero-12d8b6f0-dee637
1668,2.072375774383545,,,,,hero-12d8b6f0-dee637
1684,2.062622308731079,,,,,hero-12d8b6f0-dee637
1693,2.0387237071990967,,,,,hero-12d8b6f0-dee637
1701,2.045168161392212,,,,,hero-12d8b6f0-dee637
1769,2.014667510986328,,,,,hero-12d8b6f0-dee637
1843,1.9616355895996094,,,,,hero-12d8b6f0-dee637
1857,1.9610592126846313,,,,,hero-12d8b6f0-dee637
1859,1.9595589637756348,,,,,hero-12d8b6f0-dee637
1874,1.9570255279541016,,,,,hero-12d8b6f0-dee637
1903,1.9341062307357788,,,,,hero-12d8b6f0-dee637
1913,1.922738790512085,,,,,hero-12d8b6f0-dee637
1916,1.9338575601577759,,,,,hero-12d8b6f0-dee637
2008,1.8926584720611572,,,,,hero-12d8b6f0-dee637
2034,1.8892861604690552,,,,,hero-12d8b6f0-dee637
2126,1.8507037162780762,,,,,hero-12d8b6f0-dee637
2132,1.8529573678970337,,,,,hero-12d8b6f0-dee637
2140,1.8460179567337036,,,,,hero-12d8b6f0-dee637
2183,1.8280386924743652,,,,,hero-12d8b6f0-dee637
2209,1.8247562646865845,,,,,hero-12d8b6f0-dee637
2215,1.8147693872451782,,,,,hero-12d8b6f0-dee637
2260,1.8006185293197632,,,,,hero-12d8b6f0-dee637
2266,1.7853182554244995,,,,,hero-12d8b6f0-dee637
2374,1.7652325630187988,,,,,hero-12d8b6f0-dee637
2384,1.776549220085144,,,,,hero-12d8b6f0-dee637
2413,1.757593035697937,,,,,hero-12d8b6f0-dee637
2417,1.7522647380828857,,,,,hero-12d8b6f0-dee637
2445,1.7415544986724854,,,,,hero-12d8b6f0-dee637
2452,1.7463308572769165,,,,,hero-12d8b6f0-dee637
2461,1.7323989868164062,,,,,hero-12d8b6f0-dee637
2500,1.7219606637954712,,,,,hero-12d8b6f0-dee637
2580,1.7137396335601807,,,,,hero-12d8b6f0-dee637
2606,1.696745753288269,,,,,hero-12d8b6f0-dee637
2634,1.6961555480957031,,,,,hero-12d8b6f0-dee637
2722,1.6833359003067017,,,,,hero-12d8b6f0-dee637
2724,1.660447120666504,,,,,hero-12d8b6f0-dee637
2766,1.6606025695800781,,,,,hero-12d8b6f0-dee637
2785,1.6777653694152832,,,,,hero-12d8b6f0-dee637
2984,1.6274644136428833,,,,,hero-12d8b6f0-dee637
2999,,3.0208895206451416,2.7926151752471924,2.866919755935669,2.5446836948394775,hero-12d8b6f0-dee637
3006,1.6325732469558716,,,,,hero-12d8b6f0-dee637
3091,1.6164265871047974,,,,,hero-12d8b6f0-dee637
3092,1.6336919069290161,,,,,hero-12d8b6f0-dee637
3122,1.6261600255966187,,,,,hero-12d8b6f0-dee637
3180,1.6250604391098022,,,,,hero-12d8b6f0-dee637
3188,1.603278636932373,,,,,hero-12d8b6f0-dee637
3200,1.613162636756897,,,,,hero-12d8b6f0-dee637
3254,1.612106442451477,,,,,hero-12d8b6f0-dee637
3271,1.604875922203064,,,,,hero-12d8b6f0-dee637
3372,1.5836738348007202,,,,,hero-12d8b6f0-dee637
3398,1.5837942361831665,,,,,hero-12d8b6f0-dee637
3424,1.58712899684906,,,,,hero-12d8b6f0-dee637
3441,1.5785713195800781,,,,,hero-12d8b6f0-dee637
3447,1.5900870561599731,,,,,hero-12d8b6f0-dee637
3505,1.5696104764938354,,,,,hero-12d8b6f0-dee637
3558,1.5614646673202515,,,,,hero-12d8b6f0-dee637
3609,1.5568935871124268,,,,,hero-12d8b6f0-dee637
3610,1.5572253465652466,,,,,hero-12d8b6f0-dee637
3689,1.5593154430389404,,,,,hero-12d8b6f0-dee637
3705,1.5535269975662231,,,,,hero-12d8b6f0-dee637
3871,1.5534073114395142,,,,,hero-12d8b6f0-dee637
3901,1.5494734048843384,,,,,hero-12d8b6f0-dee637
3906,1.539268136024475,,,,,hero-12d8b6f0-dee637
3912,1.5474227666854858,,,,,hero-12d8b6f0-dee637
3925,1.5412813425064087,,,,,hero-12d8b6f0-dee637
3954,1.5344226360321045,,,,,hero-12d8b6f0-dee637
3963,1.5451492071151733,,,,,hero-12d8b6f0-dee637
4000,1.5360056161880493,,,,,hero-12d8b6f0-dee637
4039,1.525418996810913,,,,,hero-12d8b6f0-dee637
4080,1.5172340869903564,,,,,hero-12d8b6f0-dee637
4146,1.5224920511245728,,,,,hero-12d8b6f0-dee637
4168,1.5264310836791992,,,,,hero-12d8b6f0-dee637
4175,1.523812174797058,,,,,hero-12d8b6f0-dee637
4310,1.5178329944610596,,,,,hero-12d8b6f0-dee637
4333,1.520924687385559,,,,,hero-12d8b6f0-dee637
4343,1.5039790868759155,,,,,hero-12d8b6f0-dee637
4519,1.5058330297470093,,,,,hero-12d8b6f0-dee637
4603,1.5080418586730957,,,,,hero-12d8b6f0-dee637
4615,1.488873839378357,,,,,hero-12d8b6f0-dee637
4648,1.4983320236206055,,,,,hero-12d8b6f0-dee637
4708,1.4988837242126465,,,,,hero-12d8b6f0-dee637
4776,1.4770931005477905,,,,,hero-12d8b6f0-dee637
4811,1.474643349647522,,,,,hero-12d8b6f0-dee637
4865,1.476874589920044,,,,,hero-12d8b6f0-dee637
4875,1.4850366115570068,,,,,hero-12d8b6f0-dee637
4909,1.484358787536621,,,,,hero-12d8b6f0-dee637
4926,1.4756731986999512,,,,,hero-12d8b6f0-dee637
4996,1.4809257984161377,,,,,hero-12d8b6f0-dee637
5036,1.4693129062652588,,,,,hero-12d8b6f0-dee637
5168,1.4612609148025513,,,,,hero-12d8b6f0-dee637
5192,1.4472401142120361,,,,,hero-12d8b6f0-dee637
5206,1.4583497047424316,,,,,hero-12d8b6f0-dee637
5387,1.4507132768630981,,,,,hero-12d8b6f0-dee637
5546,1.4473395347595215,,,,,hero-12d8b6f0-dee637
5554,1.4337453842163086,,,,,hero-12d8b6f0-dee637
5555,1.4381144046783447,,,,,hero-12d8b6f0-dee637
5588,1.4467006921768188,,,,,hero-12d8b6f0-dee637
5605,1.4288921356201172,,,,,hero-12d8b6f0-dee637
5644,1.4357582330703735,,,,,hero-12d8b6f0-dee637
5719,1.4305319786071777,,,,,hero-12d8b6f0-dee637
5828,1.4277751445770264,,,,,hero-12d8b6f0-dee637
5842,1.4393675327301025,,,,,hero-12d8b6f0-dee637
5866,1.4378339052200317,,,,,hero-12d8b6f0-dee637
5934,1.438581109046936,,,,,hero-12d8b6f0-dee637
5936,1.4269301891326904,,,,,hero-12d8b6f0-dee637
5962,1.4170976877212524,,,,,hero-12d8b6f0-dee637
5978,1.4338313341140747,,,,,hero-12d8b6f0-dee637
5984,1.4414299726486206,,,,,hero-12d8b6f0-dee637
5999,,2.739532232284546,2.5455141067504883,2.5877270698547363,2.299091100692749,hero-12d8b6f0-dee637
6011,1.4249509572982788,,,,,hero-12d8b6f0-dee637
6032,1.4154820442199707,,,,,hero-12d8b6f0-dee637
6091,1.4203137159347534,,,,,hero-12d8b6f0-dee637
6108,1.41945219039917,,,,,hero-12d8b6f0-dee637
6115,1.4250091314315796,,,,,hero-12d8b6f0-dee637
6130,1.4062703847885132,,,,,hero-12d8b6f0-dee637
6207,1.4007030725479126,,,,,hero-12d8b6f0-dee637
6257,1.4123772382736206,,,,,hero-12d8b6f0-dee637
6367,1.4244486093521118,,,,,hero-12d8b6f0-dee637
6381,1.4210931062698364,,,,,hero-12d8b6f0-dee637
6513,1.410581111907959,,,,,hero-12d8b6f0-dee637
6515,1.4222015142440796,,,,,hero-12d8b6f0-dee637
6534,1.4137505292892456,,,,,hero-12d8b6f0-dee637
6582,1.430169701576233,,,,,hero-12d8b6f0-dee637
6711,1.4124281406402588,,,,,hero-12d8b6f0-dee637
6742,1.406002402305603,,,,,hero-12d8b6f0-dee637
6806,1.4047014713287354,,,,,hero-12d8b6f0-dee637
6814,1.420156717300415,,,,,hero-12d8b6f0-dee637
6845,1.403029203414917,,,,,hero-12d8b6f0-dee637
6993,1.4032914638519287,,,,,hero-12d8b6f0-dee637
7030,1.3992666006088257,,,,,hero-12d8b6f0-dee637
7070,1.3973710536956787,,,,,hero-12d8b6f0-dee637
7140,1.4069007635116577,,,,,hero-12d8b6f0-dee637
7193,1.3890856504440308,,,,,hero-12d8b6f0-dee637
7222,1.4044638872146606,,,,,hero-12d8b6f0-dee637
7225,1.4112982749938965,,,,,hero-12d8b6f0-dee637
7304,1.4011180400848389,,,,,hero-12d8b6f0-dee637
7370,1.4017771482467651,,,,,hero-12d8b6f0-dee637
7374,1.381097435951233,,,,,hero-12d8b6f0-dee637
7445,1.3849412202835083,,,,,hero-12d8b6f0-dee637
7484,1.3959263563156128,,,,,hero-12d8b6f0-dee637
7496,1.376775860786438,,,,,hero-12d8b6f0-dee637
7525,1.3886901140213013,,,,,hero-12d8b6f0-dee637
7557,1.3946038484573364,,,,,hero-12d8b6f0-dee637
7627,1.388512134552002,,,,,hero-12d8b6f0-dee637
7629,1.3759244680404663,,,,,hero-12d8b6f0-dee637
7663,1.3917431831359863,,,,,hero-12d8b6f0-dee637
7675,1.3835431337356567,,,,,hero-12d8b6f0-dee637
7730,1.3840727806091309,,,,,hero-12d8b6f0-dee637
7745,1.3895134925842285,,,,,hero-12d8b6f0-dee637
7820,1.3798691034317017,,,,,hero-12d8b6f0-dee637
7840,1.3828552961349487,,,,,hero-12d8b6f0-dee637
7923,1.3756641149520874,,,,,hero-12d8b6f0-dee637
7931,1.3695626258850098,,,,,hero-12d8b6f0-dee637
8168,1.3869128227233887,,,,,hero-12d8b6f0-dee637
8256,1.3906805515289307,,,,,hero-12d8b6f0-dee637
8289,1.3858387470245361,,,,,hero-12d8b6f0-dee637
8305,1.3701825141906738,,,,,hero-12d8b6f0-dee637
8377,1.37818443775177,,,,,hero-12d8b6f0-dee637
8407,1.3849657773971558,,,,,hero-12d8b6f0-dee637
8445,1.3811665773391724,,,,,hero-12d8b6f0-dee637
8484,1.3741270303726196,,,,,hero-12d8b6f0-dee637
8520,1.371573567390442,,,,,hero-12d8b6f0-dee637
8554,1.386064052581787,,,,,hero-12d8b6f0-dee637
8555,1.3688554763793945,,,,,hero-12d8b6f0-dee637
8566,1.3715109825134277,,,,,hero-12d8b6f0-dee637
8576,1.3700120449066162,,,,,hero-12d8b6f0-dee637
8578,1.3647807836532593,,,,,hero-12d8b6f0-dee637
8700,1.370896339416504,,,,,hero-12d8b6f0-dee637
8719,1.357336163520813,,,,,hero-12d8b6f0-dee637
8749,1.3771089315414429,,,,,hero-12d8b6f0-dee637
8751,1.3717671632766724,,,,,hero-12d8b6f0-dee637
8756,1.3798412084579468,,,,,hero-12d8b6f0-dee637
8781,1.3719919919967651,,,,,hero-12d8b6f0-dee637
8798,1.3619141578674316,,,,,hero-12d8b6f0-dee637
8804,1.3766151666641235,,,,,hero-12d8b6f0-dee637
8805,1.3619266748428345,,,,,hero-12d8b6f0-dee637
8825,1.3680684566497803,,,,,hero-12d8b6f0-dee637
8869,1.3582758903503418,,,,,hero-12d8b6f0-dee637
8892,1.3655706644058228,,,,,hero-12d8b6f0-dee637
8925,1.3727935552597046,,,,,hero-12d8b6f0-dee637
8934,1.366791844367981,,,,,hero-12d8b6f0-dee637
8976,1.36509108543396,,,,,hero-12d8b6f0-dee637
8980,1.3747241497039795,,,,,hero-12d8b6f0-dee637
8999,,2.6343371868133545,2.4689762592315674,2.476186752319336,2.2193145751953125,hero-12d8b6f0-dee637
9044,1.3574705123901367,,,,,hero-12d8b6f0-dee637
9050,1.3746682405471802,,,,,hero-12d8b6f0-dee637
9065,1.370725154876709,,,,,hero-12d8b6f0-dee637
9088,1.3661937713623047,,,,,hero-12d8b6f0-dee637
9102,1.3753052949905396,,,,,hero-12d8b6f0-dee637
9182,1.3724133968353271,,,,,hero-12d8b6f0-dee637
9281,1.3661212921142578,,,,,hero-12d8b6f0-dee637
9330,1.36282217502594,,,,,hero-12d8b6f0-dee637
9333,1.3523813486099243,,,,,hero-12d8b6f0-dee637
9365,1.3600269556045532,,,,,hero-12d8b6f0-dee637
9381,1.3639158010482788,,,,,hero-12d8b6f0-dee637
9429,1.347127079963684,,,,,hero-12d8b6f0-dee637
9444,1.3669700622558594,,,,,hero-12d8b6f0-dee637
9530,1.3748337030410767,,,,,hero-12d8b6f0-dee637
9542,1.354565978050232,,,,,hero-12d8b6f0-dee637
9585,1.364911675453186,,,,,hero-12d8b6f0-dee637
9664,1.358505129814148,,,,,hero-12d8b6f0-dee637
9673,1.35331392288208,,,,,hero-12d8b6f0-dee637
9674,1.3578728437423706,,,,,hero-12d8b6f0-dee637
9702,1.3542848825454712,,,,,hero-12d8b6f0-dee637
9714,1.3690180778503418,,,,,hero-12d8b6f0-dee637
9740,1.357890248298645,,,,,hero-12d8b6f0-dee637
9781,1.3323088884353638,,,,,hero-12d8b6f0-dee637
9841,1.3550466299057007,,,,,hero-12d8b6f0-dee637
9842,1.343785047531128,,,,,hero-12d8b6f0-dee637
9878,1.3572561740875244,,,,,hero-12d8b6f0-dee637
9898,1.3497135639190674,,,,,hero-12d8b6f0-dee637
9923,1.3545868396759033,,,,,hero-12d8b6f0-dee637
9941,1.3563461303710938,,,,,hero-12d8b6f0-dee637
10049,1.3487824201583862,,,,,hero-12d8b6f0-dee637
10071,1.3638010025024414,,,,,hero-12d8b6f0-dee637
10202,1.338858723640442,,,,,hero-12d8b6f0-dee637
10203,1.3608070611953735,,,,,hero-12d8b6f0-dee637
10256,1.34320068359375,,,,,hero-12d8b6f0-dee637
10282,1.3509843349456787,,,,,hero-12d8b6f0-dee637
10296,1.3550995588302612,,,,,hero-12d8b6f0-dee637
10303,1.347281575202942,,,,,hero-12d8b6f0-dee637
10304,1.3529183864593506,,,,,hero-12d8b6f0-dee637
10340,1.3461648225784302,,,,,hero-12d8b6f0-dee637
10362,1.3448443412780762,,,,,hero-12d8b6f0-dee637
10372,1.3357570171356201,,,,,hero-12d8b6f0-dee637
10382,1.3561574220657349,,,,,hero-12d8b6f0-dee637
10395,1.3541603088378906,,,,,hero-12d8b6f0-dee637
10449,1.3482083082199097,,,,,hero-12d8b6f0-dee637
10491,1.348766803741455,,,,,hero-12d8b6f0-dee637
10526,1.3577725887298584,,,,,hero-12d8b6f0-dee637
10642,1.3638074398040771,,,,,hero-12d8b6f0-dee637
10653,1.3452541828155518,,,,,hero-12d8b6f0-dee637
10667,1.3472180366516113,,,,,hero-12d8b6f0-dee637
10705,1.3455668687820435,,,,,hero-12d8b6f0-dee637
10776,1.347804307937622,,,,,hero-12d8b6f0-dee637
10813,1.3453309535980225,,,,,hero-12d8b6f0-dee637
10817,1.3378630876541138,,,,,hero-12d8b6f0-dee637
10833,1.3422203063964844,,,,,hero-12d8b6f0-dee637
10870,1.3437381982803345,,,,,hero-12d8b6f0-dee637
10885,1.3445348739624023,,,,,hero-12d8b6f0-dee637
10895,1.3343114852905273,,,,,hero-12d8b6f0-dee637
10926,1.3495346307754517,,,,,hero-12d8b6f0-dee637
10941,1.3475351333618164,,,,,hero-12d8b6f0-dee637
11058,1.3459570407867432,,,,,hero-12d8b6f0-dee637
11077,1.3476969003677368,,,,,hero-12d8b6f0-dee637
11122,1.3415400981903076,,,,,hero-12d8b6f0-dee637
11139,1.345079779624939,,,,,hero-12d8b6f0-dee637
11140,1.3391224145889282,,,,,hero-12d8b6f0-dee637
11146,1.3591731786727905,,,,,hero-12d8b6f0-dee637
11169,1.3523550033569336,,,,,hero-12d8b6f0-dee637
11180,1.3392059803009033,,,,,hero-12d8b6f0-dee637
11205,1.3521312475204468,,,,,hero-12d8b6f0-dee637
11244,1.3460954427719116,,,,,hero-12d8b6f0-dee637
11266,1.3388367891311646,,,,,hero-12d8b6f0-dee637
11307,1.3364237546920776,,,,,hero-12d8b6f0-dee637
11321,1.3413127660751343,,,,,hero-12d8b6f0-dee637
11326,1.342393398284912,,,,,hero-12d8b6f0-dee637
11347,1.3392665386199951,,,,,hero-12d8b6f0-dee637
11368,1.3394659757614136,,,,,hero-12d8b6f0-dee637
11395,1.346693754196167,,,,,hero-12d8b6f0-dee637
11400,1.3462235927581787,,,,,hero-12d8b6f0-dee637
11401,1.3401292562484741,,,,,hero-12d8b6f0-dee637
11407,1.341439127922058,,,,,hero-12d8b6f0-dee637
11430,1.3370873928070068,,,,,hero-12d8b6f0-dee637
11464,1.3433594703674316,,,,,hero-12d8b6f0-dee637
11469,1.3313257694244385,,,,,hero-12d8b6f0-dee637
11475,1.3506778478622437,,,,,hero-12d8b6f0-dee637
11489,1.3307842016220093,,,,,hero-12d8b6f0-dee637
11506,1.3435026407241821,,,,,hero-12d8b6f0-dee637
11523,1.334341049194336,,,,,hero-12d8b6f0-dee637
11529,1.3360556364059448,,,,,hero-12d8b6f0-dee637
11612,1.336593747138977,,,,,hero-12d8b6f0-dee637
11664,1.3349512815475464,,,,,hero-12d8b6f0-dee637
11684,1.3258289098739624,,,,,hero-12d8b6f0-dee637
11703,1.3344157934188843,,,,,hero-12d8b6f0-dee637
11716,1.3309550285339355,,,,,hero-12d8b6f0-dee637
11792,1.3260220289230347,,,,,hero-12d8b6f0-dee637
11802,1.3305754661560059,,,,,hero-12d8b6f0-dee637
11952,1.3421491384506226,,,,,hero-12d8b6f0-dee637
11999,,2.5847771167755127,2.4306936264038086,2.426421642303467,2.18475604057312,hero-12d8b6f0-dee637
12007,1.3293960094451904,,,,,hero-12d8b6f0-dee637
12047,1.346740484237671,,,,,hero-12d8b6f0-dee637
12128,1.3335576057434082,,,,,hero-12d8b6f0-dee637
12251,1.3490978479385376,,,,,hero-12d8b6f0-dee637
12276,1.3431370258331299,,,,,hero-12d8b6f0-dee637
12291,1.3357460498809814,,,,,hero-12d8b6f0-dee637
12347,1.3374531269073486,,,,,hero-12d8b6f0-dee637
12367,1.3322466611862183,,,,,hero-12d8b6f0-dee637
12392,1.3362653255462646,,,,,hero-12d8b6f0-dee637
12457,1.3257259130477905,,,,,hero-12d8b6f0-dee637
12477,1.3567957878112793,,,,,hero-12d8b6f0-dee637
12540,1.3421272039413452,,,,,hero-12d8b6f0-dee637
12658,1.3354003429412842,,,,,hero-12d8b6f0-dee637
12660,1.32318115234375,,,,,hero-12d8b6f0-dee637
12683,1.3291921615600586,,,,,hero-12d8b6f0-dee637
12792,1.3272806406021118,,,,,hero-12d8b6f0-dee637
12805,1.3283257484436035,,,,,hero-12d8b6f0-dee637
12827,1.337846279144287,,,,,hero-12d8b6f0-dee637
12836,1.3314638137817383,,,,,hero-12d8b6f0-dee637
12873,1.3430345058441162,,,,,hero-12d8b6f0-dee637
12876,1.3253597021102905,,,,,hero-12d8b6f0-dee637
12893,1.321171760559082,,,,,hero-12d8b6f0-dee637
12894,1.3420580625534058,,,,,hero-12d8b6f0-dee637
12922,1.318974494934082,,,,,hero-12d8b6f0-dee637
12963,1.3218492269515991,,,,,hero-12d8b6f0-dee637
12984,1.3268910646438599,,,,,hero-12d8b6f0-dee637
12990,1.3227297067642212,,,,,hero-12d8b6f0-dee637
12999,1.315459966659546,,,,,hero-12d8b6f0-dee637
13020,1.321161150932312,,,,,hero-12d8b6f0-dee637
13021,1.329954743385315,,,,,hero-12d8b6f0-dee637
13024,1.3248121738433838,,,,,hero-12d8b6f0-dee637
13041,1.3304016590118408,,,,,hero-12d8b6f0-dee637
13099,1.335008144378662,,,,,hero-12d8b6f0-dee637
13231,1.3241004943847656,,,,,hero-12d8b6f0-dee637
13241,1.3380393981933594,,,,,hero-12d8b6f0-dee637
13243,1.323178768157959,,,,,hero-12d8b6f0-dee637
13247,1.3121243715286255,,,,,hero-12d8b6f0-dee637
13353,1.3261638879776,,,,,hero-12d8b6f0-dee637
13358,1.3208554983139038,,,,,hero-12d8b6f0-dee637
13466,1.3265777826309204,,,,,hero-12d8b6f0-dee637
13595,1.3241994380950928,,,,,hero-12d8b6f0-dee637
13620,1.3206928968429565,,,,,hero-12d8b6f0-dee637
13635,1.3233914375305176,,,,,hero-12d8b6f0-dee637
13697,1.3230618238449097,,,,,hero-12d8b6f0-dee637
13706,1.3180961608886719,,,,,hero-12d8b6f0-dee637
13790,1.3107094764709473,,,,,hero-12d8b6f0-dee637
13840,1.3258415460586548,,,,,hero-12d8b6f0-dee637
13884,1.3274177312850952,,,,,hero-12d8b6f0-dee637
13957,1.3257442712783813,,,,,hero-12d8b6f0-dee637
13994,1.3011335134506226,,,,,hero-12d8b6f0-dee637
14007,1.3215258121490479,,,,,hero-12d8b6f0-dee637
14013,1.3224583864212036,,,,,hero-12d8b6f0-dee637
14043,1.3291103839874268,,,,,hero-12d8b6f0-dee637
14047,1.3154306411743164,,,,,hero-12d8b6f0-dee637
14068,1.3100321292877197,,,,,hero-12d8b6f0-dee637
14088,1.3331444263458252,,,,,hero-12d8b6f0-dee637
14091,1.31819486618042,,,,,hero-12d8b6f0-dee637
14104,1.3088477849960327,,,,,hero-12d8b6f0-dee637
14130,1.3202815055847168,,,,,hero-12d8b6f0-dee637
14154,1.3243464231491089,,,,,hero-12d8b6f0-dee637
14155,1.308236002922058,,,,,hero-12d8b6f0-dee637
14179,1.3148244619369507,,,,,hero-12d8b6f0-dee637
14196,1.3171240091323853,,,,,hero-12d8b6f0-dee637
14250,1.3029136657714844,,,,,hero-12d8b6f0-dee637
14259,1.3203492164611816,,,,,hero-12d8b6f0-dee637
14267,1.3158986568450928,,,,,hero-12d8b6f0-dee637
14408,1.3192381858825684,,,,,hero-12d8b6f0-dee637
14416,1.3276790380477905,,,,,hero-12d8b6f0-dee637
14430,1.3336223363876343,,,,,hero-12d8b6f0-dee637
14495,1.3344870805740356,,,,,hero-12d8b6f0-dee637
14505,1.3200218677520752,,,,,hero-12d8b6f0-dee637
14516,1.336167573928833,,,,,hero-12d8b6f0-dee637
14519,1.3153860569000244,,,,,hero-12d8b6f0-dee637
14682,1.3129698038101196,,,,,hero-12d8b6f0-dee637
14713,1.3202612400054932,,,,,hero-12d8b6f0-dee637
14755,1.3242406845092773,,,,,hero-12d8b6f0-dee637
14782,1.326857328414917,,,,,hero-12d8b6f0-dee637
14816,1.3133394718170166,,,,,hero-12d8b6f0-dee637
14851,1.3210225105285645,,,,,hero-12d8b6f0-dee637
14869,1.3140774965286255,,,,,hero-12d8b6f0-dee637
14927,1.3048298358917236,,,,,hero-12d8b6f0-dee637
14954,1.3035975694656372,,,,,hero-12d8b6f0-dee637
14999,,2.552114486694336,2.4079349040985107,2.395796298980713,2.1632239818573,hero-12d8b6f0-dee637
15018,1.3184189796447754,,,,,hero-12d8b6f0-dee637
15304,1.316252589225769,,,,,hero-12d8b6f0-dee637
15323,1.3272567987442017,,,,,hero-12d8b6f0-dee637
15366,1.307077407836914,,,,,hero-12d8b6f0-dee637
15387,1.3163015842437744,,,,,hero-12d8b6f0-dee637
15442,1.3088319301605225,,,,,hero-12d8b6f0-dee637
15445,1.3155097961425781,,,,,hero-12d8b6f0-dee637
15469,1.315316915512085,,,,,hero-12d8b6f0-dee637
15530,1.3064653873443604,,,,,hero-12d8b6f0-dee637
15569,1.3171586990356445,,,,,hero-12d8b6f0-dee637
15637,1.3106335401535034,,,,,hero-12d8b6f0-dee637
15695,1.3075810670852661,,,,,hero-12d8b6f0-dee637
15713,1.3141294717788696,,,,,hero-12d8b6f0-dee637
15776,1.2958366870880127,,,,,hero-12d8b6f0-dee637
15824,1.2997633218765259,,,,,hero-12d8b6f0-dee637
15829,1.3165924549102783,,,,,hero-12d8b6f0-dee637
15835,1.3104041814804077,,,,,hero-12d8b6f0-dee637
15852,1.315409541130066,,,,,hero-12d8b6f0-dee637
15907,1.3030180931091309,,,,,hero-12d8b6f0-dee637
15928,1.3090413808822632,,,,,hero-12d8b6f0-dee637
15990,1.3075908422470093,,,,,hero-12d8b6f0-dee637
16044,1.3197965621948242,,,,,hero-12d8b6f0-dee637
16150,1.3096437454223633,,,,,hero-12d8b6f0-dee637
16211,1.3247363567352295,,,,,hero-12d8b6f0-dee637
16245,1.3131736516952515,,,,,hero-12d8b6f0-dee637
16359,1.2989641427993774,,,,,hero-12d8b6f0-dee637
16364,1.296984314918518,,,,,hero-12d8b6f0-dee637
16463,1.3014857769012451,,,,,hero-12d8b6f0-dee637
16468,1.2945410013198853,,,,,hero-12d8b6f0-dee637
16491,1.3027280569076538,,,,,hero-12d8b6f0-dee637
16554,1.3057912588119507,,,,,hero-12d8b6f0-dee637
16601,1.2914656400680542,,,,,hero-12d8b6f0-dee637
16622,1.2979400157928467,,,,,hero-12d8b6f0-dee637
16627,1.3040491342544556,,,,,hero-12d8b6f0-dee637
16706,1.2969270944595337,,,,,hero-12d8b6f0-dee637
16722,1.3098067045211792,,,,,hero-12d8b6f0-dee637
16740,1.3130214214324951,,,,,hero-12d8b6f0-dee637
16766,1.310604453086853,,,,,hero-12d8b6f0-dee637
16852,1.3240206241607666,,,,,hero-12d8b6f0-dee637
16857,1.3189268112182617,,,,,hero-12d8b6f0-dee637
16916,1.3008294105529785,,,,,hero-12d8b6f0-dee637
16935,1.3026589155197144,,,,,hero-12d8b6f0-dee637
16937,1.293313980102539,,,,,hero-12d8b6f0-dee637
16962,1.3112640380859375,,,,,hero-12d8b6f0-dee637
17028,1.3053315877914429,,,,,hero-12d8b6f0-dee637
17062,1.3134499788284302,,,,,hero-12d8b6f0-dee637
17120,1.3020788431167603,,,,,hero-12d8b6f0-dee637
17137,1.304931640625,,,,,hero-12d8b6f0-dee637
17195,1.2933244705200195,,,,,hero-12d8b6f0-dee637
17207,1.304884910583496,,,,,hero-12d8b6f0-dee637
17228,1.2969439029693604,,,,,hero-12d8b6f0-dee637
17257,1.3089698553085327,,,,,hero-12d8b6f0-dee637
17287,1.3068088293075562,,,,,hero-12d8b6f0-dee637
17399,1.2801815271377563,,,,,hero-12d8b6f0-dee637
17423,1.2986234426498413,,,,,hero-12d8b6f0-dee637
17447,1.2949156761169434,,,,,hero-12d8b6f0-dee637
17506,1.312351942062378,,,,,hero-12d8b6f0-dee637
17552,1.3089629411697388,,,,,hero-12d8b6f0-dee637
17602,1.3068459033966064,,,,,hero-12d8b6f0-dee637
17678,1.2998226881027222,,,,,hero-12d8b6f0-dee637
17732,1.309646725654602,,,,,hero-12d8b6f0-dee637
17743,1.3047395944595337,,,,,hero-12d8b6f0-dee637
17745,1.2933378219604492,,,,,hero-12d8b6f0-dee637
17748,1.308988094329834,,,,,hero-12d8b6f0-dee637
17795,1.3038331270217896,,,,,hero-12d8b6f0-dee637
17799,1.3044146299362183,,,,,hero-12d8b6f0-dee637
17850,1.307005524635315,,,,,hero-12d8b6f0-dee637
17866,1.3061128854751587,,,,,hero-12d8b6f0-dee637
17872,1.2976689338684082,,,,,hero-12d8b6f0-dee637
17936,1.3121196031570435,,,,,hero-12d8b6f0-dee637
17988,1.298658847808838,,,,,hero-12d8b6f0-dee637
17999,,2.5306127071380615,2.3917348384857178,2.373509407043457,2.1472976207733154,hero-12d8b6f0-dee637
18014,1.2987850904464722,,,,,hero-12d8b6f0-dee637
18018,1.3113954067230225,,,,,hero-12d8b6f0-dee637
18062,1.3163254261016846,,,,,hero-12d8b6f0-dee637
18067,1.3011246919631958,,,,,hero-12d8b6f0-dee637
18074,1.2948890924453735,,,,,hero-12d8b6f0-dee637
18106,1.3069212436676025,,,,,hero-12d8b6f0-dee637
18232,1.3098355531692505,,,,,hero-12d8b6f0-dee637
18249,1.3065547943115234,,,,,hero-12d8b6f0-dee637
18283,1.3003937005996704,,,,,hero-12d8b6f0-dee637
18285,1.2910867929458618,,,,,hero-12d8b6f0-dee637
18317,1.2974246740341187,,,,,hero-12d8b6f0-dee637
18343,1.2927223443984985,,,,,hero-12d8b6f0-dee637
18447,1.2972948551177979,,,,,hero-12d8b6f0-dee637
18532,1.3029420375823975,,,,,hero-12d8b6f0-dee637
18582,1.29701828956604,,,,,hero-12d8b6f0-dee637
18597,1.293210744857788,,,,,hero-12d8b6f0-dee637
18642,1.3012306690216064,,,,,hero-12d8b6f0-dee637
18699,1.3031337261199951,,,,,hero-12d8b6f0-dee637
18718,1.3067644834518433,,,,,hero-12d8b6f0-dee637
18733,1.295559048652649,,,,,hero-12d8b6f0-dee637
18777,1.295601725578308,,,,,hero-12d8b6f0-dee637
18814,1.2890182733535767,,,,,hero-12d8b6f0-dee637
18860,1.3133389949798584,,,,,hero-12d8b6f0-dee637
18920,1.298532485961914,,,,,hero-12d8b6f0-dee637
18921,1.2957547903060913,,,,,hero-12d8b6f0-dee637
19043,1.3025163412094116,,,,,hero-12d8b6f0-dee637
19137,1.2833918333053589,,,,,hero-12d8b6f0-dee637
19182,1.298126220703125,,,,,hero-12d8b6f0-dee637
19195,1.2930892705917358,,,,,hero-12d8b6f0-dee637
19201,1.2980269193649292,,,,,hero-12d8b6f0-dee637
19245,1.2925409078598022,,,,,hero-12d8b6f0-dee637
19251,1.2926928997039795,,,,,hero-12d8b6f0-dee637
19253,1.3045964241027832,,,,,hero-12d8b6f0-dee637
19302,1.3080857992172241,,,,,hero-12d8b6f0-dee637
19367,1.3020801544189453,,,,,hero-12d8b6f0-dee637
19433,1.3005259037017822,,,,,hero-12d8b6f0-dee637
19442,1.3112844228744507,,,,,hero-12d8b6f0-dee637
19636,1.29081130027771,,,,,hero-12d8b6f0-dee637
19677,1.2901110649108887,,,,,hero-12d8b6f0-dee637
19723,1.2859925031661987,,,,,hero-12d8b6f0-dee637
19845,1.28224515914917,,,,,hero-12d8b6f0-dee637
19880,1.3025481700897217,,,,,hero-12d8b6f0-dee637
19924,1.3025132417678833,,,,,hero-12d8b6f0-dee637
19989,1.2885096073150635,,,,,hero-12d8b6f0-dee637
20074,1.303470253944397,,,,,hero-12d8b6f0-dee637
20093,1.2976908683776855,,,,,hero-12d8b6f0-dee637
20107,1.2880966663360596,,,,,hero-12d8b6f0-dee637
20201,1.2863154411315918,,,,,hero-12d8b6f0-dee637
20208,1.2823210954666138,,,,,hero-12d8b6f0-dee637
20227,1.2931323051452637,,,,,hero-12d8b6f0-dee637
20250,1.2958890199661255,,,,,hero-12d8b6f0-dee637
20267,1.2975407838821411,,,,,hero-12d8b6f0-dee637
20269,1.293004035949707,,,,,hero-12d8b6f0-dee637
20333,1.2921661138534546,,,,,hero-12d8b6f0-dee637
20342,1.2839441299438477,,,,,hero-12d8b6f0-dee637
20344,1.292845368385315,,,,,hero-12d8b6f0-dee637
20345,1.2962526082992554,,,,,hero-12d8b6f0-dee637
20350,1.289704442024231,,,,,hero-12d8b6f0-dee637
20353,1.2841598987579346,,,,,hero-12d8b6f0-dee637
20461,1.2836103439331055,,,,,hero-12d8b6f0-dee637
20487,1.2912943363189697,,,,,hero-12d8b6f0-dee637
20493,1.2963643074035645,,,,,hero-12d8b6f0-dee637
20534,1.300180435180664,,,,,hero-12d8b6f0-dee637
20540,1.3039196729660034,,,,,hero-12d8b6f0-dee637
20704,1.2795847654342651,,,,,hero-12d8b6f0-dee637
20723,1.2822775840759277,,,,,hero-12d8b6f0-dee637
20778,1.2890807390213013,,,,,hero-12d8b6f0-dee637
20843,1.2921878099441528,,,,,hero-12d8b6f0-dee637
20869,1.286390781402588,,,,,hero-12d8b6f0-dee637
20874,1.2913700342178345,,,,,hero-12d8b6f0-dee637
20882,1.2888572216033936,,,,,hero-12d8b6f0-dee637
20912,1.2860679626464844,,,,,hero-12d8b6f0-dee637
20942,1.296995997428894,,,,,hero-12d8b6f0-dee637
20977,1.2944269180297852,,,,,hero-12d8b6f0-dee637
20989,1.304229497909546,,,,,hero-12d8b6f0-dee637
20999,,2.5165350437164307,2.3790249824523926,2.353165864944458,2.1314504146575928,hero-12d8b6f0-dee637
21040,1.2952818870544434,,,,,hero-12d8b6f0-dee637
21091,1.297865629196167,,,,,hero-12d8b6f0-dee637
21092,1.2885485887527466,,,,,hero-12d8b6f0-dee637
21097,1.3029768466949463,,,,,hero-12d8b6f0-dee637
21132,1.2908732891082764,,,,,hero-12d8b6f0-dee637
21165,1.2936357259750366,,,,,hero-12d8b6f0-dee637
21201,1.2903856039047241,,,,,hero-12d8b6f0-dee637
21243,1.2840551137924194,,,,,hero-12d8b6f0-dee637
21249,1.2899996042251587,,,,,hero-12d8b6f0-dee637
21297,1.283729076385498,,,,,hero-12d8b6f0-dee637
21318,1.2783219814300537,,,,,hero-12d8b6f0-dee637
21385,1.2855943441390991,,,,,hero-12d8b6f0-dee637
21433,1.2886791229248047,,,,,hero-12d8b6f0-dee637
21447,1.2962839603424072,,,,,hero-12d8b6f0-dee637
21469,1.2859781980514526,,,,,hero-12d8b6f0-dee637
21621,1.2888522148132324,,,,,hero-12d8b6f0-dee637
21659,1.3092833757400513,,,,,hero-12d8b6f0-dee637
21665,1.2869305610656738,,,,,hero-12d8b6f0-dee637
21698,1.2758207321166992,,,,,hero-12d8b6f0-dee637
21950,1.2843942642211914,,,,,hero-12d8b6f0-dee637
21953,1.2932569980621338,,,,,hero-12d8b6f0-dee637
22012,1.300736904144287,,,,,hero-12d8b6f0-dee637
22219,1.2955833673477173,,,,,hero-12d8b6f0-dee637
22254,1.2876731157302856,,,,,hero-12d8b6f0-dee637
22300,1.2906681299209595,,,,,hero-12d8b6f0-dee637
22346,1.2929083108901978,,,,,hero-12d8b6f0-dee637
22395,1.2914831638336182,,,,,hero-12d8b6f0-dee637
22403,1.2883431911468506,,,,,hero-12d8b6f0-dee637
22432,1.289366364479065,,,,,hero-12d8b6f0-dee637
22475,1.2886106967926025,,,,,hero-12d8b6f0-dee637
22527,1.2851983308792114,,,,,hero-12d8b6f0-dee637
22528,1.2890034914016724,,,,,hero-12d8b6f0-dee637
22555,1.2856632471084595,,,,,hero-12d8b6f0-dee637
22639,1.2761261463165283,,,,,hero-12d8b6f0-dee637
22698,1.2873549461364746,,,,,hero-12d8b6f0-dee637
22732,1.2897828817367554,,,,,hero-12d8b6f0-dee637
22767,1.2873259782791138,,,,,hero-12d8b6f0-dee637
22857,1.2816227674484253,,,,,hero-12d8b6f0-dee637
22916,1.2811689376831055,,,,,hero-12d8b6f0-dee637
23006,1.2878777980804443,,,,,hero-12d8b6f0-dee637
23016,1.2852228879928589,,,,,hero-12d8b6f0-dee637
23033,1.2946730852127075,,,,,hero-12d8b6f0-dee637
23048,1.282344102859497,,,,,hero-12d8b6f0-dee637
23103,1.2951018810272217,,,,,hero-12d8b6f0-dee637
23124,1.2872551679611206,,,,,hero-12d8b6f0-dee637
23127,1.2857266664505005,,,,,hero-12d8b6f0-dee637
23258,1.2973899841308594,,,,,hero-12d8b6f0-dee637
23340,1.2857255935668945,,,,,hero-12d8b6f0-dee637
23345,1.299501657485962,,,,,hero-12d8b6f0-dee637
23380,1.2886608839035034,,,,,hero-12d8b6f0-dee637
23387,1.2893524169921875,,,,,hero-12d8b6f0-dee637
23388,1.2688612937927246,,,,,hero-12d8b6f0-dee637
23454,1.277654767036438,,,,,hero-12d8b6f0-dee637
23468,1.267727255821228,,,,,hero-12d8b6f0-dee637
23547,1.29362154006958,,,,,hero-12d8b6f0-dee637
23584,1.2847201824188232,,,,,hero-12d8b6f0-dee637
23657,1.2881965637207031,,,,,hero-12d8b6f0-dee637
23678,1.2814706563949585,,,,,hero-12d8b6f0-dee637
23721,1.2831549644470215,,,,,hero-12d8b6f0-dee637
23763,1.2851401567459106,,,,,hero-12d8b6f0-dee637
23807,1.2800616025924683,,,,,hero-12d8b6f0-dee637
23883,1.2786729335784912,,,,,hero-12d8b6f0-dee637
23922,1.2883503437042236,,,,,hero-12d8b6f0-dee637
23968,1.2893544435501099,,,,,hero-12d8b6f0-dee637
23974,1.283705234527588,,,,,hero-12d8b6f0-dee637
23998,1.2842049598693848,,,,,hero-12d8b6f0-dee637
23999,,2.5059316158294678,2.3712105751037598,2.3443408012390137,2.1264426708221436,hero-12d8b6f0-dee637
24048,1.272143840789795,,,,,hero-12d8b6f0-dee637
24076,1.2742786407470703,,,,,hero-12d8b6f0-dee637
24099,1.2889935970306396,,,,,hero-12d8b6f0-dee637
24141,1.2766475677490234,,,,,hero-12d8b6f0-dee637
24208,1.293501853942871,,,,,hero-12d8b6f0-dee637
24295,1.27333664894104,,,,,hero-12d8b6f0-dee637
24302,1.2827709913253784,,,,,hero-12d8b6f0-dee637
24401,1.285172700881958,,,,,hero-12d8b6f0-dee637
24405,1.2801052331924438,,,,,hero-12d8b6f0-dee637
24409,1.2813358306884766,,,,,hero-12d8b6f0-dee637
24410,1.275880217552185,,,,,hero-12d8b6f0-dee637
24418,1.2820755243301392,,,,,hero-12d8b6f0-dee637
24450,1.2778204679489136,,,,,hero-12d8b6f0-dee637
24452,1.2855920791625977,,,,,hero-12d8b6f0-dee637
24467,1.2759528160095215,,,,,hero-12d8b6f0-dee637
24529,1.2813538312911987,,,,,hero-12d8b6f0-dee637
24533,1.2795277833938599,,,,,hero-12d8b6f0-dee637
24681,1.2782344818115234,,,,,hero-12d8b6f0-dee637
24788,1.2700293064117432,,,,,hero-12d8b6f0-dee637
24848,1.2834515571594238,,,,,hero-12d8b6f0-dee637
24870,1.271064043045044,,,,,hero-12d8b6f0-dee637
24874,1.279051423072815,,,,,hero-12d8b6f0-dee637
24916,1.2853074073791504,,,,,hero-12d8b6f0-dee637
24945,1.2858344316482544,,,,,hero-12d8b6f0-dee637
25074,1.2798705101013184,,,,,hero-12d8b6f0-dee637
25133,1.2865859270095825,,,,,hero-12d8b6f0-dee637
25191,1.2883021831512451,,,,,hero-12d8b6f0-dee637
25224,1.2787656784057617,,,,,hero-12d8b6f0-dee637
25236,1.273432731628418,,,,,hero-12d8b6f0-dee637
25324,1.2746936082839966,,,,,hero-12d8b6f0-dee637
25364,1.271466612815857,,,,,hero-12d8b6f0-dee637
25383,1.266688585281372,,,,,hero-12d8b6f0-dee637
25433,1.2749062776565552,,,,,hero-12d8b6f0-dee637
25467,1.2745670080184937,,,,,hero-12d8b6f0-dee637
25546,1.2823575735092163,,,,,hero-12d8b6f0-dee637
25566,1.2725216150283813,,,,,hero-12d8b6f0-dee637
25585,1.2779008150100708,,,,,hero-12d8b6f0-dee637
25652,1.2832584381103516,,,,,hero-12d8b6f0-dee637
25683,1.2764769792556763,,,,,hero-12d8b6f0-dee637
25733,1.2675695419311523,,,,,hero-12d8b6f0-dee637
25765,1.2771457433700562,,,,,hero-12d8b6f0-dee637
25781,1.2791210412979126,,,,,hero-12d8b6f0-dee637
25794,1.282240390777588,,,,,hero-12d8b6f0-dee637
25814,1.2713286876678467,,,,,hero-12d8b6f0-dee637
25851,1.2718095779418945,,,,,hero-12d8b6f0-dee637
26012,1.2828545570373535,,,,,hero-12d8b6f0-dee637
26045,1.265265703201294,,,,,hero-12d8b6f0-dee637
26060,1.2746291160583496,,,,,hero-12d8b6f0-dee637
26104,1.2650063037872314,,,,,hero-12d8b6f0-dee637
26141,1.2788327932357788,,,,,hero-12d8b6f0-dee637
26217,1.2715927362442017,,,,,hero-12d8b6f0-dee637
26227,1.2774038314819336,,,,,hero-12d8b6f0-dee637
26254,1.2807509899139404,,,,,hero-12d8b6f0-dee637
26256,1.2729724645614624,,,,,hero-12d8b6f0-dee637
26284,1.272266149520874,,,,,hero-12d8b6f0-dee637
26389,1.2697817087173462,,,,,hero-12d8b6f0-dee637
26410,1.263213038444519,,,,,hero-12d8b6f0-dee637
26443,1.2818948030471802,,,,,hero-12d8b6f0-dee637
26481,1.2713061571121216,,,,,hero-12d8b6f0-dee637
26555,1.2804049253463745,,,,,hero-12d8b6f0-dee637
26566,1.2698497772216797,,,,,hero-12d8b6f0-dee637
26647,1.2700556516647339,,,,,hero-12d8b6f0-dee637
26711,1.275204062461853,,,,,hero-12d8b6f0-dee637
26745,1.2761561870574951,,,,,hero-12d8b6f0-dee637
26835,1.2833659648895264,,,,,hero-12d8b6f0-dee637
26845,1.2658812999725342,,,,,hero-12d8b6f0-dee637
26851,1.2716660499572754,,,,,hero-12d8b6f0-dee637
26857,1.267347812652588,,,,,hero-12d8b6f0-dee637
26862,1.2769263982772827,,,,,hero-12d8b6f0-dee637
26866,1.2855902910232544,,,,,hero-12d8b6f0-dee637
26873,1.278965950012207,,,,,hero-12d8b6f0-dee637
26903,1.267797827720642,,,,,hero-12d8b6f0-dee637
26924,1.2722504138946533,,,,,hero-12d8b6f0-dee637
26954,1.2769360542297363,,,,,hero-12d8b6f0-dee637
26999,,2.494738817214966,2.3616154193878174,2.3335418701171875,2.1190576553344727,hero-12d8b6f0-dee637
27017,1.2787587642669678,,,,,hero-12d8b6f0-dee637
27064,1.2746528387069702,,,,,hero-12d8b6f0-dee637
27083,1.2817363739013672,,,,,hero-12d8b6f0-dee637
27103,1.2814323902130127,,,,,hero-12d8b6f0-dee637
27107,1.2807588577270508,,,,,hero-12d8b6f0-dee637
27120,1.2844332456588745,,,,,hero-12d8b6f0-dee637
27141,1.2694002389907837,,,,,hero-12d8b6f0-dee637
27160,1.2740459442138672,,,,,hero-12d8b6f0-dee637
27185,1.2744512557983398,,,,,hero-12d8b6f0-dee637
27217,1.2640548944473267,,,,,hero-12d8b6f0-dee637
27239,1.2817792892456055,,,,,hero-12d8b6f0-dee637
27356,1.2634764909744263,,,,,hero-12d8b6f0-dee637
27387,1.2632415294647217,,,,,hero-12d8b6f0-dee637
27468,1.2732876539230347,,,,,hero-12d8b6f0-dee637
27558,1.2737504243850708,,,,,hero-12d8b6f0-dee637
27672,1.264773964881897,,,,,hero-12d8b6f0-dee637
27743,1.2689871788024902,,,,,hero-12d8b6f0-dee637
27820,1.2732852697372437,,,,,hero-12d8b6f0-dee637
27893,1.2757643461227417,,,,,hero-12d8b6f0-dee637
27895,1.263865351676941,,,,,hero-12d8b6f0-dee637
27908,1.270529866218567,,,,,hero-12d8b6f0-dee637
27921,1.274488925933838,,,,,hero-12d8b6f0-dee637
28033,1.2670269012451172,,,,,hero-12d8b6f0-dee637
28048,1.2745388746261597,,,,,hero-12d8b6f0-dee637
28057,1.2698557376861572,,,,,hero-12d8b6f0-dee637
28085,1.2859594821929932,,,,,hero-12d8b6f0-dee637
28144,1.2800270318984985,,,,,hero-12d8b6f0-dee637
28188,1.2733311653137207,,,,,hero-12d8b6f0-dee637
28239,1.2706093788146973,,,,,hero-12d8b6f0-dee637
28255,1.271594762802124,,,,,hero-12d8b6f0-dee637
28275,1.273460865020752,,,,,hero-12d8b6f0-dee637
28403,1.262700080871582,,,,,hero-12d8b6f0-dee637
28438,1.271260380744934,,,,,hero-12d8b6f0-dee637
28439,1.2569407224655151,,,,,hero-12d8b6f0-dee637
28442,1.2660845518112183,,,,,hero-12d8b6f0-dee637
28449,1.2659108638763428,,,,,hero-12d8b6f0-dee637
28469,1.2670066356658936,,,,,hero-12d8b6f0-dee637
28522,1.2653149366378784,,,,,hero-12d8b6f0-dee637
28549,1.2808756828308105,,,,,hero-12d8b6f0-dee637
28580,1.2654762268066406,,,,,hero-12d8b6f0-dee637
28589,1.261451244354248,,,,,hero-12d8b6f0-dee637
28711,1.2575924396514893,,,,,hero-12d8b6f0-dee637
28719,1.2654666900634766,,,,,hero-12d8b6f0-dee637
28785,1.2709208726882935,,,,,hero-12d8b6f0-dee637
28839,1.2852109670639038,,,,,hero-12d8b6f0-dee637
28857,1.2720656394958496,,,,,hero-12d8b6f0-dee637
28867,1.2824631929397583,,,,,hero-12d8b6f0-dee637
28896,1.2692890167236328,,,,,hero-12d8b6f0-dee637
28898,1.2713041305541992,,,,,hero-12d8b6f0-dee637
28901,1.2757596969604492,,,,,hero-12d8b6f0-dee637
29004,1.278403401374817,,,,,hero-12d8b6f0-dee637
29171,1.276405930519104,,,,,hero-12d8b6f0-dee637
29191,1.2720599174499512,,,,,hero-12d8b6f0-dee637
29236,1.2797504663467407,,,,,hero-12d8b6f0-dee637
29261,1.2690786123275757,,,,,hero-12d8b6f0-dee637
29475,1.279050350189209,,,,,hero-12d8b6f0-dee637
29503,1.2687458992004395,,,,,hero-12d8b6f0-dee637
29528,1.2794502973556519,,,,,hero-12d8b6f0-dee637
29537,1.2593213319778442,,,,,hero-12d8b6f0-dee637
29545,1.2805731296539307,,,,,hero-12d8b6f0-dee637
29567,1.2747515439987183,,,,,hero-12d8b6f0-dee637
29582,1.2907118797302246,,,,,hero-12d8b6f0-dee637
29587,1.2827998399734497,,,,,hero-12d8b6f0-dee637
29606,1.2748910188674927,,,,,hero-12d8b6f0-dee637
29717,1.2957569360733032,,,,,hero-12d8b6f0-dee637
29765,1.2737270593643188,,,,,hero-12d8b6f0-dee637
29782,1.2724372148513794,,,,,hero-12d8b6f0-dee637
29802,1.263640284538269,,,,,hero-12d8b6f0-dee637
29836,1.2681984901428223,,,,,hero-12d8b6f0-dee637
29886,1.277378797531128,,,,,hero-12d8b6f0-dee637
29936,1.272230863571167,,,,,hero-12d8b6f0-dee637
29975,1.273543357849121,,,,,hero-12d8b6f0-dee637
29991,1.278415560722351,,,,,hero-12d8b6f0-dee637
29999,,2.4875662326812744,2.354306697845459,2.3244526386260986,2.111074686050415,hero-12d8b6f0-dee637
30015,1.2737631797790527,,,,,hero-12d8b6f0-dee637
30094,1.2757930755615234,,,,,hero-12d8b6f0-dee637
30108,1.2726821899414062,,,,,hero-12d8b6f0-dee637
30126,1.2776654958724976,,,,,hero-12d8b6f0-dee637
30156,1.2643883228302002,,,,,hero-12d8b6f0-dee637
30162,1.2693265676498413,,,,,hero-12d8b6f0-dee637
30261,1.268045425415039,,,,,hero-12d8b6f0-dee637
30263,1.2686342000961304,,,,,hero-12d8b6f0-dee637
30291,1.2697051763534546,,,,,hero-12d8b6f0-dee637
30295,1.2672491073608398,,,,,hero-12d8b6f0-dee637
30373,1.2796083688735962,,,,,hero-12d8b6f0-dee637
30395,1.279428482055664,,,,,hero-12d8b6f0-dee637
30419,1.275386929512024,,,,,hero-12d8b6f0-dee637
30471,1.266129970550537,,,,,hero-12d8b6f0-dee637
30472,1.2669786214828491,,,,,hero-12d8b6f0-dee637
30477,1.2570853233337402,,,,,hero-12d8b6f0-dee637
30513,1.2578412294387817,,,,,hero-12d8b6f0-dee637
30537,1.2613567113876343,,,,,hero-12d8b6f0-dee637
30729,1.2719495296478271,,,,,hero-12d8b6f0-dee637
30748,1.2687511444091797,,,,,hero-12d8b6f0-dee637
30763,1.2663625478744507,,,,,hero-12d8b6f0-dee637
30768,1.2657263278961182,,,,,hero-12d8b6f0-dee637
30776,1.2762517929077148,,,,,hero-12d8b6f0-dee637
30868,1.2896853685379028,,,,,hero-12d8b6f0-dee637
30945,1.2632313966751099,,,,,hero-12d8b6f0-dee637
30974,1.2761996984481812,,,,,hero-12d8b6f0-dee637
30998,1.2667264938354492,,,,,hero-12d8b6f0-dee637
31037,1.2544978857040405,,,,,hero-12d8b6f0-dee637
31044,1.269682765007019,,,,,hero-12d8b6f0-dee637
31132,1.2669469118118286,,,,,hero-12d8b6f0-dee637
31134,1.2672728300094604,,,,,hero-12d8b6f0-dee637
31148,1.2696971893310547,,,,,hero-12d8b6f0-dee637
31162,1.2697021961212158,,,,,hero-12d8b6f0-dee637
31172,1.2797578573226929,,,,,hero-12d8b6f0-dee637
31174,1.280516505241394,,,,,hero-12d8b6f0-dee637
31190,1.271183967590332,,,,,hero-12d8b6f0-dee637
31225,1.270397424697876,,,,,hero-12d8b6f0-dee637
31240,1.275667428970337,,,,,hero-12d8b6f0-dee637
31242,1.2646852731704712,,,,,hero-12d8b6f0-dee637
31251,1.2739235162734985,,,,,hero-12d8b6f0-dee637
31298,1.2734227180480957,,,,,hero-12d8b6f0-dee637
31299,1.2685647010803223,,,,,hero-12d8b6f0-dee637
31361,1.2666738033294678,,,,,hero-12d8b6f0-dee637
31363,1.271934151649475,,,,,hero-12d8b6f0-dee637
31385,1.2657289505004883,,,,,hero-12d8b6f0-dee637
31394,1.2681992053985596,,,,,hero-12d8b6f0-dee637
31402,1.283231258392334,,,,,hero-12d8b6f0-dee637
31426,1.264474630355835,,,,,hero-12d8b6f0-dee637
31538,1.286805272102356,,,,,hero-12d8b6f0-dee637
31573,1.2694268226623535,,,,,hero-12d8b6f0-dee637
31575,1.2729097604751587,,,,,hero-12d8b6f0-dee637
31605,1.2720997333526611,,,,,hero-12d8b6f0-dee637
31624,1.270782470703125,,,,,hero-12d8b6f0-dee637
31721,1.2581524848937988,,,,,hero-12d8b6f0-dee637
31735,1.2697919607162476,,,,,hero-12d8b6f0-dee637
31763,1.2773288488388062,,,,,hero-12d8b6f0-dee637
31766,1.2599035501480103,,,,,hero-12d8b6f0-dee637
31787,1.2615467309951782,,,,,hero-12d8b6f0-dee637
31792,1.276574730873108,,,,,hero-12d8b6f0-dee637
31802,1.2646369934082031,,,,,hero-12d8b6f0-dee637
31847,1.2794357538223267,,,,,hero-12d8b6f0-dee637
31924,1.2757253646850586,,,,,hero-12d8b6f0-dee637
31970,1.2640613317489624,,,,,hero-12d8b6f0-dee637
31986,1.267859697341919,,,,,hero-12d8b6f0-dee637
32012,1.2696739435195923,,,,,hero-12d8b6f0-dee637
32016,1.2648156881332397,,,,,hero-12d8b6f0-dee637
32089,1.2750394344329834,,,,,hero-12d8b6f0-dee637
32134,1.2660393714904785,,,,,hero-12d8b6f0-dee637
32166,1.2815463542938232,,,,,hero-12d8b6f0-dee637
32172,1.2730460166931152,,,,,hero-12d8b6f0-dee637
32185,1.2823578119277954,,,,,hero-12d8b6f0-dee637
32186,1.267271876335144,,,,,hero-12d8b6f0-dee637
32209,1.2803659439086914,,,,,hero-12d8b6f0-dee637
32211,1.2675811052322388,,,,,hero-12d8b6f0-dee637
32366,1.2751725912094116,,,,,hero-12d8b6f0-dee637
32384,1.2706613540649414,,,,,hero-12d8b6f0-dee637
32471,1.2744228839874268,,,,,hero-12d8b6f0-dee637
32493,1.2681854963302612,,,,,hero-12d8b6f0-dee637
32528,1.2695609331130981,,,,,hero-12d8b6f0-dee637
32629,1.2605470418930054,,,,,hero-12d8b6f0-dee637
32672,1.252670168876648,,,,,hero-12d8b6f0-dee637
32694,1.2727420330047607,,,,,hero-12d8b6f0-dee637
32703,1.2629095315933228,,,,,hero-12d8b6f0-dee637
32718,1.2523199319839478,,,,,hero-12d8b6f0-dee637
32726,1.2635197639465332,,,,,hero-12d8b6f0-dee637
32767,1.2717704772949219,,,,,hero-12d8b6f0-dee637
32775,1.2687063217163086,,,,,hero-12d8b6f0-dee637
32786,1.2618744373321533,,,,,hero-12d8b6f0-dee637
32787,1.2681870460510254,,,,,hero-12d8b6f0-dee637
32837,1.2578846216201782,,,,,hero-12d8b6f0-dee637
32853,1.2657063007354736,,,,,hero-12d8b6f0-dee637
32901,1.27901291847229,,,,,hero-12d8b6f0-dee637
32934,1.2529371976852417,,,,,hero-12d8b6f0-dee637
32995,1.2643966674804688,,,,,hero-12d8b6f0-dee637
32999,,2.482131004333496,2.3490240573883057,2.3184189796447754,2.1048853397369385,hero-12d8b6f0-dee637
33066,1.270825743675232,,,,,hero-12d8b6f0-dee637
33129,1.2778278589248657,,,,,hero-12d8b6f0-dee637
33165,1.2588891983032227,,,,,hero-12d8b6f0-dee637
33171,1.2681515216827393,,,,,hero-12d8b6f0-dee637
33214,1.2720047235488892,,,,,hero-12d8b6f0-dee637
33287,1.2712011337280273,,,,,hero-12d8b6f0-dee637
33327,1.2642828226089478,,,,,hero-12d8b6f0-dee637
33341,1.2507853507995605,,,,,hero-12d8b6f0-dee637
33362,1.2640860080718994,,,,,hero-12d8b6f0-dee637
33374,1.2507350444793701,,,,,hero-12d8b6f0-dee637
33439,1.2616372108459473,,,,,hero-12d8b6f0-dee637
33685,1.255824327468872,,,,,hero-12d8b6f0-dee637
33726,1.2589116096496582,,,,,hero-12d8b6f0-dee637
33784,1.279139518737793,,,,,hero-12d8b6f0-dee637
33815,1.2636228799819946,,,,,hero-12d8b6f0-dee637
33920,1.268952488899231,,,,,hero-12d8b6f0-dee637
33955,1.2559617757797241,,,,,hero-12d8b6f0-dee637
33979,1.2626358270645142,,,,,hero-12d8b6f0-dee637
33990,1.2590118646621704,,,,,hero-12d8b6f0-dee637
34034,1.2578622102737427,,,,,hero-12d8b6f0-dee637
34063,1.2598588466644287,,,,,hero-12d8b6f0-dee637
34122,1.2635188102722168,,,,,hero-12d8b6f0-dee637
34124,1.2519723176956177,,,,,hero-12d8b6f0-dee637
34131,1.271738886833191,,,,,hero-12d8b6f0-dee637
34178,1.2679131031036377,,,,,hero-12d8b6f0-dee637
34217,1.25928795337677,,,,,hero-12d8b6f0-dee637
34338,1.2671769857406616,,,,,hero-12d8b6f0-dee637
34367,1.2552586793899536,,,,,hero-12d8b6f0-dee637
34399,1.2659507989883423,,,,,hero-12d8b6f0-dee637
34413,1.2649296522140503,,,,,hero-12d8b6f0-dee637
34455,1.2653101682662964,,,,,hero-12d8b6f0-dee637
34474,1.2645585536956787,,,,,hero-12d8b6f0-dee637
34525,1.2634987831115723,,,,,hero-12d8b6f0-dee637
34537,1.2644758224487305,,,,,hero-12d8b6f0-dee637
34548,1.2717335224151611,,,,,hero-12d8b6f0-dee637
34581,1.2651567459106445,,,,,hero-12d8b6f0-dee637
34643,1.2607842683792114,,,,,hero-12d8b6f0-dee637
34675,1.264638900756836,,,,,hero-12d8b6f0-dee637
34708,1.259688377380371,,,,,hero-12d8b6f0-dee637
34739,1.2618799209594727,,,,,hero-12d8b6f0-dee637
34742,1.2730985879898071,,,,,hero-12d8b6f0-dee637
34750,1.265188217163086,,,,,hero-12d8b6f0-dee637
34766,1.2581565380096436,,,,,hero-12d8b6f0-dee637
34783,1.27446448802948,,,,,hero-12d8b6f0-dee637
34801,1.2648288011550903,,,,,hero-12d8b6f0-dee637
34802,1.2794294357299805,,,,,hero-12d8b6f0-dee637
34836,1.2668371200561523,,,,,hero-12d8b6f0-dee637
34865,1.2484544515609741,,,,,hero-12d8b6f0-dee637
34916,1.2692804336547852,,,,,hero-12d8b6f0-dee637
34918,1.2597452402114868,,,,,hero-12d8b6f0-dee637
34933,1.2676541805267334,,,,,hero-12d8b6f0-dee637
34960,1.2565882205963135,,,,,hero-12d8b6f0-dee637
35018,1.278759241104126,,,,,hero-12d8b6f0-dee637
35034,1.2689175605773926,,,,,hero-12d8b6f0-dee637
35098,1.2503823041915894,,,,,hero-12d8b6f0-dee637
35199,1.2553218603134155,,,,,hero-12d8b6f0-dee637
35230,1.2509111166000366,,,,,hero-12d8b6f0-dee637
35296,1.2599772214889526,,,,,hero-12d8b6f0-dee637
35440,1.2569866180419922,,,,,hero-12d8b6f0-dee637
35631,1.2685301303863525,,,,,hero-12d8b6f0-dee637
35672,1.2516049146652222,,,,,hero-12d8b6f0-dee637
35765,1.2537559270858765,,,,,hero-12d8b6f0-dee637
35781,1.262260913848877,,,,,hero-12d8b6f0-dee637
35796,1.269904613494873,,,,,hero-12d8b6f0-dee637
35797,1.254554271697998,,,,,hero-12d8b6f0-dee637
35838,1.2598847150802612,,,,,hero-12d8b6f0-dee637
35845,1.2680152654647827,,,,,hero-12d8b6f0-dee637
35862,1.2682777643203735,,,,,hero-12d8b6f0-dee637
35864,1.2660635709762573,,,,,hero-12d8b6f0-dee637
35868,1.2612802982330322,,,,,hero-12d8b6f0-dee637
35962,1.2544351816177368,,,,,hero-12d8b6f0-dee637
35999,,2.4775588512420654,2.3471548557281494,2.315539598464966,2.103700637817383,hero-12d8b6f0-dee637
36005,1.2511615753173828,,,,,hero-12d8b6f0-dee637
36013,1.2667485475540161,,,,,hero-12d8b6f0-dee637
36032,1.261342167854309,,,,,hero-12d8b6f0-dee637
36069,1.2560492753982544,,,,,hero-12d8b6f0-dee637
36184,1.256678581237793,,,,,hero-12d8b6f0-dee637
36208,1.2543394565582275,,,,,hero-12d8b6f0-dee637
36291,1.2582972049713135,,,,,hero-12d8b6f0-dee637
36315,1.2538875341415405,,,,,hero-12d8b6f0-dee637
36326,1.262144684791565,,,,,hero-12d8b6f0-dee637
36441,1.26246976852417,,,,,hero-12d8b6f0-dee637
36454,1.2677993774414062,,,,,hero-12d8b6f0-dee637
36493,1.2683868408203125,,,,,hero-12d8b6f0-dee637
36512,1.266610860824585,,,,,hero-12d8b6f0-dee637
36518,1.265869140625,,,,,hero-12d8b6f0-dee637
36527,1.2668850421905518,,,,,hero-12d8b6f0-dee637
36578,1.2680308818817139,,,,,hero-12d8b6f0-dee637
36596,1.2559980154037476,,,,,hero-12d8b6f0-dee637
36711,1.2568362951278687,,,,,hero-12d8b6f0-dee637
36725,1.2568316459655762,,,,,hero-12d8b6f0-dee637
36748,1.262949824333191,,,,,hero-12d8b6f0-dee637
36760,1.2594064474105835,,,,,hero-12d8b6f0-dee637
36797,1.2580760717391968,,,,,hero-12d8b6f0-dee637
36999,1.2629591226577759,,,,,hero-12d8b6f0-dee637
37025,1.255377173423767,,,,,hero-12d8b6f0-dee637
37045,1.2741271257400513,,,,,hero-12d8b6f0-dee637
37059,1.2703332901000977,,,,,hero-12d8b6f0-dee637
37062,1.258754014968872,,,,,hero-12d8b6f0-dee637
37220,1.271622896194458,,,,,hero-12d8b6f0-dee637
37267,1.2666202783584595,,,,,hero-12d8b6f0-dee637
37291,1.2591229677200317,,,,,hero-12d8b6f0-dee637
37299,1.274651050567627,,,,,hero-12d8b6f0-dee637
37319,1.259708046913147,,,,,hero-12d8b6f0-dee637
37346,1.2641000747680664,,,,,hero-12d8b6f0-dee637
37424,1.2669286727905273,,,,,hero-12d8b6f0-dee637
37486,1.2697635889053345,,,,,hero-12d8b6f0-dee637
37542,1.254764437675476,,,,,hero-12d8b6f0-dee637
37576,1.2503583431243896,,,,,hero-12d8b6f0-dee637
37610,1.2614703178405762,,,,,hero-12d8b6f0-dee637
37617,1.2706961631774902,,,,,hero-12d8b6f0-dee637
37666,1.2651845216751099,,,,,hero-12d8b6f0-dee637
37677,1.2713361978530884,,,,,hero-12d8b6f0-dee637
37730,1.2659471035003662,,,,,hero-12d8b6f0-dee637
37753,1.2613478899002075,,,,,hero-12d8b6f0-dee637
37769,1.2745879888534546,,,,,hero-12d8b6f0-dee637
37888,1.2548856735229492,,,,,hero-12d8b6f0-dee637
37991,1.2599749565124512,,,,,hero-12d8b6f0-dee637
38021,1.2542070150375366,,,,,hero-12d8b6f0-dee637
38040,1.26252281665802,,,,,hero-12d8b6f0-dee637
38128,1.2588050365447998,,,,,hero-12d8b6f0-dee637
38149,1.2572416067123413,,,,,hero-12d8b6f0-dee637
38164,1.2562657594680786,,,,,hero-12d8b6f0-dee637
38241,1.2688251733779907,,,,,hero-12d8b6f0-dee637
38272,1.2601467370986938,,,,,hero-12d8b6f0-dee637
38307,1.261452555656433,,,,,hero-12d8b6f0-dee637
38382,1.264175534248352,,,,,hero-12d8b6f0-dee637
38431,1.273725986480713,,,,,hero-12d8b6f0-dee637
38442,1.2648814916610718,,,,,hero-12d8b6f0-dee637
38448,1.2634042501449585,,,,,hero-12d8b6f0-dee637
38477,1.2438386678695679,,,,,hero-12d8b6f0-dee637
38548,1.2573798894882202,,,,,hero-12d8b6f0-dee637
38575,1.2516151666641235,,,,,hero-12d8b6f0-dee637
38604,1.2557005882263184,,,,,hero-12d8b6f0-dee637
38605,1.252269983291626,,,,,hero-12d8b6f0-dee637
38612,1.2534135580062866,,,,,hero-12d8b6f0-dee637
38688,1.2677114009857178,,,,,hero-12d8b6f0-dee637
38751,1.2627842426300049,,,,,hero-12d8b6f0-dee637
38769,1.2708381414413452,,,,,hero-12d8b6f0-dee637
38777,1.2693341970443726,,,,,hero-12d8b6f0-dee637
38830,1.2560005187988281,,,,,hero-12d8b6f0-dee637
38864,1.2575657367706299,,,,,hero-12d8b6f0-dee637
38872,1.2543772459030151,,,,,hero-12d8b6f0-dee637
38952,1.2682064771652222,,,,,hero-12d8b6f0-dee637
38999,,2.4697093963623047,2.34128999710083,2.306220293045044,2.0969977378845215,hero-12d8b6f0-dee637
39071,1.2751951217651367,,,,,hero-12d8b6f0-dee637
39077,1.260072946548462,,,,,hero-12d8b6f0-dee637
39108,1.2507739067077637,,,,,hero-12d8b6f0-dee637
39149,1.2561581134796143,,,,,hero-12d8b6f0-dee637
39150,1.2536640167236328,,,,,hero-12d8b6f0-dee637
39152,1.246739149093628,,,,,hero-12d8b6f0-dee637
39165,1.2497320175170898,,,,,hero-12d8b6f0-dee637
39228,1.2632834911346436,,,,,hero-12d8b6f0-dee637
39298,1.2452830076217651,,,,,hero-12d8b6f0-dee637
39315,1.2519302368164062,,,,,hero-12d8b6f0-dee637
39329,1.264160394668579,,,,,hero-12d8b6f0-dee637
39333,1.258756399154663,,,,,hero-12d8b6f0-dee637
39355,1.2643074989318848,,,,,hero-12d8b6f0-dee637
39368,1.266920566558838,,,,,hero-12d8b6f0-dee637
39426,1.2582221031188965,,,,,hero-12d8b6f0-dee637
39453,1.2582688331604004,,,,,hero-12d8b6f0-dee637
39558,1.2603116035461426,,,,,hero-12d8b6f0-dee637
39580,1.250832200050354,,,,,hero-12d8b6f0-dee637
39601,1.2621400356292725,,,,,hero-12d8b6f0-dee637
39656,1.2411556243896484,,,,,hero-12d8b6f0-dee637
39664,1.2496697902679443,,,,,hero-12d8b6f0-dee637
39776,1.2524350881576538,,,,,hero-12d8b6f0-dee637
39796,1.2626720666885376,,,,,hero-12d8b6f0-dee637
39817,1.2571393251419067,,,,,hero-12d8b6f0-dee637
39822,1.2563613653182983,,,,,hero-12d8b6f0-dee637
39941,1.2651338577270508,,,,,hero-12d8b6f0-dee637
40014,1.272674322128296,,,,,hero-12d8b6f0-dee637
40070,1.2454907894134521,,,,,hero-12d8b6f0-dee637
40309,1.251761555671692,,,,,hero-12d8b6f0-dee637
40325,1.2572319507598877,,,,,hero-12d8b6f0-dee637
40346,1.2615361213684082,,,,,hero-12d8b6f0-dee637
40373,1.251418113708496,,,,,hero-12d8b6f0-dee637
40394,1.2674976587295532,,,,,hero-12d8b6f0-dee637
40429,1.2461298704147339,,,,,hero-12d8b6f0-dee637
40438,1.2502137422561646,,,,,hero-12d8b6f0-dee637
40447,1.2562357187271118,,,,,hero-12d8b6f0-dee637
40472,1.2447584867477417,,,,,hero-12d8b6f0-dee637
40482,1.2571402788162231,,,,,hero-12d8b6f0-dee637
40522,1.2511723041534424,,,,,hero-12d8b6f0-dee637
40562,1.2687054872512817,,,,,hero-12d8b6f0-dee637
40580,1.2667769193649292,,,,,hero-12d8b6f0-dee637
40583,1.2545559406280518,,,,,hero-12d8b6f0-dee637
40605,1.2460628747940063,,,,,hero-12d8b6f0-dee637
40673,1.256088376045227,,,,,hero-12d8b6f0-dee637
40706,1.2513734102249146,,,,,hero-12d8b6f0-dee637
40710,1.255029559135437,,,,,hero-12d8b6f0-dee637
40726,1.2665011882781982,,,,,hero-12d8b6f0-dee637
40740,1.2603017091751099,,,,,hero-12d8b6f0-dee637
40778,1.2514652013778687,,,,,hero-12d8b6f0-dee637
40793,1.2510093450546265,,,,,hero-12d8b6f0-dee637
40864,1.250354290008545,,,,,hero-12d8b6f0-dee637
40888,1.2657208442687988,,,,,hero-12d8b6f0-dee637
40983,1.259236454963684,,,,,hero-12d8b6f0-dee637
41039,1.2589118480682373,,,,,hero-12d8b6f0-dee637
41119,1.2611063718795776,,,,,hero-12d8b6f0-dee637
41140,1.2684017419815063,,,,,hero-12d8b6f0-dee637
41289,1.2475405931472778,,,,,hero-12d8b6f0-dee637
41314,1.2522073984146118,,,,,hero-12d8b6f0-dee637
41334,1.2611098289489746,,,,,hero-12d8b6f0-dee637
41341,1.256636619567871,,,,,hero-12d8b6f0-dee637
41344,1.2599762678146362,,,,,hero-12d8b6f0-dee637
41355,1.2603663206100464,,,,,hero-12d8b6f0-dee637
41370,1.265788197517395,,,,,hero-12d8b6f0-dee637
41457,1.2601397037506104,,,,,hero-12d8b6f0-dee637
41465,1.2701802253723145,,,,,hero-12d8b6f0-dee637
41547,1.2542508840560913,,,,,hero-12d8b6f0-dee637
41612,1.2541983127593994,,,,,hero-12d8b6f0-dee637
41614,1.2516897916793823,,,,,hero-12d8b6f0-dee637
41746,1.2564380168914795,,,,,hero-12d8b6f0-dee637
41791,1.2666833400726318,,,,,hero-12d8b6f0-dee637
41814,1.2647148370742798,,,,,hero-12d8b6f0-dee637
41838,1.2508352994918823,,,,,hero-12d8b6f0-dee637
41866,1.2525261640548706,,,,,hero-12d8b6f0-dee637
41999,,2.4654507637023926,2.3342368602752686,2.302889347076416,2.093844175338745,hero-12d8b6f0-dee637
42027,1.2483807802200317,,,,,hero-12d8b6f0-dee637
42056,1.2522413730621338,,,,,hero-12d8b6f0-dee637
42065,1.2594877481460571,,,,,hero-12d8b6f0-dee637
42097,1.253790259361267,,,,,hero-12d8b6f0-dee637
42149,1.2593533992767334,,,,,hero-12d8b6f0-dee637
42158,1.2532455921173096,,,,,hero-12d8b6f0-dee637
42168,1.2607976198196411,,,,,hero-12d8b6f0-dee637
42188,1.2606011629104614,,,,,hero-12d8b6f0-dee637
42220,1.2522512674331665,,,,,hero-12d8b6f0-dee637
42256,1.2485244274139404,,,,,hero-12d8b6f0-dee637
42302,1.2542197704315186,,,,,hero-12d8b6f0-dee637
42345,1.2471154928207397,,,,,hero-12d8b6f0-dee637
42378,1.2674816846847534,,,,,hero-12d8b6f0-dee637
42478,1.2494655847549438,,,,,hero-12d8b6f0-dee637
42501,1.2677539587020874,,,,,hero-12d8b6f0-dee637
42555,1.2579693794250488,,,,,hero-12d8b6f0-dee637
42564,1.2646195888519287,,,,,hero-12d8b6f0-dee637
42668,1.2576041221618652,,,,,hero-12d8b6f0-dee637
42754,1.262864351272583,,,,,hero-12d8b6f0-dee637
42792,1.2469736337661743,,,,,hero-12d8b6f0-dee637
42883,1.2534793615341187,,,,,hero-12d8b6f0-dee637
42896,1.2564706802368164,,,,,hero-12d8b6f0-dee637
42929,1.2561520338058472,,,,,hero-12d8b6f0-dee637
42970,1.2583677768707275,,,,,hero-12d8b6f0-dee637
42977,1.2640522718429565,,,,,hero-12d8b6f0-dee637
43019,1.2601457834243774,,,,,hero-12d8b6f0-dee637
43021,1.2591904401779175,,,,,hero-12d8b6f0-dee637
43058,1.269121527671814,,,,,hero-12d8b6f0-dee637
43064,1.259708046913147,,,,,hero-12d8b6f0-dee637
43070,1.2515949010849,,,,,hero-12d8b6f0-dee637
43150,1.2658363580703735,,,,,hero-12d8b6f0-dee637
43191,1.2682088613510132,,,,,hero-12d8b6f0-dee637
43232,1.2503087520599365,,,,,hero-12d8b6f0-dee637
43303,1.2601375579833984,,,,,hero-12d8b6f0-dee637
43319,1.263985276222229,,,,,hero-12d8b6f0-dee637
43335,1.2585527896881104,,,,,hero-12d8b6f0-dee637
43411,1.2672306299209595,,,,,hero-12d8b6f0-dee637
43483,1.262595772743225,,,,,hero-12d8b6f0-dee637
43493,1.2507034540176392,,,,,hero-12d8b6f0-dee637
43504,1.2594789266586304,,,,,hero-12d8b6f0-dee637
43525,1.2486891746520996,,,,,hero-12d8b6f0-dee637
43547,1.2504404783248901,,,,,hero-12d8b6f0-dee637
43644,1.2557704448699951,,,,,hero-12d8b6f0-dee637
43676,1.2593971490859985,,,,,hero-12d8b6f0-dee637
43712,1.2597088813781738,,,,,hero-12d8b6f0-dee637
43818,1.251358985900879,,,,,hero-12d8b6f0-dee637
43830,1.2649734020233154,,,,,hero-12d8b6f0-dee637
43859,1.2607498168945312,,,,,hero-12d8b6f0-dee637
43888,1.2477761507034302,,,,,hero-12d8b6f0-dee637
43913,1.2572145462036133,,,,,hero-12d8b6f0-dee637
43943,1.2564988136291504,,,,,hero-12d8b6f0-dee637
43954,1.256737232208252,,,,,hero-12d8b6f0-dee637
43976,1.2520338296890259,,,,,hero-12d8b6f0-dee637
43989,1.2497178316116333,,,,,hero-12d8b6f0-dee637
44014,1.249188780784607,,,,,hero-12d8b6f0-dee637
44031,1.25605309009552,,,,,hero-12d8b6f0-dee637
44049,1.241560459136963,,,,,hero-12d8b6f0-dee637
44056,1.2553493976593018,,,,,hero-12d8b6f0-dee637
44058,1.2508430480957031,,,,,hero-12d8b6f0-dee637
44081,1.2509605884552002,,,,,hero-12d8b6f0-dee637
44206,1.2677453756332397,,,,,hero-12d8b6f0-dee637
44224,1.262940764427185,,,,,hero-12d8b6f0-dee637
44241,1.2672955989837646,,,,,hero-12d8b6f0-dee637
44301,1.253505825996399,,,,,hero-12d8b6f0-dee637
44457,1.2699530124664307,,,,,hero-12d8b6f0-dee637
44514,1.2606924772262573,,,,,hero-12d8b6f0-dee637
44523,1.2529051303863525,,,,,hero-12d8b6f0-dee637
44528,1.2470853328704834,,,,,hero-12d8b6f0-dee637
44533,1.2626670598983765,,,,,hero-12d8b6f0-dee637
44539,1.2573602199554443,,,,,hero-12d8b6f0-dee637
44546,1.257311224937439,,,,,hero-12d8b6f0-dee637
44557,1.2577317953109741,,,,,hero-12d8b6f0-dee637
44585,1.2577579021453857,,,,,hero-12d8b6f0-dee637
44758,1.2548567056655884,,,,,hero-12d8b6f0-dee637
44776,1.253431797027588,,,,,hero-12d8b6f0-dee637
44830,1.2580732107162476,,,,,hero-12d8b6f0-dee637
44855,1.2516732215881348,,,,,hero-12d8b6f0-dee637
44875,1.264076590538025,,,,,hero-12d8b6f0-dee637
44950,1.2524540424346924,,,,,hero-12d8b6f0-dee637
44957,1.2423092126846313,,,,,hero-12d8b6f0-dee637
44960,1.2443475723266602,,,,,hero-12d8b6f0-dee637
44999,,2.4640564918518066,2.3324649333953857,2.2984864711761475,2.0865933895111084,hero-12d8b6f0-dee637
45035,1.2468315362930298,,,,,hero-12d8b6f0-dee637
45084,1.2519127130508423,,,,,hero-12d8b6f0-dee637
45098,1.259814977645874,,,,,hero-12d8b6f0-dee637
45109,1.255659818649292,,,,,hero-12d8b6f0-dee637
45115,1.262850046157837,,,,,hero-12d8b6f0-dee637
45198,1.2483267784118652,,,,,hero-12d8b6f0-dee637
45307,1.2502963542938232,,,,,hero-12d8b6f0-dee637
45315,1.2431639432907104,,,,,hero-12d8b6f0-dee637
45329,1.2567660808563232,,,,,hero-12d8b6f0-dee637
45384,1.2443872690200806,,,,,hero-12d8b6f0-dee637
45451,1.255601406097412,,,,,hero-12d8b6f0-dee637
45527,1.2369905710220337,,,,,hero-12d8b6f0-dee637
45599,1.2532540559768677,,,,,hero-12d8b6f0-dee637
45615,1.2624379396438599,,,,,hero-12d8b6f0-dee637
45654,1.2534027099609375,,,,,hero-12d8b6f0-dee637
45728,1.2485343217849731,,,,,hero-12d8b6f0-dee637
45752,1.2450941801071167,,,,,hero-12d8b6f0-dee637
45801,1.2603358030319214,,,,,hero-12d8b6f0-dee637
45856,1.2590548992156982,,,,,hero-12d8b6f0-dee637
45871,1.2550854682922363,,,,,hero-12d8b6f0-dee637
45872,1.2516429424285889,,,,,hero-12d8b6f0-dee637
45877,1.2529213428497314,,,,,hero-12d8b6f0-dee637
45887,1.2591440677642822,,,,,hero-12d8b6f0-dee637
45970,1.2514452934265137,,,,,hero-12d8b6f0-dee637
46100,1.259933352470398,,,,,hero-12d8b6f0-dee637
46115,1.2414202690124512,,,,,hero-12d8b6f0-dee637
46175,1.2492120265960693,,,,,hero-12d8b6f0-dee637
46197,1.261832594871521,,,,,hero-12d8b6f0-dee637
46245,1.249541997909546,,,,,hero-12d8b6f0-dee637
46255,1.2506963014602661,,,,,hero-12d8b6f0-dee637
46369,1.2614277601242065,,,,,hero-12d8b6f0-dee637
46402,1.2515860795974731,,,,,hero-12d8b6f0-dee637
46435,1.2565315961837769,,,,,hero-12d8b6f0-dee637
46456,1.256855845451355,,,,,hero-12d8b6f0-dee637
46461,1.2584290504455566,,,,,hero-12d8b6f0-dee637
46488,1.2536842823028564,,,,,hero-12d8b6f0-dee637
46495,1.2434649467468262,,,,,hero-12d8b6f0-dee637
46535,1.26320481300354,,,,,hero-12d8b6f0-dee637
46559,1.2676230669021606,,,,,hero-12d8b6f0-dee637
46571,1.2593483924865723,,,,,hero-12d8b6f0-dee637
46579,1.2652032375335693,,,,,hero-12d8b6f0-dee637
46590,1.2510676383972168,,,,,hero-12d8b6f0-dee637
46622,1.2487164735794067,,,,,hero-12d8b6f0-dee637
46673,1.2617088556289673,,,,,hero-12d8b6f0-dee637
46675,1.2503870725631714,,,,,hero-12d8b6f0-dee637
46706,1.2521156072616577,,,,,hero-12d8b6f0-dee637
46772,1.242834448814392,,,,,hero-12d8b6f0-dee637
46804,1.2611067295074463,,,,,hero-12d8b6f0-dee637
46831,1.244742751121521,,,,,hero-12d8b6f0-dee637
46907,1.2592848539352417,,,,,hero-12d8b6f0-dee637
46954,1.255395770072937,,,,,hero-12d8b6f0-dee637
47038,1.2566022872924805,,,,,hero-12d8b6f0-dee637
47108,1.23689866065979,,,,,hero-12d8b6f0-dee637
47143,1.2505329847335815,,,,,hero-12d8b6f0-dee637
47154,1.2485288381576538,,,,,hero-12d8b6f0-dee637
47170,1.2524908781051636,,,,,hero-12d8b6f0-dee637
47204,1.2475135326385498,,,,,hero-12d8b6f0-dee637
47237,1.2637262344360352,,,,,hero-12d8b6f0-dee637
47259,1.2514413595199585,,,,,hero-12d8b6f0-dee637
47307,1.2369929552078247,,,,,hero-12d8b6f0-dee637
47308,1.2582823038101196,,,,,hero-12d8b6f0-dee637
47315,1.2365434169769287,,,,,hero-12d8b6f0-dee637
47363,1.2415772676467896,,,,,hero-12d8b6f0-dee637
47426,1.2491259574890137,,,,,hero-12d8b6f0-dee637
47462,1.244500994682312,,,,,hero-12d8b6f0-dee637
47554,1.2510812282562256,,,,,hero-12d8b6f0-dee637
47674,1.2503827810287476,,,,,hero-12d8b6f0-dee637
47724,1.2495858669281006,,,,,hero-12d8b6f0-dee637
47747,1.240028977394104,,,,,hero-12d8b6f0-dee637
47872,1.2466404438018799,,,,,hero-12d8b6f0-dee637
47929,1.2501718997955322,,,,,hero-12d8b6f0-dee637
47934,1.2638771533966064,,,,,hero-12d8b6f0-dee637
47948,1.2590869665145874,,,,,hero-12d8b6f0-dee637
47958,1.2431676387786865,,,,,hero-12d8b6f0-dee637
47966,1.2481765747070312,,,,,hero-12d8b6f0-dee637
47974,1.2474092245101929,,,,,hero-12d8b6f0-dee637
47999,,2.459610939025879,2.331146717071533,2.2998716831207275,2.0883896350860596,hero-12d8b6f0-dee637
48039,1.2538048028945923,,,,,hero-12d8b6f0-dee637
48078,1.2506217956542969,,,,,hero-12d8b6f0-dee637
48102,1.2501839399337769,,,,,hero-12d8b6f0-dee637
48114,1.2445720434188843,,,,,hero-12d8b6f0-dee637
48127,1.2693718671798706,,,,,hero-12d8b6f0-dee637
48145,1.2395602464675903,,,,,hero-12d8b6f0-dee637
48165,1.2521204948425293,,,,,hero-12d8b6f0-dee637
48168,1.2470040321350098,,,,,hero-12d8b6f0-dee637
48171,1.2583608627319336,,,,,hero-12d8b6f0-dee637
48188,1.2514171600341797,,,,,hero-12d8b6f0-dee637
48214,1.2517485618591309,,,,,hero-12d8b6f0-dee637
48226,1.234475016593933,,,,,hero-12d8b6f0-dee637
48233,1.2433598041534424,,,,,hero-12d8b6f0-dee637
48234,1.2504723072052002,,,,,hero-12d8b6f0-dee637
48249,1.2521274089813232,,,,,hero-12d8b6f0-dee637
48273,1.252519965171814,,,,,hero-12d8b6f0-dee637
48406,1.260549545288086,,,,,hero-12d8b6f0-dee637
48410,1.2489720582962036,,,,,hero-12d8b6f0-dee637
48434,1.2642730474472046,,,,,hero-12d8b6f0-dee637
48469,1.2445940971374512,,,,,hero-12d8b6f0-dee637
48559,1.2561895847320557,,,,,hero-12d8b6f0-dee637
48610,1.2594828605651855,,,,,hero-12d8b6f0-dee637
48642,1.2584514617919922,,,,,hero-12d8b6f0-dee637
48645,1.2592469453811646,,,,,hero-12d8b6f0-dee637
48658,1.252347469329834,,,,,hero-12d8b6f0-dee637
48670,1.255750298500061,,,,,hero-12d8b6f0-dee637
48842,1.226240873336792,,,,,hero-12d8b6f0-dee637
48901,1.249526023864746,,,,,hero-12d8b6f0-dee637
48958,1.263983964920044,,,,,hero-12d8b6f0-dee637
49008,1.2468870878219604,,,,,hero-12d8b6f0-dee637
49039,1.2535579204559326,,,,,hero-12d8b6f0-dee637
49054,1.254150152206421,,,,,hero-12d8b6f0-dee637
49143,1.2562048435211182,,,,,hero-12d8b6f0-dee637
49193,1.2476723194122314,,,,,hero-12d8b6f0-dee637
49215,1.2574584484100342,,,,,hero-12d8b6f0-dee637
49242,1.2516365051269531,,,,,hero-12d8b6f0-dee637
49280,1.2479643821716309,,,,,hero-12d8b6f0-dee637
49289,1.2568093538284302,,,,,hero-12d8b6f0-dee637
49294,1.2393752336502075,,,,,hero-12d8b6f0-dee637
49349,1.2491365671157837,,,,,hero-12d8b6f0-dee637
49372,1.258880376815796,,,,,hero-12d8b6f0-dee637
49444,1.2524462938308716,,,,,hero-12d8b6f0-dee637
49447,1.2580742835998535,,,,,hero-12d8b6f0-dee637
49468,1.251469373703003,,,,,hero-12d8b6f0-dee637
49504,1.257557988166809,,,,,hero-12d8b6f0-dee637
49526,1.251453161239624,,,,,hero-12d8b6f0-dee637
49558,1.2514396905899048,,,,,hero-12d8b6f0-dee637
49573,1.246654748916626,,,,,hero-12d8b6f0-dee637
49621,1.2451016902923584,,,,,hero-12d8b6f0-dee637
49738,1.24819815158844,,,,,hero-12d8b6f0-dee637
49746,1.2516529560089111,,,,,hero-12d8b6f0-dee637
49909,1.2410264015197754,,,,,hero-12d8b6f0-dee637
50052,1.2475534677505493,,,,,hero-12d8b6f0-dee637
50102,1.245269775390625,,,,,hero-12d8b6f0-dee637
50108,1.23542320728302,,,,,hero-12d8b6f0-dee637
50155,1.247288703918457,,,,,hero-12d8b6f0-dee637
50184,1.2526373863220215,,,,,hero-12d8b6f0-dee637
50275,1.2562912702560425,,,,,hero-12d8b6f0-dee637
50304,1.251574993133545,,,,,hero-12d8b6f0-dee637
50308,1.2427510023117065,,,,,hero-12d8b6f0-dee637
50310,1.2375043630599976,,,,,hero-12d8b6f0-dee637
50311,1.2648414373397827,,,,,hero-12d8b6f0-dee637
50331,1.2423731088638306,,,,,hero-12d8b6f0-dee637
50352,1.258415937423706,,,,,hero-12d8b6f0-dee637
50428,1.2616071701049805,,,,,hero-12d8b6f0-dee637
50459,1.2484688758850098,,,,,hero-12d8b6f0-dee637
50465,1.254346251487732,,,,,hero-12d8b6f0-dee637
50471,1.2465053796768188,,,,,hero-12d8b6f0-dee637
50506,1.2560056447982788,,,,,hero-12d8b6f0-dee637
50531,1.2458640336990356,,,,,hero-12d8b6f0-dee637
50546,1.2549864053726196,,,,,hero-12d8b6f0-dee637
50577,1.2517081499099731,,,,,hero-12d8b6f0-dee637
50578,1.249729037284851,,,,,hero-12d8b6f0-dee637
50579,1.2387419939041138,,,,,hero-12d8b6f0-dee637
50637,1.2416881322860718,,,,,hero-12d8b6f0-dee637
50681,1.242992877960205,,,,,hero-12d8b6f0-dee637
50694,1.248335361480713,,,,,hero-12d8b6f0-dee637
50703,1.252426266670227,,,,,hero-12d8b6f0-dee637
50726,1.2437567710876465,,,,,hero-12d8b6f0-dee637
50729,1.2438973188400269,,,,,hero-12d8b6f0-dee637
50756,1.2488305568695068,,,,,hero-12d8b6f0-dee637
50783,1.2533491849899292,,,,,hero-12d8b6f0-dee637
50816,1.2602005004882812,,,,,hero-12d8b6f0-dee637
50918,1.2626733779907227,,,,,hero-12d8b6f0-dee637
50999,,2.4552524089813232,2.325138568878174,2.296086549758911,2.083599328994751,hero-12d8b6f0-dee637
51008,1.2682013511657715,,,,,hero-12d8b6f0-dee637
51020,1.245678186416626,,,,,hero-12d8b6f0-dee637
51106,1.252341866493225,,,,,hero-12d8b6f0-dee637
51131,1.2354530096054077,,,,,hero-12d8b6f0-dee637
51141,1.2432029247283936,,,,,hero-12d8b6f0-dee637
51157,1.265914797782898,,,,,hero-12d8b6f0-dee637
51170,1.2415955066680908,,,,,hero-12d8b6f0-dee637
51180,1.2592867612838745,,,,,hero-12d8b6f0-dee637
51182,1.2492972612380981,,,,,hero-12d8b6f0-dee637
51188,1.237444281578064,,,,,hero-12d8b6f0-dee637
51232,1.2525700330734253,,,,,hero-12d8b6f0-dee637
51235,1.2616565227508545,,,,,hero-12d8b6f0-dee637
51313,1.2495864629745483,,,,,hero-12d8b6f0-dee637
51328,1.25910222530365,,,,,hero-12d8b6f0-dee637
51343,1.2469463348388672,,,,,hero-12d8b6f0-dee637
51352,1.2396128177642822,,,,,hero-12d8b6f0-dee637
51383,1.2593655586242676,,,,,hero-12d8b6f0-dee637
51440,1.2491613626480103,,,,,hero-12d8b6f0-dee637
51451,1.2551668882369995,,,,,hero-12d8b6f0-dee637
51511,1.2497490644454956,,,,,hero-12d8b6f0-dee637
51526,1.2358756065368652,,,,,hero-12d8b6f0-dee637
51564,1.260229229927063,,,,,hero-12d8b6f0-dee637
51696,1.241561770439148,,,,,hero-12d8b6f0-dee637
51710,1.2395200729370117,,,,,hero-12d8b6f0-dee637
51723,1.2471030950546265,,,,,hero-12d8b6f0-dee637
51788,1.2617489099502563,,,,,hero-12d8b6f0-dee637
51796,1.2483978271484375,,,,,hero-12d8b6f0-dee637
51824,1.2445749044418335,,,,,hero-12d8b6f0-dee637
51877,1.2398576736450195,,,,,hero-12d8b6f0-dee637
51893,1.250003695487976,,,,,hero-12d8b6f0-dee637
51955,1.2306543588638306,,,,,hero-12d8b6f0-dee637
51973,1.2462494373321533,,,,,hero-12d8b6f0-dee637
51974,1.2640680074691772,,,,,hero-12d8b6f0-dee637
52003,1.2735462188720703,,,,,hero-12d8b6f0-dee637
52123,1.2493975162506104,,,,,hero-12d8b6f0-dee637
52131,1.250805139541626,,,,,hero-12d8b6f0-dee637
52137,1.2447189092636108,,,,,hero-12d8b6f0-dee637
52152,1.2608156204223633,,,,,hero-12d8b6f0-dee637
52221,1.2398786544799805,,,,,hero-12d8b6f0-dee637
52446,1.2456753253936768,,,,,hero-12d8b6f0-dee637
52465,1.2503072023391724,,,,,hero-12d8b6f0-dee637
52480,1.2280455827713013,,,,,hero-12d8b6f0-dee637
52554,1.243328332901001,,,,,hero-12d8b6f0-dee637
52728,1.2419345378875732,,,,,hero-12d8b6f0-dee637
52748,1.2535011768341064,,,,,hero-12d8b6f0-dee637
52756,1.2461079359054565,,,,,hero-12d8b6f0-dee637
52782,1.2333043813705444,,,,,hero-12d8b6f0-dee637
52801,1.2520476579666138,,,,,hero-12d8b6f0-dee637
52838,1.2484983205795288,,,,,hero-12d8b6f0-dee637
52904,1.2534109354019165,,,,,hero-12d8b6f0-dee637
52938,1.2395954132080078,,,,,hero-12d8b6f0-dee637
52978,1.2376054525375366,,,,,hero-12d8b6f0-dee637
53041,1.2584283351898193,,,,,hero-12d8b6f0-dee637
53136,1.251435399055481,,,,,hero-12d8b6f0-dee637
53191,1.2391893863677979,,,,,hero-12d8b6f0-dee637
53228,1.2479594945907593,,,,,hero-12d8b6f0-dee637
53260,1.2508397102355957,,,,,hero-12d8b6f0-dee637
53271,1.2555387020111084,,,,,hero-12d8b6f0-dee637
53315,1.2389423847198486,,,,,hero-12d8b6f0-dee637
53319,1.2470614910125732,,,,,hero-12d8b6f0-dee637
53358,1.2530744075775146,,,,,hero-12d8b6f0-dee637
53430,1.2429795265197754,,,,,hero-12d8b6f0-dee637
53431,1.2532368898391724,,,,,hero-12d8b6f0-dee637
53483,1.2455074787139893,,,,,hero-12d8b6f0-dee637
53526,1.2446792125701904,,,,,hero-12d8b6f0-dee637
53595,1.252310037612915,,,,,hero-12d8b6f0-dee637
53656,1.2567778825759888,,,,,hero-12d8b6f0-dee637
53668,1.2527059316635132,,,,,hero-12d8b6f0-dee637
53676,1.2599860429763794,,,,,hero-12d8b6f0-dee637
53695,1.2528818845748901,,,,,hero-12d8b6f0-dee637
53704,1.2514312267303467,,,,,hero-12d8b6f0-dee637
53706,1.243469476699829,,,,,hero-12d8b6f0-dee637
53708,1.2646050453186035,,,,,hero-12d8b6f0-dee637
53713,1.2386186122894287,,,,,hero-12d8b6f0-dee637
53738,1.2460095882415771,,,,,hero-12d8b6f0-dee637
53755,1.266393780708313,,,,,hero-12d8b6f0-dee637
53768,1.2359029054641724,,,,,hero-12d8b6f0-dee637
53820,1.243199110031128,,,,,hero-12d8b6f0-dee637
53826,1.2579944133758545,,,,,hero-12d8b6f0-dee637
53893,1.2406275272369385,,,,,hero-12d8b6f0-dee637
53906,1.2350188493728638,,,,,hero-12d8b6f0-dee637
53969,1.2530778646469116,,,,,hero-12d8b6f0-dee637
53973,1.233837604522705,,,,,hero-12d8b6f0-dee637
53986,1.2452025413513184,,,,,hero-12d8b6f0-dee637
53999,,2.456352710723877,2.324282646179199,2.293372392654419,2.079929828643799,hero-12d8b6f0-dee637
54013,1.2605973482131958,,,,,hero-12d8b6f0-dee637
54040,1.2409915924072266,,,,,hero-12d8b6f0-dee637
54041,1.2395358085632324,,,,,hero-12d8b6f0-dee637
54047,1.238757848739624,,,,,hero-12d8b6f0-dee637
54060,1.2430871725082397,,,,,hero-12d8b6f0-dee637
54166,1.2402989864349365,,,,,hero-12d8b6f0-dee637
54265,1.2361676692962646,,,,,hero-12d8b6f0-dee637
54270,1.2516499757766724,,,,,hero-12d8b6f0-dee637
54298,1.2388136386871338,,,,,hero-12d8b6f0-dee637
54304,1.2423750162124634,,,,,hero-12d8b6f0-dee637
54314,1.2403161525726318,,,,,hero-12d8b6f0-dee637
54333,1.2398475408554077,,,,,hero-12d8b6f0-dee637
54348,1.2416635751724243,,,,,hero-12d8b6f0-dee637
54376,1.2428686618804932,,,,,hero-12d8b6f0-dee637
54395,1.2418212890625,,,,,hero-12d8b6f0-dee637
54478,1.2546722888946533,,,,,hero-12d8b6f0-dee637
54603,1.2521705627441406,,,,,hero-12d8b6f0-dee637
54611,1.2472574710845947,,,,,hero-12d8b6f0-dee637
54778,1.2568720579147339,,,,,hero-12d8b6f0-dee637
54837,1.2500674724578857,,,,,hero-12d8b6f0-dee637
54859,1.250250220298767,,,,,hero-12d8b6f0-dee637
54952,1.2347332239151,,,,,hero-12d8b6f0-dee637
54981,1.2570585012435913,,,,,hero-12d8b6f0-dee637
54986,1.2496002912521362,,,,,hero-12d8b6f0-dee637
55068,1.2356761693954468,,,,,hero-12d8b6f0-dee637
55127,1.2452960014343262,,,,,hero-12d8b6f0-dee637
55144,1.2513294219970703,,,,,hero-12d8b6f0-dee637
55182,1.2503561973571777,,,,,hero-12d8b6f0-dee637
55211,1.2416290044784546,,,,,hero-12d8b6f0-dee637
55306,1.2445547580718994,,,,,hero-12d8b6f0-dee637
55324,1.244789958000183,,,,,hero-12d8b6f0-dee637
55330,1.2428834438323975,,,,,hero-12d8b6f0-dee637
55475,1.241415023803711,,,,,hero-12d8b6f0-dee637
55485,1.246640920639038,,,,,hero-12d8b6f0-dee637
55559,1.2494375705718994,,,,,hero-12d8b6f0-dee637
55562,1.2466933727264404,,,,,hero-12d8b6f0-dee637
55575,1.2430124282836914,,,,,hero-12d8b6f0-dee637
55579,1.2390499114990234,,,,,hero-12d8b6f0-dee637
55582,1.2570403814315796,,,,,hero-12d8b6f0-dee637
55652,1.2548391819000244,,,,,hero-12d8b6f0-dee637
55692,1.2347091436386108,,,,,hero-12d8b6f0-dee637
55725,1.2368183135986328,,,,,hero-12d8b6f0-dee637
55739,1.2506927251815796,,,,,hero-12d8b6f0-dee637
55748,1.229648232460022,,,,,hero-12d8b6f0-dee637
55759,1.239418864250183,,,,,hero-12d8b6f0-dee637
55786,1.2261618375778198,,,,,hero-12d8b6f0-dee637
55797,1.23552668094635,,,,,hero-12d8b6f0-dee637
55823,1.235865592956543,,,,,hero-12d8b6f0-dee637
56004,1.2435895204544067,,,,,hero-12d8b6f0-dee637
56025,1.2410740852355957,,,,,hero-12d8b6f0-dee637
56060,1.2441444396972656,,,,,hero-12d8b6f0-dee637
56064,1.2381538152694702,,,,,hero-12d8b6f0-dee637
56115,1.2322392463684082,,,,,hero-12d8b6f0-dee637
56147,1.2427536249160767,,,,,hero-12d8b6f0-dee637
56150,1.2399044036865234,,,,,hero-12d8b6f0-dee637
56154,1.241167664527893,,,,,hero-12d8b6f0-dee637
56207,1.238436222076416,,,,,hero-12d8b6f0-dee637
56243,1.241328239440918,,,,,hero-12d8b6f0-dee637
56295,1.2516708374023438,,,,,hero-12d8b6f0-dee637
56302,1.2457698583602905,,,,,hero-12d8b6f0-dee637
56347,1.2499830722808838,,,,,hero-12d8b6f0-dee637
56466,1.243280291557312,,,,,hero-12d8b6f0-dee637
56500,1.2400676012039185,,,,,hero-12d8b6f0-dee637
56572,1.2403481006622314,,,,,hero-12d8b6f0-dee637
56586,1.233874797821045,,,,,hero-12d8b6f0-dee637
56652,1.2671648263931274,,,,,hero-12d8b6f0-dee637
56690,1.2484571933746338,,,,,hero-12d8b6f0-dee637
56709,1.2543658018112183,,,,,hero-12d8b6f0-dee637
56871,1.243090033531189,,,,,hero-12d8b6f0-dee637
56915,1.24276864528656,,,,,hero-12d8b6f0-dee637
56924,1.2502847909927368,,,,,hero-12d8b6f0-dee637
56999,,2.4508602619171143,2.3209316730499268,2.290562152862549,2.079505681991577,hero-12d8b6f0-dee637
57022,1.2431278228759766,,,,,hero-12d8b6f0-dee637
57041,1.2407827377319336,,,,,hero-12d8b6f0-dee637
57051,1.2495371103286743,,,,,hero-12d8b6f0-dee637
57067,1.2408859729766846,,,,,hero-12d8b6f0-dee637
57073,1.2438102960586548,,,,,hero-12d8b6f0-dee637
57108,1.2464795112609863,,,,,hero-12d8b6f0-dee637
57113,1.2404892444610596,,,,,hero-12d8b6f0-dee637
57117,1.2415775060653687,,,,,hero-12d8b6f0-dee637
57158,1.2317641973495483,,,,,hero-12d8b6f0-dee637
57167,1.2491174936294556,,,,,hero-12d8b6f0-dee637
57222,1.2383322715759277,,,,,hero-12d8b6f0-dee637
57309,1.2482202053070068,,,,,hero-12d8b6f0-dee637
57350,1.2463929653167725,,,,,hero-12d8b6f0-dee637
57354,1.2543444633483887,,,,,hero-12d8b6f0-dee637
57432,1.2413649559020996,,,,,hero-12d8b6f0-dee637
57451,1.2365126609802246,,,,,hero-12d8b6f0-dee637
57462,1.2398858070373535,,,,,hero-12d8b6f0-dee637
57487,1.2367408275604248,,,,,hero-12d8b6f0-dee637
57495,1.250690221786499,,,,,hero-12d8b6f0-dee637
57517,1.2502574920654297,,,,,hero-12d8b6f0-dee637
57519,1.2343143224716187,,,,,hero-12d8b6f0-dee637
57618,1.248649001121521,,,,,hero-12d8b6f0-dee637
57633,1.2392991781234741,,,,,hero-12d8b6f0-dee637
57643,1.241830587387085,,,,,hero-12d8b6f0-dee637
57650,1.2390888929367065,,,,,hero-12d8b6f0-dee637
57683,1.2428863048553467,,,,,hero-12d8b6f0-dee637
57701,1.2382088899612427,,,,,hero-12d8b6f0-dee637
57736,1.2522423267364502,,,,,hero-12d8b6f0-dee637
57846,1.2428818941116333,,,,,hero-12d8b6f0-dee637
57869,1.2394099235534668,,,,,hero-12d8b6f0-dee637
57886,1.234721064567566,,,,,hero-12d8b6f0-dee637
57927,1.2428144216537476,,,,,hero-12d8b6f0-dee637
57938,1.2378394603729248,,,,,hero-12d8b6f0-dee637
57948,1.228446125984192,,,,,hero-12d8b6f0-dee637
57952,1.2484753131866455,,,,,hero-12d8b6f0-dee637
57973,1.2404450178146362,,,,,hero-12d8b6f0-dee637
57975,1.2444177865982056,,,,,hero-12d8b6f0-dee637
58015,1.2392394542694092,,,,,hero-wd-gate-router-p02-step58k
58032,1.2401633262634277,,,,,hero-wd-gate-router-p02-step58k
58044,1.2307929992675781,,,,,hero-wd-gate-router-p02-step58k
58069,1.2417148351669312,,,,,hero-wd-gate-router-p02-step58k
58074,1.2450053691864014,,,,,hero-wd-gate-router-p02-step58k
58076,1.2487552165985107,,,,,hero-wd-gate-router-p02-step58k
58087,1.244630217552185,,,,,hero-wd-gate-router-p02-step58k
58130,1.2312803268432617,,,,,hero-wd-gate-router-p02-step58k
58143,1.2316720485687256,,,,,hero-wd-gate-router-p02-step58k
58195,1.2379552125930786,,,,,hero-wd-gate-router-p02-step58k
58197,1.2368452548980713,,,,,hero-wd-gate-router-p02-step58k
58198,1.2436277866363525,,,,,hero-wd-gate-router-p02-step58k
58202,1.216779351234436,,,,,hero-wd-gate-router-p02-step58k
58213,1.236488699913025,,,,,hero-wd-gate-router-p02-step58k
58237,1.2250598669052124,,,,,hero-wd-gate-router-p02-step58k
58241,1.2394970655441284,,,,,hero-wd-gate-router-p02-step58k
58283,1.2346528768539429,,,,,hero-wd-gate-router-p02-step58k
58287,1.2329140901565552,,,,,hero-wd-gate-router-p02-step58k
58293,1.2268645763397217,,,,,hero-wd-gate-router-p02-step58k
58297,1.2425453662872314,,,,,hero-wd-gate-router-p02-step58k
58304,1.2324681282043457,,,,,hero-wd-gate-router-p02-step58k
58327,1.2346302270889282,,,,,hero-wd-gate-router-p02-step58k
58335,1.2419079542160034,,,,,hero-wd-gate-router-p02-step58k
58336,1.234113335609436,,,,,hero-wd-gate-router-p02-step58k
58345,1.2301526069641113,,,,,hero-wd-gate-router-p02-step58k
58357,1.2344733476638794,,,,,hero-wd-gate-router-p02-step58k
58366,1.2431752681732178,,,,,hero-wd-gate-router-p02-step58k
58374,1.2241897583007812,,,,,hero-wd-gate-router-p02-step58k
58384,1.2356445789337158,,,,,hero-wd-gate-router-p02-step58k
58391,1.2357696294784546,,,,,hero-wd-gate-router-p02-step58k
58410,1.2299563884735107,,,,,hero-wd-gate-router-p02-step58k
58438,1.2271655797958374,,,,,hero-wd-gate-router-p02-step58k
58458,1.2289960384368896,,,,,hero-wd-gate-router-p02-step58k
58459,1.2507418394088745,,,,,hero-wd-gate-router-p02-step58k
58482,1.2342615127563477,,,,,hero-wd-gate-router-p02-step58k
58493,1.2456718683242798,,,,,hero-wd-gate-router-p02-step58k
58532,1.2363020181655884,,,,,hero-wd-gate-router-p02-step58k
58537,1.2395801544189453,,,,,hero-wd-gate-router-p02-step58k
58578,1.24104642868042,,,,,hero-wd-gate-router-p02-step58k
58584,1.2394300699234009,,,,,hero-wd-gate-router-p02-step58k
58625,1.229718565940857,,,,,hero-wd-gate-router-p02-step58k
58627,1.2323821783065796,,,,,hero-wd-gate-router-p02-step58k
58651,1.2423371076583862,,,,,hero-wd-gate-router-p02-step58k
58656,1.2440967559814453,,,,,hero-wd-gate-router-p02-step58k
58663,1.235690951347351,,,,,hero-wd-gate-router-p02-step58k
58667,1.245592713356018,,,,,hero-wd-gate-router-p02-step58k
58694,1.2392261028289795,,,,,hero-wd-gate-router-p02-step58k
58712,1.2286795377731323,,,,,hero-wd-gate-router-p02-step58k
58721,1.2363287210464478,,,,,hero-wd-gate-router-p02-step58k
58747,1.2480233907699585,,,,,hero-wd-gate-router-p02-step58k
58852,1.2446792125701904,,,,,hero-wd-gate-router-p02-step58k
58854,1.2445839643478394,,,,,hero-wd-gate-router-p02-step58k
58881,1.2400676012039185,,,,,hero-wd-gate-router-p02-step58k
58890,1.250899314880371,,,,,hero-wd-gate-router-p02-step58k
58897,1.240175724029541,,,,,hero-wd-gate-router-p02-step58k
58898,1.2483351230621338,,,,,hero-wd-gate-router-p02-step58k
58918,1.2446240186691284,,,,,hero-wd-gate-router-p02-step58k
58923,1.2472561597824097,,,,,hero-wd-gate-router-p02-step58k
58925,1.2392534017562866,,,,,hero-wd-gate-router-p02-step58k
58941,1.2412083148956299,,,,,hero-wd-gate-router-p02-step58k
58953,1.2414275407791138,,,,,hero-wd-gate-router-p02-step58k
59050,1.2440545558929443,,,,,hero-wd-gate-router-p02-step58k
59062,1.2383570671081543,,,,,hero-wd-gate-router-p02-step58k
59069,1.2355737686157227,,,,,hero-wd-gate-router-p02-step58k
59081,1.2402130365371704,,,,,hero-wd-gate-router-p02-step58k
59086,1.249887466430664,,,,,hero-wd-gate-router-p02-step58k
59097,1.239606499671936,,,,,hero-wd-gate-router-p02-step58k
59114,1.2427341938018799,,,,,hero-wd-gate-router-p02-step58k
59143,1.2410430908203125,,,,,hero-wd-gate-router-p02-step58k
59147,1.2494630813598633,,,,,hero-wd-gate-router-p02-step58k
59164,1.2385139465332031,,,,,hero-wd-gate-router-p02-step58k
59166,1.2489351034164429,,,,,hero-wd-gate-router-p02-step58k
59168,1.2445517778396606,,,,,hero-wd-gate-router-p02-step58k
59178,1.2420240640640259,,,,,hero-wd-gate-router-p02-step58k
59184,1.2410249710083008,,,,,hero-wd-gate-router-p02-step58k
59223,1.2435601949691772,,,,,hero-wd-gate-router-p02-step58k
59226,1.243332862854004,,,,,hero-wd-gate-router-p02-step58k
59277,1.2529116868972778,,,,,hero-wd-gate-router-p02-step58k
59279,1.2408478260040283,,,,,hero-wd-gate-router-p02-step58k
59384,1.2424529790878296,,,,,hero-wd-gate-router-p02-step58k
59385,1.2346898317337036,,,,,hero-wd-gate-router-p02-step58k
59395,1.2501860857009888,,,,,hero-wd-gate-router-p02-step58k
59413,1.2390167713165283,,,,,hero-wd-gate-router-p02-step58k
59426,1.2543998956680298,,,,,hero-wd-gate-router-p02-step58k
59439,1.2442628145217896,,,,,hero-wd-gate-router-p02-step58k
59446,1.2427492141723633,,,,,hero-wd-gate-router-p02-step58k
59460,1.242951512336731,,,,,hero-wd-gate-router-p02-step58k
59467,1.2478396892547607,,,,,hero-wd-gate-router-p02-step58k
59471,1.244968056678772,,,,,hero-wd-gate-router-p02-step58k
59504,1.2391273975372314,,,,,hero-wd-gate-router-p02-step58k
59518,1.2437913417816162,,,,,hero-wd-gate-router-p02-step58k
59544,1.2495378255844116,,,,,hero-wd-gate-router-p02-step58k
59545,1.2383979558944702,,,,,hero-wd-gate-router-p02-step58k
59546,1.2400214672088623,,,,,hero-wd-gate-router-p02-step58k
59561,1.2526216506958008,,,,,hero-wd-gate-router-p02-step58k
59591,1.2557957172393799,,,,,hero-wd-gate-router-p02-step58k
59601,1.2291862964630127,,,,,hero-wd-gate-router-p02-step58k
59637,1.243809700012207,,,,,hero-wd-gate-router-p02-step58k
59666,1.2487242221832275,,,,,hero-wd-gate-router-p02-step58k
59682,1.2385938167572021,,,,,hero-wd-gate-router-p02-step58k
59694,1.2458542585372925,,,,,hero-wd-gate-router-p02-step58k
59698,1.2362844944000244,,,,,hero-wd-gate-router-p02-step58k
59707,1.2531565427780151,,,,,hero-wd-gate-router-p02-step58k
59710,1.2420263290405273,,,,,hero-wd-gate-router-p02-step58k
59715,1.2445826530456543,,,,,hero-wd-gate-router-p02-step58k
59723,1.231113314628601,,,,,hero-wd-gate-router-p02-step58k
59738,1.2453064918518066,,,,,hero-wd-gate-router-p02-step58k
59751,1.2381212711334229,,,,,hero-wd-gate-router-p02-step58k
59754,1.2401970624923706,,,,,hero-wd-gate-router-p02-step58k
59783,1.25674569606781,,,,,hero-wd-gate-router-p02-step58k
59857,1.2456411123275757,,,,,hero-wd-gate-router-p02-step58k
59871,1.230577826499939,,,,,hero-wd-gate-router-p02-step58k
59873,1.243433952331543,,,,,hero-wd-gate-router-p02-step58k
59888,1.2437282800674438,,,,,hero-wd-gate-router-p02-step58k
59917,1.2479538917541504,,,,,hero-wd-gate-router-p02-step58k
59923,1.2505202293395996,,,,,hero-wd-gate-router-p02-step58k
59927,1.2389822006225586,,,,,hero-wd-gate-router-p02-step58k
59930,1.2435709238052368,,,,,hero-wd-gate-router-p02-step58k
59958,1.2404552698135376,,,,,hero-wd-gate-router-p02-step58k
59970,1.2472087144851685,,,,,hero-wd-gate-router-p02-step58k
59974,1.2448351383209229,,,,,hero-wd-gate-router-p02-step58k
59982,1.2402416467666626,,,,,hero-wd-gate-router-p02-step58k
59999,,,2.31953763961792,,2.07357120513916,hero-wd-gate-router-p02-step58k
60008,1.2348202466964722,,,,,hero-wd-gate-router-p02-step58k
60015,1.2430964708328247,,,,,hero-wd-gate-router-p02-step58k
60022,1.2470414638519287,,,,,hero-wd-gate-router-p02-step58k
60048,1.2432478666305542,,,,,hero-wd-gate-router-p02-step58k
60070,1.2469536066055298,,,,,hero-wd-gate-router-p02-step58k
60086,1.2427961826324463,,,,,hero-wd-gate-router-p02-step58k
60097,1.2366421222686768,,,,,hero-wd-gate-router-p02-step58k
60140,1.2412962913513184,,,,,hero-wd-gate-router-p02-step58k
60146,1.2321937084197998,,,,,hero-wd-gate-router-p02-step58k
60151,1.2471177577972412,,,,,hero-wd-gate-router-p02-step58k
60154,1.2351042032241821,,,,,hero-wd-gate-router-p02-step58k
60197,1.2433247566223145,,,,,hero-wd-gate-router-p02-step58k
60204,1.2423582077026367,,,,,hero-wd-gate-router-p02-step58k
60212,1.244856357574463,,,,,hero-wd-gate-router-p02-step58k
60215,1.233279824256897,,,,,hero-wd-gate-router-p02-step58k
60223,1.2448979616165161,,,,,hero-wd-gate-router-p02-step58k
60229,1.2394192218780518,,,,,hero-wd-gate-router-p02-step58k
60259,1.2431854009628296,,,,,hero-wd-gate-router-p02-step58k
60274,1.2457289695739746,,,,,hero-wd-gate-router-p02-step58k
60280,1.2424545288085938,,,,,hero-wd-gate-router-p02-step58k
60285,1.2463606595993042,,,,,hero-wd-gate-router-p02-step58k
60328,1.2557545900344849,,,,,hero-wd-gate-router-p02-step58k
60352,1.2381075620651245,,,,,hero-wd-gate-router-p02-step58k
60388,1.243646264076233,,,,,hero-wd-gate-router-p02-step58k
60391,1.2452481985092163,,,,,hero-wd-gate-router-p02-step58k
60398,1.242423415184021,,,,,hero-wd-gate-router-p02-step58k
60402,1.247690200805664,,,,,hero-wd-gate-router-p02-step58k
60418,1.24928617477417,,,,,hero-wd-gate-router-p02-step58k
60420,1.2455413341522217,,,,,hero-wd-gate-router-p02-step58k
60427,1.2457568645477295,,,,,hero-wd-gate-router-p02-step58k
60431,1.2356516122817993,,,,,hero-wd-gate-router-p02-step58k
60459,1.2391364574432373,,,,,hero-wd-gate-router-p02-step58k
60466,1.2396687269210815,,,,,hero-wd-gate-router-p02-step58k
60471,1.2479140758514404,,,,,hero-wd-gate-router-p02-step58k
60473,1.2335119247436523,,,,,hero-wd-gate-router-p02-step58k
60475,1.2432334423065186,,,,,hero-wd-gate-router-p02-step58k
60478,1.2370003461837769,,,,,hero-wd-gate-router-p02-step58k
60491,1.2455099821090698,,,,,hero-wd-gate-router-p02-step58k
60514,1.2372816801071167,,,,,hero-wd-gate-router-p02-step58k
60568,1.2322691679000854,,,,,hero-wd-gate-router-p02-step58k
60594,1.2446587085723877,,,,,hero-wd-gate-router-p02-step58k
60602,1.2385133504867554,,,,,hero-wd-gate-router-p02-step58k
60620,1.2330995798110962,,,,,hero-wd-gate-router-p02-step58k
60648,1.2416683435440063,,,,,hero-wd-gate-router-p02-step58k
60668,1.2459882497787476,,,,,hero-wd-gate-router-p02-step58k
60736,1.2386105060577393,,,,,hero-wd-gate-router-p02-step58k
60738,1.2296843528747559,,,,,hero-wd-gate-router-p02-step58k
60762,1.2410186529159546,,,,,hero-wd-gate-router-p02-step58k
60769,1.241982340812683,,,,,hero-wd-gate-router-p02-step58k
60780,1.2393523454666138,,,,,hero-wd-gate-router-p02-step58k
60792,1.240098476409912,,,,,hero-wd-gate-router-p02-step58k
60799,1.237196683883667,,,,,hero-wd-gate-router-p02-step58k
60801,1.245970368385315,,,,,hero-wd-gate-router-p02-step58k
60872,1.2421040534973145,,,,,hero-wd-gate-router-p02-step58k
60922,1.2327721118927002,,,,,hero-wd-gate-router-p02-step58k
60989,1.24852454662323,,,,,hero-wd-gate-router-p02-step58k
60998,1.2513673305511475,,,,,hero-wd-gate-router-p02-step58k
61020,1.254698395729065,,,,,hero-wd-gate-router-p02-step58k
61090,1.2365610599517822,,,,,hero-wd-gate-router-p02-step58k
61105,1.2501299381256104,,,,,hero-wd-gate-router-p02-step58k
61106,1.2415788173675537,,,,,hero-wd-gate-router-p02-step58k
61136,1.2281858921051025,,,,,hero-wd-gate-router-p02-step58k
61194,1.2354239225387573,,,,,hero-wd-gate-router-p02-step58k
61202,1.2505340576171875,,,,,hero-wd-gate-router-p02-step58k
61212,1.2427220344543457,,,,,hero-wd-gate-router-p02-step58k
61214,1.2427663803100586,,,,,hero-wd-gate-router-p02-step58k
61268,1.2455118894577026,,,,,hero-wd-gate-router-p02-step58k
61285,1.2278430461883545,,,,,hero-wd-gate-router-p02-step58k
61307,1.2331172227859497,,,,,hero-wd-gate-router-p02-step58k
61312,1.2452425956726074,,,,,hero-wd-gate-router-p02-step58k
61331,1.2296653985977173,,,,,hero-wd-gate-router-p02-step58k
61334,1.2510648965835571,,,,,hero-wd-gate-router-p02-step58k
61346,1.2497633695602417,,,,,hero-wd-gate-router-p02-step58k
61349,1.245204210281372,,,,,hero-wd-gate-router-p02-step58k
61386,1.2272528409957886,,,,,hero-wd-gate-router-p02-step58k
61387,1.2414096593856812,,,,,hero-wd-gate-router-p02-step58k
61412,1.2372437715530396,,,,,hero-wd-gate-router-p02-step58k
61438,1.2451854944229126,,,,,hero-wd-gate-router-p02-step58k
61439,1.2415144443511963,,,,,hero-wd-gate-router-p02-step58k
61453,1.2323031425476074,,,,,hero-wd-gate-router-p02-step58k
61455,1.2387394905090332,,,,,hero-wd-gate-router-p02-step58k
61461,1.2578543424606323,,,,,hero-wd-gate-router-p02-step58k
61519,1.2331262826919556,,,,,hero-wd-gate-router-p02-step58k
61572,1.2455189228057861,,,,,hero-wd-gate-router-p02-step58k
61575,1.2412317991256714,,,,,hero-wd-gate-router-p02-step58k
61587,1.2519090175628662,,,,,hero-wd-gate-router-p02-step58k
61623,1.2313956022262573,,,,,hero-wd-gate-router-p02-step58k
61624,1.2377595901489258,,,,,hero-wd-gate-router-p02-step58k
61641,1.2333422899246216,,,,,hero-wd-gate-router-p02-step58k
61670,1.2469409704208374,,,,,hero-wd-gate-router-p02-step58k
61671,1.242435336112976,,,,,hero-wd-gate-router-p02-step58k
61688,1.2332051992416382,,,,,hero-wd-gate-router-p02-step58k
61703,1.2409563064575195,,,,,hero-wd-gate-router-p02-step58k
61712,1.238511323928833,,,,,hero-wd-gate-router-p02-step58k
61716,1.23465895652771,,,,,hero-wd-gate-router-p02-step58k
61719,1.2520074844360352,,,,,hero-wd-gate-router-p02-step58k
61746,1.2380106449127197,,,,,hero-wd-gate-router-p02-step58k
61801,1.235175371170044,,,,,hero-wd-gate-router-p02-step58k
61815,1.249851107597351,,,,,hero-wd-gate-router-p02-step58k
61829,1.233093023300171,,,,,hero-wd-gate-router-p02-step58k
61843,1.2364261150360107,,,,,hero-wd-gate-router-p02-step58k
61882,1.2350493669509888,,,,,hero-wd-gate-router-p02-step58k
61885,1.2396718263626099,,,,,hero-wd-gate-router-p02-step58k
61893,1.2483218908309937,,,,,hero-wd-gate-router-p02-step58k
61910,1.244563341140747,,,,,hero-wd-gate-router-p02-step58k
61915,1.2536150217056274,,,,,hero-wd-gate-router-p02-step58k
61920,1.2367966175079346,,,,,hero-wd-gate-router-p02-step58k
61926,1.2368534803390503,,,,,hero-wd-gate-router-p02-step58k
61939,1.2379635572433472,,,,,hero-wd-gate-router-p02-step58k
61950,1.2403419017791748,,,,,hero-wd-gate-router-p02-step58k
61968,1.2422376871109009,,,,,hero-wd-gate-router-p02-step58k
61977,1.2399916648864746,,,,,hero-wd-gate-router-p02-step58k
61984,1.247585415840149,,,,,hero-wd-gate-router-p02-step58k
62014,1.2506417036056519,,,,,hero-wd-gate-router-p02-step58k
62036,1.2501909732818604,,,,,hero-wd-gate-router-p02-step58k
62053,1.2336959838867188,,,,,hero-wd-gate-router-p02-step58k
62078,1.2357066869735718,,,,,hero-wd-gate-router-p02-step58k
62094,1.2315560579299927,,,,,hero-wd-gate-router-p02-step58k
62113,1.244010090827942,,,,,hero-wd-gate-router-p02-step58k
62115,1.2396183013916016,,,,,hero-wd-gate-router-p02-step58k
62135,1.2310811281204224,,,,,hero-wd-gate-router-p02-step58k
62141,1.2271345853805542,,,,,hero-wd-gate-router-p02-step58k
62160,1.2439104318618774,,,,,hero-wd-gate-router-p02-step58k
62177,1.2297426462173462,,,,,hero-wd-gate-router-p02-step58k
62181,1.216941237449646,,,,,hero-wd-gate-router-p02-step58k
62182,1.2490071058273315,,,,,hero-wd-gate-router-p02-step58k
62189,1.235627293586731,,,,,hero-wd-gate-router-p02-step58k
62195,1.222727656364441,,,,,hero-wd-gate-router-p02-step58k
62235,1.227262258529663,,,,,hero-wd-gate-router-p02-step58k
62243,1.237175464630127,,,,,hero-wd-gate-router-p02-step58k
62250,1.2297940254211426,,,,,hero-wd-gate-router-p02-step58k
62256,1.2327021360397339,,,,,hero-wd-gate-router-p02-step58k
62324,1.2360109090805054,,,,,hero-wd-gate-router-p02-step58k
62347,1.2481769323349,,,,,hero-wd-gate-router-p02-step58k
62349,1.237794041633606,,,,,hero-wd-gate-router-p02-step58k
62357,1.2295784950256348,,,,,hero-wd-gate-router-p02-step58k
62378,1.2379412651062012,,,,,hero-wd-gate-router-p02-step58k
62404,1.2367908954620361,,,,,hero-wd-gate-router-p02-step58k
62417,1.2402136325836182,,,,,hero-wd-gate-router-p02-step58k
62503,1.2320095300674438,,,,,hero-wd-gate-router-p02-step58k
62533,1.2373168468475342,,,,,hero-wd-gate-router-p02-step58k
62544,1.2383943796157837,,,,,hero-wd-gate-router-p02-step58k
62551,1.2360012531280518,,,,,hero-wd-gate-router-p02-step58k
62558,1.2357691526412964,,,,,hero-wd-gate-router-p02-step58k
62561,1.243603229522705,,,,,hero-wd-gate-router-p02-step58k
62563,1.2429683208465576,,,,,hero-wd-gate-router-p02-step58k
62579,1.2234833240509033,,,,,hero-wd-gate-router-p02-step58k
62610,1.2391098737716675,,,,,hero-wd-gate-router-p02-step58k
62615,1.2408167123794556,,,,,hero-wd-gate-router-p02-step58k
62617,1.237398386001587,,,,,hero-wd-gate-router-p02-step58k
62629,1.2410147190093994,,,,,hero-wd-gate-router-p02-step58k
62662,1.2345010042190552,,,,,hero-wd-gate-router-p02-step58k
62684,1.2468575239181519,,,,,hero-wd-gate-router-p02-step58k
62722,1.2304041385650635,,,,,hero-wd-gate-router-p02-step58k
62746,1.2383577823638916,,,,,hero-wd-gate-router-p02-step58k
62773,1.2461251020431519,,,,,hero-wd-gate-router-p02-step58k
62778,1.2397757768630981,,,,,hero-wd-gate-router-p02-step58k
62790,1.2412078380584717,,,,,hero-wd-gate-router-p02-step58k
62825,1.241684079170227,,,,,hero-wd-gate-router-p02-step58k
62867,1.2405688762664795,,,,,hero-wd-gate-router-p02-step58k
62879,1.255904197692871,,,,,hero-wd-gate-router-p02-step58k
62880,1.2557921409606934,,,,,hero-wd-gate-router-p02-step58k
62885,1.2308903932571411,,,,,hero-wd-gate-router-p02-step58k
62889,1.2318425178527832,,,,,hero-wd-gate-router-p02-step58k
62896,1.2437660694122314,,,,,hero-wd-gate-router-p02-step58k
62923,1.2332571744918823,,,,,hero-wd-gate-router-p02-step58k
62940,1.2369478940963745,,,,,hero-wd-gate-router-p02-step58k
62960,1.240212082862854,,,,,hero-wd-gate-router-p02-step58k
62988,1.221474051475525,,,,,hero-wd-gate-router-p02-step58k
62999,,,2.3157856464385986,,2.0744073390960693,hero-wd-gate-router-p02-step58k
63009,1.23899245262146,,,,,hero-wd-gate-router-p02-step58k
63010,1.2347877025604248,,,,,hero-wd-gate-router-p02-step58k
63050,1.2536941766738892,,,,,hero-wd-gate-router-p02-step58k
63061,1.251102089881897,,,,,hero-wd-gate-router-p02-step58k
63111,1.247071623802185,,,,,hero-wd-gate-router-p02-step58k
63135,1.2327473163604736,,,,,hero-wd-gate-router-p02-step58k
63153,1.2318936586380005,,,,,hero-wd-gate-router-p02-step58k
63168,1.2558472156524658,,,,,hero-wd-gate-router-p02-step58k
63182,1.232029676437378,,,,,hero-wd-gate-router-p02-step58k
63206,1.2455488443374634,,,,,hero-wd-gate-router-p02-step58k
63220,1.2447762489318848,,,,,hero-wd-gate-router-p02-step58k
63243,1.2394235134124756,,,,,hero-wd-gate-router-p02-step58k
63279,1.2379796504974365,,,,,hero-wd-gate-router-p02-step58k
63296,1.2559099197387695,,,,,hero-wd-gate-router-p02-step58k
63321,1.2486623525619507,,,,,hero-wd-gate-router-p02-step58k
63349,1.2433563470840454,,,,,hero-wd-gate-router-p02-step58k
63370,1.2524465322494507,,,,,hero-wd-gate-router-p02-step58k
63373,1.241456389427185,,,,,hero-wd-gate-router-p02-step58k
63401,1.249496579170227,,,,,hero-wd-gate-router-p02-step58k
63420,1.22267484664917,,,,,hero-wd-gate-router-p02-step58k
63464,1.2442693710327148,,,,,hero-wd-gate-router-p02-step58k
63474,1.2378088235855103,,,,,hero-wd-gate-router-p02-step58k
63488,1.236594319343567,,,,,hero-wd-gate-router-p02-step58k
63502,1.2385163307189941,,,,,hero-wd-gate-router-p02-step58k
63544,1.2528828382492065,,,,,hero-wd-gate-router-p02-step58k
63555,1.2609783411026,,,,,hero-wd-gate-router-p02-step58k
63560,1.2438380718231201,,,,,hero-wd-gate-router-p02-step58k
63568,1.2502678632736206,,,,,hero-wd-gate-router-p02-step58k
63569,1.2451376914978027,,,,,hero-wd-gate-router-p02-step58k
63602,1.2533161640167236,,,,,hero-wd-gate-router-p02-step58k
63619,1.2518733739852905,,,,,hero-wd-gate-router-p02-step58k
63624,1.255879282951355,,,,,hero-wd-gate-router-p02-step58k
63658,1.232177734375,,,,,hero-wd-gate-router-p02-step58k
63668,1.2396994829177856,,,,,hero-wd-gate-router-p02-step58k
63673,1.2452729940414429,,,,,hero-wd-gate-router-p02-step58k
63718,1.2386938333511353,,,,,hero-wd-gate-router-p02-step58k
63723,1.2476557493209839,,,,,hero-wd-gate-router-p02-step58k
63724,1.2488303184509277,,,,,hero-wd-gate-router-p02-step58k
63733,1.246505618095398,,,,,hero-wd-gate-router-p02-step58k
63757,1.2369873523712158,,,,,hero-wd-gate-router-p02-step58k
63772,1.2369955778121948,,,,,hero-wd-gate-router-p02-step58k
63819,1.238991379737854,,,,,hero-wd-gate-router-p02-step58k
63836,1.2422481775283813,,,,,hero-wd-gate-router-p02-step58k
63841,1.2245718240737915,,,,,hero-wd-gate-router-p02-step58k
63842,1.247680425643921,,,,,hero-wd-gate-router-p02-step58k
63856,1.242122769355774,,,,,hero-wd-gate-router-p02-step58k
63879,1.236051321029663,,,,,hero-wd-gate-router-p02-step58k
63880,1.2437248229980469,,,,,hero-wd-gate-router-p02-step58k
63891,1.2367751598358154,,,,,hero-wd-gate-router-p02-step58k
63948,1.2378754615783691,,,,,hero-wd-gate-router-p02-step58k
63950,1.2356714010238647,,,,,hero-wd-gate-router-p02-step58k
63957,1.2345460653305054,,,,,hero-wd-gate-router-p02-step58k
63976,1.2349071502685547,,,,,hero-wd-gate-router-p02-step58k
63992,1.2448211908340454,,,,,hero-wd-gate-router-p02-step58k
63998,1.2353112697601318,,,,,hero-wd-gate-router-p02-step58k
64025,1.2379990816116333,,,,,hero-wd-gate-router-p02-step58k
64046,1.2379440069198608,,,,,hero-wd-gate-router-p02-step58k
64065,1.2295833826065063,,,,,hero-wd-gate-router-p02-step58k
64080,1.2452242374420166,,,,,hero-wd-gate-router-p02-step58k
64087,1.2352659702301025,,,,,hero-wd-gate-router-p02-step58k
64092,1.2447268962860107,,,,,hero-wd-gate-router-p02-step58k
64099,1.2449500560760498,,,,,hero-wd-gate-router-p02-step58k
64105,1.2347317934036255,,,,,hero-wd-gate-router-p02-step58k
64114,1.2335151433944702,,,,,hero-wd-gate-router-p02-step58k
64122,1.2331863641738892,,,,,hero-wd-gate-router-p02-step58k
64129,1.2324388027191162,,,,,hero-wd-gate-router-p02-step58k
64144,1.2283248901367188,,,,,hero-wd-gate-router-p02-step58k
64169,1.2468483448028564,,,,,hero-wd-gate-router-p02-step58k
64182,1.247541069984436,,,,,hero-wd-gate-router-p02-step58k
64198,1.2388129234313965,,,,,hero-wd-gate-router-p02-step58k
64207,1.2430323362350464,,,,,hero-wd-gate-router-p02-step58k
64215,1.2422356605529785,,,,,hero-wd-gate-router-p02-step58k
64221,1.2289351224899292,,,,,hero-wd-gate-router-p02-step58k
64234,1.2371578216552734,,,,,hero-wd-gate-router-p02-step58k
64271,1.2422873973846436,,,,,hero-wd-gate-router-p02-step58k
64296,1.2426024675369263,,,,,hero-wd-gate-router-p02-step58k
64309,1.2356685400009155,,,,,hero-wd-gate-router-p02-step58k
64381,1.2417688369750977,,,,,hero-wd-gate-router-p02-step58k
64395,1.2523863315582275,,,,,hero-wd-gate-router-p02-step58k
64463,1.2412712574005127,,,,,hero-wd-gate-router-p02-step58k
64465,1.2313838005065918,,,,,hero-wd-gate-router-p02-step58k
64497,1.2450156211853027,,,,,hero-wd-gate-router-p02-step58k
64525,1.2474744319915771,,,,,hero-wd-gate-router-p02-step58k
64527,1.2301112413406372,,,,,hero-wd-gate-router-p02-step58k
64529,1.234939694404602,,,,,hero-wd-gate-router-p02-step58k
64538,1.235280156135559,,,,,hero-wd-gate-router-p02-step58k
64548,1.2471346855163574,,,,,hero-wd-gate-router-p02-step58k
64550,1.249301791191101,,,,,hero-wd-gate-router-p02-step58k
64567,1.2410985231399536,,,,,hero-wd-gate-router-p02-step58k
64596,1.2416232824325562,,,,,hero-wd-gate-router-p02-step58k
64631,1.2424243688583374,,,,,hero-wd-gate-router-p02-step58k
64643,1.2335392236709595,,,,,hero-wd-gate-router-p02-step58k
64674,1.239783763885498,,,,,hero-wd-gate-router-p02-step58k
64675,1.2515531778335571,,,,,hero-wd-gate-router-p02-step58k
64684,1.2488459348678589,,,,,hero-wd-gate-router-p02-step58k
64725,1.2424464225769043,,,,,hero-wd-gate-router-p02-step58k
64730,1.24641752243042,,,,,hero-wd-gate-router-p02-step58k
64756,1.252305030822754,,,,,hero-wd-gate-router-p02-step58k
64757,1.2384942770004272,,,,,hero-wd-gate-router-p02-step58k
64761,1.2468291521072388,,,,,hero-wd-gate-router-p02-step58k
64786,1.2414613962173462,,,,,hero-wd-gate-router-p02-step58k
64799,1.2398496866226196,,,,,hero-wd-gate-router-p02-step58k
64820,1.242059350013733,,,,,hero-wd-gate-router-p02-step58k
64827,1.2412432432174683,,,,,hero-wd-gate-router-p02-step58k
64828,1.2437454462051392,,,,,hero-wd-gate-router-p02-step58k
64832,1.2434278726577759,,,,,hero-wd-gate-router-p02-step58k
64836,1.2469241619110107,,,,,hero-wd-gate-router-p02-step58k
64859,1.2335458993911743,,,,,hero-wd-gate-router-p02-step58k
64891,1.2562955617904663,,,,,hero-wd-gate-router-p02-step58k
64897,1.2435821294784546,,,,,hero-wd-gate-router-p02-step58k
64970,1.2452119588851929,,,,,hero-wd-gate-router-p02-step58k
65007,1.2459741830825806,,,,,hero-wd-gate-router-p02-step58k
65043,1.2467222213745117,,,,,hero-wd-gate-router-p02-step58k
65044,1.2387560606002808,,,,,hero-wd-gate-router-p02-step58k
65084,1.2441715002059937,,,,,hero-wd-gate-router-p02-step58k
65154,1.2446284294128418,,,,,hero-wd-gate-router-p02-step58k
65159,1.2418818473815918,,,,,hero-wd-gate-router-p02-step58k
65179,1.2325515747070312,,,,,hero-wd-gate-router-p02-step58k
65195,1.235390305519104,,,,,hero-wd-gate-router-p02-step58k
65203,1.2437174320220947,,,,,hero-wd-gate-router-p02-step58k
65207,1.247963309288025,,,,,hero-wd-gate-router-p02-step58k
65223,1.2517311573028564,,,,,hero-wd-gate-router-p02-step58k
65236,1.2419394254684448,,,,,hero-wd-gate-router-p02-step58k
65239,1.2263929843902588,,,,,hero-wd-gate-router-p02-step58k
65248,1.2349966764450073,,,,,hero-wd-gate-router-p02-step58k
65304,1.235706090927124,,,,,hero-wd-gate-router-p02-step58k
65307,1.2426531314849854,,,,,hero-wd-gate-router-p02-step58k
65318,1.2330647706985474,,,,,hero-wd-gate-router-p02-step58k
65325,1.237961769104004,,,,,hero-wd-gate-router-p02-step58k
65384,1.2452930212020874,,,,,hero-wd-gate-router-p02-step58k
65388,1.2399450540542603,,,,,hero-wd-gate-router-p02-step58k
65409,1.2308402061462402,,,,,hero-wd-gate-router-p02-step58k
65415,1.2452905178070068,,,,,hero-wd-gate-router-p02-step58k
65454,1.2403371334075928,,,,,hero-wd-gate-router-p02-step58k
65459,1.2392535209655762,,,,,hero-wd-gate-router-p02-step58k
65464,1.2295838594436646,,,,,hero-wd-gate-router-p02-step58k
65491,1.2480140924453735,,,,,hero-wd-gate-router-p02-step58k
65498,1.2262071371078491,,,,,hero-wd-gate-router-p02-step58k
65510,1.2430533170700073,,,,,hero-wd-gate-router-p02-step58k
65517,1.23601496219635,,,,,hero-wd-gate-router-p02-step58k
65539,1.2378385066986084,,,,,hero-wd-gate-router-p02-step58k
65548,1.2304468154907227,,,,,hero-wd-gate-router-p02-step58k
65561,1.2402715682983398,,,,,hero-wd-gate-router-p02-step58k
65571,1.2470821142196655,,,,,hero-wd-gate-router-p02-step58k
65581,1.2298998832702637,,,,,hero-wd-gate-router-p02-step58k
65585,1.2410285472869873,,,,,hero-wd-gate-router-p02-step58k
65594,1.2380242347717285,,,,,hero-wd-gate-router-p02-step58k
65608,1.2391210794448853,,,,,hero-wd-gate-router-p02-step58k
65624,1.2548638582229614,,,,,hero-wd-gate-router-p02-step58k
65641,1.244937777519226,,,,,hero-wd-gate-router-p02-step58k
65643,1.24601149559021,,,,,hero-wd-gate-router-p02-step58k
65661,1.2415293455123901,,,,,hero-wd-gate-router-p02-step58k
65665,1.2400281429290771,,,,,hero-wd-gate-router-p02-step58k
65670,1.2410781383514404,,,,,hero-wd-gate-router-p02-step58k
65677,1.2396727800369263,,,,,hero-wd-gate-router-p02-step58k
65689,1.2511852979660034,,,,,hero-wd-gate-router-p02-step58k
65698,1.2389239072799683,,,,,hero-wd-gate-router-p02-step58k
65718,1.235270619392395,,,,,hero-wd-gate-router-p02-step58k
65741,1.2473100423812866,,,,,hero-wd-gate-router-p02-step58k
65744,1.237720012664795,,,,,hero-wd-gate-router-p02-step58k
65759,1.2426809072494507,,,,,hero-wd-gate-router-p02-step58k
65776,1.2439640760421753,,,,,hero-wd-gate-router-p02-step58k
65791,1.2411689758300781,,,,,hero-wd-gate-router-p02-step58k
65808,1.248289942741394,,,,,hero-wd-gate-router-p02-step58k
65834,1.2326079607009888,,,,,hero-wd-gate-router-p02-step58k
65844,1.2387573719024658,,,,,hero-wd-gate-router-p02-step58k
65854,1.2352856397628784,,,,,hero-wd-gate-router-p02-step58k
65880,1.2544732093811035,,,,,hero-wd-gate-router-p02-step58k
65905,1.246667742729187,,,,,hero-wd-gate-router-p02-step58k
65912,1.2377903461456299,,,,,hero-wd-gate-router-p02-step58k
65935,1.2408673763275146,,,,,hero-wd-gate-router-p02-step58k
65937,1.244414210319519,,,,,hero-wd-gate-router-p02-step58k
65945,1.24703049659729,,,,,hero-wd-gate-router-p02-step58k
65948,1.2264814376831055,,,,,hero-wd-gate-router-p02-step58k
65949,1.2365282773971558,,,,,hero-wd-gate-router-p02-step58k
65966,1.2394812107086182,,,,,hero-wd-gate-router-p02-step58k
65999,,,2.3139114379882812,,2.0717992782592773,hero-wd-gate-router-p02-step58k
66028,1.2296185493469238,,,,,hero-wd-gate-router-p02-step58k
66104,1.229648232460022,,,,,hero-wd-gate-router-p02-step58k
66182,1.2377859354019165,,,,,hero-wd-gate-router-p02-step58k
66183,1.2401219606399536,,,,,hero-wd-gate-router-p02-step58k
66195,1.241930603981018,,,,,hero-wd-gate-router-p02-step58k
66215,1.2305617332458496,,,,,hero-wd-gate-router-p02-step58k
66235,1.2323949337005615,,,,,hero-wd-gate-router-p02-step58k
66248,1.2435128688812256,,,,,hero-wd-gate-router-p02-step58k
66261,1.2499444484710693,,,,,hero-wd-gate-router-p02-step58k
66270,1.2411701679229736,,,,,hero-wd-gate-router-p02-step58k
66283,1.2473437786102295,,,,,hero-wd-gate-router-p02-step58k
66292,1.2393214702606201,,,,,hero-wd-gate-router-p02-step58k
66303,1.2483675479888916,,,,,hero-wd-gate-router-p02-step58k
66319,1.2286666631698608,,,,,hero-wd-gate-router-p02-step58k
66368,1.2293156385421753,,,,,hero-wd-gate-router-p02-step58k
66391,1.2431946992874146,,,,,hero-wd-gate-router-p02-step58k
66421,1.236297369003296,,,,,hero-wd-gate-router-p02-step58k
66423,1.2377877235412598,,,,,hero-wd-gate-router-p02-step58k
66430,1.2509336471557617,,,,,hero-wd-gate-router-p02-step58k
66458,1.2294467687606812,,,,,hero-wd-gate-router-p02-step58k
66459,1.2339706420898438,,,,,hero-wd-gate-router-p02-step58k
66461,1.2314006090164185,,,,,hero-wd-gate-router-p02-step58k
66489,1.2381856441497803,,,,,hero-wd-gate-router-p02-step58k
66498,1.2375065088272095,,,,,hero-wd-gate-router-p02-step58k
66514,1.2424218654632568,,,,,hero-wd-gate-router-p02-step58k
66527,1.2229446172714233,,,,,hero-wd-gate-router-p02-step58k
66530,1.2383015155792236,,,,,hero-wd-gate-router-p02-step58k
66534,1.2399662733078003,,,,,hero-wd-gate-router-p02-step58k
66549,1.2418618202209473,,,,,hero-wd-gate-router-p02-step58k
66568,1.2371876239776611,,,,,hero-wd-gate-router-p02-step58k
66569,1.2362539768218994,,,,,hero-wd-gate-router-p02-step58k
66580,1.2373154163360596,,,,,hero-wd-gate-router-p02-step58k
66587,1.2330352067947388,,,,,hero-wd-gate-router-p02-step58k
66590,1.224473476409912,,,,,hero-wd-gate-router-p02-step58k
66592,1.2402029037475586,,,,,hero-wd-gate-router-p02-step58k
66679,1.228217601776123,,,,,hero-wd-gate-router-p02-step58k
66687,1.22343111038208,,,,,hero-wd-gate-router-p02-step58k
66698,1.2096365690231323,,,,,hero-wd-gate-router-p02-step58k
66708,1.2269930839538574,,,,,hero-wd-gate-router-p02-step58k
66714,1.2417271137237549,,,,,hero-wd-gate-router-p02-step58k
66733,1.2265326976776123,,,,,hero-wd-gate-router-p02-step58k
66763,1.233249545097351,,,,,hero-wd-gate-router-p02-step58k
66765,1.2318825721740723,,,,,hero-wd-gate-router-p02-step58k
66770,1.2309986352920532,,,,,hero-wd-gate-router-p02-step58k
66777,1.2262835502624512,,,,,hero-wd-gate-router-p02-step58k
66795,1.2358146905899048,,,,,hero-wd-gate-router-p02-step58k
66802,1.2463693618774414,,,,,hero-wd-gate-router-p02-step58k
66812,1.237956166267395,,,,,hero-wd-gate-router-p02-step58k
66818,1.2439839839935303,,,,,hero-wd-gate-router-p02-step58k
66819,1.2446744441986084,,,,,hero-wd-gate-router-p02-step58k
66839,1.2436506748199463,,,,,hero-wd-gate-router-p02-step58k
66844,1.253937840461731,,,,,hero-wd-gate-router-p02-step58k
66862,1.2405682802200317,,,,,hero-wd-gate-router-p02-step58k
66864,1.2425105571746826,,,,,hero-wd-gate-router-p02-step58k
66883,1.2447277307510376,,,,,hero-wd-gate-router-p02-step58k
66906,1.2406225204467773,,,,,hero-wd-gate-router-p02-step58k
66913,1.2406278848648071,,,,,hero-wd-gate-router-p02-step58k
66918,1.242862582206726,,,,,hero-wd-gate-router-p02-step58k
66939,1.2443888187408447,,,,,hero-wd-gate-router-p02-step58k
66948,1.2392644882202148,,,,,hero-wd-gate-router-p02-step58k
66949,1.2415242195129395,,,,,hero-wd-gate-router-p02-step58k
66954,1.2515242099761963,,,,,hero-wd-gate-router-p02-step58k
66956,1.2423657178878784,,,,,hero-wd-gate-router-p02-step58k
66963,1.2287516593933105,,,,,hero-wd-gate-router-p02-step58k
66971,1.2424848079681396,,,,,hero-wd-gate-router-p02-step58k
66984,1.2381582260131836,,,,,hero-wd-gate-router-p02-step58k
66990,1.2372170686721802,,,,,hero-wd-gate-router-p02-step58k
66992,1.2411854267120361,,,,,hero-wd-gate-router-p02-step58k
66994,1.2437227964401245,,,,,hero-wd-gate-router-p02-step58k
66996,1.237779140472412,,,,,hero-wd-gate-router-p02-step58k
67034,1.2475918531417847,,,,,hero-wd-gate-router-p02-step58k
67057,1.2351102828979492,,,,,hero-wd-gate-router-p02-step58k
67058,1.240512728691101,,,,,hero-wd-gate-router-p02-step58k
67059,1.2606706619262695,,,,,hero-wd-gate-router-p02-step58k
67064,1.2400096654891968,,,,,hero-wd-gate-router-p02-step58k
67079,1.243312954902649,,,,,hero-wd-gate-router-p02-step58k
67102,1.2407119274139404,,,,,hero-wd-gate-router-p02-step58k
67103,1.2301570177078247,,,,,hero-wd-gate-router-p02-step58k
67116,1.2660516500473022,,,,,hero-wd-gate-router-p02-step58k
67133,1.2472286224365234,,,,,hero-wd-gate-router-p02-step58k
67141,1.2370222806930542,,,,,hero-wd-gate-router-p02-step58k
67169,1.2378581762313843,,,,,hero-wd-gate-router-p02-step58k
67174,1.2364381551742554,,,,,hero-wd-gate-router-p02-step58k
67178,1.2413090467453003,,,,,hero-wd-gate-router-p02-step58k
67196,1.2419215440750122,,,,,hero-wd-gate-router-p02-step58k
67199,1.2388391494750977,,,,,hero-wd-gate-router-p02-step58k
67246,1.247507095336914,,,,,hero-wd-gate-router-p02-step58k
67295,1.2409549951553345,,,,,hero-wd-gate-router-p02-step58k
67319,1.2439417839050293,,,,,hero-wd-gate-router-p02-step58k
67329,1.2429615259170532,,,,,hero-wd-gate-router-p02-step58k
67344,1.244999647140503,,,,,hero-wd-gate-router-p02-step58k
67347,1.2358155250549316,,,,,hero-wd-gate-router-p02-step58k
67379,1.2434483766555786,,,,,hero-wd-gate-router-p02-step58k
67386,1.2448114156723022,,,,,hero-wd-gate-router-p02-step58k
67395,1.2358142137527466,,,,,hero-wd-gate-router-p02-step58k
67397,1.2331639528274536,,,,,hero-wd-gate-router-p02-step58k
67443,1.2402347326278687,,,,,hero-wd-gate-router-p02-step58k
67458,1.2370147705078125,,,,,hero-wd-gate-router-p02-step58k
67515,1.2475783824920654,,,,,hero-wd-gate-router-p02-step58k
67544,1.2386759519577026,,,,,hero-wd-gate-router-p02-step58k
67546,1.2416695356369019,,,,,hero-wd-gate-router-p02-step58k
67556,1.2344862222671509,,,,,hero-wd-gate-router-p02-step58k
67599,1.244049310684204,,,,,hero-wd-gate-router-p02-step58k
67630,1.2266889810562134,,,,,hero-wd-gate-router-p02-step58k
67632,1.238337516784668,,,,,hero-wd-gate-router-p02-step58k
67637,1.2310597896575928,,,,,hero-wd-gate-router-p02-step58k
67669,1.2400778532028198,,,,,hero-wd-gate-router-p02-step58k
67678,1.2348322868347168,,,,,hero-wd-gate-router-p02-step58k
67679,1.237099051475525,,,,,hero-wd-gate-router-p02-step58k
67687,1.2443549633026123,,,,,hero-wd-gate-router-p02-step58k
67688,1.2321220636367798,,,,,hero-wd-gate-router-p02-step58k
67691,1.2261704206466675,,,,,hero-wd-gate-router-p02-step58k
67700,1.2330528497695923,,,,,hero-wd-gate-router-p02-step58k
67716,1.2379515171051025,,,,,hero-wd-gate-router-p02-step58k
67723,1.2201316356658936,,,,,hero-wd-gate-router-p02-step58k
67727,1.242699384689331,,,,,hero-wd-gate-router-p02-step58k
67728,1.2420499324798584,,,,,hero-wd-gate-router-p02-step58k
67743,1.2384659051895142,,,,,hero-wd-gate-router-p02-step58k
67748,1.225708246231079,,,,,hero-wd-gate-router-p02-step58k
67751,1.247706413269043,,,,,hero-wd-gate-router-p02-step58k
67754,1.2265105247497559,,,,,hero-wd-gate-router-p02-step58k
67795,1.2399296760559082,,,,,hero-wd-gate-router-p02-step58k
67800,1.2359988689422607,,,,,hero-wd-gate-router-p02-step58k
67805,1.225740909576416,,,,,hero-wd-gate-router-p02-step58k
67825,1.234423279762268,,,,,hero-wd-gate-router-p02-step58k
67855,1.2420631647109985,,,,,hero-wd-gate-router-p02-step58k
67856,1.2352055311203003,,,,,hero-wd-gate-router-p02-step58k
67888,1.2418626546859741,,,,,hero-wd-gate-router-p02-step58k
67892,1.2320510149002075,,,,,hero-wd-gate-router-p02-step58k
67893,1.2392587661743164,,,,,hero-wd-gate-router-p02-step58k
67912,1.2382969856262207,,,,,hero-wd-gate-router-p02-step58k
67913,1.2301089763641357,,,,,hero-wd-gate-router-p02-step58k
67930,1.2449216842651367,,,,,hero-wd-gate-router-p02-step58k
67937,1.238942265510559,,,,,hero-wd-gate-router-p02-step58k
67955,1.2263071537017822,,,,,hero-wd-gate-router-p02-step58k
67977,1.2368358373641968,,,,,hero-wd-gate-router-p02-step58k
68000,1.23702073097229,,,,,hero-wd-gate-router-p02-step58k
68048,1.2492446899414062,,,,,hero-wd-gate-router-p02-step58k
68063,1.2467373609542847,,,,,hero-wd-gate-router-p02-step58k
68073,1.2431418895721436,,,,,hero-wd-gate-router-p02-step58k
68085,1.2381231784820557,,,,,hero-wd-gate-router-p02-step58k
68092,1.2475943565368652,,,,,hero-wd-gate-router-p02-step58k
68137,1.2299585342407227,,,,,hero-wd-gate-router-p02-step58k
68145,1.2295256853103638,,,,,hero-wd-gate-router-p02-step58k
68151,1.237682580947876,,,,,hero-wd-gate-router-p02-step58k
68164,1.2300195693969727,,,,,hero-wd-gate-router-p02-step58k
68173,1.2348829507827759,,,,,hero-wd-gate-router-p02-step58k
68189,1.2349952459335327,,,,,hero-wd-gate-router-p02-step58k
68216,1.2431728839874268,,,,,hero-wd-gate-router-p02-step58k
68217,1.24183988571167,,,,,hero-wd-gate-router-p02-step58k
68237,1.2338624000549316,,,,,hero-wd-gate-router-p02-step58k
68238,1.2493294477462769,,,,,hero-wd-gate-router-p02-step58k
68247,1.2374013662338257,,,,,hero-wd-gate-router-p02-step58k
68254,1.2374523878097534,,,,,hero-wd-gate-router-p02-step58k
68270,1.2457796335220337,,,,,hero-wd-gate-router-p02-step58k
68292,1.238068699836731,,,,,hero-wd-gate-router-p02-step58k
68295,1.2303472757339478,,,,,hero-wd-gate-router-p02-step58k
68296,1.238241195678711,,,,,hero-wd-gate-router-p02-step58k
68301,1.2373507022857666,,,,,hero-wd-gate-router-p02-step58k
68310,1.2379481792449951,,,,,hero-wd-gate-router-p02-step58k
68317,1.2349215745925903,,,,,hero-wd-gate-router-p02-step58k
68318,1.2271902561187744,,,,,hero-wd-gate-router-p02-step58k
68354,1.2300020456314087,,,,,hero-wd-gate-router-p02-step58k
68376,1.2376189231872559,,,,,hero-wd-gate-router-p02-step58k
68386,1.23870050907135,,,,,hero-wd-gate-router-p02-step58k
68396,1.2422511577606201,,,,,hero-wd-gate-router-p02-step58k
68409,1.2213000059127808,,,,,hero-wd-gate-router-p02-step58k
68454,1.2445716857910156,,,,,hero-wd-gate-router-p02-step58k
68463,1.236619234085083,,,,,hero-wd-gate-router-p02-step58k
68505,1.2325581312179565,,,,,hero-wd-gate-router-p02-step58k
68529,1.245191216468811,,,,,hero-wd-gate-router-p02-step58k
68530,1.2435764074325562,,,,,hero-wd-gate-router-p02-step58k
68540,1.2416423559188843,,,,,hero-wd-gate-router-p02-step58k
68572,1.2450916767120361,,,,,hero-wd-gate-router-p02-step58k
68588,1.251728892326355,,,,,hero-wd-gate-router-p02-step58k
68645,1.2412455081939697,,,,,hero-wd-gate-router-p02-step58k
68656,1.2321745157241821,,,,,hero-wd-gate-router-p02-step58k
68667,1.2342736721038818,,,,,hero-wd-gate-router-p02-step58k
68676,1.2469342947006226,,,,,hero-wd-gate-router-p02-step58k
68681,1.2494728565216064,,,,,hero-wd-gate-router-p02-step58k
68719,1.2383651733398438,,,,,hero-wd-gate-router-p02-step58k
68769,1.2458844184875488,,,,,hero-wd-gate-router-p02-step58k
68772,1.248144507408142,,,,,hero-wd-gate-router-p02-step58k
68790,1.2471156120300293,,,,,hero-wd-gate-router-p02-step58k
68794,1.2306963205337524,,,,,hero-wd-gate-router-p02-step58k
68796,1.2294610738754272,,,,,hero-wd-gate-router-p02-step58k
68827,1.229668140411377,,,,,hero-wd-gate-router-p02-step58k
68831,1.2392297983169556,,,,,hero-wd-gate-router-p02-step58k
68847,1.2315080165863037,,,,,hero-wd-gate-router-p02-step58k
68865,1.236909031867981,,,,,hero-wd-gate-router-p02-step58k
68871,1.2323836088180542,,,,,hero-wd-gate-router-p02-step58k
68884,1.2499364614486694,,,,,hero-wd-gate-router-p02-step58k
68899,1.2486720085144043,,,,,hero-wd-gate-router-p02-step58k
68909,1.2393718957901,,,,,hero-wd-gate-router-p02-step58k
68935,1.2365994453430176,,,,,hero-wd-gate-router-p02-step58k
68940,1.2335281372070312,,,,,hero-wd-gate-router-p02-step58k
68955,1.2265437841415405,,,,,hero-wd-gate-router-p02-step58k
68968,1.2440543174743652,,,,,hero-wd-gate-router-p02-step58k
68997,1.2369645833969116,,,,,hero-wd-gate-router-p02-step58k
68998,1.2447702884674072,,,,,hero-wd-gate-router-p02-step58k
68999,1.2402496337890625,,2.314020872116089,,2.0729739665985107,hero-wd-gate-router-p02-step58k
69012,1.2301236391067505,,,,,hero-wd-gate-router-p02-step58k
69030,1.244349479675293,,,,,hero-wd-gate-router-p02-step58k
69063,1.2343066930770874,,,,,hero-wd-gate-router-p02-step58k
69072,1.2375377416610718,,,,,hero-wd-gate-router-p02-step58k
69086,1.2398749589920044,,,,,hero-wd-gate-router-p02-step58k
69090,1.2410107851028442,,,,,hero-wd-gate-router-p02-step58k
69091,1.2471952438354492,,,,,hero-wd-gate-router-p02-step58k
69099,1.2393265962600708,,,,,hero-wd-gate-router-p02-step58k
69121,1.2401608228683472,,,,,hero-wd-gate-router-p02-step58k
69136,1.2479101419448853,,,,,hero-wd-gate-router-p02-step58k
69153,1.244709849357605,,,,,hero-wd-gate-router-p02-step58k
69154,1.2451328039169312,,,,,hero-wd-gate-router-p02-step58k
69160,1.2436808347702026,,,,,hero-wd-gate-router-p02-step58k
69183,1.232863426208496,,,,,hero-wd-gate-router-p02-step58k
69194,1.2392829656600952,,,,,hero-wd-gate-router-p02-step58k
69203,1.2448947429656982,,,,,hero-wd-gate-router-p02-step58k
69219,1.2369871139526367,,,,,hero-wd-gate-router-p02-step58k
69235,1.2301337718963623,,,,,hero-wd-gate-router-p02-step58k
69255,1.2361844778060913,,,,,hero-wd-gate-router-p02-step58k
69258,1.2408474683761597,,,,,hero-wd-gate-router-p02-step58k
69273,1.2403901815414429,,,,,hero-wd-gate-router-p02-step58k
69280,1.2318061590194702,,,,,hero-wd-gate-router-p02-step58k
69311,1.2317396402359009,,,,,hero-wd-gate-router-p02-step58k
69312,1.2362476587295532,,,,,hero-wd-gate-router-p02-step58k
69321,1.2409788370132446,,,,,hero-wd-gate-router-p02-step58k
69329,1.2313194274902344,,,,,hero-wd-gate-router-p02-step58k
69334,1.2322360277175903,,,,,hero-wd-gate-router-p02-step58k
69335,1.2282177209854126,,,,,hero-wd-gate-router-p02-step58k
69340,1.2391555309295654,,,,,hero-wd-gate-router-p02-step58k
69353,1.235815167427063,,,,,hero-wd-gate-router-p02-step58k
69361,1.2413358688354492,,,,,hero-wd-gate-router-p02-step58k
69382,1.2459057569503784,,,,,hero-wd-gate-router-p02-step58k
69409,1.2461307048797607,,,,,hero-wd-gate-router-p02-step58k
69414,1.246789813041687,,,,,hero-wd-gate-router-p02-step58k
69415,1.21726393699646,,,,,hero-wd-gate-router-p02-step58k
69416,1.2341936826705933,,,,,hero-wd-gate-router-p02-step58k
69421,1.2257511615753174,,,,,hero-wd-gate-router-p02-step58k
69444,1.2290319204330444,,,,,hero-wd-gate-router-p02-step58k
69447,1.2392537593841553,,,,,hero-wd-gate-router-p02-step58k
69478,1.2381272315979004,,,,,hero-wd-gate-router-p02-step58k
69479,1.2279268503189087,,,,,hero-wd-gate-router-p02-step58k
69483,1.2102916240692139,,,,,hero-wd-gate-router-p02-step58k
69486,1.22393798828125,,,,,hero-wd-gate-router-p02-step58k
69489,1.2339379787445068,,,,,hero-wd-gate-router-p02-step58k
69503,1.2348239421844482,,,,,hero-wd-gate-router-p02-step58k
69520,1.2265435457229614,,,,,hero-wd-gate-router-p02-step58k
69535,1.2293864488601685,,,,,hero-wd-gate-router-p02-step58k
69537,1.2350878715515137,,,,,hero-wd-gate-router-p02-step58k
69539,1.228522777557373,,,,,hero-wd-gate-router-p02-step58k
69543,1.2224347591400146,,,,,hero-wd-gate-router-p02-step58k
69558,1.2168505191802979,,,,,hero-wd-gate-router-p02-step58k
69601,1.2422198057174683,,,,,hero-wd-gate-router-p02-step58k
69621,1.2327064275741577,,,,,hero-wd-gate-router-p02-step58k
69626,1.2305245399475098,,,,,hero-wd-gate-router-p02-step58k
69633,1.235346794128418,,,,,hero-wd-gate-router-p02-step58k
69634,1.2338261604309082,,,,,hero-wd-gate-router-p02-step58k
69670,1.2287405729293823,,,,,hero-wd-gate-router-p02-step58k
69678,1.2293282747268677,,,,,hero-wd-gate-router-p02-step58k
69693,1.2473366260528564,,,,,hero-wd-gate-router-p02-step58k
69698,1.2365128993988037,,,,,hero-wd-gate-router-p02-step58k
69717,1.222908616065979,,,,,hero-wd-gate-router-p02-step58k
69730,1.2321218252182007,,,,,hero-wd-gate-router-p02-step58k
69806,1.236698865890503,,,,,hero-wd-gate-router-p02-step58k
69814,1.2456318140029907,,,,,hero-wd-gate-router-p02-step58k
69816,1.2391098737716675,,,,,hero-wd-gate-router-p02-step58k
69827,1.2357301712036133,,,,,hero-wd-gate-router-p02-step58k
69842,1.2310842275619507,,,,,hero-wd-gate-router-p02-step58k
69858,1.2404446601867676,,,,,hero-wd-gate-router-p02-step58k
69872,1.236079216003418,,,,,hero-wd-gate-router-p02-step58k
69873,1.2250070571899414,,,,,hero-wd-gate-router-p02-step58k
69877,1.2384051084518433,,,,,hero-wd-gate-router-p02-step58k
69895,1.2395926713943481,,,,,hero-wd-gate-router-p02-step58k
69900,1.23002028465271,,,,,hero-wd-gate-router-p02-step58k
69911,1.232783317565918,,,,,hero-wd-gate-router-p02-step58k
69966,1.2321624755859375,,,,,hero-wd-gate-router-p02-step58k
69968,1.2304507493972778,,,,,hero-wd-gate-router-p02-step58k
70019,1.239068627357483,,,,,hero-wd-gate-router-p02-step58k
70021,1.2267067432403564,,,,,hero-wd-gate-router-p02-step58k
70037,1.2391523122787476,,,,,hero-wd-gate-router-p02-step58k
70061,1.2303282022476196,,,,,hero-wd-gate-router-p02-step58k
70065,1.232745885848999,,,,,hero-wd-gate-router-p02-step58k
70078,1.230913758277893,,,,,hero-wd-gate-router-p02-step58k
70089,1.2339035272598267,,,,,hero-wd-gate-router-p02-step58k
70111,1.250260591506958,,,,,hero-wd-gate-router-p02-step58k
70128,1.239890694618225,,,,,hero-wd-gate-router-p02-step58k
70142,1.2428832054138184,,,,,hero-wd-gate-router-p02-step58k
70157,1.2395076751708984,,,,,hero-wd-gate-router-p02-step58k
70161,1.2345716953277588,,,,,hero-wd-gate-router-p02-step58k
70265,1.2317777872085571,,,,,hero-wd-gate-router-p02-step58k
70290,1.2221707105636597,,,,,hero-wd-gate-router-p02-step58k
70305,1.223006010055542,,,,,hero-wd-gate-router-p02-step58k
70323,1.2346646785736084,,,,,hero-wd-gate-router-p02-step58k
70337,1.2242573499679565,,,,,hero-wd-gate-router-p02-step58k
70359,1.2419869899749756,,,,,hero-wd-gate-router-p02-step58k
70361,1.237797737121582,,,,,hero-wd-gate-router-p02-step58k
70370,1.2368571758270264,,,,,hero-wd-gate-router-p02-step58k
70381,1.2292829751968384,,,,,hero-wd-gate-router-p02-step58k
70391,1.2330632209777832,,,,,hero-wd-gate-router-p02-step58k
70406,1.2387193441390991,,,,,hero-wd-gate-router-p02-step58k
70460,1.2266130447387695,,,,,hero-wd-gate-router-p02-step58k
70471,1.2334675788879395,,,,,hero-wd-gate-router-p02-step58k
70479,1.2331154346466064,,,,,hero-wd-gate-router-p02-step58k
70487,1.2316744327545166,,,,,hero-wd-gate-router-p02-step58k
70491,1.2175437211990356,,,,,hero-wd-gate-router-p02-step58k
70494,1.2441438436508179,,,,,hero-wd-gate-router-p02-step58k
70496,1.2341991662979126,,,,,hero-wd-gate-router-p02-step58k
70539,1.2310893535614014,,,,,hero-wd-gate-router-p02-step58k
70548,1.2359141111373901,,,,,hero-wd-gate-router-p02-step58k
70554,1.2311668395996094,,,,,hero-wd-gate-router-p02-step58k
70566,1.2488778829574585,,,,,hero-wd-gate-router-p02-step58k
70587,1.250657558441162,,,,,hero-wd-gate-router-p02-step58k
70592,1.234200358390808,,,,,hero-wd-gate-router-p02-step58k
70601,1.2249581813812256,,,,,hero-wd-gate-router-p02-step58k
70607,1.2416584491729736,,,,,hero-wd-gate-router-p02-step58k
70610,1.2307173013687134,,,,,hero-wd-gate-router-p02-step58k
70611,1.2396594285964966,,,,,hero-wd-gate-router-p02-step58k
70624,1.230582356452942,,,,,hero-wd-gate-router-p02-step58k
70672,1.2251826524734497,,,,,hero-wd-gate-router-p02-step58k
70674,1.2371909618377686,,,,,hero-wd-gate-router-p02-step58k
70697,1.242935061454773,,,,,hero-wd-gate-router-p02-step58k
70806,1.2437736988067627,,,,,hero-wd-gate-router-p02-step58k
70809,1.2315384149551392,,,,,hero-wd-gate-router-p02-step58k
70814,1.2335327863693237,,,,,hero-wd-gate-router-p02-step58k
70819,1.233053207397461,,,,,hero-wd-gate-router-p02-step58k
70841,1.2394593954086304,,,,,hero-wd-gate-router-p02-step58k
70850,1.2459840774536133,,,,,hero-wd-gate-router-p02-step58k
70887,1.2388144731521606,,,,,hero-wd-gate-router-p02-step58k
70890,1.227042555809021,,,,,hero-wd-gate-router-p02-step58k
70907,1.2215895652770996,,,,,hero-wd-gate-router-p02-step58k
70908,1.2426433563232422,,,,,hero-wd-gate-router-p02-step58k
70924,1.2326264381408691,,,,,hero-wd-gate-router-p02-step58k
70926,1.235573410987854,,,,,hero-wd-gate-router-p02-step58k
70936,1.2363698482513428,,,,,hero-wd-gate-router-p02-step58k
70977,1.232735276222229,,,,,hero-wd-gate-router-p02-step58k
70980,1.246991753578186,,,,,hero-wd-gate-router-p02-step58k
70989,1.222734808921814,,,,,hero-wd-gate-router-p02-step58k
70998,1.248063325881958,,,,,hero-wd-gate-router-p02-step58k
71003,1.2419039011001587,,,,,hero-wd-gate-router-p02-step58k
71004,1.2280172109603882,,,,,hero-wd-gate-router-p02-step58k
71013,1.230165958404541,,,,,hero-wd-gate-router-p02-step58k
71034,1.2270077466964722,,,,,hero-wd-gate-router-p02-step58k
71035,1.2377433776855469,,,,,hero-wd-gate-router-p02-step58k
71038,1.2278964519500732,,,,,hero-wd-gate-router-p02-step58k
71048,1.2436598539352417,,,,,hero-wd-gate-router-p02-step58k
71055,1.2340582609176636,,,,,hero-wd-gate-router-p02-step58k
71113,1.2340092658996582,,,,,hero-wd-gate-router-p02-step58k
71193,1.2388746738433838,,,,,hero-wd-gate-router-p02-step58k
71195,1.2296855449676514,,,,,hero-wd-gate-router-p02-step58k
71231,1.2407166957855225,,,,,hero-wd-gate-router-p02-step58k
71245,1.23685622215271,,,,,hero-wd-gate-router-p02-step58k
71255,1.2244266271591187,,,,,hero-wd-gate-router-p02-step58k
71257,1.2288541793823242,,,,,hero-wd-gate-router-p02-step58k
71261,1.243961215019226,,,,,hero-wd-gate-router-p02-step58k
71282,1.2297228574752808,,,,,hero-wd-gate-router-p02-step58k
71294,1.2344856262207031,,,,,hero-wd-gate-router-p02-step58k
71325,1.2338368892669678,,,,,hero-wd-gate-router-p02-step58k
71367,1.2314199209213257,,,,,hero-wd-gate-router-p02-step58k
71372,1.2352523803710938,,,,,hero-wd-gate-router-p02-step58k
71395,1.226637363433838,,,,,hero-wd-gate-router-p02-step58k
71397,1.2357100248336792,,,,,hero-wd-gate-router-p02-step58k
71401,1.230736255645752,,,,,hero-wd-gate-router-p02-step58k
71424,1.2372357845306396,,,,,hero-wd-gate-router-p02-step58k
71436,1.2347991466522217,,,,,hero-wd-gate-router-p02-step58k
71480,1.2366174459457397,,,,,hero-wd-gate-router-p02-step58k
71510,1.2342342138290405,,,,,hero-wd-gate-router-p02-step58k
71602,1.2316747903823853,,,,,hero-wd-gate-router-p02-step58k
71609,1.2352876663208008,,,,,hero-wd-gate-router-p02-step58k
71619,1.2303850650787354,,,,,hero-wd-gate-router-p02-step58k
71634,1.2243773937225342,,,,,hero-wd-gate-router-p02-step58k
71640,1.2377086877822876,,,,,hero-wd-gate-router-p02-step58k
71649,1.2287545204162598,,,,,hero-wd-gate-router-p02-step58k
71650,1.2309057712554932,,,,,hero-wd-gate-router-p02-step58k
71663,1.2369273900985718,,,,,hero-wd-gate-router-p02-step58k
71711,1.2441520690917969,,,,,hero-wd-gate-router-p02-step58k
71720,1.2394211292266846,,,,,hero-wd-gate-router-p02-step58k
71736,1.2446606159210205,,,,,hero-wd-gate-router-p02-step58k
71752,1.2335759401321411,,,,,hero-wd-gate-router-p02-step58k
71804,1.2302665710449219,,,,,hero-wd-gate-router-p02-step58k
71819,1.2304701805114746,,,,,hero-wd-gate-router-p02-step58k
71854,1.2267869710922241,,,,,hero-wd-gate-router-p02-step58k
71865,1.227333903312683,,,,,hero-wd-gate-router-p02-step58k
71895,1.2354844808578491,,,,,hero-wd-gate-router-p02-step58k
71897,1.2256805896759033,,,,,hero-wd-gate-router-p02-step58k
71898,1.2286473512649536,,,,,hero-wd-gate-router-p02-step58k
71900,1.2171481847763062,,,,,hero-wd-gate-router-p02-step58k
71971,1.239315152168274,,,,,hero-wd-gate-router-p02-step58k
71994,1.2394765615463257,,,,,hero-wd-gate-router-p02-step58k
71999,,,2.309312582015991,,2.0714566707611084,hero-wd-gate-router-p02-step58k
72008,1.232577919960022,,,,,hero-wd-gate-router-p02-step58k
72020,1.2334994077682495,,,,,hero-wd-gate-router-p02-step58k
72021,1.231032371520996,,,,,hero-wd-gate-router-p02-step58k
72027,1.2270193099975586,,,,,hero-wd-gate-router-p02-step58k
72040,1.2221635580062866,,,,,hero-wd-gate-router-p02-step58k
72057,1.2266179323196411,,,,,hero-wd-gate-router-p02-step58k
72061,1.2316087484359741,,,,,hero-wd-gate-router-p02-step58k
72070,1.2291096448898315,,,,,hero-wd-gate-router-p02-step58k
72082,1.2293457984924316,,,,,hero-wd-gate-router-p02-step58k
72084,1.2352498769760132,,,,,hero-wd-gate-router-p02-step58k
72102,1.235352873802185,,,,,hero-wd-gate-router-p02-step58k
72105,1.2364461421966553,,,,,hero-wd-gate-router-p02-step58k
72117,1.2195682525634766,,,,,hero-wd-gate-router-p02-step58k
72118,1.2237648963928223,,,,,hero-wd-gate-router-p02-step58k
72144,1.2216776609420776,,,,,hero-wd-gate-router-p02-step58k
72168,1.2340655326843262,,,,,hero-wd-gate-router-p02-step58k
72169,1.2329189777374268,,,,,hero-wd-gate-router-p02-step58k
72180,1.2327797412872314,,,,,hero-wd-gate-router-p02-step58k
72189,1.243282437324524,,,,,hero-wd-gate-router-p02-step58k
72193,1.2447839975357056,,,,,hero-wd-gate-router-p02-step58k
72207,1.2353042364120483,,,,,hero-wd-gate-router-p02-step58k
72210,1.2375047206878662,,,,,hero-wd-gate-router-p02-step58k
72264,1.244704246520996,,,,,hero-wd-gate-router-p02-step58k
72272,1.2403407096862793,,,,,hero-wd-gate-router-p02-step58k
72273,1.2506247758865356,,,,,hero-wd-gate-router-p02-step58k
72281,1.2380684614181519,,,,,hero-wd-gate-router-p02-step58k
72322,1.2340775728225708,,,,,hero-wd-gate-router-p02-step58k
72330,1.2512168884277344,,,,,hero-wd-gate-router-p02-step58k
72342,1.2390570640563965,,,,,hero-wd-gate-router-p02-step58k
72346,1.2367267608642578,,,,,hero-wd-gate-router-p02-step58k
72398,1.2385021448135376,,,,,hero-wd-gate-router-p02-step58k
72404,1.2371870279312134,,,,,hero-wd-gate-router-p02-step58k
72416,1.2336245775222778,,,,,hero-wd-gate-router-p02-step58k
72422,1.2264808416366577,,,,,hero-wd-gate-router-p02-step58k
72430,1.2388288974761963,,,,,hero-wd-gate-router-p02-step58k
72444,1.250503420829773,,,,,hero-wd-gate-router-p02-step58k
72474,1.2225892543792725,,,,,hero-wd-gate-router-p02-step58k
72480,1.233976125717163,,,,,hero-wd-gate-router-p02-step58k
72482,1.2473152875900269,,,,,hero-wd-gate-router-p02-step58k
72486,1.2367877960205078,,,,,hero-wd-gate-router-p02-step58k
72509,1.2254114151000977,,,,,hero-wd-gate-router-p02-step58k
72511,1.242335557937622,,,,,hero-wd-gate-router-p02-step58k
72519,1.2420676946640015,,,,,hero-wd-gate-router-p02-step58k
72530,1.2312953472137451,,,,,hero-wd-gate-router-p02-step58k
72533,1.2407593727111816,,,,,hero-wd-gate-router-p02-step58k
72537,1.243348240852356,,,,,hero-wd-gate-router-p02-step58k
72542,1.2257694005966187,,,,,hero-wd-gate-router-p02-step58k
72544,1.2431564331054688,,,,,hero-wd-gate-router-p02-step58k
72550,1.2334942817687988,,,,,hero-wd-gate-router-p02-step58k
72559,1.2407710552215576,,,,,hero-wd-gate-router-p02-step58k
72592,1.247685432434082,,,,,hero-wd-gate-router-p02-step58k
72652,1.2377331256866455,,,,,hero-wd-gate-router-p02-step58k
72684,1.2257708311080933,,,,,hero-wd-gate-router-p02-step58k
72691,1.2257311344146729,,,,,hero-wd-gate-router-p02-step58k
72696,1.2461161613464355,,,,,hero-wd-gate-router-p02-step58k
72697,1.2481805086135864,,,,,hero-wd-gate-router-p02-step58k
72704,1.2405810356140137,,,,,hero-wd-gate-router-p02-step58k
72727,1.2401639223098755,,,,,hero-wd-gate-router-p02-step58k
72743,1.2373327016830444,,,,,hero-wd-gate-router-p02-step58k
72751,1.2256437540054321,,,,,hero-wd-gate-router-p02-step58k
72769,1.230717658996582,,,,,hero-wd-gate-router-p02-step58k
72794,1.2213773727416992,,,,,hero-wd-gate-router-p02-step58k
72796,1.2385042905807495,,,,,hero-wd-gate-router-p02-step58k
72806,1.2478293180465698,,,,,hero-wd-gate-router-p02-step58k
72813,1.2161213159561157,,,,,hero-wd-gate-router-p02-step58k
72817,1.246748924255371,,,,,hero-wd-gate-router-p02-step58k
72818,1.2340424060821533,,,,,hero-wd-gate-router-p02-step58k
72820,1.2307274341583252,,,,,hero-wd-gate-router-p02-step58k
72830,1.242845058441162,,,,,hero-wd-gate-router-p02-step58k
72865,1.2480095624923706,,,,,hero-wd-gate-router-p02-step58k
72883,1.2320314645767212,,,,,hero-wd-gate-router-p02-step58k
72899,1.2485966682434082,,,,,hero-wd-gate-router-p02-step58k
72915,1.23329758644104,,,,,hero-wd-gate-router-p02-step58k
72941,1.2457019090652466,,,,,hero-wd-gate-router-p02-step58k
72954,1.252151608467102,,,,,hero-wd-gate-router-p02-step58k
72963,1.2383371591567993,,,,,hero-wd-gate-router-p02-step58k
72968,1.2384897470474243,,,,,hero-wd-gate-router-p02-step58k
72999,1.236321210861206,,,,,hero-wd-gate-router-p02-step58k
73001,1.2370439767837524,,,,,hero-wd-gate-router-p02-step58k
73009,1.2425425052642822,,,,,hero-wd-gate-router-p02-step58k
73030,1.2311210632324219,,,,,hero-wd-gate-router-p02-step58k
73032,1.2405868768692017,,,,,hero-wd-gate-router-p02-step58k
73059,1.2428224086761475,,,,,hero-wd-gate-router-p02-step58k
73080,1.2441825866699219,,,,,hero-wd-gate-router-p02-step58k
73084,1.2509998083114624,,,,,hero-wd-gate-router-p02-step58k
73115,1.2335158586502075,,,,,hero-wd-gate-router-p02-step58k
73132,1.2340295314788818,,,,,hero-wd-gate-router-p02-step58k
73137,1.2356911897659302,,,,,hero-wd-gate-router-p02-step58k
73172,1.2401518821716309,,,,,hero-wd-gate-router-p02-step58k
73199,1.2452031373977661,,,,,hero-wd-gate-router-p02-step58k
73206,1.2344251871109009,,,,,hero-wd-gate-router-p02-step58k
73264,1.2408074140548706,,,,,hero-wd-gate-router-p02-step58k
73285,1.2333811521530151,,,,,hero-wd-gate-router-p02-step58k
73318,1.2392680644989014,,,,,hero-wd-gate-router-p02-step58k
73337,1.2367048263549805,,,,,hero-wd-gate-router-p02-step58k
73380,1.2441308498382568,,,,,hero-wd-gate-router-p02-step58k
73383,1.2360697984695435,,,,,hero-wd-gate-router-p02-step58k
73386,1.2308136224746704,,,,,hero-wd-gate-router-p02-step58k
73401,1.256385087966919,,,,,hero-wd-gate-router-p02-step58k
73424,1.2451750040054321,,,,,hero-wd-gate-router-p02-step58k
73456,1.2339688539505005,,,,,hero-wd-gate-router-p02-step58k
73459,1.2336386442184448,,,,,hero-wd-gate-router-p02-step58k
73483,1.241940975189209,,,,,hero-wd-gate-router-p02-step58k
73500,1.2335671186447144,,,,,hero-wd-gate-router-p02-step58k
73501,1.252820372581482,,,,,hero-wd-gate-router-p02-step58k
73503,1.2343493700027466,,,,,hero-wd-gate-router-p02-step58k
73520,1.2478909492492676,,,,,hero-wd-gate-router-p02-step58k
73540,1.2477973699569702,,,,,hero-wd-gate-router-p02-step58k
73544,1.2480090856552124,,,,,hero-wd-gate-router-p02-step58k
73583,1.2378798723220825,,,,,hero-wd-gate-router-p02-step58k
73586,1.2412775754928589,,,,,hero-wd-gate-router-p02-step58k
73604,1.2395668029785156,,,,,hero-wd-gate-router-p02-step58k
73650,1.2481862306594849,,,,,hero-wd-gate-router-p02-step58k
73651,1.2453290224075317,,,,,hero-wd-gate-router-p02-step58k
73670,1.2373985052108765,,,,,hero-wd-gate-router-p02-step58k
73709,1.2362394332885742,,,,,hero-wd-gate-router-p02-step58k
73727,1.2373169660568237,,,,,hero-wd-gate-router-p02-step58k
73770,1.2221955060958862,,,,,hero-wd-gate-router-p02-step58k
73783,1.2328383922576904,,,,,hero-wd-gate-router-p02-step58k
73790,1.2435053586959839,,,,,hero-wd-gate-router-p02-step58k
73838,1.2360665798187256,,,,,hero-wd-gate-router-p02-step58k
73843,1.2405591011047363,,,,,hero-wd-gate-router-p02-step58k
73844,1.2381385564804077,,,,,hero-wd-gate-router-p02-step58k
73849,1.2393275499343872,,,,,hero-wd-gate-router-p02-step58k
73854,1.2277557849884033,,,,,hero-wd-gate-router-p02-step58k
73863,1.236218810081482,,,,,hero-wd-gate-router-p02-step58k
73866,1.2453360557556152,,,,,hero-wd-gate-router-p02-step58k
73868,1.230543613433838,,,,,hero-wd-gate-router-p02-step58k
73876,1.2391457557678223,,,,,hero-wd-gate-router-p02-step58k
73906,1.2357693910598755,,,,,hero-wd-gate-router-p02-step58k
73907,1.2457281351089478,,,,,hero-wd-gate-router-p02-step58k
73921,1.2329398393630981,,,,,hero-wd-gate-router-p02-step58k
73942,1.24280846118927,,,,,hero-wd-gate-router-p02-step58k
73955,1.2557871341705322,,,,,hero-wd-gate-router-p02-step58k
73974,1.2451508045196533,,,,,hero-wd-gate-router-p02-step58k
74004,1.2343024015426636,,,,,hero-wd-gate-router-p02-step58k
74046,1.2309871912002563,,,,,hero-wd-gate-router-p02-step58k
74053,1.237180471420288,,,,,hero-wd-gate-router-p02-step58k
74058,1.2455288171768188,,,,,hero-wd-gate-router-p02-step58k
74071,1.2503873109817505,,,,,hero-wd-gate-router-p02-step58k
74074,1.237589955329895,,,,,hero-wd-gate-router-p02-step58k
74099,1.2435497045516968,,,,,hero-wd-gate-router-p02-step58k
74109,1.2266449928283691,,,,,hero-wd-gate-router-p02-step58k
74164,1.2374491691589355,,,,,hero-wd-gate-router-p02-step58k
74175,1.2329587936401367,,,,,hero-wd-gate-router-p02-step58k
74202,1.23084557056427,,,,,hero-wd-gate-router-p02-step58k
74207,1.235373854637146,,,,,hero-wd-gate-router-p02-step58k
74225,1.2324695587158203,,,,,hero-wd-gate-router-p02-step58k
74231,1.2391719818115234,,,,,hero-wd-gate-router-p02-step58k
74259,1.2300937175750732,,,,,hero-wd-gate-router-p02-step58k
74302,1.239099383354187,,,,,hero-wd-gate-router-p02-step58k
74304,1.231427788734436,,,,,hero-wd-gate-router-p02-step58k
74313,1.2414882183074951,,,,,hero-wd-gate-router-p02-step58k
74342,1.2340255975723267,,,,,hero-wd-gate-router-p02-step58k
74348,1.2328581809997559,,,,,hero-wd-gate-router-p02-step58k
74351,1.2239364385604858,,,,,hero-wd-gate-router-p02-step58k
74364,1.244377613067627,,,,,hero-wd-gate-router-p02-step58k
74371,1.2437412738800049,,,,,hero-wd-gate-router-p02-step58k
74373,1.2310597896575928,,,,,hero-wd-gate-router-p02-step58k
74378,1.2345433235168457,,,,,hero-wd-gate-router-p02-step58k
74391,1.231839895248413,,,,,hero-wd-gate-router-p02-step58k
74477,1.2304468154907227,,,,,hero-wd-gate-router-p02-step58k
74482,1.2254928350448608,,,,,hero-wd-gate-router-p02-step58k
74486,1.2340008020401,,,,,hero-wd-gate-router-p02-step58k
74504,1.2229260206222534,,,,,hero-wd-gate-router-p02-step58k
74505,1.2246179580688477,,,,,hero-wd-gate-router-p02-step58k
74536,1.2270437479019165,,,,,hero-wd-gate-router-p02-step58k
74565,1.2425227165222168,,,,,hero-wd-gate-router-p02-step58k
74568,1.227496862411499,,,,,hero-wd-gate-router-p02-step58k
74590,1.2359519004821777,,,,,hero-wd-gate-router-p02-step58k
74615,1.2253131866455078,,,,,hero-wd-gate-router-p02-step58k
74617,1.2372912168502808,,,,,hero-wd-gate-router-p02-step58k
74636,1.2332755327224731,,,,,hero-wd-gate-router-p02-step58k
74641,1.2212876081466675,,,,,hero-wd-gate-router-p02-step58k
74652,1.2308703660964966,,,,,hero-wd-gate-router-p02-step58k
74720,1.2334963083267212,,,,,hero-wd-gate-router-p02-step58k
74731,1.2433137893676758,,,,,hero-wd-gate-router-p02-step58k
74736,1.226427674293518,,,,,hero-wd-gate-router-p02-step58k
74754,1.2328226566314697,,,,,hero-wd-gate-router-p02-step58k
74780,1.2316956520080566,,,,,hero-wd-gate-router-p02-step58k
74822,1.2441602945327759,,,,,hero-wd-gate-router-p02-step58k
74853,1.2228164672851562,,,,,hero-wd-gate-router-p02-step58k
74855,1.223729133605957,,,,,hero-wd-gate-router-p02-step58k
74866,1.2480354309082031,,,,,hero-wd-gate-router-p02-step58k
74868,1.2280863523483276,,,,,hero-wd-gate-router-p02-step58k
74871,1.2378054857254028,,,,,hero-wd-gate-router-p02-step58k
74883,1.228712558746338,,,,,hero-wd-gate-router-p02-step58k
74930,1.2292591333389282,,,,,hero-wd-gate-router-p02-step58k
74949,1.2380833625793457,,,,,hero-wd-gate-router-p02-step58k
74951,1.2240808010101318,,,,,hero-wd-gate-router-p02-step58k
74976,1.224008321762085,,,,,hero-wd-gate-router-p02-step58k
74987,1.2336478233337402,,,,,hero-wd-gate-router-p02-step58k
74999,1.227681279182434,,2.305534839630127,,2.0694453716278076,hero-wd-gate-router-p02-step58k
75006,1.223223328590393,,,,,hero-wd-gate-router-p02-step58k
75011,1.2245994806289673,,,,,hero-wd-gate-router-p02-step58k
75015,1.2443428039550781,,,,,hero-wd-gate-router-p02-step58k
75042,1.2266287803649902,,,,,hero-wd-gate-router-p02-step58k
75059,1.2221713066101074,,,,,hero-wd-gate-router-p02-step58k
75076,1.2274595499038696,,,,,hero-wd-gate-router-p02-step58k
75134,1.2304977178573608,,,,,hero-wd-gate-router-p02-step58k
75151,1.2225446701049805,,,,,hero-wd-gate-router-p02-step58k
75158,1.2278133630752563,,,,,hero-wd-gate-router-p02-step58k
75187,1.2331770658493042,,,,,hero-wd-gate-router-p02-step58k
75199,1.2305855751037598,,,,,hero-wd-gate-router-p02-step58k
75209,1.2256138324737549,,,,,hero-wd-gate-router-p02-step58k
75221,1.2432447671890259,,,,,hero-wd-gate-router-p02-step58k
75242,1.2221570014953613,,,,,hero-wd-gate-router-p02-step58k
75246,1.2295416593551636,,,,,hero-wd-gate-router-p02-step58k
75266,1.230291724205017,,,,,hero-wd-gate-router-p02-step58k
75270,1.2377249002456665,,,,,hero-wd-gate-router-p02-step58k
75271,1.237708330154419,,,,,hero-wd-gate-router-p02-step58k
75301,1.2281887531280518,,,,,hero-wd-gate-router-p02-step58k
75311,1.2431628704071045,,,,,hero-wd-gate-router-p02-step58k
75383,1.2327607870101929,,,,,hero-wd-gate-router-p02-step58k
75390,1.23512601852417,,,,,hero-wd-gate-router-p02-step58k
75413,1.2494572401046753,,,,,hero-wd-gate-router-p02-step58k
75431,1.2397865056991577,,,,,hero-wd-gate-router-p02-step58k
75437,1.2447999715805054,,,,,hero-wd-gate-router-p02-step58k
75440,1.246199131011963,,,,,hero-wd-gate-router-p02-step58k
75445,1.242291808128357,,,,,hero-wd-gate-router-p02-step58k
75452,1.2255312204360962,,,,,hero-wd-gate-router-p02-step58k
75456,1.2296321392059326,,,,,hero-wd-gate-router-p02-step58k
75461,1.2329694032669067,,,,,hero-wd-gate-router-p02-step58k
75465,1.2380008697509766,,,,,hero-wd-gate-router-p02-step58k
75472,1.2387611865997314,,,,,hero-wd-gate-router-p02-step58k
75488,1.2417463064193726,,,,,hero-wd-gate-router-p02-step58k
75520,1.2448567152023315,,,,,hero-wd-gate-router-p02-step58k
75545,1.2197012901306152,,,,,hero-wd-gate-router-p02-step58k
75555,1.2398070096969604,,,,,hero-wd-gate-router-p02-step58k
75566,1.231627345085144,,,,,hero-wd-gate-router-p02-step58k
75616,1.2290623188018799,,,,,hero-wd-gate-router-p02-step58k
75621,1.237687110900879,,,,,hero-wd-gate-router-p02-step58k
75640,1.2395297288894653,,,,,hero-wd-gate-router-p02-step58k
75669,1.2224979400634766,,,,,hero-wd-gate-router-p02-step58k
75674,1.2331963777542114,,,,,hero-wd-gate-router-p02-step58k
75692,1.2274930477142334,,,,,hero-wd-gate-router-p02-step58k
75699,1.2268935441970825,,,,,hero-wd-gate-router-p02-step58k
75730,1.2320220470428467,,,,,hero-wd-gate-router-p02-step58k
75739,1.2342334985733032,,,,,hero-wd-gate-router-p02-step58k
75740,1.2340116500854492,,,,,hero-wd-gate-router-p02-step58k
75746,1.2305573225021362,,,,,hero-wd-gate-router-p02-step58k
75752,1.2324880361557007,,,,,hero-wd-gate-router-p02-step58k
75757,1.2449837923049927,,,,,hero-wd-gate-router-p02-step58k
75759,1.2320914268493652,,,,,hero-wd-gate-router-p02-step58k
75762,1.2321984767913818,,,,,hero-wd-gate-router-p02-step58k
75787,1.2395228147506714,,,,,hero-wd-gate-router-p02-step58k
75788,1.2303876876831055,,,,,hero-wd-gate-router-p02-step58k
75793,1.2238142490386963,,,,,hero-wd-gate-router-p02-step58k
75809,1.2257894277572632,,,,,hero-wd-gate-router-p02-step58k
75812,1.226245403289795,,,,,hero-wd-gate-router-p02-step58k
75813,1.221630573272705,,,,,hero-wd-gate-router-p02-step58k
75864,1.2383151054382324,,,,,hero-wd-gate-router-p02-step58k
75874,1.2308331727981567,,,,,hero-wd-gate-router-p02-step58k
75877,1.2304000854492188,,,,,hero-wd-gate-router-p02-step58k
75880,1.2338554859161377,,,,,hero-wd-gate-router-p02-step58k
75886,1.244696855545044,,,,,hero-wd-gate-router-p02-step58k
75893,1.2362467050552368,,,,,hero-wd-gate-router-p02-step58k
75895,1.2334944009780884,,,,,hero-wd-gate-router-p02-step58k
75908,1.2330174446105957,,,,,hero-wd-gate-router-p02-step58k
75920,1.2466992139816284,,,,,hero-wd-gate-router-p02-step58k
75948,1.2369987964630127,,,,,hero-wd-gate-router-p02-step58k
75950,1.2333984375,,,,,hero-wd-gate-router-p02-step58k
75961,1.2537399530410767,,,,,hero-wd-gate-router-p02-step58k
75976,1.241041898727417,,,,,hero-wd-gate-router-p02-step58k
75995,1.2377734184265137,,,,,hero-wd-gate-router-p02-step58k
76002,1.2433518171310425,,,,,hero-wd-gate-router-p02-step58k
76013,1.2352638244628906,,,,,hero-wd-gate-router-p02-step58k
76028,1.2485344409942627,,,,,hero-wd-gate-router-p02-step58k
76032,1.2293280363082886,,,,,hero-wd-gate-router-p02-step58k
76037,1.2464481592178345,,,,,hero-wd-gate-router-p02-step58k
76050,1.2423264980316162,,,,,hero-wd-gate-router-p02-step58k
76076,1.2462157011032104,,,,,hero-wd-gate-router-p02-step58k
76081,1.2354085445404053,,,,,hero-wd-gate-router-p02-step58k
76088,1.233932614326477,,,,,hero-wd-gate-router-p02-step58k
76092,1.231378436088562,,,,,hero-wd-gate-router-p02-step58k
76098,1.2273640632629395,,,,,hero-wd-gate-router-p02-step58k
76118,1.223360300064087,,,,,hero-wd-gate-router-p02-step58k
76120,1.2185600996017456,,,,,hero-wd-gate-router-p02-step58k
76145,1.2303824424743652,,,,,hero-wd-gate-router-p02-step58k
76167,1.2432934045791626,,,,,hero-wd-gate-router-p02-step58k
76170,1.2251694202423096,,,,,hero-wd-gate-router-p02-step58k
76193,1.2362117767333984,,,,,hero-wd-gate-router-p02-step58k
76246,1.2276206016540527,,,,,hero-wd-gate-router-p02-step58k
76263,1.2378833293914795,,,,,hero-wd-gate-router-p02-step58k
76272,1.239081621170044,,,,,hero-wd-gate-router-p02-step58k
76297,1.228087067604065,,,,,hero-wd-gate-router-p02-step58k
76299,1.234526515007019,,,,,hero-wd-gate-router-p02-step58k
76306,1.222686529159546,,,,,hero-wd-gate-router-p02-step58k
76331,1.2258553504943848,,,,,hero-wd-gate-router-p02-step58k
76357,1.232212781906128,,,,,hero-wd-gate-router-p02-step58k
76370,1.2405842542648315,,,,,hero-wd-gate-router-p02-step58k
76461,1.2351292371749878,,,,,hero-wd-gate-router-p02-step58k
76490,1.2431910037994385,,,,,hero-wd-gate-router-p02-step58k
76494,1.226800560951233,,,,,hero-wd-gate-router-p02-step58k
76533,1.2208411693572998,,,,,hero-wd-gate-router-p02-step58k
76546,1.2354379892349243,,,,,hero-wd-gate-router-p02-step58k
76565,1.2246540784835815,,,,,hero-wd-gate-router-p02-step58k
76596,1.2351536750793457,,,,,hero-wd-gate-router-p02-step58k
76602,1.223762035369873,,,,,hero-wd-gate-router-p02-step58k
76607,1.2371222972869873,,,,,hero-wd-gate-router-p02-step58k
76611,1.2431238889694214,,,,,hero-wd-gate-router-p02-step58k
76627,1.2428758144378662,,,,,hero-wd-gate-router-p02-step58k
76634,1.2348345518112183,,,,,hero-wd-gate-router-p02-step58k
76644,1.2451823949813843,,,,,hero-wd-gate-router-p02-step58k
76656,1.2377996444702148,,,,,hero-wd-gate-router-p02-step58k
76657,1.2324284315109253,,,,,hero-wd-gate-router-p02-step58k
76694,1.2337206602096558,,,,,hero-wd-gate-router-p02-step58k
76713,1.237416386604309,,,,,hero-wd-gate-router-p02-step58k
76730,1.2330260276794434,,,,,hero-wd-gate-router-p02-step58k
76732,1.2389235496520996,,,,,hero-wd-gate-router-p02-step58k
76742,1.2305002212524414,,,,,hero-wd-gate-router-p02-step58k
76747,1.2413097620010376,,,,,hero-wd-gate-router-p02-step58k
76757,1.2352548837661743,,,,,hero-wd-gate-router-p02-step58k
76764,1.2336490154266357,,,,,hero-wd-gate-router-p02-step58k
76770,1.2375508546829224,,,,,hero-wd-gate-router-p02-step58k
76791,1.2282220125198364,,,,,hero-wd-gate-router-p02-step58k
76822,1.2285137176513672,,,,,hero-wd-gate-router-p02-step58k
76828,1.2201346158981323,,,,,hero-wd-gate-router-p02-step58k
76848,1.2354954481124878,,,,,hero-wd-gate-router-p02-step58k
76874,1.2383776903152466,,,,,hero-wd-gate-router-p02-step58k
76878,1.2291215658187866,,,,,hero-wd-gate-router-p02-step58k
76888,1.2400437593460083,,,,,hero-wd-gate-router-p02-step58k
76894,1.234405279159546,,,,,hero-wd-gate-router-p02-step58k
76895,1.2386484146118164,,,,,hero-wd-gate-router-p02-step58k
76922,1.2335199117660522,,,,,hero-wd-gate-router-p02-step58k
76923,1.2339824438095093,,,,,hero-wd-gate-router-p02-step58k
76934,1.2309000492095947,,,,,hero-wd-gate-router-p02-step58k
76935,1.2260016202926636,,,,,hero-wd-gate-router-p02-step58k
76942,1.2419594526290894,,,,,hero-wd-gate-router-p02-step58k
76980,1.2300817966461182,,,,,hero-wd-gate-router-p02-step58k
76988,1.2311608791351318,,,,,hero-wd-gate-router-p02-step58k
76992,1.2217402458190918,,,,,hero-wd-gate-router-p02-step58k
77014,1.2220183610916138,,,,,hero-wd-gate-router-p02-step58k
77023,1.2330816984176636,,,,,hero-wd-gate-router-p02-step58k
77044,1.2338354587554932,,,,,hero-wd-gate-router-p02-step58k
77057,1.2316902875900269,,,,,hero-wd-gate-router-p02-step58k
77078,1.2144287824630737,,,,,hero-wd-gate-router-p02-step58k
77089,1.2191898822784424,,,,,hero-wd-gate-router-p02-step58k
77110,1.2348867654800415,,,,,hero-wd-gate-router-p02-step58k
77140,1.2373701333999634,,,,,hero-wd-gate-router-p02-step58k
77151,1.2339692115783691,,,,,hero-wd-gate-router-p02-step58k
77157,1.228743314743042,,,,,hero-wd-gate-router-p02-step58k
77173,1.2387163639068604,,,,,hero-wd-gate-router-p02-step58k
77177,1.2302885055541992,,,,,hero-wd-gate-router-p02-step58k
77196,1.2365753650665283,,,,,hero-wd-gate-router-p02-step58k
77197,1.225263237953186,,,,,hero-wd-gate-router-p02-step58k
77209,1.2409908771514893,,,,,hero-wd-gate-router-p02-step58k
77215,1.2349773645401,,,,,hero-wd-gate-router-p02-step58k
77217,1.2360424995422363,,,,,hero-wd-gate-router-p02-step58k
77258,1.238014817237854,,,,,hero-wd-gate-router-p02-step58k
77259,1.2323178052902222,,,,,hero-wd-gate-router-p02-step58k
77265,1.2400895357131958,,,,,hero-wd-gate-router-p02-step58k
77267,1.2425578832626343,,,,,hero-wd-gate-router-p02-step58k
77286,1.2325583696365356,,,,,hero-wd-gate-router-p02-step58k
77297,1.2255253791809082,,,,,hero-wd-gate-router-p02-step58k
77316,1.2247369289398193,,,,,hero-wd-gate-router-p02-step58k
77344,1.229473352432251,,,,,hero-wd-gate-router-p02-step58k
77360,1.2125338315963745,,,,,hero-wd-gate-router-p02-step58k
77377,1.2395639419555664,,,,,hero-wd-gate-router-p02-step58k
77381,1.228355050086975,,,,,hero-wd-gate-router-p02-step58k
77403,1.220309853553772,,,,,hero-wd-gate-router-p02-step58k
77411,1.2238730192184448,,,,,hero-wd-gate-router-p02-step58k
77416,1.2362256050109863,,,,,hero-wd-gate-router-p02-step58k
77420,1.2455335855484009,,,,,hero-wd-gate-router-p02-step58k
77423,1.2378804683685303,,,,,hero-wd-gate-router-p02-step58k
77447,1.210684061050415,,,,,hero-wd-gate-router-p02-step58k
77456,1.2148972749710083,,,,,hero-wd-gate-router-p02-step58k
77519,1.2298892736434937,,,,,hero-wd-gate-router-p02-step58k
77546,1.2215856313705444,,,,,hero-wd-gate-router-p02-step58k
77560,1.239212989807129,,,,,hero-wd-gate-router-p02-step58k
77575,1.2347136735916138,,,,,hero-wd-gate-router-p02-step58k
77584,1.2272592782974243,,,,,hero-wd-gate-router-p02-step58k
77590,1.2249892950057983,,,,,hero-wd-gate-router-p02-step58k
77599,1.2358975410461426,,,,,hero-wd-gate-router-p02-step58k
77613,1.224966287612915,,,,,hero-wd-gate-router-p02-step58k
77629,1.22147536277771,,,,,hero-wd-gate-router-p02-step58k
77634,1.2400161027908325,,,,,hero-wd-gate-router-p02-step58k
77650,1.2278342247009277,,,,,hero-wd-gate-router-p02-step58k
77652,1.230453610420227,,,,,hero-wd-gate-router-p02-step58k
77683,1.233779788017273,,,,,hero-wd-gate-router-p02-step58k
77691,1.231692910194397,,,,,hero-wd-gate-router-p02-step58k
77737,1.233415961265564,,,,,hero-wd-gate-router-p02-step58k
77751,1.2313690185546875,,,,,hero-wd-gate-router-p02-step58k
77770,1.220192313194275,,,,,hero-wd-gate-router-p02-step58k
77771,1.2288309335708618,,,,,hero-wd-gate-router-p02-step58k
77784,1.2273905277252197,,,,,hero-wd-gate-router-p02-step58k
77786,1.2218202352523804,,,,,hero-wd-gate-router-p02-step58k
77814,1.2186578512191772,,,,,hero-wd-gate-router-p02-step58k
77827,1.224642038345337,,,,,hero-wd-gate-router-p02-step58k
77829,1.2256323099136353,,,,,hero-wd-gate-router-p02-step58k
77847,1.2232273817062378,,,,,hero-wd-gate-router-p02-step58k
77859,1.2349354028701782,,,,,hero-wd-gate-router-p02-step58k
77883,1.2239023447036743,,,,,hero-wd-gate-router-p02-step58k
77891,1.225828766822815,,,,,hero-wd-gate-router-p02-step58k
77894,1.2243036031723022,,,,,hero-wd-gate-router-p02-step58k
77898,1.225340485572815,,,,,hero-wd-gate-router-p02-step58k
77911,1.2240625619888306,,,,,hero-wd-gate-router-p02-step58k
77926,1.229873538017273,,,,,hero-wd-gate-router-p02-step58k
77938,1.2342630624771118,,,,,hero-wd-gate-router-p02-step58k
77949,1.2292529344558716,,,,,hero-wd-gate-router-p02-step58k
77966,1.2417978048324585,,,,,hero-wd-gate-router-p02-step58k
77987,1.2276115417480469,,,,,hero-wd-gate-router-p02-step58k
77994,1.229701042175293,,,,,hero-wd-gate-router-p02-step58k
77999,,,2.3052711486816406,,2.0638601779937744,hero-wd-gate-router-p02-step58k
78003,1.2235289812088013,,,,,hero-wd-gate-router-p02-step58k
78052,1.230246663093567,,,,,hero-wd-gate-router-p02-step58k
78088,1.2366259098052979,,,,,hero-wd-gate-router-p02-step58k
78107,1.2376738786697388,,,,,hero-wd-gate-router-p02-step58k
78112,1.2138501405715942,,,,,hero-wd-gate-router-p02-step58k
78121,1.2343822717666626,,,,,hero-wd-gate-router-p02-step58k
78129,1.2278910875320435,,,,,hero-wd-gate-router-p02-step58k
78172,1.2262016534805298,,,,,hero-wd-gate-router-p02-step58k
78200,1.2331743240356445,,,,,hero-wd-gate-router-p02-step58k
78215,1.2278648614883423,,,,,hero-wd-gate-router-p02-step58k
78222,1.249529480934143,,,,,hero-wd-gate-router-p02-step58k
78241,1.2342020273208618,,,,,hero-wd-gate-router-p02-step58k
78251,1.2359193563461304,,,,,hero-wd-gate-router-p02-step58k
78261,1.224880576133728,,,,,hero-wd-gate-router-p02-step58k
78264,1.2339445352554321,,,,,hero-wd-gate-router-p02-step58k
78279,1.2345491647720337,,,,,hero-wd-gate-router-p02-step58k
78281,1.2326804399490356,,,,,hero-wd-gate-router-p02-step58k
78283,1.233101725578308,,,,,hero-wd-gate-router-p02-step58k
78305,1.2255192995071411,,,,,hero-wd-gate-router-p02-step58k
78312,1.2211525440216064,,,,,hero-wd-gate-router-p02-step58k
78344,1.2283744812011719,,,,,hero-wd-gate-router-p02-step58k
78347,1.2247588634490967,,,,,hero-wd-gate-router-p02-step58k
78356,1.2303751707077026,,,,,hero-wd-gate-router-p02-step58k
78358,1.2307262420654297,,,,,hero-wd-gate-router-p02-step58k
78359,1.226552128791809,,,,,hero-wd-gate-router-p02-step58k
78364,1.221556544303894,,,,,hero-wd-gate-router-p02-step58k
78367,1.233091950416565,,,,,hero-wd-gate-router-p02-step58k
78414,1.2292684316635132,,,,,hero-wd-gate-router-p02-step58k
78475,1.225929856300354,,,,,hero-wd-gate-router-p02-step58k
78490,1.2330046892166138,,,,,hero-wd-gate-router-p02-step58k
78501,1.2201440334320068,,,,,hero-wd-gate-router-p02-step58k
78507,1.223685383796692,,,,,hero-wd-gate-router-p02-step58k
78526,1.2299774885177612,,,,,hero-wd-gate-router-p02-step58k
78528,1.229557752609253,,,,,hero-wd-gate-router-p02-step58k
78536,1.2316508293151855,,,,,hero-wd-gate-router-p02-step58k
78548,1.2382923364639282,,,,,hero-wd-gate-router-p02-step58k
78554,1.2327221632003784,,,,,hero-wd-gate-router-p02-step58k
78565,1.2297389507293701,,,,,hero-wd-gate-router-p02-step58k
78688,1.239417552947998,,,,,hero-wd-gate-router-p02-step58k
78700,1.2243592739105225,,,,,hero-wd-gate-router-p02-step58k
78718,1.233344316482544,,,,,hero-wd-gate-router-p02-step58k
78720,1.2427427768707275,,,,,hero-wd-gate-router-p02-step58k
78737,1.2258788347244263,,,,,hero-wd-gate-router-p02-step58k
78750,1.2405365705490112,,,,,hero-wd-gate-router-p02-step58k
78757,1.2352443933486938,,,,,hero-wd-gate-router-p02-step58k
78759,1.228934645652771,,,,,hero-wd-gate-router-p02-step58k
78765,1.2330355644226074,,,,,hero-wd-gate-router-p02-step58k
78775,1.2332630157470703,,,,,hero-wd-gate-router-p02-step58k
78787,1.2201387882232666,,,,,hero-wd-gate-router-p02-step58k
78792,1.2360073328018188,,,,,hero-wd-gate-router-p02-step58k
78798,1.2174906730651855,,,,,hero-wd-gate-router-p02-step58k
78813,1.2439454793930054,,,,,hero-wd-gate-router-p02-step58k
78830,1.2373309135437012,,,,,hero-wd-gate-router-p02-step58k
78857,1.232130527496338,,,,,hero-wd-gate-router-p02-step58k
78883,1.2387617826461792,,,,,hero-wd-gate-router-p02-step58k
78888,1.2349039316177368,,,,,hero-wd-gate-router-p02-step58k
78896,1.234898567199707,,,,,hero-wd-gate-router-p02-step58k
78926,1.2141584157943726,,,,,hero-wd-gate-router-p02-step58k
78956,1.2147321701049805,,,,,hero-wd-gate-router-p02-step58k
78964,1.2240773439407349,,,,,hero-wd-gate-router-p02-step58k
78991,1.233722448348999,,,,,hero-wd-gate-router-p02-step58k
78994,1.23556387424469,,,,,hero-wd-gate-router-p02-step58k
79003,1.2253308296203613,,,,,hero-wd-gate-router-p02-step58k
79016,1.2361019849777222,,,,,hero-wd-gate-router-p02-step58k
79042,1.2345061302185059,,,,,hero-wd-gate-router-p02-step58k
79054,1.2345998287200928,,,,,hero-wd-gate-router-p02-step58k
79055,1.2287514209747314,,,,,hero-wd-gate-router-p02-step58k
79086,1.2339223623275757,,,,,hero-wd-gate-router-p02-step58k
79105,1.2312448024749756,,,,,hero-wd-gate-router-p02-step58k
79106,1.2344251871109009,,,,,hero-wd-gate-router-p02-step58k
79111,1.2309938669204712,,,,,hero-wd-gate-router-p02-step58k
79122,1.2333061695098877,,,,,hero-wd-gate-router-p02-step58k
79146,1.2302978038787842,,,,,hero-wd-gate-router-p02-step58k
79179,1.2376586198806763,,,,,hero-wd-gate-router-p02-step58k
79199,1.2305105924606323,,,,,hero-wd-gate-router-p02-step58k
79215,1.2339264154434204,,,,,hero-wd-gate-router-p02-step58k
79257,1.2216579914093018,,,,,hero-wd-gate-router-p02-step58k
79263,1.2299922704696655,,,,,hero-wd-gate-router-p02-step58k
79292,1.2396869659423828,,,,,hero-wd-gate-router-p02-step58k
79311,1.2293791770935059,,,,,hero-wd-gate-router-p02-step58k
79327,1.2432838678359985,,,,,hero-wd-gate-router-p02-step58k
79332,1.2261544466018677,,,,,hero-wd-gate-router-p02-step58k
79374,1.2208034992218018,,,,,hero-wd-gate-router-p02-step58k
79377,1.2420449256896973,,,,,hero-wd-gate-router-p02-step58k
79399,1.2310174703598022,,,,,hero-wd-gate-router-p02-step58k
79432,1.2381129264831543,,,,,hero-wd-gate-router-p02-step58k
79447,1.2343958616256714,,,,,hero-wd-gate-router-p02-step58k
79461,1.2353334426879883,,,,,hero-wd-gate-router-p02-step58k
79473,1.2305506467819214,,,,,hero-wd-gate-router-p02-step58k
79483,1.2311345338821411,,,,,hero-wd-gate-router-p02-step58k
79510,1.2268227338790894,,,,,hero-wd-gate-router-p02-step58k
79525,1.2291709184646606,,,,,hero-wd-gate-router-p02-step58k
79575,1.2239636182785034,,,,,hero-wd-gate-router-p02-step58k
79588,1.2344435453414917,,,,,hero-wd-gate-router-p02-step58k
79635,1.2235122919082642,,,,,hero-wd-gate-router-p02-step58k
79647,1.22173011302948,,,,,hero-wd-gate-router-p02-step58k
79651,1.223285436630249,,,,,hero-wd-gate-router-p02-step58k
79673,1.2209422588348389,,,,,hero-wd-gate-router-p02-step58k
79679,1.2295316457748413,,,,,hero-wd-gate-router-p02-step58k
79693,1.230613350868225,,,,,hero-wd-gate-router-p02-step58k
79706,1.221467137336731,,,,,hero-wd-gate-router-p02-step58k
79712,1.2268075942993164,,,,,hero-wd-gate-router-p02-step58k
79788,1.2310283184051514,,,,,hero-wd-gate-router-p02-step58k
79794,1.219038963317871,,,,,hero-wd-gate-router-p02-step58k
79865,1.2197580337524414,,,,,hero-wd-gate-router-p02-step58k
79872,1.2212284803390503,,,,,hero-wd-gate-router-p02-step58k
79885,1.232667088508606,,,,,hero-wd-gate-router-p02-step58k
79891,1.2212777137756348,,,,,hero-wd-gate-router-p02-step58k
79896,1.2210100889205933,,,,,hero-wd-gate-router-p02-step58k
79937,1.2245173454284668,,,,,hero-wd-gate-router-p02-step58k
79959,1.225858211517334,,,,,hero-wd-gate-router-p02-step58k
79964,1.2233095169067383,,,,,hero-wd-gate-router-p02-step58k
79967,1.2285977602005005,,,,,hero-wd-gate-router-p02-step58k
79972,1.2245253324508667,,,,,hero-wd-gate-router-p02-step58k
79984,1.2345669269561768,,,,,hero-wd-gate-router-p02-step58k
79986,1.2270290851593018,,,,,hero-wd-gate-router-p02-step58k
79988,1.2360104322433472,,,,,hero-wd-gate-router-p02-step58k
80011,1.2290358543395996,,,,,hero-wd-gate-router-p02-step58k
80026,1.230375051498413,,,,,hero-wd-gate-router-p02-step58k
80033,1.236877202987671,,,,,hero-wd-gate-router-p02-step58k
80071,1.233699917793274,,,,,hero-wd-gate-router-p02-step58k
80081,1.2281948328018188,,,,,hero-wd-gate-router-p02-step58k
80096,1.2255339622497559,,,,,hero-wd-gate-router-p02-step58k
80172,1.227697491645813,,,,,hero-wd-gate-router-p02-step58k
80186,1.2272331714630127,,,,,hero-wd-gate-router-p02-step58k
80193,1.2405260801315308,,,,,hero-wd-gate-router-p02-step58k
80215,1.2224938869476318,,,,,hero-wd-gate-router-p02-step58k
80224,1.213935136795044,,,,,hero-wd-gate-router-p02-step58k
80233,1.2259459495544434,,,,,hero-wd-gate-router-p02-step58k
80268,1.2241154909133911,,,,,hero-wd-gate-router-p02-step58k
80286,1.2278165817260742,,,,,hero-wd-gate-router-p02-step58k
80300,1.2314850091934204,,,,,hero-wd-gate-router-p02-step58k
80307,1.225520372390747,,,,,hero-wd-gate-router-p02-step58k
80314,1.235443353652954,,,,,hero-wd-gate-router-p02-step58k
80360,1.2318450212478638,,,,,hero-wd-gate-router-p02-step58k
80406,1.2301503419876099,,,,,hero-wd-gate-router-p02-step58k
80409,1.2242637872695923,,,,,hero-wd-gate-router-p02-step58k
80412,1.2239961624145508,,,,,hero-wd-gate-router-p02-step58k
80417,1.2238037586212158,,,,,hero-wd-gate-router-p02-step58k
80431,1.2307177782058716,,,,,hero-wd-gate-router-p02-step58k
80446,1.2355116605758667,,,,,hero-wd-gate-router-p02-step58k
80450,1.2279157638549805,,,,,hero-wd-gate-router-p02-step58k
80452,1.2334368228912354,,,,,hero-wd-gate-router-p02-step58k
80471,1.2354021072387695,,,,,hero-wd-gate-router-p02-step58k
80473,1.2435401678085327,,,,,hero-wd-gate-router-p02-step58k
80474,1.23912513256073,,,,,hero-wd-gate-router-p02-step58k
80480,1.2268173694610596,,,,,hero-wd-gate-router-p02-step58k
80489,1.2467825412750244,,,,,hero-wd-gate-router-p02-step58k
80499,1.2254974842071533,,,,,hero-wd-gate-router-p02-step58k
80541,1.2420947551727295,,,,,hero-wd-gate-router-p02-step58k
80542,1.2297265529632568,,,,,hero-wd-gate-router-p02-step58k
80557,1.2378935813903809,,,,,hero-wd-gate-router-p02-step58k
80569,1.2456623315811157,,,,,hero-wd-gate-router-p02-step58k
80588,1.2218023538589478,,,,,hero-wd-gate-router-p02-step58k
80629,1.2407567501068115,,,,,hero-wd-gate-router-p02-step58k
80653,1.241908311843872,,,,,hero-wd-gate-router-p02-step58k
80688,1.2117565870285034,,,,,hero-wd-gate-router-p02-step58k
80696,1.2167255878448486,,,,,hero-wd-gate-router-p02-step58k
80697,1.2313600778579712,,,,,hero-wd-gate-router-p02-step58k
80712,1.217514991760254,,,,,hero-wd-gate-router-p02-step58k
80731,1.2415080070495605,,,,,hero-wd-gate-router-p02-step58k
80740,1.2319121360778809,,,,,hero-wd-gate-router-p02-step58k
80746,1.245428204536438,,,,,hero-wd-gate-router-p02-step58k
80747,1.2337062358856201,,,,,hero-wd-gate-router-p02-step58k
80758,1.225412130355835,,,,,hero-wd-gate-router-p02-step58k
80768,1.2400414943695068,,,,,hero-wd-gate-router-p02-step58k
80780,1.2348740100860596,,,,,hero-wd-gate-router-p02-step58k
80781,1.2258740663528442,,,,,hero-wd-gate-router-p02-step58k
80813,1.2265633344650269,,,,,hero-wd-gate-router-p02-step58k
80855,1.222761631011963,,,,,hero-wd-gate-router-p02-step58k
80870,1.2290630340576172,,,,,hero-wd-gate-router-p02-step58k
80871,1.226690411567688,,,,,hero-wd-gate-router-p02-step58k
80895,1.242984414100647,,,,,hero-wd-gate-router-p02-step58k
80926,1.2191559076309204,,,,,hero-wd-gate-router-p02-step58k
80930,1.2278690338134766,,,,,hero-wd-gate-router-p02-step58k
80957,1.2455493211746216,,,,,hero-wd-gate-router-p02-step58k
80983,1.2327158451080322,,,,,hero-wd-gate-router-p02-step58k
80998,1.2293747663497925,,,,,hero-wd-gate-router-p02-step58k
80999,,,2.30021333694458,,2.0602807998657227,hero-wd-gate-router-p02-step58k
81008,1.240154504776001,,,,,hero-wd-gate-router-p02-step58k
81020,1.2319096326828003,,,,,hero-wd-gate-router-p02-step58k
81030,1.2345714569091797,,,,,hero-wd-gate-router-p02-step58k
81047,1.235164761543274,,,,,hero-wd-gate-router-p02-step58k
81055,1.2343512773513794,,,,,hero-wd-gate-router-p02-step58k
81057,1.2278200387954712,,,,,hero-wd-gate-router-p02-step58k
81062,1.2279480695724487,,,,,hero-wd-gate-router-p02-step58k
81071,1.2365628480911255,,,,,hero-wd-gate-router-p02-step58k
81074,1.2330788373947144,,,,,hero-wd-gate-router-p02-step58k
81117,1.2414659261703491,,,,,hero-wd-gate-router-p02-step58k
81126,1.232758641242981,,,,,hero-wd-gate-router-p02-step58k
81138,1.2393548488616943,,,,,hero-wd-gate-router-p02-step58k
81141,1.2375175952911377,,,,,hero-wd-gate-router-p02-step58k
81150,1.2274216413497925,,,,,hero-wd-gate-router-p02-step58k
81193,1.2276614904403687,,,,,hero-wd-gate-router-p02-step58k
81199,1.2388896942138672,,,,,hero-wd-gate-router-p02-step58k
81247,1.225292444229126,,,,,hero-wd-gate-router-p02-step58k
81272,1.227132797241211,,,,,hero-wd-gate-router-p02-step58k
81274,1.232941746711731,,,,,hero-wd-gate-router-p02-step58k
81315,1.2200056314468384,,,,,hero-wd-gate-router-p02-step58k
81340,1.2457947731018066,,,,,hero-wd-gate-router-p02-step58k
81354,1.2470786571502686,,,,,hero-wd-gate-router-p02-step58k
81359,1.233415961265564,,,,,hero-wd-gate-router-p02-step58k
81363,1.2447432279586792,,,,,hero-wd-gate-router-p02-step58k
81370,1.2300151586532593,,,,,hero-wd-gate-router-p02-step58k
81394,1.2325114011764526,,,,,hero-wd-gate-router-p02-step58k
81401,1.2305775880813599,,,,,hero-wd-gate-router-p02-step58k
81402,1.2212380170822144,,,,,hero-wd-gate-router-p02-step58k
81464,1.2199485301971436,,,,,hero-wd-gate-router-p02-step58k
81468,1.2285066843032837,,,,,hero-wd-gate-router-p02-step58k
81482,1.2294503450393677,,,,,hero-wd-gate-router-p02-step58k
81489,1.2331358194351196,,,,,hero-wd-gate-router-p02-step58k
81497,1.2211518287658691,,,,,hero-wd-gate-router-p02-step58k
81514,1.2325488328933716,,,,,hero-wd-gate-router-p02-step58k
81521,1.2236390113830566,,,,,hero-wd-gate-router-p02-step58k
81548,1.2314746379852295,,,,,hero-wd-gate-router-p02-step58k
81561,1.2322070598602295,,,,,hero-wd-gate-router-p02-step58k
81581,1.2382291555404663,,,,,hero-wd-gate-router-p02-step58k
81598,1.2417737245559692,,,,,hero-wd-gate-router-p02-step58k
81650,1.2270649671554565,,,,,hero-wd-gate-router-p02-step58k
81653,1.2307775020599365,,,,,hero-wd-gate-router-p02-step58k
81671,1.233393907546997,,,,,hero-wd-gate-router-p02-step58k
81678,1.2212460041046143,,,,,hero-wd-gate-router-p02-step58k
81692,1.2363075017929077,,,,,hero-wd-gate-router-p02-step58k
81704,1.2250479459762573,,,,,hero-wd-gate-router-p02-step58k
81717,1.2421751022338867,,,,,hero-ragged_a2a-nccl2307-ep-step81k
81734,1.2223906517028809,,,,,hero-ragged_a2a-nccl2307-ep-step81k
81735,1.2452644109725952,,,,,hero-wd-gate-router-p02-step58k
81744,1.2377828359603882,,,,,hero-wd-gate-router-p02-step58k
81746,1.227624773979187,,,,,hero-ragged_a2a-nccl2307-ep-step81k
81764,1.221427083015442,,,,,hero-wd-gate-router-p02-step58k
81771,1.2265130281448364,,,,,hero-ragged_a2a-nccl2307-ep-step81k
81776,1.2318751811981201,,,,,hero-ragged_a2a-nccl2307-ep-step81k
81777,1.2320678234100342,,,,,hero-wd-gate-router-p02-step58k
81778,1.2270601987838745,,,,,hero-ragged_a2a-nccl2307-ep-step81k
81784,1.2337993383407593,,,,,hero-wd-gate-router-p02-step58k
81789,1.2249201536178589,,,,,hero-ragged_a2a-nccl2307-ep-step81k
81793,1.229727029800415,,,,,hero-wd-gate-router-p02-step58k
81803,1.218104600906372,,,,,hero-ragged_a2a-nccl2307-ep-step81k
81821,1.2177746295928955,,,,,hero-wd-gate-router-p02-step58k
81832,1.2314307689666748,,,,,hero-ragged_a2a-nccl2307-ep-step81k
81835,1.23483145236969,,,,,hero-wd-gate-router-p02-step58k
81836,1.2203404903411865,,,,,hero-wd-gate-router-p02-step58k
81845,1.2143439054489136,,,,,hero-ragged_a2a-nccl2307-ep-step81k
81845,1.2210536003112793,,,,,hero-wd-gate-router-p02-step58k
81848,1.2295444011688232,,,,,hero-wd-gate-router-p02-step58k
81852,1.2131810188293457,,,,,hero-wd-gate-router-p02-step58k
81867,1.2202577590942383,,,,,hero-ragged_a2a-nccl2307-ep-step81k
81869,1.2417106628417969,,,,,hero-wd-gate-router-p02-step58k
81877,1.2248132228851318,,,,,hero-wd-gate-router-p02-step58k
81890,1.225069522857666,,,,,hero-wd-gate-router-p02-step58k
81897,1.2221769094467163,,,,,hero-ragged_a2a-nccl2307-ep-step81k
81897,1.2289232015609741,,,,,hero-wd-gate-router-p02-step58k
81899,1.2256211042404175,,,,,hero-ragged_a2a-nccl2307-ep-step81k
81900,1.2135101556777954,,,,,hero-ragged_a2a-nccl2307-ep-step81k
81904,1.2210701704025269,,,,,hero-ragged_a2a-nccl2307-ep-step81k
81906,1.229507327079773,,,,,hero-wd-gate-router-p02-step58k
81915,1.217140793800354,,,,,hero-ragged_a2a-nccl2307-ep-step81k
81915,1.2238777875900269,,,,,hero-wd-gate-router-p02-step58k
81918,1.2289280891418457,,,,,hero-wd-gate-router-p02-step58k
81939,1.224338412284851,,,,,hero-ragged_a2a-nccl2307-ep-step81k
81943,1.2273714542388916,,,,,hero-ragged_a2a-nccl2307-ep-step81k
81985,1.2268786430358887,,,,,hero-ragged_a2a-nccl2307-ep-step81k
81989,1.2253639698028564,,,,,hero-ragged_a2a-nccl2307-ep-step81k
81995,1.226234793663025,,,,,hero-ragged_a2a-nccl2307-ep-step81k
81997,1.2170084714889526,,,,,hero-ragged_a2a-nccl2307-ep-step81k
81999,1.234596848487854,,,,,hero-ragged_a2a-nccl2307-ep-step81k
82006,1.2300652265548706,,,,,hero-ragged_a2a-nccl2307-ep-step81k
82010,1.2235015630722046,,,,,hero-ragged_a2a-nccl2307-ep-step81k
82018,1.2368083000183105,,,,,hero-ragged_a2a-nccl2307-ep-step81k
82029,1.2207374572753906,,,,,hero-ragged_a2a-nccl2307-ep-step81k
82032,1.2174118757247925,,,,,hero-ragged_a2a-nccl2307-ep-step81k
82037,1.2227040529251099,,,,,hero-ragged_a2a-nccl2307-ep-step81k
82038,1.2278202772140503,,,,,hero-ragged_a2a-nccl2307-ep-step81k
82046,1.2253339290618896,,,,,hero-ragged_a2a-nccl2307-ep-step81k
82047,1.2328027486801147,,,,,hero-ragged_a2a-nccl2307-ep-step81k
82059,1.2265033721923828,,,,,hero-ragged_a2a-nccl2307-ep-step81k
82068,1.2326171398162842,,,,,hero-ragged_a2a-nccl2307-ep-step81k
82076,1.219955563545227,,,,,hero-ragged_a2a-nccl2307-ep-step81k
82086,1.2213785648345947,,,,,hero-ragged_a2a-nccl2307-ep-step81k
82093,1.2264089584350586,,,,,hero-ragged_a2a-nccl2307-ep-step81k
82112,1.2272953987121582,,,,,hero-ragged_a2a-nccl2307-ep-step81k
82140,1.2176837921142578,,,,,hero-ragged_a2a-nccl2307-ep-step81k
82145,1.2255580425262451,,,,,hero-ragged_a2a-nccl2307-ep-step81k
82160,1.225305438041687,,,,,hero-ragged_a2a-nccl2307-ep-step81k
82161,1.2288532257080078,,,,,hero-ragged_a2a-nccl2307-ep-step81k
82184,1.2310813665390015,,,,,hero-ragged_a2a-nccl2307-ep-step81k
82195,1.2297146320343018,,,,,hero-ragged_a2a-nccl2307-ep-step81k
82208,1.2214030027389526,,,,,hero-ragged_a2a-nccl2307-ep-step81k
82217,1.218092679977417,,,,,hero-ragged_a2a-nccl2307-ep-step81k
82234,1.2150546312332153,,,,,hero-ragged_a2a-nccl2307-ep-step81k
82239,1.2134385108947754,,,,,hero-ragged_a2a-nccl2307-ep-step81k
82280,1.2246289253234863,,,,,hero-ragged_a2a-nccl2307-ep-step81k
82286,1.2137764692306519,,,,,hero-ragged_a2a-nccl2307-ep-step81k
82327,1.2156580686569214,,,,,hero-ragged_a2a-nccl2307-ep-step81k
82329,1.2244255542755127,,,,,hero-ragged_a2a-nccl2307-ep-step81k
82338,1.2181328535079956,,,,,hero-ragged_a2a-nccl2307-ep-step81k
82353,1.212169885635376,,,,,hero-ragged_a2a-nccl2307-ep-step81k
82358,1.2151492834091187,,,,,hero-ragged_a2a-nccl2307-ep-step81k
82365,1.2146669626235962,,,,,hero-ragged_a2a-nccl2307-ep-step81k
82369,1.2254326343536377,,,,,hero-ragged_a2a-nccl2307-ep-step81k
82396,1.2239819765090942,,,,,hero-ragged_a2a-nccl2307-ep-step81k
82408,1.2184375524520874,,,,,hero-ragged_a2a-nccl2307-ep-step81k
82414,1.2276432514190674,,,,,hero-ragged_a2a-nccl2307-ep-step81k
82423,1.2365858554840088,,,,,hero-ragged_a2a-nccl2307-ep-step81k
82445,1.2236878871917725,,,,,hero-ragged_a2a-nccl2307-ep-step81k
82449,1.2176960706710815,,,,,hero-ragged_a2a-nccl2307-ep-step81k
82467,1.2162349224090576,,,,,hero-ragged_a2a-nccl2307-ep-step81k
82472,1.2201544046401978,,,,,hero-ragged_a2a-nccl2307-ep-step81k
82484,1.225170612335205,,,,,hero-ragged_a2a-nccl2307-ep-step81k
82506,1.225170612335205,,,,,hero-ragged_a2a-nccl2307-ep-step81k
82518,1.2222355604171753,,,,,hero-ragged_a2a-nccl2307-ep-step81k
82552,1.2205156087875366,,,,,hero-ragged_a2a-nccl2307-ep-step81k
82554,1.2254056930541992,,,,,hero-ragged_a2a-nccl2307-ep-step81k
82556,1.2216309309005737,,,,,hero-ragged_a2a-nccl2307-ep-step81k
82562,1.2103207111358643,,,,,hero-ragged_a2a-nccl2307-ep-step81k
82583,1.217393159866333,,,,,hero-ragged_a2a-nccl2307-ep-step81k
82592,1.2187058925628662,,,,,hero-ragged_a2a-nccl2307-ep-step81k
82599,1.220268964767456,,,,,hero-ragged_a2a-nccl2307-ep-step81k
82600,1.2050760984420776,,,,,hero-ragged_a2a-nccl2307-ep-step81k
82620,1.2014174461364746,,,,,hero-ragged_a2a-nccl2307-ep-step81k
82625,1.2104345560073853,,,,,hero-ragged_a2a-nccl2307-ep-step81k
82627,1.2181705236434937,,,,,hero-ragged_a2a-nccl2307-ep-step81k
82635,1.2227473258972168,,,,,hero-ragged_a2a-nccl2307-ep-step81k
82640,1.2138495445251465,,,,,hero-ragged_a2a-nccl2307-ep-step81k
82643,1.2185389995574951,,,,,hero-ragged_a2a-nccl2307-ep-step81k
82655,1.232530951499939,,,,,hero-ragged_a2a-nccl2307-ep-step81k
82687,1.2293835878372192,,,,,hero-ragged_a2a-nccl2307-ep-step81k
82716,1.220587968826294,,,,,hero-ragged_a2a-nccl2307-ep-step81k
82749,1.2110992670059204,,,,,hero-ragged_a2a-nccl2307-ep-step81k
82750,1.222764015197754,,,,,hero-ragged_a2a-nccl2307-ep-step81k
82752,1.2183291912078857,,,,,hero-ragged_a2a-nccl2307-ep-step81k
82758,1.2164424657821655,,,,,hero-ragged_a2a-nccl2307-ep-step81k
82764,1.2155028581619263,,,,,hero-ragged_a2a-nccl2307-ep-step81k
82771,1.2229524850845337,,,,,hero-ragged_a2a-nccl2307-ep-step81k
82783,1.211421251296997,,,,,hero-ragged_a2a-nccl2307-ep-step81k
82788,1.2143347263336182,,,,,hero-ragged_a2a-nccl2307-ep-step81k
82791,1.215432047843933,,,,,hero-ragged_a2a-nccl2307-ep-step81k
82799,1.218464732170105,,,,,hero-ragged_a2a-nccl2307-ep-step81k
82816,1.2111955881118774,,,,,hero-ragged_a2a-nccl2307-ep-step81k
82845,1.2177304029464722,,,,,hero-ragged_a2a-nccl2307-ep-step81k
82849,1.2165696620941162,,,,,hero-ragged_a2a-nccl2307-ep-step81k
82858,1.2259401082992554,,,,,hero-ragged_a2a-nccl2307-ep-step81k
82866,1.216712474822998,,,,,hero-ragged_a2a-nccl2307-ep-step81k
82868,1.2224345207214355,,,,,hero-ragged_a2a-nccl2307-ep-step81k
82870,1.2090225219726562,,,,,hero-ragged_a2a-nccl2307-ep-step81k
82880,1.2193219661712646,,,,,hero-ragged_a2a-nccl2307-ep-step81k
82886,1.2130922079086304,,,,,hero-ragged_a2a-nccl2307-ep-step81k
82898,1.207459807395935,,,,,hero-ragged_a2a-nccl2307-ep-step81k
82923,1.2175679206848145,,,,,hero-ragged_a2a-nccl2307-ep-step81k
82925,1.2118730545043945,,,,,hero-ragged_a2a-nccl2307-ep-step81k
82928,1.2263706922531128,,,,,hero-ragged_a2a-nccl2307-ep-step81k
82929,1.2113600969314575,,,,,hero-ragged_a2a-nccl2307-ep-step81k
82935,1.2209522724151611,,,,,hero-ragged_a2a-nccl2307-ep-step81k
82979,1.2142431735992432,,,,,hero-ragged_a2a-nccl2307-ep-step81k
82981,1.2237564325332642,,,,,hero-ragged_a2a-nccl2307-ep-step81k
82995,1.2138028144836426,,,,,hero-ragged_a2a-nccl2307-ep-step81k
83086,1.2053650617599487,,,,,hero-ragged_a2a-nccl2307-ep-step81k
83087,1.2212443351745605,,,,,hero-ragged_a2a-nccl2307-ep-step81k
83097,1.2111467123031616,,,,,hero-ragged_a2a-nccl2307-ep-step81k
83115,1.2285609245300293,,,,,hero-ragged_a2a-nccl2307-ep-step81k
83128,1.221570611000061,,,,,hero-ragged_a2a-nccl2307-ep-step81k
83141,1.2182420492172241,,,,,hero-ragged_a2a-nccl2307-ep-step81k
83148,1.2046953439712524,,,,,hero-ragged_a2a-nccl2307-ep-step81k
83158,1.2064021825790405,,,,,hero-ragged_a2a-nccl2307-ep-step81k
83162,1.2219700813293457,,,,,hero-ragged_a2a-nccl2307-ep-step81k
83169,1.2254079580307007,,,,,hero-ragged_a2a-nccl2307-ep-step81k
83173,1.2305083274841309,,,,,hero-ragged_a2a-nccl2307-ep-step81k
83199,1.2153010368347168,,,,,hero-ragged_a2a-nccl2307-ep-step81k
83206,1.2221442461013794,,,,,hero-ragged_a2a-nccl2307-ep-step81k
83220,1.2354729175567627,,,,,hero-ragged_a2a-nccl2307-ep-step81k
83229,1.2239950895309448,,,,,hero-ragged_a2a-nccl2307-ep-step81k
83243,1.222173810005188,,,,,hero-ragged_a2a-nccl2307-ep-step81k
83246,1.2200982570648193,,,,,hero-ragged_a2a-nccl2307-ep-step81k
83247,1.212193489074707,,,,,hero-ragged_a2a-nccl2307-ep-step81k
83248,1.2137771844863892,,,,,hero-ragged_a2a-nccl2307-ep-step81k
83263,1.2197644710540771,,,,,hero-ragged_a2a-nccl2307-ep-step81k
83293,1.213199257850647,,,,,hero-ragged_a2a-nccl2307-ep-step81k
83303,1.2194517850875854,,,,,hero-ragged_a2a-nccl2307-ep-step81k
83322,1.2206412553787231,,,,,hero-ragged_a2a-nccl2307-ep-step81k
83324,1.2199687957763672,,,,,hero-ragged_a2a-nccl2307-ep-step81k
83339,1.2202447652816772,,,,,hero-ragged_a2a-nccl2307-ep-step81k
83368,1.2223531007766724,,,,,hero-ragged_a2a-nccl2307-ep-step81k
83384,1.2263596057891846,,,,,hero-ragged_a2a-nccl2307-ep-step81k
83396,1.232639193534851,,,,,hero-ragged_a2a-nccl2307-ep-step81k
83397,1.220841646194458,,,,,hero-ragged_a2a-nccl2307-ep-step81k
83400,1.215625286102295,,,,,hero-ragged_a2a-nccl2307-ep-step81k
83409,1.2085611820220947,,,,,hero-ragged_a2a-nccl2307-ep-step81k
83412,1.2221685647964478,,,,,hero-ragged_a2a-nccl2307-ep-step81k
83417,1.224640965461731,,,,,hero-ragged_a2a-nccl2307-ep-step81k
83425,1.2226699590682983,,,,,hero-ragged_a2a-nccl2307-ep-step81k
83440,1.2169561386108398,,,,,hero-ragged_a2a-nccl2307-ep-step81k
83447,1.216461420059204,,,,,hero-ragged_a2a-nccl2307-ep-step81k
83453,1.211756944656372,,,,,hero-ragged_a2a-nccl2307-ep-step81k
83456,1.2242558002471924,,,,,hero-ragged_a2a-nccl2307-ep-step81k
83470,1.2221801280975342,,,,,hero-ragged_a2a-nccl2307-ep-step81k
83475,1.2057533264160156,,,,,hero-ragged_a2a-nccl2307-ep-step81k
83485,1.2300457954406738,,,,,hero-ragged_a2a-nccl2307-ep-step81k
83511,1.2292933464050293,,,,,hero-ragged_a2a-nccl2307-ep-step81k
83512,1.2327247858047485,,,,,hero-ragged_a2a-nccl2307-ep-step81k
83558,1.232261300086975,,,,,hero-ragged_a2a-nccl2307-ep-step81k
83559,1.222999930381775,,,,,hero-ragged_a2a-nccl2307-ep-step81k
83573,1.2166972160339355,,,,,hero-ragged_a2a-nccl2307-ep-step81k
83575,1.2090082168579102,,,,,hero-ragged_a2a-nccl2307-ep-step81k
83590,1.2172001600265503,,,,,hero-ragged_a2a-nccl2307-ep-step81k
83619,1.2333858013153076,,,,,hero-ragged_a2a-nccl2307-ep-step81k
83625,1.2260571718215942,,,,,hero-ragged_a2a-nccl2307-ep-step81k
83629,1.2335364818572998,,,,,hero-ragged_a2a-nccl2307-ep-step81k
83632,1.2230104207992554,,,,,hero-ragged_a2a-nccl2307-ep-step81k
83636,1.2256866693496704,,,,,hero-ragged_a2a-nccl2307-ep-step81k
83639,1.2084778547286987,,,,,hero-ragged_a2a-nccl2307-ep-step81k
83660,1.2165993452072144,,,,,hero-ragged_a2a-nccl2307-ep-step81k
83672,1.2029459476470947,,,,,hero-ragged_a2a-nccl2307-ep-step81k
83676,1.2140024900436401,,,,,hero-ragged_a2a-nccl2307-ep-step81k
83684,1.2119032144546509,,,,,hero-ragged_a2a-nccl2307-ep-step81k
83710,1.2107746601104736,,,,,hero-ragged_a2a-nccl2307-ep-step81k
83717,1.2163912057876587,,,,,hero-ragged_a2a-nccl2307-ep-step81k
83724,1.2266181707382202,,,,,hero-ragged_a2a-nccl2307-ep-step81k
83750,1.2184901237487793,,,,,hero-ragged_a2a-nccl2307-ep-step81k
83751,1.2306934595108032,,,,,hero-ragged_a2a-nccl2307-ep-step81k
83772,1.2182700634002686,,,,,hero-ragged_a2a-nccl2307-ep-step81k
83788,1.223491907119751,,,,,hero-ragged_a2a-nccl2307-ep-step81k
83795,1.2295825481414795,,,,,hero-ragged_a2a-nccl2307-ep-step81k
83799,1.223393201828003,,,,,hero-ragged_a2a-nccl2307-ep-step81k
83824,1.214357614517212,,,,,hero-ragged_a2a-nccl2307-ep-step81k
83842,1.2284750938415527,,,,,hero-ragged_a2a-nccl2307-ep-step81k
83848,1.2222627401351929,,,,,hero-ragged_a2a-nccl2307-ep-step81k
83853,1.217660665512085,,,,,hero-ragged_a2a-nccl2307-ep-step81k
83856,1.2162792682647705,,,,,hero-ragged_a2a-nccl2307-ep-step81k
83869,1.2259211540222168,,,,,hero-ragged_a2a-nccl2307-ep-step81k
83883,1.2128088474273682,,,,,hero-ragged_a2a-nccl2307-ep-step81k
83899,1.2233541011810303,,,,,hero-ragged_a2a-nccl2307-ep-step81k
83906,1.2104270458221436,,,,,hero-ragged_a2a-nccl2307-ep-step81k
83914,1.2303063869476318,,,,,hero-ragged_a2a-nccl2307-ep-step81k
83917,1.2188608646392822,,,,,hero-ragged_a2a-nccl2307-ep-step81k
83925,1.2410492897033691,,,,,hero-ragged_a2a-nccl2307-ep-step81k
83931,1.2306808233261108,,,,,hero-ragged_a2a-nccl2307-ep-step81k
83961,1.2274858951568604,,,,,hero-ragged_a2a-nccl2307-ep-step81k
83976,1.2239265441894531,,,,,hero-ragged_a2a-nccl2307-ep-step81k
83982,1.234837293624878,,,,,hero-ragged_a2a-nccl2307-ep-step81k
83987,1.222174882888794,,,,,hero-ragged_a2a-nccl2307-ep-step81k
83999,,,2.2989606857299805,,2.062070846557617,hero-ragged_a2a-nccl2307-ep-step81k
84030,1.2090775966644287,,,,,hero-ragged_a2a-nccl2307-ep-step81k
84042,1.218644618988037,,,,,hero-ragged_a2a-nccl2307-ep-step81k
84054,1.2203971147537231,,,,,hero-ragged_a2a-nccl2307-ep-step81k
84083,1.2362616062164307,,,,,hero-ragged_a2a-nccl2307-ep-step81k
84090,1.2011349201202393,,,,,hero-ragged_a2a-nccl2307-ep-step81k
84091,1.2294658422470093,,,,,hero-ragged_a2a-nccl2307-ep-step81k
84093,1.2299864292144775,,,,,hero-ragged_a2a-nccl2307-ep-step81k
84100,1.2071326971054077,,,,,hero-ragged_a2a-nccl2307-ep-step81k
84104,1.2237446308135986,,,,,hero-ragged_a2a-nccl2307-ep-step81k
84120,1.219514012336731,,,,,hero-ragged_a2a-nccl2307-ep-step81k
84122,1.2100327014923096,,,,,hero-ragged_a2a-nccl2307-ep-step81k
84129,1.219008207321167,,,,,hero-ragged_a2a-nccl2307-ep-step81k
84133,1.218183994293213,,,,,hero-ragged_a2a-nccl2307-ep-step81k
84149,1.231613278388977,,,,,hero-ragged_a2a-nccl2307-ep-step81k
84161,1.2174103260040283,,,,,hero-ragged_a2a-nccl2307-ep-step81k
84168,1.2171539068222046,,,,,hero-ragged_a2a-nccl2307-ep-step81k
84173,1.2155660390853882,,,,,hero-ragged_a2a-nccl2307-ep-step81k
84175,1.2236989736557007,,,,,hero-ragged_a2a-nccl2307-ep-step81k
84177,1.2200183868408203,,,,,hero-ragged_a2a-nccl2307-ep-step81k
84179,1.2241390943527222,,,,,hero-ragged_a2a-nccl2307-ep-step81k
84180,1.2139276266098022,,,,,hero-ragged_a2a-nccl2307-ep-step81k
84193,1.2260812520980835,,,,,hero-ragged_a2a-nccl2307-ep-step81k
84201,1.232041358947754,,,,,hero-ragged_a2a-nccl2307-ep-step81k
84216,1.2112483978271484,,,,,hero-ragged_a2a-nccl2307-ep-step81k
84223,1.2237417697906494,,,,,hero-ragged_a2a-nccl2307-ep-step81k
84231,1.2316125631332397,,,,,hero-ragged_a2a-nccl2307-ep-step81k
84234,1.2273014783859253,,,,,hero-ragged_a2a-nccl2307-ep-step81k
84270,1.221518874168396,,,,,hero-ragged_a2a-nccl2307-ep-step81k
84273,1.23163640499115,,,,,hero-ragged_a2a-nccl2307-ep-step81k
84296,1.2269651889801025,,,,,hero-ragged_a2a-nccl2307-ep-step81k
84304,1.233108401298523,,,,,hero-ragged_a2a-nccl2307-ep-step81k
84322,1.2243127822875977,,,,,hero-ragged_a2a-nccl2307-ep-step81k
84327,1.2324880361557007,,,,,hero-ragged_a2a-nccl2307-ep-step81k
84331,1.2261772155761719,,,,,hero-ragged_a2a-nccl2307-ep-step81k
84350,1.2219951152801514,,,,,hero-ragged_a2a-nccl2307-ep-step81k
84351,1.2249034643173218,,,,,hero-ragged_a2a-nccl2307-ep-step81k
84370,1.2229796648025513,,,,,hero-ragged_a2a-nccl2307-ep-step81k
84394,1.2227312326431274,,,,,hero-ragged_a2a-nccl2307-ep-step81k
84417,1.222000002861023,,,,,hero-ragged_a2a-nccl2307-ep-step81k
84438,1.21551513671875,,,,,hero-ragged_a2a-nccl2307-ep-step81k
84440,1.2240993976593018,,,,,hero-ragged_a2a-nccl2307-ep-step81k
84464,1.231763243675232,,,,,hero-ragged_a2a-nccl2307-ep-step81k
84471,1.22573983669281,,,,,hero-ragged_a2a-nccl2307-ep-step81k
84482,1.2145733833312988,,,,,hero-ragged_a2a-nccl2307-ep-step81k
84493,1.208752155303955,,,,,hero-ragged_a2a-nccl2307-ep-step81k
84494,1.2133231163024902,,,,,hero-ragged_a2a-nccl2307-ep-step81k
84501,1.208101511001587,,,,,hero-ragged_a2a-nccl2307-ep-step81k
84502,1.2231664657592773,,,,,hero-ragged_a2a-nccl2307-ep-step81k
84503,1.2191996574401855,,,,,hero-ragged_a2a-nccl2307-ep-step81k
84540,1.2331043481826782,,,,,hero-ragged_a2a-nccl2307-ep-step81k
84552,1.2212988138198853,,,,,hero-ragged_a2a-nccl2307-ep-step81k
84574,1.21455979347229,,,,,hero-ragged_a2a-nccl2307-ep-step81k
84579,1.2034544944763184,,,,,hero-ragged_a2a-nccl2307-ep-step81k
84624,1.2133984565734863,,,,,hero-ragged_a2a-nccl2307-ep-step81k
84691,1.220378041267395,,,,,hero-ragged_a2a-nccl2307-ep-step81k
84700,1.2290664911270142,,,,,hero-ragged_a2a-nccl2307-ep-step81k
84722,1.2122621536254883,,,,,hero-ragged_a2a-nccl2307-ep-step81k
84751,1.229515552520752,,,,,hero-ragged_a2a-nccl2307-ep-step81k
84761,1.2235913276672363,,,,,hero-ragged_a2a-nccl2307-ep-step81k
84778,1.223952293395996,,,,,hero-ragged_a2a-nccl2307-ep-step81k
84786,1.2245687246322632,,,,,hero-ragged_a2a-nccl2307-ep-step81k
84792,1.2197766304016113,,,,,hero-ragged_a2a-nccl2307-ep-step81k
84807,1.2246854305267334,,,,,hero-ragged_a2a-nccl2307-ep-step81k
84808,1.2176154851913452,,,,,hero-ragged_a2a-nccl2307-ep-step81k
84819,1.2268773317337036,,,,,hero-ragged_a2a-nccl2307-ep-step81k
84838,1.2173207998275757,,,,,hero-ragged_a2a-nccl2307-ep-step81k
84872,1.2274720668792725,,,,,hero-ragged_a2a-nccl2307-ep-step81k
84896,1.2239145040512085,,,,,hero-ragged_a2a-nccl2307-ep-step81k
84900,1.2334861755371094,,,,,hero-ragged_a2a-nccl2307-ep-step81k
84904,1.2245113849639893,,,,,hero-ragged_a2a-nccl2307-ep-step81k
84914,1.2140703201293945,,,,,hero-ragged_a2a-nccl2307-ep-step81k
84916,1.2198569774627686,,,,,hero-ragged_a2a-nccl2307-ep-step81k
84936,1.2163227796554565,,,,,hero-ragged_a2a-nccl2307-ep-step81k
84970,1.2235027551651,,,,,hero-ragged_a2a-nccl2307-ep-step81k
84987,1.2231028079986572,,,,,hero-ragged_a2a-nccl2307-ep-step81k
85005,1.2192943096160889,,,,,hero-ragged_a2a-nccl2307-ep-step81k
85009,1.2210617065429688,,,,,hero-ragged_a2a-nccl2307-ep-step81k
85014,1.2381391525268555,,,,,hero-ragged_a2a-nccl2307-ep-step81k
85033,1.2193752527236938,,,,,hero-ragged_a2a-nccl2307-ep-step81k
85036,1.2112327814102173,,,,,hero-ragged_a2a-nccl2307-ep-step81k
85044,1.2178317308425903,,,,,hero-ragged_a2a-nccl2307-ep-step81k
85048,1.2124398946762085,,,,,hero-ragged_a2a-nccl2307-ep-step81k
85051,1.2273650169372559,,,,,hero-ragged_a2a-nccl2307-ep-step81k
85056,1.2256994247436523,,,,,hero-ragged_a2a-nccl2307-ep-step81k
85065,1.2116990089416504,,,,,hero-ragged_a2a-nccl2307-ep-step81k
85088,1.225724220275879,,,,,hero-ragged_a2a-nccl2307-ep-step81k
85089,1.2248555421829224,,,,,hero-ragged_a2a-nccl2307-ep-step81k
85107,1.2165484428405762,,,,,hero-ragged_a2a-nccl2307-ep-step81k
85114,1.2153016328811646,,,,,hero-ragged_a2a-nccl2307-ep-step81k
85123,1.2195944786071777,,,,,hero-ragged_a2a-nccl2307-ep-step81k
85140,1.2241743803024292,,,,,hero-ragged_a2a-nccl2307-ep-step81k
85141,1.2195433378219604,,,,,hero-ragged_a2a-nccl2307-ep-step81k
85155,1.2092499732971191,,,,,hero-ragged_a2a-nccl2307-ep-step81k
85157,1.2181057929992676,,,,,hero-ragged_a2a-nccl2307-ep-step81k
85163,1.2273281812667847,,,,,hero-ragged_a2a-nccl2307-ep-step81k
85221,1.2223891019821167,,,,,hero-ragged_a2a-nccl2307-ep-step81k
85274,1.223122000694275,,,,,hero-ragged_a2a-nccl2307-ep-step81k
85277,1.2204688787460327,,,,,hero-ragged_a2a-nccl2307-ep-step81k
85289,1.2134582996368408,,,,,hero-ragged_a2a-nccl2307-ep-step81k
85325,1.2109966278076172,,,,,hero-ragged_a2a-nccl2307-ep-step81k
85326,1.2178159952163696,,,,,hero-ragged_a2a-nccl2307-ep-step81k
85343,1.2250407934188843,,,,,hero-ragged_a2a-nccl2307-ep-step81k
85353,1.2274506092071533,,,,,hero-ragged_a2a-nccl2307-ep-step81k
85372,1.2201379537582397,,,,,hero-ragged_a2a-nccl2307-ep-step81k
85373,1.2216397523880005,,,,,hero-ragged_a2a-nccl2307-ep-step81k
85384,1.2316858768463135,,,,,hero-ragged_a2a-nccl2307-ep-step81k
85390,1.221055507659912,,,,,hero-ragged_a2a-nccl2307-ep-step81k
85405,1.212704062461853,,,,,hero-ragged_a2a-nccl2307-ep-step81k
85414,1.2207266092300415,,,,,hero-ragged_a2a-nccl2307-ep-step81k
85418,1.2216352224349976,,,,,hero-ragged_a2a-nccl2307-ep-step81k
85421,1.2302714586257935,,,,,hero-ragged_a2a-nccl2307-ep-step81k
85424,1.2264715433120728,,,,,hero-ragged_a2a-nccl2307-ep-step81k
85448,1.2218575477600098,,,,,hero-ragged_a2a-nccl2307-ep-step81k
85462,1.2215322256088257,,,,,hero-ragged_a2a-nccl2307-ep-step81k
85476,1.218834400177002,,,,,hero-ragged_a2a-nccl2307-ep-step81k
85503,1.231798529624939,,,,,hero-ragged_a2a-nccl2307-ep-step81k
85517,1.2270430326461792,,,,,hero-ragged_a2a-nccl2307-ep-step81k
85529,1.2287476062774658,,,,,hero-ragged_a2a-nccl2307-ep-step81k
85531,1.2313498258590698,,,,,hero-ragged_a2a-nccl2307-ep-step81k
85545,1.2189054489135742,,,,,hero-ragged_a2a-nccl2307-ep-step81k
85549,1.2089952230453491,,,,,hero-ragged_a2a-nccl2307-ep-step81k
85564,1.216020941734314,,,,,hero-ragged_a2a-nccl2307-ep-step81k
85584,1.219422698020935,,,,,hero-ragged_a2a-nccl2307-ep-step81k
85587,1.2293477058410645,,,,,hero-ragged_a2a-nccl2307-ep-step81k
85595,1.214857578277588,,,,,hero-ragged_a2a-nccl2307-ep-step81k
85612,1.2172199487686157,,,,,hero-ragged_a2a-nccl2307-ep-step81k
85617,1.214938998222351,,,,,hero-ragged_a2a-nccl2307-ep-step81k
85622,1.212584376335144,,,,,hero-ragged_a2a-nccl2307-ep-step81k
85628,1.2248573303222656,,,,,hero-ragged_a2a-nccl2307-ep-step81k
85641,1.2222481966018677,,,,,hero-ragged_a2a-nccl2307-ep-step81k
85652,1.22843599319458,,,,,hero-ragged_a2a-nccl2307-ep-step81k
85670,1.218813419342041,,,,,hero-ragged_a2a-nccl2307-ep-step81k
85679,1.2223232984542847,,,,,hero-ragged_a2a-nccl2307-ep-step81k
85686,1.2238689661026,,,,,hero-ragged_a2a-nccl2307-ep-step81k
85695,1.2126367092132568,,,,,hero-ragged_a2a-nccl2307-ep-step81k
85716,1.2296849489212036,,,,,hero-ragged_a2a-nccl2307-ep-step81k
85738,1.2291169166564941,,,,,hero-ragged_a2a-nccl2307-ep-step81k
85755,1.2226284742355347,,,,,hero-ragged_a2a-nccl2307-ep-step81k
85780,1.2261099815368652,,,,,hero-ragged_a2a-nccl2307-ep-step81k
85796,1.2413389682769775,,,,,hero-ragged_a2a-nccl2307-ep-step81k
85815,1.2320704460144043,,,,,hero-ragged_a2a-nccl2307-ep-step81k
85817,1.2234718799591064,,,,,hero-ragged_a2a-nccl2307-ep-step81k
85837,1.2183425426483154,,,,,hero-ragged_a2a-nccl2307-ep-step81k
85843,1.2145285606384277,,,,,hero-ragged_a2a-nccl2307-ep-step81k
85862,1.219167947769165,,,,,hero-ragged_a2a-nccl2307-ep-step81k
85879,1.2118011713027954,,,,,hero-ragged_a2a-nccl2307-ep-step81k
85881,1.228619933128357,,,,,hero-ragged_a2a-nccl2307-ep-step81k
85883,1.221562147140503,,,,,hero-ragged_a2a-nccl2307-ep-step81k
85884,1.22067391872406,,,,,hero-ragged_a2a-nccl2307-ep-step81k
85886,1.2188547849655151,,,,,hero-ragged_a2a-nccl2307-ep-step81k
85891,1.2312308549880981,,,,,hero-ragged_a2a-nccl2307-ep-step81k
85897,1.2281087636947632,,,,,hero-ragged_a2a-nccl2307-ep-step81k
85937,1.2220622301101685,,,,,hero-ragged_a2a-nccl2307-ep-step81k
85945,1.2258940935134888,,,,,hero-ragged_a2a-nccl2307-ep-step81k
85952,1.231839895248413,,,,,hero-ragged_a2a-nccl2307-ep-step81k
85958,1.2241686582565308,,,,,hero-ragged_a2a-nccl2307-ep-step81k
85968,1.2212488651275635,,,,,hero-ragged_a2a-nccl2307-ep-step81k
86026,1.2302799224853516,,,,,hero-ragged_a2a-nccl2307-ep-step81k
86049,1.233012318611145,,,,,hero-ragged_a2a-nccl2307-ep-step81k
86051,1.2254493236541748,,,,,hero-ragged_a2a-nccl2307-ep-step81k
86059,1.2333252429962158,,,,,hero-ragged_a2a-nccl2307-ep-step81k
86071,1.2251228094100952,,,,,hero-ragged_a2a-nccl2307-ep-step81k
86080,1.2328706979751587,,,,,hero-ragged_a2a-nccl2307-ep-step81k
86092,1.2206546068191528,,,,,hero-ragged_a2a-nccl2307-ep-step81k
86106,1.2269477844238281,,,,,hero-ragged_a2a-nccl2307-ep-step81k
86110,1.2260514497756958,,,,,hero-ragged_a2a-nccl2307-ep-step81k
86112,1.2409999370574951,,,,,hero-ragged_a2a-nccl2307-ep-step81k
86119,1.2232823371887207,,,,,hero-ragged_a2a-nccl2307-ep-step81k
86158,1.214073657989502,,,,,hero-ragged_a2a-nccl2307-ep-step81k
86188,1.231410026550293,,,,,hero-ragged_a2a-nccl2307-ep-step81k
86205,1.2202932834625244,,,,,hero-ragged_a2a-nccl2307-ep-step81k
86229,1.2250757217407227,,,,,hero-ragged_a2a-nccl2307-ep-step81k
86235,1.2227563858032227,,,,,hero-ragged_a2a-nccl2307-ep-step81k
86246,1.2285857200622559,,,,,hero-ragged_a2a-nccl2307-ep-step81k
86253,1.2153314352035522,,,,,hero-ragged_a2a-nccl2307-ep-step81k
86260,1.2340706586837769,,,,,hero-ragged_a2a-nccl2307-ep-step81k
86263,1.2249685525894165,,,,,hero-ragged_a2a-nccl2307-ep-step81k
86265,1.2191131114959717,,,,,hero-ragged_a2a-nccl2307-ep-step81k
86281,1.2296810150146484,,,,,hero-ragged_a2a-nccl2307-ep-step81k
86283,1.2239491939544678,,,,,hero-ragged_a2a-nccl2307-ep-step81k
86306,1.231968879699707,,,,,hero-ragged_a2a-nccl2307-ep-step81k
86312,1.2177590131759644,,,,,hero-ragged_a2a-nccl2307-ep-step81k
86317,1.2125904560089111,,,,,hero-ragged_a2a-nccl2307-ep-step81k
86319,1.2201586961746216,,,,,hero-ragged_a2a-nccl2307-ep-step81k
86331,1.2337957620620728,,,,,hero-ragged_a2a-nccl2307-ep-step81k
86339,1.2355965375900269,,,,,hero-ragged_a2a-nccl2307-ep-step81k
86352,1.2375036478042603,,,,,hero-ragged_a2a-nccl2307-ep-step81k
86364,1.2215828895568848,,,,,hero-ragged_a2a-nccl2307-ep-step81k
86386,1.228319525718689,,,,,hero-ragged_a2a-nccl2307-ep-step81k
86424,1.2112014293670654,,,,,hero-ragged_a2a-nccl2307-ep-step81k
86438,1.226516604423523,,,,,hero-ragged_a2a-nccl2307-ep-step81k
86448,1.2205407619476318,,,,,hero-ragged_a2a-nccl2307-ep-step81k
86475,1.2178722620010376,,,,,hero-ragged_a2a-nccl2307-ep-step81k
86480,1.217492699623108,,,,,hero-ragged_a2a-nccl2307-ep-step81k
86492,1.2226982116699219,,,,,hero-ragged_a2a-nccl2307-ep-step81k
86522,1.2179739475250244,,,,,hero-ragged_a2a-nccl2307-ep-step81k
86527,1.233424425125122,,,,,hero-ragged_a2a-nccl2307-ep-step81k
86541,1.2170815467834473,,,,,hero-ragged_a2a-nccl2307-ep-step81k
86569,1.223056435585022,,,,,hero-ragged_a2a-nccl2307-ep-step81k
86581,1.2243059873580933,,,,,hero-ragged_a2a-nccl2307-ep-step81k
86582,1.2112163305282593,,,,,hero-ragged_a2a-nccl2307-ep-step81k
86587,1.213925838470459,,,,,hero-ragged_a2a-nccl2307-ep-step81k
86591,1.213402509689331,,,,,hero-ragged_a2a-nccl2307-ep-step81k
86598,1.2222143411636353,,,,,hero-ragged_a2a-nccl2307-ep-step81k
86601,1.2224853038787842,,,,,hero-ragged_a2a-nccl2307-ep-step81k
86625,1.2314503192901611,,,,,hero-ragged_a2a-nccl2307-ep-step81k
86642,1.2376430034637451,,,,,hero-ragged_a2a-nccl2307-ep-step81k
86661,1.2205287218093872,,,,,hero-ragged_a2a-nccl2307-ep-step81k
86662,1.2168879508972168,,,,,hero-ragged_a2a-nccl2307-ep-step81k
86690,1.2187997102737427,,,,,hero-ragged_a2a-nccl2307-ep-step81k
86711,1.220401644706726,,,,,hero-ragged_a2a-nccl2307-ep-step81k
86712,1.222279667854309,,,,,hero-ragged_a2a-nccl2307-ep-step81k
86752,1.2195589542388916,,,,,hero-ragged_a2a-nccl2307-ep-step81k
86758,1.2232128381729126,,,,,hero-ragged_a2a-nccl2307-ep-step81k
86763,1.2245969772338867,,,,,hero-ragged_a2a-nccl2307-ep-step81k
86813,1.2089413404464722,,,,,hero-ragged_a2a-nccl2307-ep-step81k
86837,1.2122000455856323,,,,,hero-ragged_a2a-nccl2307-ep-step81k
86849,1.2140345573425293,,,,,hero-ragged_a2a-nccl2307-ep-step81k
86855,1.2138482332229614,,,,,hero-ragged_a2a-nccl2307-ep-step81k
86870,1.229205846786499,,,,,hero-ragged_a2a-nccl2307-ep-step81k
86884,1.2229284048080444,,,,,hero-ragged_a2a-nccl2307-ep-step81k
86889,1.217847466468811,,,,,hero-ragged_a2a-nccl2307-ep-step81k
86908,1.2153507471084595,,,,,hero-ragged_a2a-nccl2307-ep-step81k
86922,1.218709111213684,,,,,hero-ragged_a2a-nccl2307-ep-step81k
86935,1.2095422744750977,,,,,hero-ragged_a2a-nccl2307-ep-step81k
86945,1.212599277496338,,,,,hero-ragged_a2a-nccl2307-ep-step81k
86961,1.2318068742752075,,,,,hero-ragged_a2a-nccl2307-ep-step81k
86965,1.2199642658233643,,,,,hero-ragged_a2a-nccl2307-ep-step81k
86981,1.2192907333374023,,,,,hero-ragged_a2a-nccl2307-ep-step81k
86986,1.2178213596343994,,,,,hero-ragged_a2a-nccl2307-ep-step81k
86994,1.2247310876846313,,,,,hero-ragged_a2a-nccl2307-ep-step81k
86998,1.2297875881195068,,,,,hero-ragged_a2a-nccl2307-ep-step81k
86999,,,2.2978694438934326,,2.057288408279419,hero-ragged_a2a-nccl2307-ep-step81k
87023,1.207574486732483,,,,,hero-ragged_a2a-nccl2307-ep-step81k
87039,1.2252880334854126,,,,,hero-ragged_a2a-nccl2307-ep-step81k
87049,1.211893081665039,,,,,hero-ragged_a2a-nccl2307-ep-step81k
87051,1.2219632863998413,,,,,hero-ragged_a2a-nccl2307-ep-step81k
87072,1.223811388015747,,,,,hero-ragged_a2a-nccl2307-ep-step81k
87075,1.216630458831787,,,,,hero-ragged_a2a-nccl2307-ep-step81k
87103,1.2215290069580078,,,,,hero-ragged_a2a-nccl2307-ep-step81k
87122,1.2296092510223389,,,,,hero-ragged_a2a-nccl2307-ep-step81k
87124,1.2272865772247314,,,,,hero-ragged_a2a-nccl2307-ep-step81k
87166,1.2287639379501343,,,,,hero-ragged_a2a-nccl2307-ep-step81k
87176,1.2197868824005127,,,,,hero-ragged_a2a-nccl2307-ep-step81k
87181,1.2123891115188599,,,,,hero-ragged_a2a-nccl2307-ep-step81k
87190,1.2225556373596191,,,,,hero-ragged_a2a-nccl2307-ep-step81k
87204,1.2224526405334473,,,,,hero-ragged_a2a-nccl2307-ep-step81k
87246,1.218565583229065,,,,,hero-ragged_a2a-nccl2307-ep-step81k
87257,1.2204669713974,,,,,hero-ragged_a2a-nccl2307-ep-step81k
87262,1.2311328649520874,,,,,hero-ragged_a2a-nccl2307-ep-step81k
87270,1.228182077407837,,,,,hero-ragged_a2a-nccl2307-ep-step81k
87271,1.217507004737854,,,,,hero-ragged_a2a-nccl2307-ep-step81k
87275,1.22146475315094,,,,,hero-ragged_a2a-nccl2307-ep-step81k
87304,1.216968059539795,,,,,hero-ragged_a2a-nccl2307-ep-step81k
87321,1.2308229207992554,,,,,hero-ragged_a2a-nccl2307-ep-step81k
87324,1.2197034358978271,,,,,hero-ragged_a2a-nccl2307-ep-step81k
87326,1.2249929904937744,,,,,hero-ragged_a2a-nccl2307-ep-step81k
87332,1.2172670364379883,,,,,hero-ragged_a2a-nccl2307-ep-step81k
87360,1.2143983840942383,,,,,hero-ragged_a2a-nccl2307-ep-step81k
87370,1.2246309518814087,,,,,hero-ragged_a2a-nccl2307-ep-step81k
87375,1.2247989177703857,,,,,hero-ragged_a2a-nccl2307-ep-step81k
87420,1.230794906616211,,,,,hero-ragged_a2a-nccl2307-ep-step81k
87425,1.215649127960205,,,,,hero-ragged_a2a-nccl2307-ep-step81k
87426,1.2199348211288452,,,,,hero-ragged_a2a-nccl2307-ep-step81k
87435,1.2212468385696411,,,,,hero-ragged_a2a-nccl2307-ep-step81k
87447,1.2263760566711426,,,,,hero-ragged_a2a-nccl2307-ep-step81k
87459,1.2306485176086426,,,,,hero-ragged_a2a-nccl2307-ep-step81k
87460,1.2225687503814697,,,,,hero-ragged_a2a-nccl2307-ep-step81k
87474,1.2205839157104492,,,,,hero-ragged_a2a-nccl2307-ep-step81k
87481,1.2361708879470825,,,,,hero-ragged_a2a-nccl2307-ep-step81k
87505,1.2354435920715332,,,,,hero-ragged_a2a-nccl2307-ep-step81k
87521,1.2230929136276245,,,,,hero-ragged_a2a-nccl2307-ep-step81k
87538,1.2282679080963135,,,,,hero-ragged_a2a-nccl2307-ep-step81k
87540,1.2107597589492798,,,,,hero-ragged_a2a-nccl2307-ep-step81k
87543,1.2197529077529907,,,,,hero-ragged_a2a-nccl2307-ep-step81k
87544,1.2217214107513428,,,,,hero-ragged_a2a-nccl2307-ep-step81k
87558,1.2297354936599731,,,,,hero-ragged_a2a-nccl2307-ep-step81k
87581,1.2077616453170776,,,,,hero-ragged_a2a-nccl2307-ep-step81k
87582,1.2123514413833618,,,,,hero-ragged_a2a-nccl2307-ep-step81k
87593,1.2215023040771484,,,,,hero-ragged_a2a-nccl2307-ep-step81k
87594,1.2241144180297852,,,,,hero-ragged_a2a-nccl2307-ep-step81k
87641,1.2136057615280151,,,,,hero-ragged_a2a-nccl2307-ep-step81k
87650,1.2200427055358887,,,,,hero-ragged_a2a-nccl2307-ep-step81k
87652,1.2238249778747559,,,,,hero-ragged_a2a-nccl2307-ep-step81k
87659,1.2161680459976196,,,,,hero-ragged_a2a-nccl2307-ep-step81k
87675,1.2104517221450806,,,,,hero-ragged_a2a-nccl2307-ep-step81k
87678,1.2180864810943604,,,,,hero-ragged_a2a-nccl2307-ep-step81k
87694,1.217246651649475,,,,,hero-ragged_a2a-nccl2307-ep-step81k
87700,1.2242790460586548,,,,,hero-ragged_a2a-nccl2307-ep-step81k
87721,1.2204999923706055,,,,,hero-ragged_a2a-nccl2307-ep-step81k
87727,1.2256107330322266,,,,,hero-ragged_a2a-nccl2307-ep-step81k
87746,1.2132554054260254,,,,,hero-ragged_a2a-nccl2307-ep-step81k
87748,1.2206085920333862,,,,,hero-ragged_a2a-nccl2307-ep-step81k
87767,1.2118451595306396,,,,,hero-ragged_a2a-nccl2307-ep-step81k
87782,1.2201863527297974,,,,,hero-ragged_a2a-nccl2307-ep-step81k
87789,1.230780005455017,,,,,hero-ragged_a2a-nccl2307-ep-step81k
87794,1.227725863456726,,,,,hero-ragged_a2a-nccl2307-ep-step81k
87801,1.217208743095398,,,,,hero-ragged_a2a-nccl2307-ep-step81k
87807,1.2169959545135498,,,,,hero-ragged_a2a-nccl2307-ep-step81k
87813,1.209004521369934,,,,,hero-ragged_a2a-nccl2307-ep-step81k
87816,1.2181766033172607,,,,,hero-ragged_a2a-nccl2307-ep-step81k
87824,1.2210164070129395,,,,,hero-ragged_a2a-nccl2307-ep-step81k
87831,1.225994348526001,,,,,hero-ragged_a2a-nccl2307-ep-step81k
87846,1.215143084526062,,,,,hero-ragged_a2a-nccl2307-ep-step81k
87856,1.221470832824707,,,,,hero-ragged_a2a-nccl2307-ep-step81k
87871,1.2213481664657593,,,,,hero-ragged_a2a-nccl2307-ep-step81k
87884,1.224353551864624,,,,,hero-ragged_a2a-nccl2307-ep-step81k
87890,1.228773593902588,,,,,hero-ragged_a2a-nccl2307-ep-step81k
87900,1.225519061088562,,,,,hero-ragged_a2a-nccl2307-ep-step81k
87909,1.228118658065796,,,,,hero-ragged_a2a-nccl2307-ep-step81k
87917,1.2175344228744507,,,,,hero-ragged_a2a-nccl2307-ep-step81k
87920,1.2221755981445312,,,,,hero-ragged_a2a-nccl2307-ep-step81k
87923,1.2182117700576782,,,,,hero-ragged_a2a-nccl2307-ep-step81k
87928,1.2234538793563843,,,,,hero-ragged_a2a-nccl2307-ep-step81k
87936,1.2243326902389526,,,,,hero-ragged_a2a-nccl2307-ep-step81k
87973,1.2337212562561035,,,,,hero-ragged_a2a-nccl2307-ep-step81k
87998,1.2231113910675049,,,,,hero-ragged_a2a-nccl2307-ep-step81k
88009,1.226649522781372,,,,,hero-ragged_a2a-nccl2307-ep-step81k
88011,1.224737286567688,,,,,hero-ragged_a2a-nccl2307-ep-step81k
88071,1.2216516733169556,,,,,hero-ragged_a2a-nccl2307-ep-step81k
88083,1.2187467813491821,,,,,hero-ragged_a2a-nccl2307-ep-step81k
88097,1.2060312032699585,,,,,hero-ragged_a2a-nccl2307-ep-step81k
88165,1.2332112789154053,,,,,hero-ragged_a2a-nccl2307-ep-step81k
88167,1.2238386869430542,,,,,hero-ragged_a2a-nccl2307-ep-step81k
88173,1.2165988683700562,,,,,hero-ragged_a2a-nccl2307-ep-step81k
88183,1.2299963235855103,,,,,hero-ragged_a2a-nccl2307-ep-step81k
88199,1.2262871265411377,,,,,hero-ragged_a2a-nccl2307-ep-step81k
88227,1.2122339010238647,,,,,hero-ragged_a2a-nccl2307-ep-step81k
88229,1.2293696403503418,,,,,hero-ragged_a2a-nccl2307-ep-step81k
88231,1.2219477891921997,,,,,hero-ragged_a2a-nccl2307-ep-step81k
88240,1.2283763885498047,,,,,hero-ragged_a2a-nccl2307-ep-step81k
88250,1.2267862558364868,,,,,hero-ragged_a2a-nccl2307-ep-step81k
88252,1.2203190326690674,,,,,hero-ragged_a2a-nccl2307-ep-step81k
88269,1.2229366302490234,,,,,hero-ragged_a2a-nccl2307-ep-step81k
88298,1.217540979385376,,,,,hero-ragged_a2a-nccl2307-ep-step81k
88307,1.2165112495422363,,,,,hero-ragged_a2a-nccl2307-ep-step81k
88333,1.2213181257247925,,,,,hero-ragged_a2a-nccl2307-ep-step81k
88345,1.2284603118896484,,,,,hero-ragged_a2a-nccl2307-ep-step81k
88359,1.2191975116729736,,,,,hero-ragged_a2a-nccl2307-ep-step81k
88376,1.2273281812667847,,,,,hero-ragged_a2a-nccl2307-ep-step81k
88377,1.2175123691558838,,,,,hero-ragged_a2a-nccl2307-ep-step81k
88386,1.2183635234832764,,,,,hero-ragged_a2a-nccl2307-ep-step81k
88394,1.225807785987854,,,,,hero-ragged_a2a-nccl2307-ep-step81k
88427,1.2117760181427002,,,,,hero-ragged_a2a-nccl2307-ep-step81k
88432,1.22621488571167,,,,,hero-ragged_a2a-nccl2307-ep-step81k
88457,1.211635947227478,,,,,hero-ragged_a2a-nccl2307-ep-step81k
88458,1.2227277755737305,,,,,hero-ragged_a2a-nccl2307-ep-step81k
88459,1.2222636938095093,,,,,hero-ragged_a2a-nccl2307-ep-step81k
88463,1.2282098531723022,,,,,hero-ragged_a2a-nccl2307-ep-step81k
88488,1.212194800376892,,,,,hero-ragged_a2a-nccl2307-ep-step81k
88501,1.2065123319625854,,,,,hero-ragged_a2a-nccl2307-ep-step81k
88522,1.2301794290542603,,,,,hero-ragged_a2a-nccl2307-ep-step81k
88529,1.2214511632919312,,,,,hero-ragged_a2a-nccl2307-ep-step81k
88530,1.2197816371917725,,,,,hero-ragged_a2a-nccl2307-ep-step81k
88531,1.2303457260131836,,,,,hero-ragged_a2a-nccl2307-ep-step81k
88534,1.2083690166473389,,,,,hero-ragged_a2a-nccl2307-ep-step81k
88538,1.1961205005645752,,,,,hero-ragged_a2a-nccl2307-ep-step81k
88554,1.2197082042694092,,,,,hero-ragged_a2a-nccl2307-ep-step81k
88561,1.2197072505950928,,,,,hero-ragged_a2a-nccl2307-ep-step81k
88578,1.2213287353515625,,,,,hero-ragged_a2a-nccl2307-ep-step81k
88593,1.2118757963180542,,,,,hero-ragged_a2a-nccl2307-ep-step81k
88599,1.2124154567718506,,,,,hero-ragged_a2a-nccl2307-ep-step81k
88625,1.213114619255066,,,,,hero-ragged_a2a-nccl2307-ep-step81k
88672,1.244076132774353,,,,,hero-ragged_a2a-nccl2307-ep-step81k
88709,1.2248084545135498,,,,,hero-ragged_a2a-nccl2307-ep-step81k
88742,1.2217589616775513,,,,,hero-ragged_a2a-nccl2307-ep-step81k
88745,1.2182180881500244,,,,,hero-ragged_a2a-nccl2307-ep-step81k
88746,1.2228635549545288,,,,,hero-ragged_a2a-nccl2307-ep-step81k
88757,1.2231569290161133,,,,,hero-ragged_a2a-nccl2307-ep-step81k
88786,1.2211748361587524,,,,,hero-ragged_a2a-nccl2307-ep-step81k
88856,1.2210073471069336,,,,,hero-ragged_a2a-nccl2307-ep-step81k
88861,1.2140496969223022,,,,,hero-ragged_a2a-nccl2307-ep-step81k
88880,1.2187402248382568,,,,,hero-ragged_a2a-nccl2307-ep-step81k
88881,1.2243949174880981,,,,,hero-ragged_a2a-nccl2307-ep-step81k
88897,1.2151992321014404,,,,,hero-ragged_a2a-nccl2307-ep-step81k
88905,1.2177571058273315,,,,,hero-ragged_a2a-nccl2307-ep-step81k
88909,1.214295744895935,,,,,hero-ragged_a2a-nccl2307-ep-step81k
88925,1.2097924947738647,,,,,hero-ragged_a2a-nccl2307-ep-step81k
88938,1.2119390964508057,,,,,hero-ragged_a2a-nccl2307-ep-step81k
88941,1.2130160331726074,,,,,hero-ragged_a2a-nccl2307-ep-step81k
88942,1.2213397026062012,,,,,hero-ragged_a2a-nccl2307-ep-step81k
88950,1.1983040571212769,,,,,hero-ragged_a2a-nccl2307-ep-step81k
88975,1.2113548517227173,,,,,hero-ragged_a2a-nccl2307-ep-step81k
88976,1.2169877290725708,,,,,hero-ragged_a2a-nccl2307-ep-step81k
88986,1.224195122718811,,,,,hero-ragged_a2a-nccl2307-ep-step81k
89006,1.2243512868881226,,,,,hero-ragged_a2a-nccl2307-ep-step81k
89009,1.2159479856491089,,,,,hero-ragged_a2a-nccl2307-ep-step81k
89020,1.2045607566833496,,,,,hero-ragged_a2a-nccl2307-ep-step81k
89027,1.2203235626220703,,,,,hero-ragged_a2a-nccl2307-ep-step81k
89035,1.2161341905593872,,,,,hero-ragged_a2a-nccl2307-ep-step81k
89086,1.212111473083496,,,,,hero-ragged_a2a-nccl2307-ep-step81k
89090,1.2142362594604492,,,,,hero-ragged_a2a-nccl2307-ep-step81k
89111,1.208556056022644,,,,,hero-ragged_a2a-nccl2307-ep-step81k
89117,1.2201118469238281,,,,,hero-ragged_a2a-nccl2307-ep-step81k
89125,1.2172023057937622,,,,,hero-ragged_a2a-nccl2307-ep-step81k
89144,1.2098815441131592,,,,,hero-ragged_a2a-nccl2307-ep-step81k
89156,1.2065685987472534,,,,,hero-ragged_a2a-nccl2307-ep-step81k
89161,1.2152959108352661,,,,,hero-ragged_a2a-nccl2307-ep-step81k
89166,1.1973400115966797,,,,,hero-ragged_a2a-nccl2307-ep-step81k
89193,1.215500831604004,,,,,hero-ragged_a2a-nccl2307-ep-step81k
89200,1.2254410982131958,,,,,hero-ragged_a2a-nccl2307-ep-step81k
89212,1.2266055345535278,,,,,hero-ragged_a2a-nccl2307-ep-step81k
89219,1.2115089893341064,,,,,hero-ragged_a2a-nccl2307-ep-step81k
89241,1.2309321165084839,,,,,hero-ragged_a2a-nccl2307-ep-step81k
89242,1.2186435461044312,,,,,hero-ragged_a2a-nccl2307-ep-step81k
89247,1.217507004737854,,,,,hero-ragged_a2a-nccl2307-ep-step81k
89250,1.2136337757110596,,,,,hero-ragged_a2a-nccl2307-ep-step81k
89263,1.2133249044418335,,,,,hero-ragged_a2a-nccl2307-ep-step81k
89273,1.2104593515396118,,,,,hero-ragged_a2a-nccl2307-ep-step81k
89280,1.2132850885391235,,,,,hero-ragged_a2a-nccl2307-ep-step81k
89283,1.2202662229537964,,,,,hero-ragged_a2a-nccl2307-ep-step81k
89287,1.2316632270812988,,,,,hero-ragged_a2a-nccl2307-ep-step81k
89296,1.2102437019348145,,,,,hero-ragged_a2a-nccl2307-ep-step81k
89310,1.2215371131896973,,,,,hero-ragged_a2a-nccl2307-ep-step81k
89313,1.2130931615829468,,,,,hero-ragged_a2a-nccl2307-ep-step81k
89317,1.217494010925293,,,,,hero-ragged_a2a-nccl2307-ep-step81k
89326,1.2125461101531982,,,,,hero-ragged_a2a-nccl2307-ep-step81k
89342,1.211728572845459,,,,,hero-ragged_a2a-nccl2307-ep-step81k
89343,1.2155038118362427,,,,,hero-ragged_a2a-nccl2307-ep-step81k
89345,1.2143373489379883,,,,,hero-ragged_a2a-nccl2307-ep-step81k
89363,1.227256178855896,,,,,hero-ragged_a2a-nccl2307-ep-step81k
89367,1.2218886613845825,,,,,hero-ragged_a2a-nccl2307-ep-step81k
89372,1.2186776399612427,,,,,hero-ragged_a2a-nccl2307-ep-step81k
89379,1.2106999158859253,,,,,hero-ragged_a2a-nccl2307-ep-step81k
89384,1.2100197076797485,,,,,hero-ragged_a2a-nccl2307-ep-step81k
89388,1.2075061798095703,,,,,hero-ragged_a2a-nccl2307-ep-step81k
89391,1.2205435037612915,,,,,hero-ragged_a2a-nccl2307-ep-step81k
89393,1.2242488861083984,,,,,hero-ragged_a2a-nccl2307-ep-step81k
89400,1.2221940755844116,,,,,hero-ragged_a2a-nccl2307-ep-step81k
89420,1.2136965990066528,,,,,hero-ragged_a2a-nccl2307-ep-step81k
89428,1.2213329076766968,,,,,hero-ragged_a2a-nccl2307-ep-step81k
89443,1.2160277366638184,,,,,hero-ragged_a2a-nccl2307-ep-step81k
89446,1.2265211343765259,,,,,hero-ragged_a2a-nccl2307-ep-step81k
89461,1.2172716856002808,,,,,hero-ragged_a2a-nccl2307-ep-step81k
89468,1.218799114227295,,,,,hero-ragged_a2a-nccl2307-ep-step81k
89469,1.207828402519226,,,,,hero-ragged_a2a-nccl2307-ep-step81k
89478,1.211674690246582,,,,,hero-ragged_a2a-nccl2307-ep-step81k
89493,1.2234361171722412,,,,,hero-ragged_a2a-nccl2307-ep-step81k
89510,1.2225340604782104,,,,,hero-ragged_a2a-nccl2307-ep-step81k
89536,1.2211343050003052,,,,,hero-ragged_a2a-nccl2307-ep-step81k
89546,1.2218612432479858,,,,,hero-ragged_a2a-nccl2307-ep-step81k
89548,1.2312337160110474,,,,,hero-ragged_a2a-nccl2307-ep-step81k
89556,1.22004234790802,,,,,hero-ragged_a2a-nccl2307-ep-step81k
89579,1.2228013277053833,,,,,hero-ragged_a2a-nccl2307-ep-step81k
89582,1.2177091836929321,,,,,hero-ragged_a2a-nccl2307-ep-step81k
89607,1.2260075807571411,,,,,hero-ragged_a2a-nccl2307-ep-step81k
89614,1.2134344577789307,,,,,hero-ragged_a2a-nccl2307-ep-step81k
89637,1.225762128829956,,,,,hero-ragged_a2a-nccl2307-ep-step81k
89639,1.2223951816558838,,,,,hero-ragged_a2a-nccl2307-ep-step81k
89647,1.2209675312042236,,,,,hero-ragged_a2a-nccl2307-ep-step81k
89650,1.223184585571289,,,,,hero-ragged_a2a-nccl2307-ep-step81k
89651,1.2151488065719604,,,,,hero-ragged_a2a-nccl2307-ep-step81k
89652,1.2221447229385376,,,,,hero-ragged_a2a-nccl2307-ep-step81k
89658,1.2206486463546753,,,,,hero-ragged_a2a-nccl2307-ep-step81k
89659,1.2185200452804565,,,,,hero-ragged_a2a-nccl2307-ep-step81k
89668,1.2256507873535156,,,,,hero-ragged_a2a-nccl2307-ep-step81k
89711,1.2228211164474487,,,,,hero-ragged_a2a-nccl2307-ep-step81k
89719,1.218295693397522,,,,,hero-ragged_a2a-nccl2307-ep-step81k
89723,1.225978136062622,,,,,hero-ragged_a2a-nccl2307-ep-step81k
89730,1.2194507122039795,,,,,hero-ragged_a2a-nccl2307-ep-step81k
89733,1.231229305267334,,,,,hero-ragged_a2a-nccl2307-ep-step81k
89772,1.2215549945831299,,,,,hero-ragged_a2a-nccl2307-ep-step81k
89806,1.2082706689834595,,,,,hero-ragged_a2a-nccl2307-ep-step81k
89835,1.226773977279663,,,,,hero-ragged_a2a-nccl2307-ep-step81k
89884,1.2178560495376587,,,,,hero-ragged_a2a-nccl2307-ep-step81k
89885,1.219464898109436,,,,,hero-ragged_a2a-nccl2307-ep-step81k
89894,1.220044493675232,,,,,hero-ragged_a2a-nccl2307-ep-step81k
89897,1.2050303220748901,,,,,hero-ragged_a2a-nccl2307-ep-step81k
89911,1.215588092803955,,,,,hero-ragged_a2a-nccl2307-ep-step81k
89917,1.2205874919891357,,,,,hero-ragged_a2a-nccl2307-ep-step81k
89937,1.2137305736541748,,,,,hero-ragged_a2a-nccl2307-ep-step81k
89950,1.226102352142334,,,,,hero-ragged_a2a-nccl2307-ep-step81k
89955,1.2126333713531494,,,,,hero-ragged_a2a-nccl2307-ep-step81k
89963,1.2283434867858887,,,,,hero-ragged_a2a-nccl2307-ep-step81k
89972,1.2100162506103516,,,,,hero-ragged_a2a-nccl2307-ep-step81k
89985,1.2218631505966187,,,,,hero-ragged_a2a-nccl2307-ep-step81k
89994,1.2238091230392456,,,,,hero-ragged_a2a-nccl2307-ep-step81k
89999,,,2.295590877532959,,2.0576868057250977,hero-ragged_a2a-nccl2307-ep-step81k
90005,1.2218022346496582,,,,,hero-ragged_a2a-nccl2307-ep-step81k
90021,1.2184067964553833,,,,,hero-ragged_a2a-nccl2307-ep-step81k
90040,1.2270535230636597,,,,,hero-ragged_a2a-nccl2307-ep-step81k
90070,1.2114734649658203,,,,,hero-ragged_a2a-nccl2307-ep-step81k
90079,1.230411171913147,,,,,hero-ragged_a2a-nccl2307-ep-step81k
90089,1.2315739393234253,,,,,hero-ragged_a2a-nccl2307-ep-step81k
90093,1.2167385816574097,,,,,hero-ragged_a2a-nccl2307-ep-step81k
90096,1.2262126207351685,,,,,hero-ragged_a2a-nccl2307-ep-step81k
90123,1.2149357795715332,,,,,hero-ragged_a2a-nccl2307-ep-step81k
90125,1.2249923944473267,,,,,hero-ragged_a2a-nccl2307-ep-step81k
90132,1.2248151302337646,,,,,hero-ragged_a2a-nccl2307-ep-step81k
90157,1.2183383703231812,,,,,hero-ragged_a2a-nccl2307-ep-step81k
90160,1.2126128673553467,,,,,hero-ragged_a2a-nccl2307-ep-step81k
90161,1.2114222049713135,,,,,hero-ragged_a2a-nccl2307-ep-step81k
90163,1.2303928136825562,,,,,hero-ragged_a2a-nccl2307-ep-step81k
90181,1.2165958881378174,,,,,hero-ragged_a2a-nccl2307-ep-step81k
90191,1.224428415298462,,,,,hero-ragged_a2a-nccl2307-ep-step81k
90200,1.2212576866149902,,,,,hero-ragged_a2a-nccl2307-ep-step81k
90208,1.2253997325897217,,,,,hero-ragged_a2a-nccl2307-ep-step81k
90212,1.2210161685943604,,,,,hero-ragged_a2a-nccl2307-ep-step81k
90216,1.2330574989318848,,,,,hero-ragged_a2a-nccl2307-ep-step81k
90223,1.208303689956665,,,,,hero-ragged_a2a-nccl2307-ep-step81k
90229,1.22319495677948,,,,,hero-ragged_a2a-nccl2307-ep-step81k
90232,1.2259230613708496,,,,,hero-ragged_a2a-nccl2307-ep-step81k
90236,1.2101176977157593,,,,,hero-ragged_a2a-nccl2307-ep-step81k
90243,1.2343220710754395,,,,,hero-ragged_a2a-nccl2307-ep-step81k
90251,1.2266854047775269,,,,,hero-ragged_a2a-nccl2307-ep-step81k
90270,1.2180124521255493,,,,,hero-ragged_a2a-nccl2307-ep-step81k
90271,1.2287429571151733,,,,,hero-ragged_a2a-nccl2307-ep-step81k
90276,1.221315860748291,,,,,hero-ragged_a2a-nccl2307-ep-step81k
90282,1.2242822647094727,,,,,hero-ragged_a2a-nccl2307-ep-step81k
90289,1.2168442010879517,,,,,hero-ragged_a2a-nccl2307-ep-step81k
90292,1.216995358467102,,,,,hero-ragged_a2a-nccl2307-ep-step81k
90294,1.216015100479126,,,,,hero-ragged_a2a-nccl2307-ep-step81k
90313,1.231752872467041,,,,,hero-ragged_a2a-nccl2307-ep-step81k
90354,1.216324806213379,,,,,hero-ragged_a2a-nccl2307-ep-step81k
90372,1.2190546989440918,,,,,hero-ragged_a2a-nccl2307-ep-step81k
90381,1.2062820196151733,,,,,hero-ragged_a2a-nccl2307-ep-step81k
90389,1.2151720523834229,,,,,hero-ragged_a2a-nccl2307-ep-step81k
90400,1.2291496992111206,,,,,hero-ragged_a2a-nccl2307-ep-step81k
90403,1.2201735973358154,,,,,hero-ragged_a2a-nccl2307-ep-step81k
90410,1.2254328727722168,,,,,hero-ragged_a2a-nccl2307-ep-step81k
90411,1.2207984924316406,,,,,hero-ragged_a2a-nccl2307-ep-step81k
90416,1.2102824449539185,,,,,hero-ragged_a2a-nccl2307-ep-step81k
90435,1.2199680805206299,,,,,hero-ragged_a2a-nccl2307-ep-step81k
90465,1.2269772291183472,,,,,hero-ragged_a2a-nccl2307-ep-step81k
90467,1.220781683921814,,,,,hero-ragged_a2a-nccl2307-ep-step81k
90472,1.2212765216827393,,,,,hero-ragged_a2a-nccl2307-ep-step81k
90479,1.2235027551651,,,,,hero-ragged_a2a-nccl2307-ep-step81k
90483,1.2291079759597778,,,,,hero-ragged_a2a-nccl2307-ep-step81k
90497,1.22898268699646,,,,,hero-ragged_a2a-nccl2307-ep-step81k
90504,1.2245662212371826,,,,,hero-ragged_a2a-nccl2307-ep-step81k
90514,1.2206838130950928,,,,,hero-ragged_a2a-nccl2307-ep-step81k
90517,1.2176203727722168,,,,,hero-ragged_a2a-nccl2307-ep-step81k
90520,1.2137926816940308,,,,,hero-ragged_a2a-nccl2307-ep-step81k
90521,1.224446415901184,,,,,hero-ragged_a2a-nccl2307-ep-step81k
90541,1.226055383682251,,,,,hero-ragged_a2a-nccl2307-ep-step81k
90546,1.2249058485031128,,,,,hero-ragged_a2a-nccl2307-ep-step81k
90564,1.223199725151062,,,,,hero-ragged_a2a-nccl2307-ep-step81k
90566,1.2252707481384277,,,,,hero-ragged_a2a-nccl2307-ep-step81k
90585,1.2253062725067139,,,,,hero-ragged_a2a-nccl2307-ep-step81k
90601,1.2171814441680908,,,,,hero-ragged_a2a-nccl2307-ep-step81k
90608,1.210473656654358,,,,,hero-ragged_a2a-nccl2307-ep-step81k
90615,1.2202389240264893,,,,,hero-ragged_a2a-nccl2307-ep-step81k
90620,1.212217926979065,,,,,hero-ragged_a2a-nccl2307-ep-step81k
90641,1.212209939956665,,,,,hero-ragged_a2a-nccl2307-ep-step81k
90650,1.2189323902130127,,,,,hero-ragged_a2a-nccl2307-ep-step81k
90651,1.2355376482009888,,,,,hero-ragged_a2a-nccl2307-ep-step81k
90656,1.2107508182525635,,,,,hero-ragged_a2a-nccl2307-ep-step81k
90658,1.2120949029922485,,,,,hero-ragged_a2a-nccl2307-ep-step81k
90665,1.214704990386963,,,,,hero-ragged_a2a-nccl2307-ep-step81k
90673,1.2182384729385376,,,,,hero-ragged_a2a-nccl2307-ep-step81k
90686,1.2322636842727661,,,,,hero-ragged_a2a-nccl2307-ep-step81k
90692,1.215222716331482,,,,,hero-ragged_a2a-nccl2307-ep-step81k
90694,1.2197450399398804,,,,,hero-ragged_a2a-nccl2307-ep-step81k
90696,1.2070584297180176,,,,,hero-ragged_a2a-nccl2307-ep-step81k
90698,1.2227249145507812,,,,,hero-ragged_a2a-nccl2307-ep-step81k
90708,1.203558087348938,,,,,hero-ragged_a2a-nccl2307-ep-step81k
90736,1.2220817804336548,,,,,hero-ragged_a2a-nccl2307-ep-step81k
90750,1.2141122817993164,,,,,hero-ragged_a2a-nccl2307-ep-step81k
90757,1.2088286876678467,,,,,hero-ragged_a2a-nccl2307-ep-step81k
90759,1.2326058149337769,,,,,hero-ragged_a2a-nccl2307-ep-step81k
90760,1.2186992168426514,,,,,hero-ragged_a2a-nccl2307-ep-step81k
90761,1.216836929321289,,,,,hero-ragged_a2a-nccl2307-ep-step81k
90766,1.2214733362197876,,,,,hero-ragged_a2a-nccl2307-ep-step81k
90776,1.2297266721725464,,,,,hero-ragged_a2a-nccl2307-ep-step81k
90781,1.2243342399597168,,,,,hero-ragged_a2a-nccl2307-ep-step81k
90804,1.226131796836853,,,,,hero-ragged_a2a-nccl2307-ep-step81k
90805,1.2174016237258911,,,,,hero-ragged_a2a-nccl2307-ep-step81k
90818,1.2144759893417358,,,,,hero-ragged_a2a-nccl2307-ep-step81k
90819,1.226256251335144,,,,,hero-ragged_a2a-nccl2307-ep-step81k
90835,1.2194606065750122,,,,,hero-ragged_a2a-nccl2307-ep-step81k
90843,1.2087914943695068,,,,,hero-ragged_a2a-nccl2307-ep-step81k
90856,1.2124167680740356,,,,,hero-ragged_a2a-nccl2307-ep-step81k
90871,1.2141797542572021,,,,,hero-ragged_a2a-nccl2307-ep-step81k
90876,1.2169097661972046,,,,,hero-ragged_a2a-nccl2307-ep-step81k
90880,1.2205053567886353,,,,,hero-ragged_a2a-nccl2307-ep-step81k
90898,1.2145472764968872,,,,,hero-ragged_a2a-nccl2307-ep-step81k
90901,1.2095322608947754,,,,,hero-ragged_a2a-nccl2307-ep-step81k
90948,1.224388599395752,,,,,hero-ragged_a2a-nccl2307-ep-step81k
90989,1.2173634767532349,,,,,hero-ragged_a2a-nccl2307-ep-step81k
90997,1.231236457824707,,,,,hero-ragged_a2a-nccl2307-ep-step81k
91021,1.2220256328582764,,,,,hero-ragged_a2a-nccl2307-ep-step81k
91026,1.2275302410125732,,,,,hero-ragged_a2a-nccl2307-ep-step81k
91031,1.2220475673675537,,,,,hero-ragged_a2a-nccl2307-ep-step81k
91040,1.2154592275619507,,,,,hero-ragged_a2a-nccl2307-ep-step81k
91045,1.208174228668213,,,,,hero-ragged_a2a-nccl2307-ep-step81k
91046,1.2194982767105103,,,,,hero-ragged_a2a-nccl2307-ep-step81k
91049,1.232862114906311,,,,,hero-ragged_a2a-nccl2307-ep-step81k
91081,1.2184033393859863,,,,,hero-ragged_a2a-nccl2307-ep-step81k
91088,1.2241817712783813,,,,,hero-ragged_a2a-nccl2307-ep-step81k
91097,1.2189438343048096,,,,,hero-ragged_a2a-nccl2307-ep-step81k
91099,1.2242869138717651,,,,,hero-ragged_a2a-nccl2307-ep-step81k
91145,1.2175710201263428,,,,,hero-ragged_a2a-nccl2307-ep-step81k
91159,1.215134859085083,,,,,hero-ragged_a2a-nccl2307-ep-step81k
91160,1.2342904806137085,,,,,hero-ragged_a2a-nccl2307-ep-step81k
91169,1.2164891958236694,,,,,hero-ragged_a2a-nccl2307-ep-step81k
91180,1.2255775928497314,,,,,hero-ragged_a2a-nccl2307-ep-step81k
91217,1.2216042280197144,,,,,hero-ragged_a2a-nccl2307-ep-step81k
91246,1.22063148021698,,,,,hero-ragged_a2a-nccl2307-ep-step81k
91248,1.214946985244751,,,,,hero-ragged_a2a-nccl2307-ep-step81k
91258,1.2112176418304443,,,,,hero-ragged_a2a-nccl2307-ep-step81k
91296,1.223804235458374,,,,,hero-ragged_a2a-nccl2307-ep-step81k
91301,1.2190860509872437,,,,,hero-ragged_a2a-nccl2307-ep-step81k
91332,1.2228635549545288,,,,,hero-ragged_a2a-nccl2307-ep-step81k
91334,1.2270811796188354,,,,,hero-ragged_a2a-nccl2307-ep-step81k
91339,1.2163220643997192,,,,,hero-ragged_a2a-nccl2307-ep-step81k
91351,1.2110174894332886,,,,,hero-ragged_a2a-nccl2307-ep-step81k
91371,1.2038941383361816,,,,,hero-ragged_a2a-nccl2307-ep-step81k
91380,1.2114639282226562,,,,,hero-ragged_a2a-nccl2307-ep-step81k
91381,1.2134991884231567,,,,,hero-ragged_a2a-nccl2307-ep-step81k
91389,1.2168762683868408,,,,,hero-ragged_a2a-nccl2307-ep-step81k
91390,1.2116224765777588,,,,,hero-ragged_a2a-nccl2307-ep-step81k
91393,1.2215334177017212,,,,,hero-ragged_a2a-nccl2307-ep-step81k
91402,1.2020363807678223,,,,,hero-ragged_a2a-nccl2307-ep-step81k
91418,1.2094650268554688,,,,,hero-ragged_a2a-nccl2307-ep-step81k
91425,1.2096480131149292,,,,,hero-ragged_a2a-nccl2307-ep-step81k
91427,1.2086626291275024,,,,,hero-ragged_a2a-nccl2307-ep-step81k
91429,1.1988171339035034,,,,,hero-ragged_a2a-nccl2307-ep-step81k
91430,1.2123678922653198,,,,,hero-ragged_a2a-nccl2307-ep-step81k
91445,1.209112524986267,,,,,hero-ragged_a2a-nccl2307-ep-step81k
91450,1.2161753177642822,,,,,hero-ragged_a2a-nccl2307-ep-step81k
91453,1.2113198041915894,,,,,hero-ragged_a2a-nccl2307-ep-step81k
91456,1.2129147052764893,,,,,hero-ragged_a2a-nccl2307-ep-step81k
91497,1.2107326984405518,,,,,hero-ragged_a2a-nccl2307-ep-step81k
91502,1.2046419382095337,,,,,hero-ragged_a2a-nccl2307-ep-step81k
91507,1.2133506536483765,,,,,hero-ragged_a2a-nccl2307-ep-step81k
91514,1.21559476852417,,,,,hero-ragged_a2a-nccl2307-ep-step81k
91527,1.2123754024505615,,,,,hero-ragged_a2a-nccl2307-ep-step81k
91557,1.2179750204086304,,,,,hero-ragged_a2a-nccl2307-ep-step81k
91558,1.221205472946167,,,,,hero-ragged_a2a-nccl2307-ep-step81k
91590,1.2091033458709717,,,,,hero-ragged_a2a-nccl2307-ep-step81k
91593,1.2033010721206665,,,,,hero-ragged_a2a-nccl2307-ep-step81k
91594,1.2157573699951172,,,,,hero-ragged_a2a-nccl2307-ep-step81k
91595,1.2055257558822632,,,,,hero-ragged_a2a-nccl2307-ep-step81k
91614,1.214007019996643,,,,,hero-ragged_a2a-nccl2307-ep-step81k
91615,1.2113502025604248,,,,,hero-ragged_a2a-nccl2307-ep-step81k
91632,1.209920883178711,,,,,hero-ragged_a2a-nccl2307-ep-step81k
91639,1.222291111946106,,,,,hero-ragged_a2a-nccl2307-ep-step81k
91657,1.2147259712219238,,,,,hero-ragged_a2a-nccl2307-ep-step81k
91679,1.2114336490631104,,,,,hero-ragged_a2a-nccl2307-ep-step81k
91702,1.2212923765182495,,,,,hero-ragged_a2a-nccl2307-ep-step81k
91721,1.2063393592834473,,,,,hero-ragged_a2a-nccl2307-ep-step81k
91734,1.2094759941101074,,,,,hero-ragged_a2a-nccl2307-ep-step81k
91750,1.2135429382324219,,,,,hero-ragged_a2a-nccl2307-ep-step81k
91758,1.203092098236084,,,,,hero-ragged_a2a-nccl2307-ep-step81k
91763,1.2120296955108643,,,,,hero-ragged_a2a-nccl2307-ep-step81k
91765,1.209266185760498,,,,,hero-ragged_a2a-nccl2307-ep-step81k
91775,1.2116334438323975,,,,,hero-ragged_a2a-nccl2307-ep-step81k
91777,1.2207680940628052,,,,,hero-ragged_a2a-nccl2307-ep-step81k
91781,1.2216559648513794,,,,,hero-ragged_a2a-nccl2307-ep-step81k
91787,1.2031404972076416,,,,,hero-ragged_a2a-nccl2307-ep-step81k
91794,1.21723210811615,,,,,hero-ragged_a2a-nccl2307-ep-step81k
91829,1.216380000114441,,,,,hero-ragged_a2a-nccl2307-ep-step81k
91839,1.2037286758422852,,,,,hero-ragged_a2a-nccl2307-ep-step81k
91847,1.2099554538726807,,,,,hero-ragged_a2a-nccl2307-ep-step81k
91853,1.2062270641326904,,,,,hero-ragged_a2a-nccl2307-ep-step81k
91866,1.2081605195999146,,,,,hero-ragged_a2a-nccl2307-ep-step81k
91875,1.205355167388916,,,,,hero-ragged_a2a-nccl2307-ep-step81k
91891,1.2004632949829102,,,,,hero-ragged_a2a-nccl2307-ep-step81k
91912,1.2062238454818726,,,,,hero-ragged_a2a-nccl2307-ep-step81k
91918,1.210523009300232,,,,,hero-ragged_a2a-nccl2307-ep-step81k
91919,1.2149306535720825,,,,,hero-ragged_a2a-nccl2307-ep-step81k
91939,1.2247227430343628,,,,,hero-ragged_a2a-nccl2307-ep-step81k
91940,1.2093921899795532,,,,,hero-ragged_a2a-nccl2307-ep-step81k
91949,1.2007083892822266,,,,,hero-ragged_a2a-nccl2307-ep-step81k
91956,1.2083063125610352,,,,,hero-ragged_a2a-nccl2307-ep-step81k
91969,1.2155308723449707,,,,,hero-ragged_a2a-nccl2307-ep-step81k
91972,1.2033166885375977,,,,,hero-ragged_a2a-nccl2307-ep-step81k
91977,1.2105687856674194,,,,,hero-ragged_a2a-nccl2307-ep-step81k
91980,1.2084980010986328,,,,,hero-ragged_a2a-nccl2307-ep-step81k
91981,1.222435712814331,,,,,hero-ragged_a2a-nccl2307-ep-step81k
91994,1.2272917032241821,,,,,hero-ragged_a2a-nccl2307-ep-step81k
91997,1.213220477104187,,,,,hero-ragged_a2a-nccl2307-ep-step81k
91998,1.215612530708313,,,,,hero-ragged_a2a-nccl2307-ep-step81k
92003,1.2108341455459595,,,,,hero-ragged_a2a-nccl2307-ep-step81k
92012,1.2114094495773315,,,,,hero-ragged_a2a-nccl2307-ep-step81k
92019,1.2220325469970703,,,,,hero-ragged_a2a-nccl2307-ep-step81k
92020,1.211768627166748,,,,,hero-ragged_a2a-nccl2307-ep-step81k
92024,1.2103209495544434,,,,,hero-ragged_a2a-nccl2307-ep-step81k
92056,1.2144001722335815,,,,,hero-ragged_a2a-nccl2307-ep-step81k
92078,1.2220736742019653,,,,,hero-ragged_a2a-nccl2307-ep-step81k
92085,1.2242339849472046,,,,,hero-ragged_a2a-nccl2307-ep-step81k
92088,1.2149128913879395,,,,,hero-ragged_a2a-nccl2307-ep-step81k
92098,1.216844081878662,,,,,hero-ragged_a2a-nccl2307-ep-step81k
92111,1.2178786993026733,,,,,hero-ragged_a2a-nccl2307-ep-step81k
92156,1.2187936305999756,,,,,hero-ragged_a2a-nccl2307-ep-step81k
92165,1.228950023651123,,,,,hero-ragged_a2a-nccl2307-ep-step81k
92205,1.2243356704711914,,,,,hero-ragged_a2a-nccl2307-ep-step81k
92207,1.2150535583496094,,,,,hero-ragged_a2a-nccl2307-ep-step81k
92231,1.2201694250106812,,,,,hero-ragged_a2a-nccl2307-ep-step81k
92232,1.225460410118103,,,,,hero-ragged_a2a-nccl2307-ep-step81k
92242,1.2302780151367188,,,,,hero-ragged_a2a-nccl2307-ep-step81k
92274,1.2273141145706177,,,,,hero-ragged_a2a-nccl2307-ep-step81k
92290,1.2313374280929565,,,,,hero-ragged_a2a-nccl2307-ep-step81k
92347,1.216438889503479,,,,,hero-ragged_a2a-nccl2307-ep-step81k
92358,1.2174006700515747,,,,,hero-ragged_a2a-nccl2307-ep-step81k
92369,1.220301866531372,,,,,hero-ragged_a2a-nccl2307-ep-step81k
92378,1.207816481590271,,,,,hero-ragged_a2a-nccl2307-ep-step81k
92383,1.2192760705947876,,,,,hero-ragged_a2a-nccl2307-ep-step81k
92387,1.2168382406234741,,,,,hero-ragged_a2a-nccl2307-ep-step81k
92421,1.2287381887435913,,,,,hero-ragged_a2a-nccl2307-ep-step81k
92471,1.2279272079467773,,,,,hero-ragged_a2a-nccl2307-ep-step81k
92474,1.2269095182418823,,,,,hero-ragged_a2a-nccl2307-ep-step81k
92492,1.2216923236846924,,,,,hero-ragged_a2a-nccl2307-ep-step81k
92496,1.2078746557235718,,,,,hero-ragged_a2a-nccl2307-ep-step81k
92498,1.2156412601470947,,,,,hero-ragged_a2a-nccl2307-ep-step81k
92529,1.230502963066101,,,,,hero-ragged_a2a-nccl2307-ep-step81k
92533,1.2202273607254028,,,,,hero-ragged_a2a-nccl2307-ep-step81k
92549,1.2256067991256714,,,,,hero-ragged_a2a-nccl2307-ep-step81k
92567,1.210204005241394,,,,,hero-ragged_a2a-nccl2307-ep-step81k
92572,1.2275636196136475,,,,,hero-ragged_a2a-nccl2307-ep-step81k
92573,1.213693380355835,,,,,hero-ragged_a2a-nccl2307-ep-step81k
92584,1.226478099822998,,,,,hero-ragged_a2a-nccl2307-ep-step81k
92586,1.2238670587539673,,,,,hero-ragged_a2a-nccl2307-ep-step81k
92601,1.2256108522415161,,,,,hero-ragged_a2a-nccl2307-ep-step81k
92611,1.2118602991104126,,,,,hero-ragged_a2a-nccl2307-ep-step81k
92637,1.2156118154525757,,,,,hero-ragged_a2a-nccl2307-ep-step81k
92642,1.217577338218689,,,,,hero-ragged_a2a-nccl2307-ep-step81k
92657,1.2178494930267334,,,,,hero-ragged_a2a-nccl2307-ep-step81k
92670,1.2205878496170044,,,,,hero-ragged_a2a-nccl2307-ep-step81k
92680,1.225216269493103,,,,,hero-ragged_a2a-nccl2307-ep-step81k
92699,1.2202941179275513,,,,,hero-ragged_a2a-nccl2307-ep-step81k
92700,1.2248066663742065,,,,,hero-ragged_a2a-nccl2307-ep-step81k
92701,1.2130990028381348,,,,,hero-ragged_a2a-nccl2307-ep-step81k
92714,1.2154148817062378,,,,,hero-ragged_a2a-nccl2307-ep-step81k
92732,1.2165288925170898,,,,,hero-ragged_a2a-nccl2307-ep-step81k
92734,1.223132610321045,,,,,hero-ragged_a2a-nccl2307-ep-step81k
92740,1.2126609086990356,,,,,hero-ragged_a2a-nccl2307-ep-step81k
92765,1.2010679244995117,,,,,hero-ragged_a2a-nccl2307-ep-step81k
92774,1.2103774547576904,,,,,hero-ragged_a2a-nccl2307-ep-step81k
92788,1.2255374193191528,,,,,hero-ragged_a2a-nccl2307-ep-step81k
92792,1.22624933719635,,,,,hero-ragged_a2a-nccl2307-ep-step81k
92793,1.22020423412323,,,,,hero-ragged_a2a-nccl2307-ep-step81k
92801,1.2203607559204102,,,,,hero-ragged_a2a-nccl2307-ep-step81k
92823,1.211342692375183,,,,,hero-ragged_a2a-nccl2307-ep-step81k
92825,1.2185258865356445,,,,,hero-ragged_a2a-nccl2307-ep-step81k
92831,1.218162178993225,,,,,hero-ragged_a2a-nccl2307-ep-step81k
92838,1.2088035345077515,,,,,hero-ragged_a2a-nccl2307-ep-step81k
92855,1.2114518880844116,,,,,hero-ragged_a2a-nccl2307-ep-step81k
92856,1.2196060419082642,,,,,hero-ragged_a2a-nccl2307-ep-step81k
92862,1.210046410560608,,,,,hero-ragged_a2a-nccl2307-ep-step81k
92885,1.2245985269546509,,,,,hero-ragged_a2a-nccl2307-ep-step81k
92896,1.2181780338287354,,,,,hero-ragged_a2a-nccl2307-ep-step81k
92905,1.2026910781860352,,,,,hero-ragged_a2a-nccl2307-ep-step81k
92921,1.214999794960022,,,,,hero-ragged_a2a-nccl2307-ep-step81k
92928,1.211841106414795,,,,,hero-ragged_a2a-nccl2307-ep-step81k
92937,1.2242830991744995,,,,,hero-ragged_a2a-nccl2307-ep-step81k
92954,1.2169383764266968,,,,,hero-ragged_a2a-nccl2307-ep-step81k
92957,1.2107677459716797,,,,,hero-ragged_a2a-nccl2307-ep-step81k
92958,1.2156516313552856,,,,,hero-ragged_a2a-nccl2307-ep-step81k
92960,1.213943362236023,,,,,hero-ragged_a2a-nccl2307-ep-step81k
92975,1.2162572145462036,,,,,hero-ragged_a2a-nccl2307-ep-step81k
92982,1.2070366144180298,,,,,hero-ragged_a2a-nccl2307-ep-step81k
92999,,,2.292686700820923,,2.058218002319336,hero-ragged_a2a-nccl2307-ep-step81k
93002,1.2173041105270386,,,,,hero-ragged_a2a-nccl2307-ep-step81k
93013,1.2116355895996094,,,,,hero-ragged_a2a-nccl2307-ep-step81k
93014,1.2193982601165771,,,,,hero-ragged_a2a-nccl2307-ep-step81k
93023,1.2160063982009888,,,,,hero-ragged_a2a-nccl2307-ep-step81k
93031,1.216922640800476,,,,,hero-ragged_a2a-nccl2307-ep-step81k
93036,1.2166956663131714,,,,,hero-ragged_a2a-nccl2307-ep-step81k
93037,1.2155308723449707,,,,,hero-ragged_a2a-nccl2307-ep-step81k
93042,1.219660997390747,,,,,hero-ragged_a2a-nccl2307-ep-step81k
93055,1.2190343141555786,,,,,hero-ragged_a2a-nccl2307-ep-step81k
93063,1.2096779346466064,,,,,hero-ragged_a2a-nccl2307-ep-step81k
93068,1.2086800336837769,,,,,hero-ragged_a2a-nccl2307-ep-step81k
93084,1.2162119150161743,,,,,hero-ragged_a2a-nccl2307-ep-step81k
93111,1.224147081375122,,,,,hero-ragged_a2a-nccl2307-ep-step81k
93116,1.2300708293914795,,,,,hero-ragged_a2a-nccl2307-ep-step81k
93117,1.2121819257736206,,,,,hero-ragged_a2a-nccl2307-ep-step81k
93118,1.2260030508041382,,,,,hero-ragged_a2a-nccl2307-ep-step81k
93123,1.2346946001052856,,,,,hero-ragged_a2a-nccl2307-ep-step81k
93139,1.2121511697769165,,,,,hero-ragged_a2a-nccl2307-ep-step81k
93146,1.2291184663772583,,,,,hero-ragged_a2a-nccl2307-ep-step81k
93149,1.2199705839157104,,,,,hero-ragged_a2a-nccl2307-ep-step81k
93176,1.2077853679656982,,,,,hero-ragged_a2a-nccl2307-ep-step81k
93180,1.2123608589172363,,,,,hero-ragged_a2a-nccl2307-ep-step81k
93181,1.2219287157058716,,,,,hero-ragged_a2a-nccl2307-ep-step81k
93185,1.212361454963684,,,,,hero-ragged_a2a-nccl2307-ep-step81k
93188,1.2286458015441895,,,,,hero-ragged_a2a-nccl2307-ep-step81k
93191,1.2231887578964233,,,,,hero-ragged_a2a-nccl2307-ep-step81k
93205,1.224422574043274,,,,,hero-ragged_a2a-nccl2307-ep-step81k
93222,1.220932126045227,,,,,hero-ragged_a2a-nccl2307-ep-step81k
93237,1.2111444473266602,,,,,hero-ragged_a2a-nccl2307-ep-step81k
93239,1.2405979633331299,,,,,hero-ragged_a2a-nccl2307-ep-step81k
93241,1.21883225440979,,,,,hero-ragged_a2a-nccl2307-ep-step81k
93245,1.2176625728607178,,,,,hero-ragged_a2a-nccl2307-ep-step81k
93260,1.2316882610321045,,,,,hero-ragged_a2a-nccl2307-ep-step81k
93268,1.2235047817230225,,,,,hero-ragged_a2a-nccl2307-ep-step81k
93282,1.2190449237823486,,,,,hero-ragged_a2a-nccl2307-ep-step81k
93297,1.2287179231643677,,,,,hero-ragged_a2a-nccl2307-ep-step81k
93303,1.2186572551727295,,,,,hero-ragged_a2a-nccl2307-ep-step81k
93323,1.2349787950515747,,,,,hero-ragged_a2a-nccl2307-ep-step81k
93328,1.2178789377212524,,,,,hero-ragged_a2a-nccl2307-ep-step81k
93335,1.2156227827072144,,,,,hero-ragged_a2a-nccl2307-ep-step81k
93336,1.2285900115966797,,,,,hero-ragged_a2a-nccl2307-ep-step81k
93350,1.2135777473449707,,,,,hero-ragged_a2a-nccl2307-ep-step81k
93357,1.2227367162704468,,,,,hero-ragged_a2a-nccl2307-ep-step81k
93371,1.2138937711715698,,,,,hero-ragged_a2a-nccl2307-ep-step81k
93372,1.2253329753875732,,,,,hero-ragged_a2a-nccl2307-ep-step81k
93380,1.2119159698486328,,,,,hero-ragged_a2a-nccl2307-ep-step81k
93395,1.2263691425323486,,,,,hero-ragged_a2a-nccl2307-ep-step81k
93400,1.2339160442352295,,,,,hero-ragged_a2a-nccl2307-ep-step81k
93404,1.211634635925293,,,,,hero-ragged_a2a-nccl2307-ep-step81k
93419,1.2236998081207275,,,,,hero-ragged_a2a-nccl2307-ep-step81k
93425,1.2224565744400024,,,,,hero-ragged_a2a-nccl2307-ep-step81k
93432,1.2245005369186401,,,,,hero-ragged_a2a-nccl2307-ep-step81k
93435,1.2189759016036987,,,,,hero-ragged_a2a-nccl2307-ep-step81k
93489,1.2111725807189941,,,,,hero-ragged_a2a-nccl2307-ep-step81k
93508,1.2103506326675415,,,,,hero-ragged_a2a-nccl2307-ep-step81k
93514,1.212084174156189,,,,,hero-ragged_a2a-nccl2307-ep-step81k
93516,1.2180287837982178,,,,,hero-ragged_a2a-nccl2307-ep-step81k
93518,1.2147765159606934,,,,,hero-ragged_a2a-nccl2307-ep-step81k
93529,1.2082257270812988,,,,,hero-ragged_a2a-nccl2307-ep-step81k
93544,1.2181675434112549,,,,,hero-ragged_a2a-nccl2307-ep-step81k
93549,1.2146421670913696,,,,,hero-ragged_a2a-nccl2307-ep-step81k
93560,1.226209282875061,,,,,hero-ragged_a2a-nccl2307-ep-step81k
93574,1.2096080780029297,,,,,hero-ragged_a2a-nccl2307-ep-step81k
93575,1.2174073457717896,,,,,hero-ragged_a2a-nccl2307-ep-step81k
93579,1.2090301513671875,,,,,hero-ragged_a2a-nccl2307-ep-step81k
93597,1.215890645980835,,,,,hero-ragged_a2a-nccl2307-ep-step81k
93602,1.2105644941329956,,,,,hero-ragged_a2a-nccl2307-ep-step81k
93613,1.2078713178634644,,,,,hero-ragged_a2a-nccl2307-ep-step81k
93634,1.2105469703674316,,,,,hero-ragged_a2a-nccl2307-ep-step81k
93646,1.2275464534759521,,,,,hero-ragged_a2a-nccl2307-ep-step81k
93650,1.2200504541397095,,,,,hero-ragged_a2a-nccl2307-ep-step81k
93668,1.220979928970337,,,,,hero-ragged_a2a-nccl2307-ep-step81k
93670,1.2120652198791504,,,,,hero-ragged_a2a-nccl2307-ep-step81k
93721,1.2202810049057007,,,,,hero-ragged_a2a-nccl2307-ep-step81k
93723,1.2100306749343872,,,,,hero-ragged_a2a-nccl2307-ep-step81k
93739,1.224937081336975,,,,,hero-ragged_a2a-nccl2307-ep-step81k
93763,1.2107263803482056,,,,,hero-ragged_a2a-nccl2307-ep-step81k
93764,1.2102415561676025,,,,,hero-ragged_a2a-nccl2307-ep-step81k
93765,1.1996240615844727,,,,,hero-ragged_a2a-nccl2307-ep-step81k
93767,1.214309811592102,,,,,hero-ragged_a2a-nccl2307-ep-step81k
93780,1.2189158201217651,,,,,hero-ragged_a2a-nccl2307-ep-step81k
93791,1.2017043828964233,,,,,hero-ragged_a2a-nccl2307-ep-step81k
93813,1.2068047523498535,,,,,hero-ragged_a2a-nccl2307-ep-step81k
93822,1.214739441871643,,,,,hero-ragged_a2a-nccl2307-ep-step81k
93830,1.2279207706451416,,,,,hero-ragged_a2a-nccl2307-ep-step81k
93844,1.2303941249847412,,,,,hero-ragged_a2a-nccl2307-ep-step81k
93859,1.2231191396713257,,,,,hero-ragged_a2a-nccl2307-ep-step81k
93863,1.208164095878601,,,,,hero-ragged_a2a-nccl2307-ep-step81k
93886,1.20441734790802,,,,,hero-ragged_a2a-nccl2307-ep-step81k
93967,1.2069709300994873,,,,,hero-ragged_a2a-nccl2307-ep-step81k
93991,1.2140910625457764,,,,,hero-ragged_a2a-nccl2307-ep-step81k
93992,1.2248228788375854,,,,,hero-ragged_a2a-nccl2307-ep-step81k
94007,1.2224457263946533,,,,,hero-ragged_a2a-nccl2307-ep-step81k
94025,1.225165605545044,,,,,hero-ragged_a2a-nccl2307-ep-step81k
94039,1.2181086540222168,,,,,hero-ragged_a2a-nccl2307-ep-step81k
94045,1.2101138830184937,,,,,hero-ragged_a2a-nccl2307-ep-step81k
94054,1.216957449913025,,,,,hero-ragged_a2a-nccl2307-ep-step81k
94061,1.2146275043487549,,,,,hero-ragged_a2a-nccl2307-ep-step81k
94062,1.2213515043258667,,,,,hero-ragged_a2a-nccl2307-ep-step81k
94063,1.2245709896087646,,,,,hero-ragged_a2a-nccl2307-ep-step81k
94072,1.213097333908081,,,,,hero-ragged_a2a-nccl2307-ep-step81k
94080,1.2158668041229248,,,,,hero-ragged_a2a-nccl2307-ep-step81k
94083,1.230786681175232,,,,,hero-ragged_a2a-nccl2307-ep-step81k
94085,1.2298344373703003,,,,,hero-ragged_a2a-nccl2307-ep-step81k
94093,1.2267570495605469,,,,,hero-ragged_a2a-nccl2307-ep-step81k
94108,1.2115106582641602,,,,,hero-ragged_a2a-nccl2307-ep-step81k
94120,1.2192118167877197,,,,,hero-ragged_a2a-nccl2307-ep-step81k
94162,1.229931116104126,,,,,hero-ragged_a2a-nccl2307-ep-step81k
94173,1.2261070013046265,,,,,hero-ragged_a2a-nccl2307-ep-step81k
94174,1.2198283672332764,,,,,hero-ragged_a2a-nccl2307-ep-step81k
94181,1.2242883443832397,,,,,hero-ragged_a2a-nccl2307-ep-step81k
94189,1.2250735759735107,,,,,hero-ragged_a2a-nccl2307-ep-step81k
94193,1.2118102312088013,,,,,hero-ragged_a2a-nccl2307-ep-step81k
94196,1.2125986814498901,,,,,hero-ragged_a2a-nccl2307-ep-step81k
94198,1.220217227935791,,,,,hero-ragged_a2a-nccl2307-ep-step81k
94241,1.21039617061615,,,,,hero-ragged_a2a-nccl2307-ep-step81k
94250,1.2077147960662842,,,,,hero-ragged_a2a-nccl2307-ep-step81k
94256,1.2132463455200195,,,,,hero-ragged_a2a-nccl2307-ep-step81k
94268,1.2251091003417969,,,,,hero-ragged_a2a-nccl2307-ep-step81k
94289,1.2146881818771362,,,,,hero-ragged_a2a-nccl2307-ep-step81k
94294,1.21220064163208,,,,,hero-ragged_a2a-nccl2307-ep-step81k
94299,1.210752248764038,,,,,hero-ragged_a2a-nccl2307-ep-step81k
94303,1.2146059274673462,,,,,hero-ragged_a2a-nccl2307-ep-step81k
94309,1.2171947956085205,,,,,hero-ragged_a2a-nccl2307-ep-step81k
94312,1.2241578102111816,,,,,hero-ragged_a2a-nccl2307-ep-step81k
94313,1.2119874954223633,,,,,hero-ragged_a2a-nccl2307-ep-step81k
94326,1.211018681526184,,,,,hero-ragged_a2a-nccl2307-ep-step81k
94339,1.2146621942520142,,,,,hero-ragged_a2a-nccl2307-ep-step81k
94374,1.2155956029891968,,,,,hero-ragged_a2a-nccl2307-ep-step81k
94376,1.208044171333313,,,,,hero-ragged_a2a-nccl2307-ep-step81k
94399,1.2207260131835938,,,,,hero-ragged_a2a-nccl2307-ep-step81k
94406,1.2215170860290527,,,,,hero-ragged_a2a-nccl2307-ep-step81k
94419,1.220314860343933,,,,,hero-ragged_a2a-nccl2307-ep-step81k
94469,1.2149494886398315,,,,,hero-ragged_a2a-nccl2307-ep-step81k
94490,1.2178269624710083,,,,,hero-ragged_a2a-nccl2307-ep-step81k
94508,1.211635947227478,,,,,hero-ragged_a2a-nccl2307-ep-step81k
94511,1.20830237865448,,,,,hero-ragged_a2a-nccl2307-ep-step81k
94516,1.2080390453338623,,,,,hero-ragged_a2a-nccl2307-ep-step81k
94521,1.2232130765914917,,,,,hero-ragged_a2a-nccl2307-ep-step81k
94543,1.2109570503234863,,,,,hero-ragged_a2a-nccl2307-ep-step81k
94552,1.2161678075790405,,,,,hero-ragged_a2a-nccl2307-ep-step81k
94555,1.2170722484588623,,,,,hero-ragged_a2a-nccl2307-ep-step81k
94589,1.214773178100586,,,,,hero-ragged_a2a-nccl2307-ep-step81k
94592,1.2258206605911255,,,,,hero-ragged_a2a-nccl2307-ep-step81k
94609,1.2104077339172363,,,,,hero-ragged_a2a-nccl2307-ep-step81k
94610,1.2194749116897583,,,,,hero-ragged_a2a-nccl2307-ep-step81k
94626,1.2091374397277832,,,,,hero-ragged_a2a-nccl2307-ep-step81k
94628,1.230155110359192,,,,,hero-ragged_a2a-nccl2307-ep-step81k
94638,1.224124789237976,,,,,hero-ragged_a2a-nccl2307-ep-step81k
94679,1.221432089805603,,,,,hero-ragged_a2a-nccl2307-ep-step81k
94682,1.2190046310424805,,,,,hero-ragged_a2a-nccl2307-ep-step81k
94691,1.2224164009094238,,,,,hero-ragged_a2a-nccl2307-ep-step81k
94700,1.2042832374572754,,,,,hero-ragged_a2a-nccl2307-ep-step81k
94705,1.2109935283660889,,,,,hero-ragged_a2a-nccl2307-ep-step81k
94706,1.2192827463150024,,,,,hero-ragged_a2a-nccl2307-ep-step81k
94715,1.222839593887329,,,,,hero-ragged_a2a-nccl2307-ep-step81k
94719,1.215259075164795,,,,,hero-ragged_a2a-nccl2307-ep-step81k
94729,1.201324701309204,,,,,hero-ragged_a2a-nccl2307-ep-step81k
94736,1.2153420448303223,,,,,hero-ragged_a2a-nccl2307-ep-step81k
94737,1.217372179031372,,,,,hero-ragged_a2a-nccl2307-ep-step81k
94740,1.2085713148117065,,,,,hero-ragged_a2a-nccl2307-ep-step81k
94749,1.2181448936462402,,,,,hero-ragged_a2a-nccl2307-ep-step81k
94750,1.220933198928833,,,,,hero-ragged_a2a-nccl2307-ep-step81k
94757,1.211173415184021,,,,,hero-ragged_a2a-nccl2307-ep-step81k
94761,1.2218602895736694,,,,,hero-ragged_a2a-nccl2307-ep-step81k
94769,1.2045681476593018,,,,,hero-ragged_a2a-nccl2307-ep-step81k
94796,1.2092536687850952,,,,,hero-ragged_a2a-nccl2307-ep-step81k
94803,1.2164276838302612,,,,,hero-ragged_a2a-nccl2307-ep-step81k
94815,1.2137975692749023,,,,,hero-ragged_a2a-nccl2307-ep-step81k
94869,1.2074012756347656,,,,,hero-ragged_a2a-nccl2307-ep-step81k
94895,1.206138253211975,,,,,hero-ragged_a2a-nccl2307-ep-step81k
94897,1.2212224006652832,,,,,hero-ragged_a2a-nccl2307-ep-step81k
94933,1.2216566801071167,,,,,hero-ragged_a2a-nccl2307-ep-step81k
94947,1.2231096029281616,,,,,hero-ragged_a2a-nccl2307-ep-step81k
94957,1.2162572145462036,,,,,hero-ragged_a2a-nccl2307-ep-step81k
94959,1.2132972478866577,,,,,hero-ragged_a2a-nccl2307-ep-step81k
94963,1.2345772981643677,,,,,hero-ragged_a2a-nccl2307-ep-step81k
94984,1.2114726305007935,,,,,hero-ragged_a2a-nccl2307-ep-step81k
94996,1.216923713684082,,,,,hero-ragged_a2a-nccl2307-ep-step81k
95027,1.2218276262283325,,,,,hero-ragged_a2a-nccl2307-ep-step81k
95041,1.2149732112884521,,,,,hero-ragged_a2a-nccl2307-ep-step81k
95048,1.2086819410324097,,,,,hero-ragged_a2a-nccl2307-ep-step81k
95069,1.207709550857544,,,,,hero-ragged_a2a-nccl2307-ep-step81k
95074,1.2017536163330078,,,,,hero-ragged_a2a-nccl2307-ep-step81k
95075,1.2126156091690063,,,,,hero-ragged_a2a-nccl2307-ep-step81k
95097,1.2086514234542847,,,,,hero-ragged_a2a-nccl2307-ep-step81k
95099,1.2229411602020264,,,,,hero-ragged_a2a-nccl2307-ep-step81k
95103,1.2105728387832642,,,,,hero-ragged_a2a-nccl2307-ep-step81k
95105,1.2136178016662598,,,,,hero-ragged_a2a-nccl2307-ep-step81k
95115,1.2073826789855957,,,,,hero-ragged_a2a-nccl2307-ep-step81k
95126,1.2189419269561768,,,,,hero-ragged_a2a-nccl2307-ep-step81k
95138,1.2170459032058716,,,,,hero-ragged_a2a-nccl2307-ep-step81k
95178,1.2083438634872437,,,,,hero-ragged_a2a-nccl2307-ep-step81k
95182,1.21138596534729,,,,,hero-ragged_a2a-nccl2307-ep-step81k
95204,1.2109874486923218,,,,,hero-ragged_a2a-nccl2307-ep-step81k
95211,1.2146720886230469,,,,,hero-ragged_a2a-nccl2307-ep-step81k
95212,1.2172077894210815,,,,,hero-ragged_a2a-nccl2307-ep-step81k
95263,1.2197221517562866,,,,,hero-ragged_a2a-nccl2307-ep-step81k
95275,1.216059684753418,,,,,hero-ragged_a2a-nccl2307-ep-step81k
95289,1.209907054901123,,,,,hero-ragged_a2a-nccl2307-ep-step81k
95291,1.2171413898468018,,,,,hero-ragged_a2a-nccl2307-ep-step81k
95299,1.2060097455978394,,,,,hero-ragged_a2a-nccl2307-ep-step81k
95304,1.2168865203857422,,,,,hero-ragged_a2a-nccl2307-ep-step81k
95311,1.2021467685699463,,,,,hero-ragged_a2a-nccl2307-ep-step81k
95321,1.2176793813705444,,,,,hero-ragged_a2a-nccl2307-ep-step81k
95336,1.2215309143066406,,,,,hero-ragged_a2a-nccl2307-ep-step81k
95342,1.2182047367095947,,,,,hero-ragged_a2a-nccl2307-ep-step81k
95351,1.2325150966644287,,,,,hero-ragged_a2a-nccl2307-ep-step81k
95352,1.202757716178894,,,,,hero-ragged_a2a-nccl2307-ep-step81k
95365,1.21370267868042,,,,,hero-ragged_a2a-nccl2307-ep-step81k
95378,1.2186864614486694,,,,,hero-ragged_a2a-nccl2307-ep-step81k
95413,1.220481276512146,,,,,hero-ragged_a2a-nccl2307-ep-step81k
95422,1.2147741317749023,,,,,hero-ragged_a2a-nccl2307-ep-step81k
95438,1.2244408130645752,,,,,hero-ragged_a2a-nccl2307-ep-step81k
95454,1.2136644124984741,,,,,hero-ragged_a2a-nccl2307-ep-step81k
95497,1.2125053405761719,,,,,hero-ragged_a2a-nccl2307-ep-step81k
95506,1.2259654998779297,,,,,hero-ragged_a2a-nccl2307-ep-step81k
95521,1.2132455110549927,,,,,hero-ragged_a2a-nccl2307-ep-step81k
95528,1.2092998027801514,,,,,hero-ragged_a2a-nccl2307-ep-step81k
95556,1.2028796672821045,,,,,hero-ragged_a2a-nccl2307-ep-step81k
95560,1.2187819480895996,,,,,hero-ragged_a2a-nccl2307-ep-step81k
95567,1.2148406505584717,,,,,hero-ragged_a2a-nccl2307-ep-step81k
95597,1.2117849588394165,,,,,hero-ragged_a2a-nccl2307-ep-step81k
95599,1.2204265594482422,,,,,hero-ragged_a2a-nccl2307-ep-step81k
95600,1.219083547592163,,,,,hero-ragged_a2a-nccl2307-ep-step81k
95602,1.2222360372543335,,,,,hero-ragged_a2a-nccl2307-ep-step81k
95606,1.2085074186325073,,,,,hero-ragged_a2a-nccl2307-ep-step81k
95642,1.211259126663208,,,,,hero-ragged_a2a-nccl2307-ep-step81k
95673,1.2093158960342407,,,,,hero-ragged_a2a-nccl2307-ep-step81k
95691,1.221528172492981,,,,,hero-ragged_a2a-nccl2307-ep-step81k
95696,1.2245962619781494,,,,,hero-ragged_a2a-nccl2307-ep-step81k
95706,1.2116165161132812,,,,,hero-ragged_a2a-nccl2307-ep-step81k
95710,1.2115100622177124,,,,,hero-ragged_a2a-nccl2307-ep-step81k
95720,1.210058569908142,,,,,hero-ragged_a2a-nccl2307-ep-step81k
95722,1.2178740501403809,,,,,hero-ragged_a2a-nccl2307-ep-step81k
95723,1.2170841693878174,,,,,hero-ragged_a2a-nccl2307-ep-step81k
95729,1.220030426979065,,,,,hero-ragged_a2a-nccl2307-ep-step81k
95742,1.22693932056427,,,,,hero-ragged_a2a-nccl2307-ep-step81k
95759,1.2240537405014038,,,,,hero-ragged_a2a-nccl2307-ep-step81k
95763,1.2169357538223267,,,,,hero-ragged_a2a-nccl2307-ep-step81k
95767,1.220589518547058,,,,,hero-ragged_a2a-nccl2307-ep-step81k
95772,1.203279972076416,,,,,hero-ragged_a2a-nccl2307-ep-step81k
95784,1.2151433229446411,,,,,hero-ragged_a2a-nccl2307-ep-step81k
95786,1.224929690361023,,,,,hero-ragged_a2a-nccl2307-ep-step81k
95804,1.2138158082962036,,,,,hero-ragged_a2a-nccl2307-ep-step81k
95807,1.215385913848877,,,,,hero-ragged_a2a-nccl2307-ep-step81k
95814,1.222364902496338,,,,,hero-ragged_a2a-nccl2307-ep-step81k
95819,1.219709038734436,,,,,hero-ragged_a2a-nccl2307-ep-step81k
95820,1.2144392728805542,,,,,hero-ragged_a2a-nccl2307-ep-step81k
95837,1.216249704360962,,,,,hero-ragged_a2a-nccl2307-ep-step81k
95846,1.2150754928588867,,,,,hero-ragged_a2a-nccl2307-ep-step81k
95870,1.225877285003662,,,,,hero-ragged_a2a-nccl2307-ep-step81k
95871,1.2270185947418213,,,,,hero-ragged_a2a-nccl2307-ep-step81k
95882,1.214805006980896,,,,,hero-ragged_a2a-nccl2307-ep-step81k
95891,1.216140866279602,,,,,hero-ragged_a2a-nccl2307-ep-step81k
95895,1.2227396965026855,,,,,hero-ragged_a2a-nccl2307-ep-step81k
95909,1.2130272388458252,,,,,hero-ragged_a2a-nccl2307-ep-step81k
95912,1.2160542011260986,,,,,hero-ragged_a2a-nccl2307-ep-step81k
95929,1.224589228630066,,,,,hero-ragged_a2a-nccl2307-ep-step81k
95966,1.2184672355651855,,,,,hero-ragged_a2a-nccl2307-ep-step81k
95974,1.2316336631774902,,,,,hero-ragged_a2a-nccl2307-ep-step81k
95975,1.2128742933273315,,,,,hero-ragged_a2a-nccl2307-ep-step81k
95983,1.2239079475402832,,,,,hero-ragged_a2a-nccl2307-ep-step81k
95999,,,2.293996810913086,,2.0493180751800537,hero-ragged_a2a-nccl2307-ep-step81k
96010,1.2221609354019165,,,,,hero-ragged_a2a-nccl2307-ep-step81k
96024,1.2123972177505493,,,,,hero-ragged_a2a-nccl2307-ep-step81k
96029,1.2163373231887817,,,,,hero-ragged_a2a-nccl2307-ep-step81k
96032,1.2210917472839355,,,,,hero-ragged_a2a-nccl2307-ep-step81k
96044,1.219218373298645,,,,,hero-ragged_a2a-nccl2307-ep-step81k
96048,1.2186323404312134,,,,,hero-ragged_a2a-nccl2307-ep-step81k
96061,1.214337944984436,,,,,hero-ragged_a2a-nccl2307-ep-step81k
96085,1.2150644063949585,,,,,hero-ragged_a2a-nccl2307-ep-step81k
96100,1.2163208723068237,,,,,hero-ragged_a2a-nccl2307-ep-step81k
96102,1.219721794128418,,,,,hero-ragged_a2a-nccl2307-ep-step81k
96106,1.2161664962768555,,,,,hero-ragged_a2a-nccl2307-ep-step81k
96110,1.2146722078323364,,,,,hero-ragged_a2a-nccl2307-ep-step81k
96118,1.2097622156143188,,,,,hero-ragged_a2a-nccl2307-ep-step81k
96124,1.227362036705017,,,,,hero-ragged_a2a-nccl2307-ep-step81k
96132,1.2218941450119019,,,,,hero-ragged_a2a-nccl2307-ep-step81k
96146,1.2132033109664917,,,,,hero-ragged_a2a-nccl2307-ep-step81k
96151,1.2178349494934082,,,,,hero-ragged_a2a-nccl2307-ep-step81k
96161,1.22511625289917,,,,,hero-ragged_a2a-nccl2307-ep-step81k
96162,1.2133005857467651,,,,,hero-ragged_a2a-nccl2307-ep-step81k
96176,1.2179241180419922,,,,,hero-ragged_a2a-nccl2307-ep-step81k
96182,1.216483235359192,,,,,hero-ragged_a2a-nccl2307-ep-step81k
96184,1.2136963605880737,,,,,hero-ragged_a2a-nccl2307-ep-step81k
96188,1.2299567461013794,,,,,hero-ragged_a2a-nccl2307-ep-step81k
96192,1.218306303024292,,,,,hero-ragged_a2a-nccl2307-ep-step81k
96211,1.2016384601593018,,,,,hero-ragged_a2a-nccl2307-ep-step81k
96213,1.2385449409484863,,,,,hero-ragged_a2a-nccl2307-ep-step81k
96221,1.2134449481964111,,,,,hero-ragged_a2a-nccl2307-ep-step81k
96228,1.2158578634262085,,,,,hero-ragged_a2a-nccl2307-ep-step81k
96232,1.2235921621322632,,,,,hero-ragged_a2a-nccl2307-ep-step81k
96235,1.2206119298934937,,,,,hero-ragged_a2a-nccl2307-ep-step81k
96236,1.2212318181991577,,,,,hero-ragged_a2a-nccl2307-ep-step81k
96239,1.2203296422958374,,,,,hero-ragged_a2a-nccl2307-ep-step81k
96244,1.2106391191482544,,,,,hero-ragged_a2a-nccl2307-ep-step81k
96245,1.2183202505111694,,,,,hero-ragged_a2a-nccl2307-ep-step81k
96246,1.2237540483474731,,,,,hero-ragged_a2a-nccl2307-ep-step81k
96252,1.2130202054977417,,,,,hero-ragged_a2a-nccl2307-ep-step81k
96261,1.215923547744751,,,,,hero-ragged_a2a-nccl2307-ep-step81k
96264,1.2163002490997314,,,,,hero-ragged_a2a-nccl2307-ep-step81k
96278,1.2175991535186768,,,,,hero-ragged_a2a-nccl2307-ep-step81k
96294,1.2243598699569702,,,,,hero-ragged_a2a-nccl2307-ep-step81k
96295,1.207909107208252,,,,,hero-ragged_a2a-nccl2307-ep-step81k
96326,1.2122235298156738,,,,,hero-ragged_a2a-nccl2307-ep-step81k
96354,1.2162114381790161,,,,,hero-ragged_a2a-nccl2307-ep-step81k
96386,1.2203336954116821,,,,,hero-ragged_a2a-nccl2307-ep-step81k
96393,1.219248652458191,,,,,hero-ragged_a2a-nccl2307-ep-step81k
96398,1.22159743309021,,,,,hero-ragged_a2a-nccl2307-ep-step81k
96399,1.2243616580963135,,,,,hero-ragged_a2a-nccl2307-ep-step81k
96406,1.2178112268447876,,,,,hero-ragged_a2a-nccl2307-ep-step81k
96412,1.2205334901809692,,,,,hero-ragged_a2a-nccl2307-ep-step81k
96429,1.2146179676055908,,,,,hero-ragged_a2a-nccl2307-ep-step81k
96438,1.2172139883041382,,,,,hero-ragged_a2a-nccl2307-ep-step81k
96445,1.2247728109359741,,,,,hero-ragged_a2a-nccl2307-ep-step81k
96452,1.213648796081543,,,,,hero-ragged_a2a-nccl2307-ep-step81k
96453,1.2128628492355347,,,,,hero-ragged_a2a-nccl2307-ep-step81k
96460,1.2118765115737915,,,,,hero-ragged_a2a-nccl2307-ep-step81k
96461,1.2225980758666992,,,,,hero-ragged_a2a-nccl2307-ep-step81k
96471,1.2200804948806763,,,,,hero-ragged_a2a-nccl2307-ep-step81k
96472,1.222728967666626,,,,,hero-ragged_a2a-nccl2307-ep-step81k
96496,1.23167884349823,,,,,hero-ragged_a2a-nccl2307-ep-step81k
96498,1.230762243270874,,,,,hero-ragged_a2a-nccl2307-ep-step81k
96508,1.2215933799743652,,,,,hero-ragged_a2a-nccl2307-ep-step81k
96515,1.211031198501587,,,,,hero-ragged_a2a-nccl2307-ep-step81k
96517,1.217071294784546,,,,,hero-ragged_a2a-nccl2307-ep-step81k
96519,1.202006220817566,,,,,hero-ragged_a2a-nccl2307-ep-step81k
96520,1.2245235443115234,,,,,hero-ragged_a2a-nccl2307-ep-step81k
96522,1.2168008089065552,,,,,hero-ragged_a2a-nccl2307-ep-step81k
96527,1.2300323247909546,,,,,hero-ragged_a2a-nccl2307-ep-step81k
96532,1.2196934223175049,,,,,hero-ragged_a2a-nccl2307-ep-step81k
96567,1.2244616746902466,,,,,hero-ragged_a2a-nccl2307-ep-step81k
96585,1.2223260402679443,,,,,hero-ragged_a2a-nccl2307-ep-step81k
96596,1.2268807888031006,,,,,hero-ragged_a2a-nccl2307-ep-step81k
96598,1.218785285949707,,,,,hero-ragged_a2a-nccl2307-ep-step81k
96601,1.215185284614563,,,,,hero-ragged_a2a-nccl2307-ep-step81k
96617,1.219151496887207,,,,,hero-ragged_a2a-nccl2307-ep-step81k
96640,1.2079203128814697,,,,,hero-ragged_a2a-nccl2307-ep-step81k
96643,1.2209649085998535,,,,,hero-ragged_a2a-nccl2307-ep-step81k
96656,1.2023879289627075,,,,,hero-ragged_a2a-nccl2307-ep-step81k
96665,1.2057844400405884,,,,,hero-ragged_a2a-nccl2307-ep-step81k
96670,1.2200849056243896,,,,,hero-ragged_a2a-nccl2307-ep-step81k
96701,1.2178869247436523,,,,,hero-ragged_a2a-nccl2307-ep-step81k
96703,1.2162387371063232,,,,,hero-ragged_a2a-nccl2307-ep-step81k
96711,1.2267799377441406,,,,,hero-ragged_a2a-nccl2307-ep-step81k
96732,1.2083561420440674,,,,,hero-ragged_a2a-nccl2307-ep-step81k
96734,1.2073827981948853,,,,,hero-ragged_a2a-nccl2307-ep-step81k
96751,1.2087359428405762,,,,,hero-ragged_a2a-nccl2307-ep-step81k
96761,1.2094948291778564,,,,,hero-ragged_a2a-nccl2307-ep-step81k
96775,1.2027667760849,,,,,hero-ragged_a2a-nccl2307-ep-step81k
96780,1.2116191387176514,,,,,hero-ragged_a2a-nccl2307-ep-step81k
96782,1.2108787298202515,,,,,hero-ragged_a2a-nccl2307-ep-step81k
96786,1.2254605293273926,,,,,hero-ragged_a2a-nccl2307-ep-step81k
96817,1.208081603050232,,,,,hero-ragged_a2a-nccl2307-ep-step81k
96824,1.20939302444458,,,,,hero-ragged_a2a-nccl2307-ep-step81k
96834,1.2210326194763184,,,,,hero-ragged_a2a-nccl2307-ep-step81k
96839,1.2139071226119995,,,,,hero-ragged_a2a-nccl2307-ep-step81k
96848,1.2173476219177246,,,,,hero-ragged_a2a-nccl2307-ep-step81k
96874,1.2269448041915894,,,,,hero-ragged_a2a-nccl2307-ep-step81k
96879,1.2055251598358154,,,,,hero-ragged_a2a-nccl2307-ep-step81k
96895,1.21098792552948,,,,,hero-ragged_a2a-nccl2307-ep-step81k
96901,1.209418773651123,,,,,hero-ragged_a2a-nccl2307-ep-step81k
96905,1.2089160680770874,,,,,hero-ragged_a2a-nccl2307-ep-step81k
96908,1.206512689590454,,,,,hero-ragged_a2a-nccl2307-ep-step81k
96966,1.2128174304962158,,,,,hero-ragged_a2a-nccl2307-ep-step81k
96983,1.1989026069641113,,,,,hero-ragged_a2a-nccl2307-ep-step81k
96987,1.2177561521530151,,,,,hero-ragged_a2a-nccl2307-ep-step81k
97020,1.2039517164230347,,,,,hero-ragged_a2a-nccl2307-ep-step81k
97023,1.2035304307937622,,,,,hero-ragged_a2a-nccl2307-ep-step81k
97033,1.2192151546478271,,,,,hero-ragged_a2a-nccl2307-ep-step81k
97035,1.216293454170227,,,,,hero-ragged_a2a-nccl2307-ep-step81k
97039,1.2125520706176758,,,,,hero-ragged_a2a-nccl2307-ep-step81k
97082,1.2040351629257202,,,,,hero-ragged_a2a-nccl2307-ep-step81k
97085,1.2103582620620728,,,,,hero-ragged_a2a-nccl2307-ep-step81k
97088,1.2156758308410645,,,,,hero-ragged_a2a-nccl2307-ep-step81k
97092,1.2217810153961182,,,,,hero-ragged_a2a-nccl2307-ep-step81k
97103,1.2203519344329834,,,,,hero-ragged_a2a-nccl2307-ep-step81k
97126,1.2186086177825928,,,,,hero-ragged_a2a-nccl2307-ep-step81k
97128,1.2173020839691162,,,,,hero-ragged_a2a-nccl2307-ep-step81k
97158,1.2105510234832764,,,,,hero-ragged_a2a-nccl2307-ep-step81k
97161,1.2219138145446777,,,,,hero-ragged_a2a-nccl2307-ep-step81k
97185,1.21536386013031,,,,,hero-ragged_a2a-nccl2307-ep-step81k
97202,1.214410662651062,,,,,hero-ragged_a2a-nccl2307-ep-step81k
97203,1.2174583673477173,,,,,hero-ragged_a2a-nccl2307-ep-step81k
97205,1.2105547189712524,,,,,hero-ragged_a2a-nccl2307-ep-step81k
97222,1.2111150026321411,,,,,hero-ragged_a2a-nccl2307-ep-step81k
97242,1.2001172304153442,,,,,hero-ragged_a2a-nccl2307-ep-step81k
97246,1.2047301530838013,,,,,hero-ragged_a2a-nccl2307-ep-step81k
97285,1.2143052816390991,,,,,hero-ragged_a2a-nccl2307-ep-step81k
97288,1.2180100679397583,,,,,hero-ragged_a2a-nccl2307-ep-step81k
97306,1.2338899374008179,,,,,hero-ragged_a2a-nccl2307-ep-step81k
97346,1.2178658246994019,,,,,hero-ragged_a2a-nccl2307-ep-step81k
97349,1.2152115106582642,,,,,hero-ragged_a2a-nccl2307-ep-step81k
97352,1.218065857887268,,,,,hero-ragged_a2a-nccl2307-ep-step81k
97353,1.2116740942001343,,,,,hero-ragged_a2a-nccl2307-ep-step81k
97372,1.2187424898147583,,,,,hero-ragged_a2a-nccl2307-ep-step81k
97411,1.2276465892791748,,,,,hero-ragged_a2a-nccl2307-ep-step81k
97421,1.220556616783142,,,,,hero-ragged_a2a-nccl2307-ep-step81k
97429,1.2185862064361572,,,,,hero-ragged_a2a-nccl2307-ep-step81k
97463,1.2136032581329346,,,,,hero-ragged_a2a-nccl2307-ep-step81k
97472,1.2183693647384644,,,,,hero-ragged_a2a-nccl2307-ep-step81k
97477,1.2072094678878784,,,,,hero-ragged_a2a-nccl2307-ep-step81k
97485,1.2132962942123413,,,,,hero-ragged_a2a-nccl2307-ep-step81k
97492,1.2038508653640747,,,,,hero-ragged_a2a-nccl2307-ep-step81k
97540,1.215477705001831,,,,,hero-ragged_a2a-nccl2307-ep-step81k
97545,1.2093950510025024,,,,,hero-ragged_a2a-nccl2307-ep-step81k
97546,1.2161884307861328,,,,,hero-ragged_a2a-nccl2307-ep-step81k
97551,1.2169536352157593,,,,,hero-ragged_a2a-nccl2307-ep-step81k
97556,1.2197542190551758,,,,,hero-ragged_a2a-nccl2307-ep-step81k
97565,1.2206319570541382,,,,,hero-ragged_a2a-nccl2307-ep-step81k
97568,1.2235857248306274,,,,,hero-ragged_a2a-nccl2307-ep-step81k
97570,1.2200018167495728,,,,,hero-ragged_a2a-nccl2307-ep-step81k
97578,1.2117470502853394,,,,,hero-ragged_a2a-nccl2307-ep-step81k
97608,1.219516396522522,,,,,hero-ragged_a2a-nccl2307-ep-step81k
97609,1.2158582210540771,,,,,hero-ragged_a2a-nccl2307-ep-step81k
97623,1.2138993740081787,,,,,hero-ragged_a2a-nccl2307-ep-step81k
97644,1.2058982849121094,,,,,hero-ragged_a2a-nccl2307-ep-step81k
97655,1.2188681364059448,,,,,hero-ragged_a2a-nccl2307-ep-step81k
97657,1.2158722877502441,,,,,hero-ragged_a2a-nccl2307-ep-step81k
97676,1.2158701419830322,,,,,hero-ragged_a2a-nccl2307-ep-step81k
97682,1.2258117198944092,,,,,hero-ragged_a2a-nccl2307-ep-step81k
97686,1.2101058959960938,,,,,hero-ragged_a2a-nccl2307-ep-step81k
97697,1.2102420330047607,,,,,hero-ragged_a2a-nccl2307-ep-step81k
97706,1.2107130289077759,,,,,hero-ragged_a2a-nccl2307-ep-step81k
97748,1.223209023475647,,,,,hero-ragged_a2a-nccl2307-ep-step81k
97754,1.2200323343276978,,,,,hero-ragged_a2a-nccl2307-ep-step81k
97755,1.1997464895248413,,,,,hero-ragged_a2a-nccl2307-ep-step81k
97760,1.2233041524887085,,,,,hero-ragged_a2a-nccl2307-ep-step81k
97763,1.2222195863723755,,,,,hero-ragged_a2a-nccl2307-ep-step81k
97773,1.2139692306518555,,,,,hero-ragged_a2a-nccl2307-ep-step81k
97776,1.2226592302322388,,,,,hero-ragged_a2a-nccl2307-ep-step81k
97801,1.2150318622589111,,,,,hero-ragged_a2a-nccl2307-ep-step81k
97811,1.2143962383270264,,,,,hero-ragged_a2a-nccl2307-ep-step81k
97813,1.2212997674942017,,,,,hero-ragged_a2a-nccl2307-ep-step81k
97862,1.219419240951538,,,,,hero-ragged_a2a-nccl2307-ep-step81k
97866,1.214413046836853,,,,,hero-ragged_a2a-nccl2307-ep-step81k
97877,1.2150007486343384,,,,,hero-ragged_a2a-nccl2307-ep-step81k
97881,1.2132842540740967,,,,,hero-ragged_a2a-nccl2307-ep-step81k
97890,1.20717453956604,,,,,hero-ragged_a2a-nccl2307-ep-step81k
97904,1.216019868850708,,,,,hero-ragged_a2a-nccl2307-ep-step81k
97909,1.1991736888885498,,,,,hero-ragged_a2a-nccl2307-ep-step81k
97927,1.214707612991333,,,,,hero-ragged_a2a-nccl2307-ep-step81k
97933,1.207564353942871,,,,,hero-ragged_a2a-nccl2307-ep-step81k
97961,1.2097625732421875,,,,,hero-ragged_a2a-nccl2307-ep-step81k
97979,1.2132484912872314,,,,,hero-ragged_a2a-nccl2307-ep-step81k
98004,1.2092350721359253,,,,,hero-ragged_a2a-nccl2307-ep-step81k
98006,1.201898455619812,,,,,hero-ragged_a2a-nccl2307-ep-step81k
98015,1.2160536050796509,,,,,hero-ragged_a2a-nccl2307-ep-step81k
98035,1.2051233053207397,,,,,hero-ragged_a2a-nccl2307-ep-step81k
98044,1.2107211351394653,,,,,hero-ragged_a2a-nccl2307-ep-step81k
98050,1.2069334983825684,,,,,hero-ragged_a2a-nccl2307-ep-step81k
98053,1.2116917371749878,,,,,hero-ragged_a2a-nccl2307-ep-step81k
98066,1.223174810409546,,,,,hero-ragged_a2a-nccl2307-ep-step81k
98073,1.218475580215454,,,,,hero-ragged_a2a-nccl2307-ep-step81k
98075,1.210172414779663,,,,,hero-ragged_a2a-nccl2307-ep-step81k
98080,1.2157337665557861,,,,,hero-ragged_a2a-nccl2307-ep-step81k
98093,1.2077935934066772,,,,,hero-ragged_a2a-nccl2307-ep-step81k
98138,1.2070930004119873,,,,,hero-ragged_a2a-nccl2307-ep-step81k
98152,1.2139313220977783,,,,,hero-ragged_a2a-nccl2307-ep-step81k
98179,1.2060316801071167,,,,,hero-ragged_a2a-nccl2307-ep-step81k
98184,1.207654356956482,,,,,hero-ragged_a2a-nccl2307-ep-step81k
98188,1.2086920738220215,,,,,hero-ragged_a2a-nccl2307-ep-step81k
98206,1.2102077007293701,,,,,hero-ragged_a2a-nccl2307-ep-step81k
98207,1.2082654237747192,,,,,hero-ragged_a2a-nccl2307-ep-step81k
98238,1.2217063903808594,,,,,hero-ragged_a2a-nccl2307-ep-step81k
98260,1.215566635131836,,,,,hero-ragged_a2a-nccl2307-ep-step81k
98267,1.2021582126617432,,,,,hero-ragged_a2a-nccl2307-ep-step81k
98270,1.2082699537277222,,,,,hero-ragged_a2a-nccl2307-ep-step81k
98292,1.2126790285110474,,,,,hero-ragged_a2a-nccl2307-ep-step81k
98317,1.213639259338379,,,,,hero-ragged_a2a-nccl2307-ep-step81k
98319,1.2082880735397339,,,,,hero-ragged_a2a-nccl2307-ep-step81k
98338,1.2204986810684204,,,,,hero-ragged_a2a-nccl2307-ep-step81k
98343,1.2072458267211914,,,,,hero-ragged_a2a-nccl2307-ep-step81k
98354,1.213081955909729,,,,,hero-ragged_a2a-nccl2307-ep-step81k
98355,1.2244065999984741,,,,,hero-ragged_a2a-nccl2307-ep-step81k
98377,1.2257122993469238,,,,,hero-ragged_a2a-nccl2307-ep-step81k
98386,1.2244764566421509,,,,,hero-ragged_a2a-nccl2307-ep-step81k
98422,1.209882378578186,,,,,hero-ragged_a2a-nccl2307-ep-step81k
98433,1.207425594329834,,,,,hero-ragged_a2a-nccl2307-ep-step81k
98438,1.213088035583496,,,,,hero-ragged_a2a-nccl2307-ep-step81k
98456,1.2141470909118652,,,,,hero-ragged_a2a-nccl2307-ep-step81k
98467,1.2036792039871216,,,,,hero-ragged_a2a-nccl2307-ep-step81k
98482,1.221578598022461,,,,,hero-ragged_a2a-nccl2307-ep-step81k
98524,1.2104076147079468,,,,,hero-ragged_a2a-nccl2307-ep-step81k
98555,1.1970609426498413,,,,,hero-ragged_a2a-nccl2307-ep-step81k
98557,1.2077564001083374,,,,,hero-ragged_a2a-nccl2307-ep-step81k
98568,1.2068512439727783,,,,,hero-ragged_a2a-nccl2307-ep-step81k
98570,1.214241862297058,,,,,hero-ragged_a2a-nccl2307-ep-step81k
98573,1.2024682760238647,,,,,hero-ragged_a2a-nccl2307-ep-step81k
98585,1.2144644260406494,,,,,hero-ragged_a2a-nccl2307-ep-step81k
98592,1.2159219980239868,,,,,hero-ragged_a2a-nccl2307-ep-step81k
98631,1.2298821210861206,,,,,hero-ragged_a2a-nccl2307-ep-step81k
98632,1.211500883102417,,,,,hero-ragged_a2a-nccl2307-ep-step81k
98651,1.2095115184783936,,,,,hero-ragged_a2a-nccl2307-ep-step81k
98653,1.2228834629058838,,,,,hero-ragged_a2a-nccl2307-ep-step81k
98670,1.2193703651428223,,,,,hero-ragged_a2a-nccl2307-ep-step81k
98678,1.2252085208892822,,,,,hero-ragged_a2a-nccl2307-ep-step81k
98689,1.2254987955093384,,,,,hero-ragged_a2a-nccl2307-ep-step81k
98701,1.2141116857528687,,,,,hero-ragged_a2a-nccl2307-ep-step81k
98708,1.2193603515625,,,,,hero-ragged_a2a-nccl2307-ep-step81k
98713,1.2155396938323975,,,,,hero-ragged_a2a-nccl2307-ep-step81k
98717,1.2170048952102661,,,,,hero-ragged_a2a-nccl2307-ep-step81k
98727,1.2223490476608276,,,,,hero-ragged_a2a-nccl2307-ep-step81k
98743,1.2100696563720703,,,,,hero-ragged_a2a-nccl2307-ep-step81k
98744,1.2160202264785767,,,,,hero-ragged_a2a-nccl2307-ep-step81k
98761,1.224098801612854,,,,,hero-ragged_a2a-nccl2307-ep-step81k
98778,1.2115750312805176,,,,,hero-ragged_a2a-nccl2307-ep-step81k
98832,1.208592414855957,,,,,hero-ragged_a2a-nccl2307-ep-step81k
98836,1.2146140336990356,,,,,hero-ragged_a2a-nccl2307-ep-step81k
98852,1.2121539115905762,,,,,hero-ragged_a2a-nccl2307-ep-step81k
98853,1.2107691764831543,,,,,hero-ragged_a2a-nccl2307-ep-step81k
98860,1.2095566987991333,,,,,hero-ragged_a2a-nccl2307-ep-step81k
98882,1.216241717338562,,,,,hero-ragged_a2a-nccl2307-ep-step81k
98889,1.2289741039276123,,,,,hero-ragged_a2a-nccl2307-ep-step81k
98901,1.216317057609558,,,,,hero-ragged_a2a-nccl2307-ep-step81k
98911,1.2110306024551392,,,,,hero-ragged_a2a-nccl2307-ep-step81k
98915,1.2153013944625854,,,,,hero-ragged_a2a-nccl2307-ep-step81k
98923,1.2253022193908691,,,,,hero-ragged_a2a-nccl2307-ep-step81k
98944,1.2161506414413452,,,,,hero-ragged_a2a-nccl2307-ep-step81k
98948,1.2240397930145264,,,,,hero-ragged_a2a-nccl2307-ep-step81k
98968,1.220801830291748,,,,,hero-ragged_a2a-nccl2307-ep-step81k
98972,1.2240574359893799,,,,,hero-ragged_a2a-nccl2307-ep-step81k
98973,1.2173103094100952,,,,,hero-ragged_a2a-nccl2307-ep-step81k
98982,1.2167327404022217,,,,,hero-ragged_a2a-nccl2307-ep-step81k
98998,1.2234076261520386,,,,,hero-ragged_a2a-nccl2307-ep-step81k
98999,,,2.29097056388855,,2.0505518913269043,hero-ragged_a2a-nccl2307-ep-step81k
99003,1.2125146389007568,,,,,hero-ragged_a2a-nccl2307-ep-step81k
99013,1.2214232683181763,,,,,hero-ragged_a2a-nccl2307-ep-step81k
99015,1.2208906412124634,,,,,hero-ragged_a2a-nccl2307-ep-step81k
99021,1.2226241827011108,,,,,hero-ragged_a2a-nccl2307-ep-step81k
99035,1.2129219770431519,,,,,hero-ragged_a2a-nccl2307-ep-step81k
99082,1.2118793725967407,,,,,hero-ragged_a2a-nccl2307-ep-step81k
99085,1.2067736387252808,,,,,hero-ragged_a2a-nccl2307-ep-step81k
99092,1.2144122123718262,,,,,hero-ragged_a2a-nccl2307-ep-step81k
99115,1.215342402458191,,,,,hero-ragged_a2a-nccl2307-ep-step81k
99133,1.2228071689605713,,,,,hero-ragged_a2a-nccl2307-ep-step81k
99139,1.205660343170166,,,,,hero-ragged_a2a-nccl2307-ep-step81k
99142,1.2108697891235352,,,,,hero-ragged_a2a-nccl2307-ep-step81k
99147,1.214179515838623,,,,,hero-ragged_a2a-nccl2307-ep-step81k
99154,1.21625554561615,,,,,hero-ragged_a2a-nccl2307-ep-step81k
99158,1.2171586751937866,,,,,hero-ragged_a2a-nccl2307-ep-step81k
99163,1.2046408653259277,,,,,hero-ragged_a2a-nccl2307-ep-step81k
99165,1.2231853008270264,,,,,hero-ragged_a2a-nccl2307-ep-step81k
99167,1.2044868469238281,,,,,hero-ragged_a2a-nccl2307-ep-step81k
99174,1.2054964303970337,,,,,hero-ragged_a2a-nccl2307-ep-step81k
99185,1.216915488243103,,,,,hero-ragged_a2a-nccl2307-ep-step81k
99186,1.2089093923568726,,,,,hero-ragged_a2a-nccl2307-ep-step81k
99190,1.2094920873641968,,,,,hero-ragged_a2a-nccl2307-ep-step81k
99206,1.2132654190063477,,,,,hero-ragged_a2a-nccl2307-ep-step81k
99210,1.210045337677002,,,,,hero-ragged_a2a-nccl2307-ep-step81k
99222,1.2104132175445557,,,,,hero-ragged_a2a-nccl2307-ep-step81k
99247,1.2142307758331299,,,,,hero-ragged_a2a-nccl2307-ep-step81k
99254,1.2065544128417969,,,,,hero-ragged_a2a-nccl2307-ep-step81k
99257,1.2076177597045898,,,,,hero-ragged_a2a-nccl2307-ep-step81k
