_step,train/loss,eval/paloma/c4_en/loss,eval/loss,eval/macro_loss,_segment
160002,1.8409913778305054,,,,tootsie-32b-cooldown-mantis-adamc-v2
160061,1.7962150573730469,,,,tootsie-32b-cooldown-mantis-adamc-v2
160063,1.8003158569335938,,,,tootsie-32b-cooldown-mantis-adamc-v2
160074,1.8048920631408691,,,,tootsie-32b-cooldown-mantis-adamc-v2
160130,1.797977089881897,,,,tootsie-32b-cooldown-mantis-adamc-v2
160182,1.7884677648544312,,,,tootsie-32b-cooldown-mantis-adamc-v2
160184,1.7931612730026245,,,,tootsie-32b-cooldown-mantis-adamc-v2
160185,1.7900601625442505,,,,tootsie-32b-cooldown-mantis-adamc-v2
160189,1.7956035137176514,,,,tootsie-32b-cooldown-mantis-adamc-v2
160200,1.7904045581817627,,,,tootsie-32b-cooldown-mantis-adamc-v2
160228,1.7898738384246826,,,,tootsie-32b-cooldown-mantis-adamc-v2
160270,1.7845700979232788,,,,tootsie-32b-cooldown-mantis-adamc-v2
160284,1.7867798805236816,,,,tootsie-32b-cooldown-mantis-adamc-v2
160291,1.7836518287658691,,,,tootsie-32b-cooldown-mantis-adamc-v2
160314,1.7852205038070679,,,,tootsie-32b-cooldown-mantis-adamc-v2
160322,1.7819082736968994,,,,tootsie-32b-cooldown-mantis-adamc-v2
160323,1.7865803241729736,,,,tootsie-32b-cooldown-mantis-adamc-v2
160344,1.7815057039260864,,,,tootsie-32b-cooldown-mantis-adamc-v2
160361,1.7763084173202515,,,,tootsie-32b-cooldown-mantis-adamc-v2
160371,1.7835592031478882,,,,tootsie-32b-cooldown-mantis-adamc-v2
160378,1.7822685241699219,,,,tootsie-32b-cooldown-mantis-adamc-v2
160397,1.7844418287277222,,,,tootsie-32b-cooldown-mantis-adamc-v2
160445,1.777709722518921,,,,tootsie-32b-cooldown-mantis-adamc-v2
160446,1.7781378030776978,,,,tootsie-32b-cooldown-mantis-adamc-v2
160469,1.7802518606185913,,,,tootsie-32b-cooldown-mantis-adamc-v2
160519,1.782538652420044,,,,tootsie-32b-cooldown-mantis-adamc-v2
160524,1.780663013458252,,,,tootsie-32b-cooldown-mantis-adamc-v2
160565,1.7814289331436157,,,,tootsie-32b-cooldown-mantis-adamc-v2
160571,1.7681469917297363,,,,tootsie-32b-cooldown-mantis-adamc-v2
160612,1.778325080871582,,,,tootsie-32b-cooldown-mantis-adamc-v2
160614,1.775822401046753,,,,tootsie-32b-cooldown-mantis-adamc-v2
160643,1.7766438722610474,,,,tootsie-32b-cooldown-mantis-adamc-v2
160650,1.779689073562622,,,,tootsie-32b-cooldown-mantis-adamc-v2
160681,1.777733325958252,,,,tootsie-32b-cooldown-mantis-adamc-v2
160708,1.7736519575119019,,,,tootsie-32b-cooldown-mantis-adamc-v2
160734,1.7793418169021606,,,,tootsie-32b-cooldown-mantis-adamc-v2
160839,1.772740364074707,,,,tootsie-32b-cooldown-mantis-adamc-v2
160868,1.7841041088104248,,,,tootsie-32b-cooldown-mantis-adamc-v2
160877,1.7727634906768799,,,,tootsie-32b-cooldown-mantis-adamc-v2
160884,1.7862489223480225,,,,tootsie-32b-cooldown-mantis-adamc-v2
160885,1.7827295064926147,,,,tootsie-32b-cooldown-mantis-adamc-v2
160905,1.7809607982635498,,,,tootsie-32b-cooldown-mantis-adamc-v2
160910,1.774513602256775,,,,tootsie-32b-cooldown-mantis-adamc-v2
160928,1.7749104499816895,,,,tootsie-32b-cooldown-mantis-adamc-v2
160940,1.7710673809051514,,,,tootsie-32b-cooldown-mantis-adamc-v2
161000,,2.266045570373535,2.0366156101226807,2.280456066131592,tootsie-32b-cooldown-mantis-adamc-v2
161037,1.767544150352478,,,,tootsie-32b-cooldown-mantis-adamc-v2
161049,1.7684202194213867,,,,tootsie-32b-cooldown-mantis-adamc-v2
161056,1.7750884294509888,,,,tootsie-32b-cooldown-mantis-adamc-v2
161068,1.771885871887207,,,,tootsie-32b-cooldown-mantis-adamc-v2
161084,1.7663259506225586,,,,tootsie-32b-cooldown-mantis-adamc-v2
161101,1.7691664695739746,,,,tootsie-32b-cooldown-mantis-adamc-v2
161130,1.7644494771957397,,,,tootsie-32b-cooldown-mantis-adamc-v2
161134,1.7752677202224731,,,,tootsie-32b-cooldown-mantis-adamc-v2
161151,1.7698055505752563,,,,tootsie-32b-cooldown-mantis-adamc-v2
161153,1.777282953262329,,,,tootsie-32b-cooldown-mantis-adamc-v2
161165,1.7743386030197144,,,,tootsie-32b-cooldown-mantis-adamc-v2
161171,1.778361439704895,,,,tootsie-32b-cooldown-mantis-adamc-v2
161210,1.7694478034973145,,,,tootsie-32b-cooldown-mantis-adamc-v2
161213,1.7804428339004517,,,,tootsie-32b-cooldown-mantis-adamc-v2
161264,1.7663252353668213,,,,tootsie-32b-cooldown-mantis-adamc-v2
161266,1.7659868001937866,,,,tootsie-32b-cooldown-mantis-adamc-v2
161372,1.77022123336792,,,,tootsie-32b-cooldown-mantis-adamc-v2
161400,1.7614318132400513,,,,tootsie-32b-cooldown-mantis-adamc-v2
161413,1.7662043571472168,,,,tootsie-32b-cooldown-mantis-adamc-v2
161433,1.7682362794876099,,,,tootsie-32b-cooldown-mantis-adamc-v2
161454,1.7620173692703247,,,,tootsie-32b-cooldown-mantis-adamc-v2
161458,1.7669923305511475,,,,tootsie-32b-cooldown-mantis-adamc-v2
161505,1.7625304460525513,,,,tootsie-32b-cooldown-mantis-adamc-v2
161531,1.7662451267242432,,,,tootsie-32b-cooldown-mantis-adamc-v2
161532,1.7732269763946533,,,,tootsie-32b-cooldown-mantis-adamc-v2
161548,1.7692667245864868,,,,tootsie-32b-cooldown-mantis-adamc-v2
161588,1.7615528106689453,,,,tootsie-32b-cooldown-mantis-adamc-v2
161624,1.7657313346862793,,,,tootsie-32b-cooldown-mantis-adamc-v2
161653,1.764976143836975,,,,tootsie-32b-cooldown-mantis-adamc-v2
161669,1.7667299509048462,,,,tootsie-32b-cooldown-mantis-adamc-v2
161685,1.7654118537902832,,,,tootsie-32b-cooldown-mantis-adamc-v2
161694,1.7655887603759766,,,,tootsie-32b-cooldown-mantis-adamc-v2
161697,1.7676045894622803,,,,tootsie-32b-cooldown-mantis-adamc-v2
161702,1.7667943239212036,,,,tootsie-32b-cooldown-mantis-adamc-v2
161710,1.7717839479446411,,,,tootsie-32b-cooldown-mantis-adamc-v2
161725,1.7644156217575073,,,,tootsie-32b-cooldown-mantis-adamc-v2
161770,1.7641874551773071,,,,tootsie-32b-cooldown-mantis-adamc-v2
161844,1.7631120681762695,,,,tootsie-32b-cooldown-mantis-adamc-v2
161858,1.7630829811096191,,,,tootsie-32b-cooldown-mantis-adamc-v2
161860,1.7575798034667969,,,,tootsie-32b-cooldown-mantis-adamc-v2
161875,1.7643017768859863,,,,tootsie-32b-cooldown-mantis-adamc-v2
161904,1.7546453475952148,,,,tootsie-32b-cooldown-mantis-adamc-v2
161910,1.762441873550415,,,,tootsie-32b-cooldown-mantis-adamc-v2
161914,1.761082649230957,,,,tootsie-32b-cooldown-mantis-adamc-v2
161917,1.765223741531372,,,,tootsie-32b-cooldown-mantis-adamc-v2
161945,1.760718822479248,,,,tootsie-32b-cooldown-mantis-adamc-v2
161961,1.7576093673706055,,,,tootsie-32b-cooldown-mantis-adamc-v2
161969,1.7599177360534668,,,,tootsie-32b-cooldown-mantis-adamc-v2
161995,1.7660753726959229,,,,tootsie-32b-cooldown-mantis-adamc-v2
162000,,2.2616078853607178,2.025550603866577,2.2772884368896484,tootsie-32b-cooldown-mantis-adamc-v2
162009,1.761953353881836,,,,tootsie-32b-cooldown-mantis-adamc-v2
162035,1.7525887489318848,,,,tootsie-32b-cooldown-mantis-adamc-v2
162057,1.7665811777114868,,,,tootsie-32b-cooldown-mantis-adamc-v2
162084,1.7619434595108032,,,,tootsie-32b-cooldown-mantis-adamc-v2
162127,1.7525297403335571,,,,tootsie-32b-cooldown-mantis-adamc-v2
162133,1.7622122764587402,,,,tootsie-32b-cooldown-mantis-adamc-v2
162141,1.7659122943878174,,,,tootsie-32b-cooldown-mantis-adamc-v2
162184,1.7547756433486938,,,,tootsie-32b-cooldown-mantis-adamc-v2
162202,1.7607496976852417,,,,tootsie-32b-cooldown-mantis-adamc-v2
162210,1.7578619718551636,,,,tootsie-32b-cooldown-mantis-adamc-v2
162216,1.7691497802734375,,,,tootsie-32b-cooldown-mantis-adamc-v2
162246,1.7609254121780396,,,,tootsie-32b-cooldown-mantis-adamc-v2
162261,1.760122537612915,,,,tootsie-32b-cooldown-mantis-adamc-v2
162267,1.7563354969024658,,,,tootsie-32b-cooldown-mantis-adamc-v2
162375,1.762171745300293,,,,tootsie-32b-cooldown-mantis-adamc-v2
162378,1.758816123008728,,,,tootsie-32b-cooldown-mantis-adamc-v2
162385,1.7659162282943726,,,,tootsie-32b-cooldown-mantis-adamc-v2
162405,1.7597476243972778,,,,tootsie-32b-cooldown-mantis-adamc-v2
162414,1.7567583322525024,,,,tootsie-32b-cooldown-mantis-adamc-v2
162418,1.7532206773757935,,,,tootsie-32b-cooldown-mantis-adamc-v2
162446,1.759235143661499,,,,tootsie-32b-cooldown-mantis-adamc-v2
162453,1.763649821281433,,,,tootsie-32b-cooldown-mantis-adamc-v2
162460,1.7656768560409546,,,,tootsie-32b-cooldown-mantis-adamc-v2
162462,1.7586086988449097,,,,tootsie-32b-cooldown-mantis-adamc-v2
162465,1.759385347366333,,,,tootsie-32b-cooldown-mantis-adamc-v2
162478,1.758279800415039,,,,tootsie-32b-cooldown-mantis-adamc-v2
162501,1.7544431686401367,,,,tootsie-32b-cooldown-mantis-adamc-v2
162555,1.7558027505874634,,,,tootsie-32b-cooldown-mantis-adamc-v2
162581,1.7615538835525513,,,,tootsie-32b-cooldown-mantis-adamc-v2
162589,1.7607582807540894,,,,tootsie-32b-cooldown-mantis-adamc-v2
162607,1.7655341625213623,,,,tootsie-32b-cooldown-mantis-adamc-v2
162635,1.7560631036758423,,,,tootsie-32b-cooldown-mantis-adamc-v2
162723,1.7641360759735107,,,,tootsie-32b-cooldown-mantis-adamc-v2
162725,1.7617772817611694,,,,tootsie-32b-cooldown-mantis-adamc-v2
162756,1.7558649778366089,,,,tootsie-32b-cooldown-mantis-adamc-v2
162767,1.7553439140319824,,,,tootsie-32b-cooldown-mantis-adamc-v2
162779,1.756935477256775,,,,tootsie-32b-cooldown-mantis-adamc-v2
162786,1.7648224830627441,,,,tootsie-32b-cooldown-mantis-adamc-v2
162909,1.75971257686615,,,,tootsie-32b-cooldown-mantis-adamc-v2
162985,1.7591984272003174,,,,tootsie-32b-cooldown-mantis-adamc-v2
163000,,2.260788679122925,2.0172412395477295,2.2705507278442383,tootsie-32b-cooldown-mantis-adamc-v2
163007,1.7531225681304932,,,,tootsie-32b-cooldown-mantis-adamc-v2
163077,1.7463215589523315,,,,tootsie-32b-cooldown-mantis-adamc-v2
163092,1.7594391107559204,,,,tootsie-32b-cooldown-mantis-adamc-v2
163093,1.7546982765197754,,,,tootsie-32b-cooldown-mantis-adamc-v2
163123,1.756095290184021,,,,tootsie-32b-cooldown-mantis-adamc-v2
163181,1.767583966255188,,,,tootsie-32b-cooldown-mantis-adamc-v2
163189,1.7586497068405151,,,,tootsie-32b-cooldown-mantis-adamc-v2
163201,1.756596565246582,,,,tootsie-32b-cooldown-mantis-adamc-v2
163255,1.7538584470748901,,,,tootsie-32b-cooldown-mantis-adamc-v2
163272,1.7509735822677612,,,,tootsie-32b-cooldown-mantis-adamc-v2
163294,1.7543847560882568,,,,tootsie-32b-cooldown-mantis-adamc-v2
163299,1.7436277866363525,,,,tootsie-32b-cooldown-mantis-adamc-v2
163321,1.7605273723602295,,,,tootsie-32b-cooldown-mantis-adamc-v2
163333,1.7517139911651611,,,,tootsie-32b-cooldown-mantis-adamc-v2
163336,1.755141258239746,,,,tootsie-32b-cooldown-mantis-adamc-v2
163373,1.7500834465026855,,,,tootsie-32b-cooldown-mantis-adamc-v2
163374,1.746726155281067,,,,tootsie-32b-cooldown-mantis-adamc-v2
163399,1.7528504133224487,,,,tootsie-32b-cooldown-mantis-adamc-v2
163425,1.756394386291504,,,,tootsie-32b-cooldown-mantis-adamc-v2
163426,1.7519632577896118,,,,tootsie-32b-cooldown-mantis-adamc-v2
163440,1.754671573638916,,,,tootsie-32b-cooldown-mantis-adamc-v2
163442,1.7400190830230713,,,,tootsie-32b-cooldown-mantis-adamc-v2
163448,1.7474429607391357,,,,tootsie-32b-cooldown-mantis-adamc-v2
163506,1.7563198804855347,,,,tootsie-32b-cooldown-mantis-adamc-v2
163559,1.747227430343628,,,,tootsie-32b-cooldown-mantis-adamc-v2
163562,1.746092438697815,,,,tootsie-32b-cooldown-mantis-adamc-v2
163574,1.7495579719543457,,,,tootsie-32b-cooldown-mantis-adamc-v2
163610,1.7458105087280273,,,,tootsie-32b-cooldown-mantis-adamc-v2
163611,1.7470091581344604,,,,tootsie-32b-cooldown-mantis-adamc-v2
163628,1.7593728303909302,,,,tootsie-32b-cooldown-mantis-adamc-v2
163657,1.7521647214889526,,,,tootsie-32b-cooldown-mantis-adamc-v2
163658,1.7536613941192627,,,,tootsie-32b-cooldown-mantis-adamc-v2
163675,1.7410004138946533,,,,tootsie-32b-cooldown-mantis-adamc-v2
163690,1.7500497102737427,,,,tootsie-32b-cooldown-mantis-adamc-v2
163706,1.7563366889953613,,,,tootsie-32b-cooldown-mantis-adamc-v2
163788,1.7491320371627808,,,,tootsie-32b-cooldown-mantis-adamc-v2
163802,1.7511837482452393,,,,tootsie-32b-cooldown-mantis-adamc-v2
163816,1.7457880973815918,,,,tootsie-32b-cooldown-mantis-adamc-v2
163830,1.7541621923446655,,,,tootsie-32b-cooldown-mantis-adamc-v2
163869,1.74565851688385,,,,tootsie-32b-cooldown-mantis-adamc-v2
163872,1.7521554231643677,,,,tootsie-32b-cooldown-mantis-adamc-v2
163880,1.7524628639221191,,,,tootsie-32b-cooldown-mantis-adamc-v2
163902,1.748846411705017,,,,tootsie-32b-cooldown-mantis-adamc-v2
163907,1.749790072441101,,,,tootsie-32b-cooldown-mantis-adamc-v2
163913,1.7475457191467285,,,,tootsie-32b-cooldown-mantis-adamc-v2
163926,1.7527366876602173,,,,tootsie-32b-cooldown-mantis-adamc-v2
163937,1.7506898641586304,,,,tootsie-32b-cooldown-mantis-adamc-v2
163955,1.7454158067703247,,,,tootsie-32b-cooldown-mantis-adamc-v2
163964,1.7515456676483154,,,,tootsie-32b-cooldown-mantis-adamc-v2
163971,1.742272973060608,,,,tootsie-32b-cooldown-mantis-adamc-v2
164000,,2.2590224742889404,2.013425827026367,2.2707865238189697,tootsie-32b-cooldown-mantis-adamc-v2
164001,1.7416021823883057,,,,tootsie-32b-cooldown-mantis-adamc-v2
164023,1.7482565641403198,,,,tootsie-32b-cooldown-mantis-adamc-v2
164040,1.7460688352584839,,,,tootsie-32b-cooldown-mantis-adamc-v2
164081,1.752625584602356,,,,tootsie-32b-cooldown-mantis-adamc-v2
164100,1.7405556440353394,,,,tootsie-32b-cooldown-mantis-adamc-v2
164122,1.7564500570297241,,,,tootsie-32b-cooldown-mantis-adamc-v2
164128,1.744515061378479,,,,tootsie-32b-cooldown-mantis-adamc-v2
164147,1.7473320960998535,,,,tootsie-32b-cooldown-mantis-adamc-v2
164164,1.748572587966919,,,,tootsie-32b-cooldown-mantis-adamc-v2
164169,1.746458888053894,,,,tootsie-32b-cooldown-mantis-adamc-v2
164176,1.7463501691818237,,,,tootsie-32b-cooldown-mantis-adamc-v2
164182,1.7436007261276245,,,,tootsie-32b-cooldown-mantis-adamc-v2
164237,1.7459361553192139,,,,tootsie-32b-cooldown-mantis-adamc-v2
164311,1.7465152740478516,,,,tootsie-32b-cooldown-mantis-adamc-v2
164334,1.7449809312820435,,,,tootsie-32b-cooldown-mantis-adamc-v2
164336,1.754083514213562,,,,tootsie-32b-cooldown-mantis-adamc-v2
164344,1.751457929611206,,,,tootsie-32b-cooldown-mantis-adamc-v2
164365,1.7478516101837158,,,,tootsie-32b-cooldown-mantis-adamc-v2
164404,1.745814323425293,,,,tootsie-32b-cooldown-mantis-adamc-v2
164490,1.7382041215896606,,,,tootsie-32b-cooldown-mantis-adamc-v2
164520,1.7525864839553833,,,,tootsie-32b-cooldown-mantis-adamc-v2
164538,1.7458001375198364,,,,tootsie-32b-cooldown-mantis-adamc-v2
164545,1.7493385076522827,,,,tootsie-32b-cooldown-mantis-adamc-v2
164550,1.7549235820770264,,,,tootsie-32b-cooldown-mantis-adamc-v2
164566,1.7360012531280518,,,,tootsie-32b-cooldown-mantis-adamc-v2
164597,1.7417365312576294,,,,tootsie-32b-cooldown-mantis-adamc-v2
164602,1.7508338689804077,,,,tootsie-32b-cooldown-mantis-adamc-v2
164604,1.741868495941162,,,,tootsie-32b-cooldown-mantis-adamc-v2
164616,1.7469894886016846,,,,tootsie-32b-cooldown-mantis-adamc-v2
164649,1.7476763725280762,,,,tootsie-32b-cooldown-mantis-adamc-v2
164709,1.7463226318359375,,,,tootsie-32b-cooldown-mantis-adamc-v2
164765,1.7498222589492798,,,,tootsie-32b-cooldown-mantis-adamc-v2
164777,1.7467103004455566,,,,tootsie-32b-cooldown-mantis-adamc-v2
164812,1.7487237453460693,,,,tootsie-32b-cooldown-mantis-adamc-v2
164854,1.7528082132339478,,,,tootsie-32b-cooldown-mantis-adamc-v2
164866,1.7473924160003662,,,,tootsie-32b-cooldown-mantis-adamc-v2
164876,1.7458560466766357,,,,tootsie-32b-cooldown-mantis-adamc-v2
164883,1.7407450675964355,,,,tootsie-32b-cooldown-mantis-adamc-v2
164910,1.7436957359313965,,,,tootsie-32b-cooldown-mantis-adamc-v2
164927,1.742026925086975,,,,tootsie-32b-cooldown-mantis-adamc-v2
164947,1.7417263984680176,,,,tootsie-32b-cooldown-mantis-adamc-v2
164997,1.7386648654937744,,,,tootsie-32b-cooldown-mantis-adamc-v2
165000,,2.2583024501800537,2.0072240829467773,2.265838384628296,tootsie-32b-cooldown-mantis-adamc-v2
165037,1.742400050163269,,,,tootsie-32b-cooldown-mantis-adamc-v2
165048,1.7442805767059326,,,,tootsie-32b-cooldown-mantis-adamc-v2
165122,1.7410187721252441,,,,tootsie-32b-cooldown-mantis-adamc-v2
165169,1.7450165748596191,,,,tootsie-32b-cooldown-mantis-adamc-v2
165193,1.7434966564178467,,,,tootsie-32b-cooldown-mantis-adamc-v2
165207,1.7306488752365112,,,,tootsie-32b-cooldown-mantis-adamc-v2
165266,1.7345999479293823,,,,tootsie-32b-cooldown-mantis-adamc-v2
165283,1.7448201179504395,,,,tootsie-32b-cooldown-mantis-adamc-v2
165308,1.7400274276733398,,,,tootsie-32b-cooldown-mantis-adamc-v2
165336,1.7386269569396973,,,,tootsie-32b-cooldown-mantis-adamc-v2
165357,1.736676573753357,,,,tootsie-32b-cooldown-mantis-adamc-v2
165388,1.7371762990951538,,,,tootsie-32b-cooldown-mantis-adamc-v2
165407,1.74653959274292,,,,tootsie-32b-cooldown-mantis-adamc-v2
165451,1.7431026697158813,,,,tootsie-32b-cooldown-mantis-adamc-v2
165542,1.7396597862243652,,,,tootsie-32b-cooldown-mantis-adamc-v2
165547,1.7426908016204834,,,,tootsie-32b-cooldown-mantis-adamc-v2
165555,1.7425317764282227,,,,tootsie-32b-cooldown-mantis-adamc-v2
165556,1.7399895191192627,,,,tootsie-32b-cooldown-mantis-adamc-v2
165589,1.7415354251861572,,,,tootsie-32b-cooldown-mantis-adamc-v2
165606,1.740842580795288,,,,tootsie-32b-cooldown-mantis-adamc-v2
165611,1.745359182357788,,,,tootsie-32b-cooldown-mantis-adamc-v2
165645,1.7404311895370483,,,,tootsie-32b-cooldown-mantis-adamc-v2
165660,1.7420982122421265,,,,tootsie-32b-cooldown-mantis-adamc-v2
165710,1.7826062440872192,,,,tootsie-32b-cooldown-mantis-adamc-v2
165711,1.7439757585525513,,,,tootsie-32b-cooldown-mantis-adamc-v2
165720,1.7472339868545532,,,,tootsie-32b-cooldown-mantis-adamc-v2
165744,1.73235285282135,,,,tootsie-32b-cooldown-mantis-adamc-v2
165759,1.741585612297058,,,,tootsie-32b-cooldown-mantis-adamc-v2
165806,1.739505410194397,,,,tootsie-32b-cooldown-mantis-adamc-v2
165823,1.7396039962768555,,,,tootsie-32b-cooldown-mantis-adamc-v2
165828,1.7401669025421143,,,,tootsie-32b-cooldown-mantis-adamc-v2
165829,1.736571192741394,,,,tootsie-32b-cooldown-mantis-adamc-v2
165843,1.7403126955032349,,,,tootsie-32b-cooldown-mantis-adamc-v2
165866,1.7415657043457031,,,,tootsie-32b-cooldown-mantis-adamc-v2
165867,1.7380379438400269,,,,tootsie-32b-cooldown-mantis-adamc-v2
165935,1.7434940338134766,,,,tootsie-32b-cooldown-mantis-adamc-v2
165937,1.7390731573104858,,,,tootsie-32b-cooldown-mantis-adamc-v2
165944,1.7443305253982544,,,,tootsie-32b-cooldown-mantis-adamc-v2
165963,1.7458800077438354,,,,tootsie-32b-cooldown-mantis-adamc-v2
165979,1.7305723428726196,,,,tootsie-32b-cooldown-mantis-adamc-v2
165985,1.7361388206481934,,,,tootsie-32b-cooldown-mantis-adamc-v2
166000,,2.2551229000091553,2.0029592514038086,2.262294292449951,tootsie-32b-cooldown-mantis-adamc-v2
166012,1.7374299764633179,,,,tootsie-32b-cooldown-mantis-adamc-v2
166033,1.74140202999115,,,,tootsie-32b-cooldown-mantis-adamc-v2
166067,1.740131139755249,,,,tootsie-32b-cooldown-mantis-adamc-v2
166074,1.7374027967453003,,,,tootsie-32b-cooldown-mantis-adamc-v2
166086,1.7414768934249878,,,,tootsie-32b-cooldown-mantis-adamc-v2
166092,1.7394378185272217,,,,tootsie-32b-cooldown-mantis-adamc-v2
166101,1.740449070930481,,,,tootsie-32b-cooldown-mantis-adamc-v2
166109,1.7384096384048462,,,,tootsie-32b-cooldown-mantis-adamc-v2
166116,1.7329630851745605,,,,tootsie-32b-cooldown-mantis-adamc-v2
166131,1.7407183647155762,,,,tootsie-32b-cooldown-mantis-adamc-v2
166156,1.7360093593597412,,,,tootsie-32b-cooldown-mantis-adamc-v2
166169,1.740807294845581,,,,tootsie-32b-cooldown-mantis-adamc-v2
166185,1.7336927652359009,,,,tootsie-32b-cooldown-mantis-adamc-v2
166202,1.7439069747924805,,,,tootsie-32b-cooldown-mantis-adamc-v2
166208,1.7375978231430054,,,,tootsie-32b-cooldown-mantis-adamc-v2
166221,1.7440639734268188,,,,tootsie-32b-cooldown-mantis-adamc-v2
166258,1.7342015504837036,,,,tootsie-32b-cooldown-mantis-adamc-v2
166368,1.737905502319336,,,,tootsie-32b-cooldown-mantis-adamc-v2
166382,1.7307261228561401,,,,tootsie-32b-cooldown-mantis-adamc-v2
166452,1.7300395965576172,,,,tootsie-32b-cooldown-mantis-adamc-v2
166484,1.7334264516830444,,,,tootsie-32b-cooldown-mantis-adamc-v2
166514,1.7383842468261719,,,,tootsie-32b-cooldown-mantis-adamc-v2
166516,1.7386045455932617,,,,tootsie-32b-cooldown-mantis-adamc-v2
166535,1.7371281385421753,,,,tootsie-32b-cooldown-mantis-adamc-v2
166583,1.7400752305984497,,,,tootsie-32b-cooldown-mantis-adamc-v2
166630,1.7365280389785767,,,,tootsie-32b-cooldown-mantis-adamc-v2
166662,1.7395808696746826,,,,tootsie-32b-cooldown-mantis-adamc-v2
166671,1.7301931381225586,,,,tootsie-32b-cooldown-mantis-adamc-v2
166712,1.737127423286438,,,,tootsie-32b-cooldown-mantis-adamc-v2
166717,1.7331678867340088,,,,tootsie-32b-cooldown-mantis-adamc-v2
166743,1.727660059928894,,,,tootsie-32b-cooldown-mantis-adamc-v2
166744,1.74154531955719,,,,tootsie-32b-cooldown-mantis-adamc-v2
166786,1.7308855056762695,,,,tootsie-32b-cooldown-mantis-adamc-v2
166807,1.7418501377105713,,,,tootsie-32b-cooldown-mantis-adamc-v2
166814,1.7307944297790527,,,,tootsie-32b-cooldown-mantis-adamc-v2
166815,1.730154037475586,,,,tootsie-32b-cooldown-mantis-adamc-v2
166823,1.7318341732025146,,,,tootsie-32b-cooldown-mantis-adamc-v2
166846,1.7359788417816162,,,,tootsie-32b-cooldown-mantis-adamc-v2
166878,1.7418256998062134,,,,tootsie-32b-cooldown-mantis-adamc-v2
166957,1.7346992492675781,,,,tootsie-32b-cooldown-mantis-adamc-v2
166994,1.7295178174972534,,,,tootsie-32b-cooldown-mantis-adamc-v2
167000,,2.2540507316589355,1.998548150062561,2.259097099304199,tootsie-32b-cooldown-mantis-adamc-v2
167031,1.7403701543807983,,,,tootsie-32b-cooldown-mantis-adamc-v2
167071,1.731421947479248,,,,tootsie-32b-cooldown-mantis-adamc-v2
167141,1.7297475337982178,,,,tootsie-32b-cooldown-mantis-adamc-v2
167146,1.7381232976913452,,,,tootsie-32b-cooldown-mantis-adamc-v2
167166,1.725774884223938,,,,tootsie-32b-cooldown-mantis-adamc-v2
167182,1.7424306869506836,,,,tootsie-32b-cooldown-mantis-adamc-v2
167190,1.7353094816207886,,,,tootsie-32b-cooldown-mantis-adamc-v2
167194,1.732069969177246,,,,tootsie-32b-cooldown-mantis-adamc-v2
167223,1.7276864051818848,,,,tootsie-32b-cooldown-mantis-adamc-v2
167226,1.7285443544387817,,,,tootsie-32b-cooldown-mantis-adamc-v2
167235,1.730271339416504,,,,tootsie-32b-cooldown-mantis-adamc-v2
167294,1.725832462310791,,,,tootsie-32b-cooldown-mantis-adamc-v2
167305,1.7246081829071045,,,,tootsie-32b-cooldown-mantis-adamc-v2
167312,1.7349954843521118,,,,tootsie-32b-cooldown-mantis-adamc-v2
167371,1.7316420078277588,,,,tootsie-32b-cooldown-mantis-adamc-v2
167375,1.735897183418274,,,,tootsie-32b-cooldown-mantis-adamc-v2
167396,1.7372151613235474,,,,tootsie-32b-cooldown-mantis-adamc-v2
167402,1.733791708946228,,,,tootsie-32b-cooldown-mantis-adamc-v2
167441,1.7301255464553833,,,,tootsie-32b-cooldown-mantis-adamc-v2
167446,1.7315622568130493,,,,tootsie-32b-cooldown-mantis-adamc-v2
167451,1.730492353439331,,,,tootsie-32b-cooldown-mantis-adamc-v2
167478,1.7275577783584595,,,,tootsie-32b-cooldown-mantis-adamc-v2
167485,1.7277473211288452,,,,tootsie-32b-cooldown-mantis-adamc-v2
167497,1.7305409908294678,,,,tootsie-32b-cooldown-mantis-adamc-v2
167504,1.741367220878601,,,,tootsie-32b-cooldown-mantis-adamc-v2
167526,1.737575888633728,,,,tootsie-32b-cooldown-mantis-adamc-v2
167535,1.7361772060394287,,,,tootsie-32b-cooldown-mantis-adamc-v2
167558,1.7259057760238647,,,,tootsie-32b-cooldown-mantis-adamc-v2
167568,1.7296448945999146,,,,tootsie-32b-cooldown-mantis-adamc-v2
167581,1.7250086069107056,,,,tootsie-32b-cooldown-mantis-adamc-v2
167595,1.7299413681030273,,,,tootsie-32b-cooldown-mantis-adamc-v2
167628,1.7266887426376343,,,,tootsie-32b-cooldown-mantis-adamc-v2
167630,1.7253384590148926,,,,tootsie-32b-cooldown-mantis-adamc-v2
167648,1.728467345237732,,,,tootsie-32b-cooldown-mantis-adamc-v2
167652,1.7274836301803589,,,,tootsie-32b-cooldown-mantis-adamc-v2
167664,1.7300305366516113,,,,tootsie-32b-cooldown-mantis-adamc-v2
167676,1.732289433479309,,,,tootsie-32b-cooldown-mantis-adamc-v2
167685,1.7310817241668701,,,,tootsie-32b-cooldown-mantis-adamc-v2
167731,1.7312438488006592,,,,tootsie-32b-cooldown-mantis-adamc-v2
167746,1.7339890003204346,,,,tootsie-32b-cooldown-mantis-adamc-v2
167763,1.732024908065796,,,,tootsie-32b-cooldown-mantis-adamc-v2
167778,1.7315386533737183,,,,tootsie-32b-cooldown-mantis-adamc-v2
167821,1.7296165227890015,,,,tootsie-32b-cooldown-mantis-adamc-v2
167831,1.7288068532943726,,,,tootsie-32b-cooldown-mantis-adamc-v2
167841,1.727577805519104,,,,tootsie-32b-cooldown-mantis-adamc-v2
167867,1.7292182445526123,,,,tootsie-32b-cooldown-mantis-adamc-v2
167892,1.7282826900482178,,,,tootsie-32b-cooldown-mantis-adamc-v2
167922,1.729257583618164,,,,tootsie-32b-cooldown-mantis-adamc-v2
167924,1.7286542654037476,,,,tootsie-32b-cooldown-mantis-adamc-v2
167932,1.7278468608856201,,,,tootsie-32b-cooldown-mantis-adamc-v2
168000,,2.2504377365112305,1.9943127632141113,2.254255771636963,tootsie-32b-cooldown-mantis-adamc-v2
168015,1.7329981327056885,,,,tootsie-32b-cooldown-mantis-adamc-v2
168091,1.7381473779678345,,,,tootsie-32b-cooldown-mantis-adamc-v2
168169,1.7351747751235962,,,,tootsie-32b-cooldown-mantis-adamc-v2
168170,1.7286790609359741,,,,tootsie-32b-cooldown-mantis-adamc-v2
168182,1.7310755252838135,,,,tootsie-32b-cooldown-mantis-adamc-v2
168202,1.7333238124847412,,,,tootsie-32b-cooldown-mantis-adamc-v2
168222,1.7166632413864136,,,,tootsie-32b-cooldown-mantis-adamc-v2
168248,1.7286471128463745,,,,tootsie-32b-cooldown-mantis-adamc-v2
168257,1.7195743322372437,,,,tootsie-32b-cooldown-mantis-adamc-v2
168270,1.7294379472732544,,,,tootsie-32b-cooldown-mantis-adamc-v2
168279,1.7297790050506592,,,,tootsie-32b-cooldown-mantis-adamc-v2
168290,1.7319722175598145,,,,tootsie-32b-cooldown-mantis-adamc-v2
168306,1.7293843030929565,,,,tootsie-32b-cooldown-mantis-adamc-v2
168355,1.7225881814956665,,,,tootsie-32b-cooldown-mantis-adamc-v2
168378,1.7284184694290161,,,,tootsie-32b-cooldown-mantis-adamc-v2
168408,1.7311004400253296,,,,tootsie-32b-cooldown-mantis-adamc-v2
168446,1.7205501794815063,,,,tootsie-32b-cooldown-mantis-adamc-v2
168476,1.7326570749282837,,,,tootsie-32b-cooldown-mantis-adamc-v2
168485,1.7247320413589478,,,,tootsie-32b-cooldown-mantis-adamc-v2
168501,1.718730092048645,,,,tootsie-32b-cooldown-mantis-adamc-v2
168521,1.7246934175491333,,,,tootsie-32b-cooldown-mantis-adamc-v2
168536,1.7232003211975098,,,,tootsie-32b-cooldown-mantis-adamc-v2
168555,1.7238744497299194,,,,tootsie-32b-cooldown-mantis-adamc-v2
168556,1.7249993085861206,,,,tootsie-32b-cooldown-mantis-adamc-v2
168567,1.7227193117141724,,,,tootsie-32b-cooldown-mantis-adamc-v2
168577,1.725465178489685,,,,tootsie-32b-cooldown-mantis-adamc-v2
168579,1.7210583686828613,,,,tootsie-32b-cooldown-mantis-adamc-v2
168685,1.7247251272201538,,,,tootsie-32b-cooldown-mantis-adamc-v2
168701,1.730024814605713,,,,tootsie-32b-cooldown-mantis-adamc-v2
168720,1.7168179750442505,,,,tootsie-32b-cooldown-mantis-adamc-v2
168750,1.7280089855194092,,,,tootsie-32b-cooldown-mantis-adamc-v2
168752,1.733109951019287,,,,tootsie-32b-cooldown-mantis-adamc-v2
168757,1.7222117185592651,,,,tootsie-32b-cooldown-mantis-adamc-v2
168782,1.7267956733703613,,,,tootsie-32b-cooldown-mantis-adamc-v2
168789,1.727462887763977,,,,tootsie-32b-cooldown-mantis-adamc-v2
168799,1.7250782251358032,,,,tootsie-32b-cooldown-mantis-adamc-v2
168805,1.7179535627365112,,,,tootsie-32b-cooldown-mantis-adamc-v2
168806,1.7228803634643555,,,,tootsie-32b-cooldown-mantis-adamc-v2
168826,1.7287895679473877,,,,tootsie-32b-cooldown-mantis-adamc-v2
168831,1.7269823551177979,,,,tootsie-32b-cooldown-mantis-adamc-v2
168849,1.718866229057312,,,,tootsie-32b-cooldown-mantis-adamc-v2
168870,1.7201685905456543,,,,tootsie-32b-cooldown-mantis-adamc-v2
168893,1.7247728109359741,,,,tootsie-32b-cooldown-mantis-adamc-v2
168900,1.7173116207122803,,,,tootsie-32b-cooldown-mantis-adamc-v2
168905,1.7259103059768677,,,,tootsie-32b-cooldown-mantis-adamc-v2
168926,1.725418210029602,,,,tootsie-32b-cooldown-mantis-adamc-v2
168935,1.7231930494308472,,,,tootsie-32b-cooldown-mantis-adamc-v2
168936,1.717850685119629,,,,tootsie-32b-cooldown-mantis-adamc-v2
168941,1.726240634918213,,,,tootsie-32b-cooldown-mantis-adamc-v2
168943,1.7277413606643677,,,,tootsie-32b-cooldown-mantis-adamc-v2
168950,1.7253940105438232,,,,tootsie-32b-cooldown-mantis-adamc-v2
168958,1.7238885164260864,,,,tootsie-32b-cooldown-mantis-adamc-v2
168971,1.7186790704727173,,,,tootsie-32b-cooldown-mantis-adamc-v2
168977,1.7298057079315186,,,,tootsie-32b-cooldown-mantis-adamc-v2
168979,1.7199593782424927,,,,tootsie-32b-cooldown-mantis-adamc-v2
168981,1.7167593240737915,,,,tootsie-32b-cooldown-mantis-adamc-v2
169000,,2.248849391937256,1.9913989305496216,2.2532033920288086,tootsie-32b-cooldown-mantis-adamc-v2
169021,1.7244079113006592,,,,tootsie-32b-cooldown-mantis-adamc-v2
169045,1.7190535068511963,,,,tootsie-32b-cooldown-mantis-adamc-v2
169051,1.72300386428833,,,,tootsie-32b-cooldown-mantis-adamc-v2
169066,1.7238942384719849,,,,tootsie-32b-cooldown-mantis-adamc-v2
169089,1.7213306427001953,,,,tootsie-32b-cooldown-mantis-adamc-v2
169103,1.7305059432983398,,,,tootsie-32b-cooldown-mantis-adamc-v2
169156,1.727950930595398,,,,tootsie-32b-cooldown-mantis-adamc-v2
169161,1.7192187309265137,,,,tootsie-32b-cooldown-mantis-adamc-v2
169183,1.7281696796417236,,,,tootsie-32b-cooldown-mantis-adamc-v2
169186,1.7194393873214722,,,,tootsie-32b-cooldown-mantis-adamc-v2
169233,1.7204101085662842,,,,tootsie-32b-cooldown-mantis-adamc-v2
169282,1.7219669818878174,,,,tootsie-32b-cooldown-mantis-adamc-v2
169306,1.7249482870101929,,,,tootsie-32b-cooldown-mantis-adamc-v2
169316,1.7201752662658691,,,,tootsie-32b-cooldown-mantis-adamc-v2
169331,1.7229697704315186,,,,tootsie-32b-cooldown-mantis-adamc-v2
169334,1.7144402265548706,,,,tootsie-32b-cooldown-mantis-adamc-v2
169366,1.7158817052841187,,,,tootsie-32b-cooldown-mantis-adamc-v2
169373,1.7216541767120361,,,,tootsie-32b-cooldown-mantis-adamc-v2
169382,1.7180596590042114,,,,tootsie-32b-cooldown-mantis-adamc-v2
169430,1.7250187397003174,,,,tootsie-32b-cooldown-mantis-adamc-v2
169445,1.7212495803833008,,,,tootsie-32b-cooldown-mantis-adamc-v2
169531,1.7220181226730347,,,,tootsie-32b-cooldown-mantis-adamc-v2
169543,1.7117908000946045,,,,tootsie-32b-cooldown-mantis-adamc-v2
169586,1.7230455875396729,,,,tootsie-32b-cooldown-mantis-adamc-v2
169617,1.71996009349823,,,,tootsie-32b-cooldown-mantis-adamc-v2
169619,1.7244771718978882,,,,tootsie-32b-cooldown-mantis-adamc-v2
169656,1.7217522859573364,,,,tootsie-32b-cooldown-mantis-adamc-v2
169665,1.7249188423156738,,,,tootsie-32b-cooldown-mantis-adamc-v2
169666,1.7252811193466187,,,,tootsie-32b-cooldown-mantis-adamc-v2
169674,1.7247711420059204,,,,tootsie-32b-cooldown-mantis-adamc-v2
169675,1.7217713594436646,,,,tootsie-32b-cooldown-mantis-adamc-v2
169703,1.7195993661880493,,,,tootsie-32b-cooldown-mantis-adamc-v2
169710,1.718317985534668,,,,tootsie-32b-cooldown-mantis-adamc-v2
169714,1.718390703201294,,,,tootsie-32b-cooldown-mantis-adamc-v2
169715,1.7147667407989502,,,,tootsie-32b-cooldown-mantis-adamc-v2
169738,1.7175793647766113,,,,tootsie-32b-cooldown-mantis-adamc-v2
169741,1.7251249551773071,,,,tootsie-32b-cooldown-mantis-adamc-v2
169782,1.7240006923675537,,,,tootsie-32b-cooldown-mantis-adamc-v2
169787,1.7247966527938843,,,,tootsie-32b-cooldown-mantis-adamc-v2
169792,1.7186168432235718,,,,tootsie-32b-cooldown-mantis-adamc-v2
169812,1.7220633029937744,,,,tootsie-32b-cooldown-mantis-adamc-v2
169842,1.7157973051071167,,,,tootsie-32b-cooldown-mantis-adamc-v2
169843,1.7234359979629517,,,,tootsie-32b-cooldown-mantis-adamc-v2
169879,1.715777039527893,,,,tootsie-32b-cooldown-mantis-adamc-v2
169880,1.7183632850646973,,,,tootsie-32b-cooldown-mantis-adamc-v2
169899,1.7137161493301392,,,,tootsie-32b-cooldown-mantis-adamc-v2
169917,1.715061068534851,,,,tootsie-32b-cooldown-mantis-adamc-v2
169924,1.723132610321045,,,,tootsie-32b-cooldown-mantis-adamc-v2
169942,1.7226721048355103,,,,tootsie-32b-cooldown-mantis-adamc-v2
169964,1.7202587127685547,,,,tootsie-32b-cooldown-mantis-adamc-v2
169987,1.714737057685852,,,,tootsie-32b-cooldown-mantis-adamc-v2
170000,,2.2445600032806396,1.9884562492370605,2.2503645420074463,tootsie-32b-cooldown-mantis-adamc-v2
170050,1.7153196334838867,,,,tootsie-32b-cooldown-mantis-adamc-v2
170072,1.7272449731826782,,,,tootsie-32b-cooldown-mantis-adamc-v2
170079,1.7251745462417603,,,,tootsie-32b-cooldown-mantis-adamc-v2
170124,1.7207473516464233,,,,tootsie-32b-cooldown-mantis-adamc-v2
170132,1.7207754850387573,,,,tootsie-32b-cooldown-mantis-adamc-v2
170138,1.7256802320480347,,,,tootsie-32b-cooldown-mantis-adamc-v2
170151,1.7187198400497437,,,,tootsie-32b-cooldown-mantis-adamc-v2
170160,1.715675711631775,,,,tootsie-32b-cooldown-mantis-adamc-v2
170176,1.7121647596359253,,,,tootsie-32b-cooldown-mantis-adamc-v2
170203,1.7169640064239502,,,,tootsie-32b-cooldown-mantis-adamc-v2
170204,1.71266508102417,,,,tootsie-32b-cooldown-mantis-adamc-v2
170224,1.722774624824524,,,,tootsie-32b-cooldown-mantis-adamc-v2
170241,1.7206372022628784,,,,tootsie-32b-cooldown-mantis-adamc-v2
170257,1.7168484926223755,,,,tootsie-32b-cooldown-mantis-adamc-v2
170279,1.716324806213379,,,,tootsie-32b-cooldown-mantis-adamc-v2
170283,1.7132306098937988,,,,tootsie-32b-cooldown-mantis-adamc-v2
170297,1.7257381677627563,,,,tootsie-32b-cooldown-mantis-adamc-v2
170304,1.7175490856170654,,,,tootsie-32b-cooldown-mantis-adamc-v2
170305,1.7118767499923706,,,,tootsie-32b-cooldown-mantis-adamc-v2
170341,1.7187081575393677,,,,tootsie-32b-cooldown-mantis-adamc-v2
170363,1.7132484912872314,,,,tootsie-32b-cooldown-mantis-adamc-v2
170373,1.7184107303619385,,,,tootsie-32b-cooldown-mantis-adamc-v2
170383,1.7223081588745117,,,,tootsie-32b-cooldown-mantis-adamc-v2
170396,1.7186754941940308,,,,tootsie-32b-cooldown-mantis-adamc-v2
170450,1.7221150398254395,,,,tootsie-32b-cooldown-mantis-adamc-v2
170492,1.7260229587554932,,,,tootsie-32b-cooldown-mantis-adamc-v2
170516,1.7148844003677368,,,,tootsie-32b-cooldown-mantis-adamc-v2
170517,1.7244638204574585,,,,tootsie-32b-cooldown-mantis-adamc-v2
170527,1.715348720550537,,,,tootsie-32b-cooldown-mantis-adamc-v2
170559,1.718692421913147,,,,tootsie-32b-cooldown-mantis-adamc-v2
170575,1.7081941366195679,,,,tootsie-32b-cooldown-mantis-adamc-v2
170643,1.7108603715896606,,,,tootsie-32b-cooldown-mantis-adamc-v2
170654,1.7165136337280273,,,,tootsie-32b-cooldown-mantis-adamc-v2
170663,1.717177391052246,,,,tootsie-32b-cooldown-mantis-adamc-v2
170668,1.7214787006378174,,,,tootsie-32b-cooldown-mantis-adamc-v2
170706,1.7220098972320557,,,,tootsie-32b-cooldown-mantis-adamc-v2
170777,1.720542550086975,,,,tootsie-32b-cooldown-mantis-adamc-v2
170781,1.718586802482605,,,,tootsie-32b-cooldown-mantis-adamc-v2
170783,1.7150132656097412,,,,tootsie-32b-cooldown-mantis-adamc-v2
170814,1.7149707078933716,,,,tootsie-32b-cooldown-mantis-adamc-v2
170818,1.712889552116394,,,,tootsie-32b-cooldown-mantis-adamc-v2
170834,1.7133421897888184,,,,tootsie-32b-cooldown-mantis-adamc-v2
170852,1.7154874801635742,,,,tootsie-32b-cooldown-mantis-adamc-v2
170858,1.7249610424041748,,,,tootsie-32b-cooldown-mantis-adamc-v2
170871,1.7153160572052002,,,,tootsie-32b-cooldown-mantis-adamc-v2
170886,1.7160803079605103,,,,tootsie-32b-cooldown-mantis-adamc-v2
170896,1.717590093612671,,,,tootsie-32b-cooldown-mantis-adamc-v2
170922,1.7079150676727295,,,,tootsie-32b-cooldown-mantis-adamc-v2
170927,1.7198179960250854,,,,tootsie-32b-cooldown-mantis-adamc-v2
170942,1.722342848777771,,,,tootsie-32b-cooldown-mantis-adamc-v2
170984,1.714584469795227,,,,tootsie-32b-cooldown-mantis-adamc-v2
170985,1.7155730724334717,,,,tootsie-32b-cooldown-mantis-adamc-v2
170986,1.7221887111663818,,,,tootsie-32b-cooldown-mantis-adamc-v2
170999,1.7145795822143555,,,,tootsie-32b-cooldown-mantis-adamc-v2
171000,,2.244515895843506,1.9859232902526855,2.2498788833618164,tootsie-32b-cooldown-mantis-adamc-v2
171050,1.7222628593444824,,,,tootsie-32b-cooldown-mantis-adamc-v2
171059,1.7107079029083252,,,,tootsie-32b-cooldown-mantis-adamc-v2
171073,1.7203755378723145,,,,tootsie-32b-cooldown-mantis-adamc-v2
171077,1.7128974199295044,,,,tootsie-32b-cooldown-mantis-adamc-v2
171078,1.7133471965789795,,,,tootsie-32b-cooldown-mantis-adamc-v2
171108,1.7120651006698608,,,,tootsie-32b-cooldown-mantis-adamc-v2
171123,1.7147916555404663,,,,tootsie-32b-cooldown-mantis-adamc-v2
171140,1.7130862474441528,,,,tootsie-32b-cooldown-mantis-adamc-v2
171141,1.715468168258667,,,,tootsie-32b-cooldown-mantis-adamc-v2
171147,1.7114866971969604,,,,tootsie-32b-cooldown-mantis-adamc-v2
171170,1.7165536880493164,,,,tootsie-32b-cooldown-mantis-adamc-v2
171181,1.7084622383117676,,,,tootsie-32b-cooldown-mantis-adamc-v2
171206,1.7130299806594849,,,,tootsie-32b-cooldown-mantis-adamc-v2
171222,1.70889413356781,,,,tootsie-32b-cooldown-mantis-adamc-v2
171245,1.7147016525268555,,,,tootsie-32b-cooldown-mantis-adamc-v2
171260,1.7220648527145386,,,,tootsie-32b-cooldown-mantis-adamc-v2
171267,1.7091819047927856,,,,tootsie-32b-cooldown-mantis-adamc-v2
171298,1.7236366271972656,,,,tootsie-32b-cooldown-mantis-adamc-v2
171299,1.7107025384902954,,,,tootsie-32b-cooldown-mantis-adamc-v2
171308,1.7162076234817505,,,,tootsie-32b-cooldown-mantis-adamc-v2
171322,1.712609052658081,,,,tootsie-32b-cooldown-mantis-adamc-v2
171327,1.7139149904251099,,,,tootsie-32b-cooldown-mantis-adamc-v2
171348,1.7074419260025024,,,,tootsie-32b-cooldown-mantis-adamc-v2
171369,1.7085243463516235,,,,tootsie-32b-cooldown-mantis-adamc-v2
171396,1.7160484790802002,,,,tootsie-32b-cooldown-mantis-adamc-v2
171401,1.7139450311660767,,,,tootsie-32b-cooldown-mantis-adamc-v2
171402,1.721103549003601,,,,tootsie-32b-cooldown-mantis-adamc-v2
171403,1.7169965505599976,,,,tootsie-32b-cooldown-mantis-adamc-v2
171408,1.7155871391296387,,,,tootsie-32b-cooldown-mantis-adamc-v2
171431,1.7089899778366089,,,,tootsie-32b-cooldown-mantis-adamc-v2
171465,1.7147072553634644,,,,tootsie-32b-cooldown-mantis-adamc-v2
171470,1.7155379056930542,,,,tootsie-32b-cooldown-mantis-adamc-v2
171473,1.702062964439392,,,,tootsie-32b-cooldown-mantis-adamc-v2
171476,1.7193427085876465,,,,tootsie-32b-cooldown-mantis-adamc-v2
171490,1.7235404253005981,,,,tootsie-32b-cooldown-mantis-adamc-v2
171507,1.7148081064224243,,,,tootsie-32b-cooldown-mantis-adamc-v2
171524,1.7209149599075317,,,,tootsie-32b-cooldown-mantis-adamc-v2
171526,1.713138222694397,,,,tootsie-32b-cooldown-mantis-adamc-v2
171530,1.7065010070800781,,,,tootsie-32b-cooldown-mantis-adamc-v2
171613,1.7144908905029297,,,,tootsie-32b-cooldown-mantis-adamc-v2
171621,1.709922194480896,,,,tootsie-32b-cooldown-mantis-adamc-v2
171657,1.7109884023666382,,,,tootsie-32b-cooldown-mantis-adamc-v2
171665,1.7154593467712402,,,,tootsie-32b-cooldown-mantis-adamc-v2
171680,1.7104878425598145,,,,tootsie-32b-cooldown-mantis-adamc-v2
171685,1.7172660827636719,,,,tootsie-32b-cooldown-mantis-adamc-v2
171704,1.7166171073913574,,,,tootsie-32b-cooldown-mantis-adamc-v2
171717,1.7157953977584839,,,,tootsie-32b-cooldown-mantis-adamc-v2
171793,1.7110177278518677,,,,tootsie-32b-cooldown-mantis-adamc-v2
171803,1.7118898630142212,,,,tootsie-32b-cooldown-mantis-adamc-v2
171814,1.7070788145065308,,,,tootsie-32b-cooldown-mantis-adamc-v2
171829,1.7115304470062256,,,,tootsie-32b-cooldown-mantis-adamc-v2
171864,1.7083417177200317,,,,tootsie-32b-cooldown-mantis-adamc-v2
171882,1.7099130153656006,,,,tootsie-32b-cooldown-mantis-adamc-v2
171953,1.7123632431030273,,,,tootsie-32b-cooldown-mantis-adamc-v2
172000,,2.2416415214538574,1.9826931953430176,2.2442784309387207,tootsie-32b-cooldown-mantis-adamc-v2
172006,1.703278660774231,,,,tootsie-32b-cooldown-mantis-adamc-v2
172008,1.7121657133102417,,,,tootsie-32b-cooldown-mantis-adamc-v2
172024,1.7088041305541992,,,,tootsie-32b-cooldown-mantis-adamc-v2
172048,1.7064342498779297,,,,tootsie-32b-cooldown-mantis-adamc-v2
172052,1.7122814655303955,,,,tootsie-32b-cooldown-mantis-adamc-v2
172065,1.7066775560379028,,,,tootsie-32b-cooldown-mantis-adamc-v2
172098,1.712481141090393,,,,tootsie-32b-cooldown-mantis-adamc-v2
172115,1.7140957117080688,,,,tootsie-32b-cooldown-mantis-adamc-v2
172129,1.7148381471633911,,,,tootsie-32b-cooldown-mantis-adamc-v2
172144,1.7078263759613037,,,,tootsie-32b-cooldown-mantis-adamc-v2
172148,1.7080974578857422,,,,tootsie-32b-cooldown-mantis-adamc-v2
172252,1.721907615661621,,,,tootsie-32b-cooldown-mantis-adamc-v2
172277,1.7093725204467773,,,,tootsie-32b-cooldown-mantis-adamc-v2
172292,1.7167025804519653,,,,tootsie-32b-cooldown-mantis-adamc-v2
172324,1.7080597877502441,,,,tootsie-32b-cooldown-mantis-adamc-v2
172346,1.7134027481079102,,,,tootsie-32b-cooldown-mantis-adamc-v2
172348,1.7112998962402344,,,,tootsie-32b-cooldown-mantis-adamc-v2
172357,1.703226923942566,,,,tootsie-32b-cooldown-mantis-adamc-v2
172368,1.7038120031356812,,,,tootsie-32b-cooldown-mantis-adamc-v2
172378,1.706292748451233,,,,tootsie-32b-cooldown-mantis-adamc-v2
172393,1.7064595222473145,,,,tootsie-32b-cooldown-mantis-adamc-v2
172458,1.7140356302261353,,,,tootsie-32b-cooldown-mantis-adamc-v2
172478,1.7095155715942383,,,,tootsie-32b-cooldown-mantis-adamc-v2
172526,1.7094062566757202,,,,tootsie-32b-cooldown-mantis-adamc-v2
172535,1.7073585987091064,,,,tootsie-32b-cooldown-mantis-adamc-v2
172541,1.7043853998184204,,,,tootsie-32b-cooldown-mantis-adamc-v2
172553,1.7082445621490479,,,,tootsie-32b-cooldown-mantis-adamc-v2
172574,1.7088758945465088,,,,tootsie-32b-cooldown-mantis-adamc-v2
172588,1.709875464439392,,,,tootsie-32b-cooldown-mantis-adamc-v2
172594,1.7081109285354614,,,,tootsie-32b-cooldown-mantis-adamc-v2
172598,1.7059394121170044,,,,tootsie-32b-cooldown-mantis-adamc-v2
172611,1.7078042030334473,,,,tootsie-32b-cooldown-mantis-adamc-v2
172659,1.70682692527771,,,,tootsie-32b-cooldown-mantis-adamc-v2
172661,1.6999214887619019,,,,tootsie-32b-cooldown-mantis-adamc-v2
172684,1.7090011835098267,,,,tootsie-32b-cooldown-mantis-adamc-v2
172793,1.7124006748199463,,,,tootsie-32b-cooldown-mantis-adamc-v2
172796,1.7068949937820435,,,,tootsie-32b-cooldown-mantis-adamc-v2
172801,1.7061818838119507,,,,tootsie-32b-cooldown-mantis-adamc-v2
172806,1.7077739238739014,,,,tootsie-32b-cooldown-mantis-adamc-v2
172828,1.7056922912597656,,,,tootsie-32b-cooldown-mantis-adamc-v2
172837,1.704924464225769,,,,tootsie-32b-cooldown-mantis-adamc-v2
172874,1.7015963792800903,,,,tootsie-32b-cooldown-mantis-adamc-v2
172877,1.704017162322998,,,,tootsie-32b-cooldown-mantis-adamc-v2
172894,1.7074427604675293,,,,tootsie-32b-cooldown-mantis-adamc-v2
172895,1.7037358283996582,,,,tootsie-32b-cooldown-mantis-adamc-v2
172911,1.7027027606964111,,,,tootsie-32b-cooldown-mantis-adamc-v2
172913,1.701554536819458,,,,tootsie-32b-cooldown-mantis-adamc-v2
172923,1.6961758136749268,,,,tootsie-32b-cooldown-mantis-adamc-v2
172964,1.7133984565734863,,,,tootsie-32b-cooldown-mantis-adamc-v2
172967,1.7024750709533691,,,,tootsie-32b-cooldown-mantis-adamc-v2
172985,1.7043280601501465,,,,tootsie-32b-cooldown-mantis-adamc-v2
172991,1.702486276626587,,,,tootsie-32b-cooldown-mantis-adamc-v2
173000,1.7060424089431763,2.238229274749756,1.9782694578170776,2.240865707397461,tootsie-32b-cooldown-mantis-adamc-v2
173021,1.7088669538497925,,,,tootsie-32b-cooldown-mantis-adamc-v2
173022,1.7006940841674805,,,,tootsie-32b-cooldown-mantis-adamc-v2
173025,1.7040306329727173,,,,tootsie-32b-cooldown-mantis-adamc-v2
173042,1.7124662399291992,,,,tootsie-32b-cooldown-mantis-adamc-v2
173100,1.705611228942871,,,,tootsie-32b-cooldown-mantis-adamc-v2
173180,1.7003167867660522,,,,tootsie-32b-cooldown-mantis-adamc-v2
173218,1.7062805891036987,,,,tootsie-32b-cooldown-mantis-adamc-v2
173232,1.707600474357605,,,,tootsie-32b-cooldown-mantis-adamc-v2
173242,1.7021218538284302,,,,tootsie-32b-cooldown-mantis-adamc-v2
173244,1.7052239179611206,,,,tootsie-32b-cooldown-mantis-adamc-v2
173248,1.7140241861343384,,,,tootsie-32b-cooldown-mantis-adamc-v2
173354,1.70658278465271,,,,tootsie-32b-cooldown-mantis-adamc-v2
173359,1.7019635438919067,,,,tootsie-32b-cooldown-mantis-adamc-v2
173384,1.7023650407791138,,,,tootsie-32b-cooldown-mantis-adamc-v2
173388,1.6968826055526733,,,,tootsie-32b-cooldown-mantis-adamc-v2
173411,1.7028999328613281,,,,tootsie-32b-cooldown-mantis-adamc-v2
173423,1.7020164728164673,,,,tootsie-32b-cooldown-mantis-adamc-v2
173467,1.7043720483779907,,,,tootsie-32b-cooldown-mantis-adamc-v2
173596,1.7042858600616455,,,,tootsie-32b-cooldown-mantis-adamc-v2
173606,1.7069834470748901,,,,tootsie-32b-cooldown-mantis-adamc-v2
173621,1.6942857503890991,,,,tootsie-32b-cooldown-mantis-adamc-v2
173627,1.6998732089996338,,,,tootsie-32b-cooldown-mantis-adamc-v2
173636,1.700901985168457,,,,tootsie-32b-cooldown-mantis-adamc-v2
173637,1.7074748277664185,,,,tootsie-32b-cooldown-mantis-adamc-v2
173650,1.704620599746704,,,,tootsie-32b-cooldown-mantis-adamc-v2
173698,1.70359468460083,,,,tootsie-32b-cooldown-mantis-adamc-v2
173707,1.698278784751892,,,,tootsie-32b-cooldown-mantis-adamc-v2
173739,1.7034331560134888,,,,tootsie-32b-cooldown-mantis-adamc-v2
173791,1.7053335905075073,,,,tootsie-32b-cooldown-mantis-adamc-v2
173841,1.7032040357589722,,,,tootsie-32b-cooldown-mantis-adamc-v2
173852,1.6998989582061768,,,,tootsie-32b-cooldown-mantis-adamc-v2
173885,1.7011202573776245,,,,tootsie-32b-cooldown-mantis-adamc-v2
173958,1.6939189434051514,,,,tootsie-32b-cooldown-mantis-adamc-v2
173995,1.6997103691101074,,,,tootsie-32b-cooldown-mantis-adamc-v2
174000,,2.237600326538086,1.97797429561615,2.2433533668518066,tootsie-32b-cooldown-mantis-adamc-v2
174008,1.7063602209091187,,,,tootsie-32b-cooldown-mantis-adamc-v2
174014,1.6987929344177246,,,,tootsie-32b-cooldown-mantis-adamc-v2
174027,1.7010103464126587,,,,tootsie-32b-cooldown-mantis-adamc-v2
174044,1.697863221168518,,,,tootsie-32b-cooldown-mantis-adamc-v2
174048,1.705461025238037,,,,tootsie-32b-cooldown-mantis-adamc-v2
174057,1.7036627531051636,,,,tootsie-32b-cooldown-mantis-adamc-v2
174069,1.7041760683059692,,,,tootsie-32b-cooldown-mantis-adamc-v2
174071,1.694687008857727,,,,tootsie-32b-cooldown-mantis-adamc-v2
174089,1.6966978311538696,,,,tootsie-32b-cooldown-mantis-adamc-v2
174092,1.7022420167922974,,,,tootsie-32b-cooldown-mantis-adamc-v2
174105,1.711571455001831,,,,tootsie-32b-cooldown-mantis-adamc-v2
174131,1.69862961769104,,,,tootsie-32b-cooldown-mantis-adamc-v2
174155,1.702321171760559,,,,tootsie-32b-cooldown-mantis-adamc-v2
174156,1.7053107023239136,,,,tootsie-32b-cooldown-mantis-adamc-v2
174167,1.6962922811508179,,,,tootsie-32b-cooldown-mantis-adamc-v2
174180,1.6987751722335815,,,,tootsie-32b-cooldown-mantis-adamc-v2
174194,1.6948798894882202,,,,tootsie-32b-cooldown-mantis-adamc-v2
174197,1.6976953744888306,,,,tootsie-32b-cooldown-mantis-adamc-v2
174251,1.7054030895233154,,,,tootsie-32b-cooldown-mantis-adamc-v2
174260,1.6992377042770386,,,,tootsie-32b-cooldown-mantis-adamc-v2
174268,1.6962772607803345,,,,tootsie-32b-cooldown-mantis-adamc-v2
174329,1.7023063898086548,,,,tootsie-32b-cooldown-mantis-adamc-v2
174333,1.6979278326034546,,,,tootsie-32b-cooldown-mantis-adamc-v2
174385,1.6967716217041016,,,,tootsie-32b-cooldown-mantis-adamc-v2
174409,1.6953083276748657,,,,tootsie-32b-cooldown-mantis-adamc-v2
174417,1.7024810314178467,,,,tootsie-32b-cooldown-mantis-adamc-v2
174431,1.7050989866256714,,,,tootsie-32b-cooldown-mantis-adamc-v2
174461,1.6991939544677734,,,,tootsie-32b-cooldown-mantis-adamc-v2
174467,1.707777738571167,,,,tootsie-32b-cooldown-mantis-adamc-v2
174473,1.7016452550888062,,,,tootsie-32b-cooldown-mantis-adamc-v2
174496,1.6988978385925293,,,,tootsie-32b-cooldown-mantis-adamc-v2
174498,1.7050288915634155,,,,tootsie-32b-cooldown-mantis-adamc-v2
174506,1.7029236555099487,,,,tootsie-32b-cooldown-mantis-adamc-v2
174517,1.695590615272522,,,,tootsie-32b-cooldown-mantis-adamc-v2
174520,1.7011457681655884,,,,tootsie-32b-cooldown-mantis-adamc-v2
174524,1.6937406063079834,,,,tootsie-32b-cooldown-mantis-adamc-v2
174531,1.7017890214920044,,,,tootsie-32b-cooldown-mantis-adamc-v2
174537,1.7012883424758911,,,,tootsie-32b-cooldown-mantis-adamc-v2
174546,1.6947985887527466,,,,tootsie-32b-cooldown-mantis-adamc-v2
174579,1.6980953216552734,,,,tootsie-32b-cooldown-mantis-adamc-v2
174671,1.7021872997283936,,,,tootsie-32b-cooldown-mantis-adamc-v2
174678,1.6925145387649536,,,,tootsie-32b-cooldown-mantis-adamc-v2
174683,1.6965569257736206,,,,tootsie-32b-cooldown-mantis-adamc-v2
174691,1.7038506269454956,,,,tootsie-32b-cooldown-mantis-adamc-v2
174714,1.6952661275863647,,,,tootsie-32b-cooldown-mantis-adamc-v2
174756,1.6961559057235718,,,,tootsie-32b-cooldown-mantis-adamc-v2
174783,1.689338207244873,,,,tootsie-32b-cooldown-mantis-adamc-v2
174800,1.6978504657745361,,,,tootsie-32b-cooldown-mantis-adamc-v2
174807,1.6974297761917114,,,,tootsie-32b-cooldown-mantis-adamc-v2
174817,1.6989574432373047,,,,tootsie-32b-cooldown-mantis-adamc-v2
174852,1.7017030715942383,,,,tootsie-32b-cooldown-mantis-adamc-v2
174870,1.7055882215499878,,,,tootsie-32b-cooldown-mantis-adamc-v2
174886,1.7004209756851196,,,,tootsie-32b-cooldown-mantis-adamc-v2
174902,1.693196177482605,,,,tootsie-32b-cooldown-mantis-adamc-v2
174928,1.7021344900131226,,,,tootsie-32b-cooldown-mantis-adamc-v2
174955,1.6864275932312012,,,,tootsie-32b-cooldown-mantis-adamc-v2
174986,1.6983051300048828,,,,tootsie-32b-cooldown-mantis-adamc-v2
174988,1.699468970298767,,,,tootsie-32b-cooldown-mantis-adamc-v2
175000,,2.2353811264038086,1.9742488861083984,2.2382097244262695,tootsie-32b-cooldown-mantis-adamc-v2
175019,1.6927144527435303,,,,tootsie-32b-cooldown-mantis-adamc-v2
175046,1.6979014873504639,,,,tootsie-32b-cooldown-mantis-adamc-v2
175067,1.7016103267669678,,,,tootsie-32b-cooldown-mantis-adamc-v2
175071,1.6921367645263672,,,,tootsie-32b-cooldown-mantis-adamc-v2
175124,1.6970014572143555,,,,tootsie-32b-cooldown-mantis-adamc-v2
175159,1.6929419040679932,,,,tootsie-32b-cooldown-mantis-adamc-v2
175186,1.6986348628997803,,,,tootsie-32b-cooldown-mantis-adamc-v2
175193,1.6913949251174927,,,,tootsie-32b-cooldown-mantis-adamc-v2
175251,1.6902257204055786,,,,tootsie-32b-cooldown-mantis-adamc-v2
175272,1.6909767389297485,,,,tootsie-32b-cooldown-mantis-adamc-v2
175305,1.6987895965576172,,,,tootsie-32b-cooldown-mantis-adamc-v2
175324,1.6914178133010864,,,,tootsie-32b-cooldown-mantis-adamc-v2
175367,1.6894023418426514,,,,tootsie-32b-cooldown-mantis-adamc-v2
175370,1.6974340677261353,,,,tootsie-32b-cooldown-mantis-adamc-v2
175388,1.6986775398254395,,,,tootsie-32b-cooldown-mantis-adamc-v2
175443,1.6847189664840698,,,,tootsie-32b-cooldown-mantis-adamc-v2
175446,1.6890485286712646,,,,tootsie-32b-cooldown-mantis-adamc-v2
175470,1.7005332708358765,,,,tootsie-32b-cooldown-mantis-adamc-v2
175487,1.69353187084198,,,,tootsie-32b-cooldown-mantis-adamc-v2
175507,1.6950119733810425,,,,tootsie-32b-cooldown-mantis-adamc-v2
175527,1.6942988634109497,,,,tootsie-32b-cooldown-mantis-adamc-v2
175531,1.6963424682617188,,,,tootsie-32b-cooldown-mantis-adamc-v2
175570,1.6918106079101562,,,,tootsie-32b-cooldown-mantis-adamc-v2
175573,1.6964927911758423,,,,tootsie-32b-cooldown-mantis-adamc-v2
175637,1.690332055091858,,,,tootsie-32b-cooldown-mantis-adamc-v2
175638,1.6967964172363281,,,,tootsie-32b-cooldown-mantis-adamc-v2
175657,1.6892133951187134,,,,tootsie-32b-cooldown-mantis-adamc-v2
175696,1.6891121864318848,,,,tootsie-32b-cooldown-mantis-adamc-v2
175714,1.6949970722198486,,,,tootsie-32b-cooldown-mantis-adamc-v2
175757,1.6943321228027344,,,,tootsie-32b-cooldown-mantis-adamc-v2
175770,1.6924105882644653,,,,tootsie-32b-cooldown-mantis-adamc-v2
175777,1.6887085437774658,,,,tootsie-32b-cooldown-mantis-adamc-v2
175825,1.6971583366394043,,,,tootsie-32b-cooldown-mantis-adamc-v2
175830,1.6925132274627686,,,,tootsie-32b-cooldown-mantis-adamc-v2
175836,1.6908154487609863,,,,tootsie-32b-cooldown-mantis-adamc-v2
175841,1.694498896598816,,,,tootsie-32b-cooldown-mantis-adamc-v2
175853,1.6875876188278198,,,,tootsie-32b-cooldown-mantis-adamc-v2
175908,1.6886422634124756,,,,tootsie-32b-cooldown-mantis-adamc-v2
175929,1.6873295307159424,,,,tootsie-32b-cooldown-mantis-adamc-v2
175942,1.688175916671753,,,,tootsie-32b-cooldown-mantis-adamc-v2
175961,1.6934069395065308,,,,tootsie-32b-cooldown-mantis-adamc-v2
175991,1.68966805934906,,,,tootsie-32b-cooldown-mantis-adamc-v2
176000,,2.232715129852295,1.9704645872116089,2.2348670959472656,tootsie-32b-cooldown-mantis-adamc-v2
176045,1.694559931755066,,,,tootsie-32b-cooldown-mantis-adamc-v2
176061,1.6927249431610107,,,,tootsie-32b-cooldown-mantis-adamc-v2
176151,1.683218240737915,,,,tootsie-32b-cooldown-mantis-adamc-v2
176162,1.6896775960922241,,,,tootsie-32b-cooldown-mantis-adamc-v2
176189,1.6907762289047241,,,,tootsie-32b-cooldown-mantis-adamc-v2
176194,1.693232774734497,,,,tootsie-32b-cooldown-mantis-adamc-v2
176212,1.6872522830963135,,,,tootsie-32b-cooldown-mantis-adamc-v2
176246,1.685373306274414,,,,tootsie-32b-cooldown-mantis-adamc-v2
176289,1.6902421712875366,,,,tootsie-32b-cooldown-mantis-adamc-v2
176291,1.6867598295211792,,,,tootsie-32b-cooldown-mantis-adamc-v2
176335,1.6805026531219482,,,,tootsie-32b-cooldown-mantis-adamc-v2
176358,1.6939975023269653,,,,tootsie-32b-cooldown-mantis-adamc-v2
176360,1.6916226148605347,,,,tootsie-32b-cooldown-mantis-adamc-v2
176365,1.6878317594528198,,,,tootsie-32b-cooldown-mantis-adamc-v2
176464,1.6939210891723633,,,,tootsie-32b-cooldown-mantis-adamc-v2
176469,1.6871188879013062,,,,tootsie-32b-cooldown-mantis-adamc-v2
176492,1.6879503726959229,,,,tootsie-32b-cooldown-mantis-adamc-v2
176523,1.6946847438812256,,,,tootsie-32b-cooldown-mantis-adamc-v2
176555,1.6929693222045898,,,,tootsie-32b-cooldown-mantis-adamc-v2
176577,1.689849615097046,,,,tootsie-32b-cooldown-mantis-adamc-v2
176602,1.6884208917617798,,,,tootsie-32b-cooldown-mantis-adamc-v2
176604,1.6964837312698364,,,,tootsie-32b-cooldown-mantis-adamc-v2
176623,1.680382490158081,,,,tootsie-32b-cooldown-mantis-adamc-v2
176628,1.6825857162475586,,,,tootsie-32b-cooldown-mantis-adamc-v2
176639,1.687352180480957,,,,tootsie-32b-cooldown-mantis-adamc-v2
176707,1.6945573091506958,,,,tootsie-32b-cooldown-mantis-adamc-v2
176718,1.6906713247299194,,,,tootsie-32b-cooldown-mantis-adamc-v2
176723,1.683945894241333,,,,tootsie-32b-cooldown-mantis-adamc-v2
176741,1.6813509464263916,,,,tootsie-32b-cooldown-mantis-adamc-v2
176767,1.697304606437683,,,,tootsie-32b-cooldown-mantis-adamc-v2
176809,1.6835507154464722,,,,tootsie-32b-cooldown-mantis-adamc-v2
176842,1.6823034286499023,,,,tootsie-32b-cooldown-mantis-adamc-v2
176853,1.683617115020752,,,,tootsie-32b-cooldown-mantis-adamc-v2
176858,1.6917645931243896,,,,tootsie-32b-cooldown-mantis-adamc-v2
176870,1.6869618892669678,,,,tootsie-32b-cooldown-mantis-adamc-v2
176917,1.689555287361145,,,,tootsie-32b-cooldown-mantis-adamc-v2
176936,1.6888096332550049,,,,tootsie-32b-cooldown-mantis-adamc-v2
176938,1.6906558275222778,,,,tootsie-32b-cooldown-mantis-adamc-v2
176963,1.6822437047958374,,,,tootsie-32b-cooldown-mantis-adamc-v2
176993,1.6888697147369385,,,,tootsie-32b-cooldown-mantis-adamc-v2
176998,1.6840263605117798,,,,tootsie-32b-cooldown-mantis-adamc-v2
177000,,2.2299771308898926,1.9675252437591553,2.2312967777252197,tootsie-32b-cooldown-mantis-adamc-v2
177029,1.6980751752853394,,,,tootsie-32b-cooldown-mantis-adamc-v2
177046,1.6801519393920898,,,,tootsie-32b-cooldown-mantis-adamc-v2
177063,1.6788723468780518,,,,tootsie-32b-cooldown-mantis-adamc-v2
177121,1.677583932876587,,,,tootsie-32b-cooldown-mantis-adamc-v2
177138,1.6866172552108765,,,,tootsie-32b-cooldown-mantis-adamc-v2
177196,1.6907352209091187,,,,tootsie-32b-cooldown-mantis-adamc-v2
177208,1.6893848180770874,,,,tootsie-32b-cooldown-mantis-adamc-v2
177229,1.683686375617981,,,,tootsie-32b-cooldown-mantis-adamc-v2
177233,1.6838983297348022,,,,tootsie-32b-cooldown-mantis-adamc-v2
177258,1.680461049079895,,,,tootsie-32b-cooldown-mantis-adamc-v2
177288,1.6783437728881836,,,,tootsie-32b-cooldown-mantis-adamc-v2
177400,1.6866568326950073,,,,tootsie-32b-cooldown-mantis-adamc-v2
177424,1.686169147491455,,,,tootsie-32b-cooldown-mantis-adamc-v2
177439,1.6797906160354614,,,,tootsie-32b-cooldown-mantis-adamc-v2
177448,1.689608097076416,,,,tootsie-32b-cooldown-mantis-adamc-v2
177507,1.6853609085083008,,,,tootsie-32b-cooldown-mantis-adamc-v2
177532,1.678121566772461,,,,tootsie-32b-cooldown-mantis-adamc-v2
177553,1.6718136072158813,,,,tootsie-32b-cooldown-mantis-adamc-v2
177603,1.689322590827942,,,,tootsie-32b-cooldown-mantis-adamc-v2
177608,1.6906628608703613,,,,tootsie-32b-cooldown-mantis-adamc-v2
177656,1.6749482154846191,,,,tootsie-32b-cooldown-mantis-adamc-v2
177661,1.6869457960128784,,,,tootsie-32b-cooldown-mantis-adamc-v2
177679,1.6920497417449951,,,,tootsie-32b-cooldown-mantis-adamc-v2
177686,1.6877392530441284,,,,tootsie-32b-cooldown-mantis-adamc-v2
177726,1.6821866035461426,,,,tootsie-32b-cooldown-mantis-adamc-v2
177733,1.6792569160461426,,,,tootsie-32b-cooldown-mantis-adamc-v2
177739,1.6895097494125366,,,,tootsie-32b-cooldown-mantis-adamc-v2
177744,1.6903423070907593,,,,tootsie-32b-cooldown-mantis-adamc-v2
177746,1.6840226650238037,,,,tootsie-32b-cooldown-mantis-adamc-v2
177749,1.6923433542251587,,,,tootsie-32b-cooldown-mantis-adamc-v2
177780,1.6871051788330078,,,,tootsie-32b-cooldown-mantis-adamc-v2
177796,1.6769078969955444,,,,tootsie-32b-cooldown-mantis-adamc-v2
177799,1.6769589185714722,,,,tootsie-32b-cooldown-mantis-adamc-v2
177800,1.6721302270889282,,,,tootsie-32b-cooldown-mantis-adamc-v2
177851,1.6792528629302979,,,,tootsie-32b-cooldown-mantis-adamc-v2
177861,1.683700680732727,,,,tootsie-32b-cooldown-mantis-adamc-v2
177867,1.6909410953521729,,,,tootsie-32b-cooldown-mantis-adamc-v2
177873,1.6754481792449951,,,,tootsie-32b-cooldown-mantis-adamc-v2
177880,1.685359001159668,,,,tootsie-32b-cooldown-mantis-adamc-v2
177882,1.6824156045913696,,,,tootsie-32b-cooldown-mantis-adamc-v2
177907,1.6817833185195923,,,,tootsie-32b-cooldown-mantis-adamc-v2
177935,1.6852190494537354,,,,tootsie-32b-cooldown-mantis-adamc-v2
177937,1.6900572776794434,,,,tootsie-32b-cooldown-mantis-adamc-v2
177963,1.6838430166244507,,,,tootsie-32b-cooldown-mantis-adamc-v2
177982,1.6873759031295776,,,,tootsie-32b-cooldown-mantis-adamc-v2
177989,1.667129397392273,,,,tootsie-32b-cooldown-mantis-adamc-v2
178000,1.676156997680664,2.226757526397705,1.9646354913711548,2.2285521030426025,tootsie-32b-cooldown-mantis-adamc-v2
178015,1.6747111082077026,,,,tootsie-32b-cooldown-mantis-adamc-v2
178019,1.6819196939468384,,,,tootsie-32b-cooldown-mantis-adamc-v2
178063,1.677058219909668,,,,tootsie-32b-cooldown-mantis-adamc-v2
178068,1.6757667064666748,,,,tootsie-32b-cooldown-mantis-adamc-v2
178075,1.6862242221832275,,,,tootsie-32b-cooldown-mantis-adamc-v2
178079,1.6750218868255615,,,,tootsie-32b-cooldown-mantis-adamc-v2
178105,1.682337999343872,,,,tootsie-32b-cooldown-mantis-adamc-v2
178107,1.6809827089309692,,,,tootsie-32b-cooldown-mantis-adamc-v2
178154,1.6786142587661743,,,,tootsie-32b-cooldown-mantis-adamc-v2
178180,1.6819171905517578,,,,tootsie-32b-cooldown-mantis-adamc-v2
178233,1.6777032613754272,,,,tootsie-32b-cooldown-mantis-adamc-v2
178250,1.675686240196228,,,,tootsie-32b-cooldown-mantis-adamc-v2
178284,1.6755828857421875,,,,tootsie-32b-cooldown-mantis-adamc-v2
178286,1.6788532733917236,,,,tootsie-32b-cooldown-mantis-adamc-v2
178293,1.6888806819915771,,,,tootsie-32b-cooldown-mantis-adamc-v2
178318,1.6779836416244507,,,,tootsie-32b-cooldown-mantis-adamc-v2
178344,1.6799718141555786,,,,tootsie-32b-cooldown-mantis-adamc-v2
178357,1.6812314987182617,,,,tootsie-32b-cooldown-mantis-adamc-v2
178448,1.6866625547409058,,,,tootsie-32b-cooldown-mantis-adamc-v2
178520,1.6753363609313965,,,,tootsie-32b-cooldown-mantis-adamc-v2
178533,1.6799851655960083,,,,tootsie-32b-cooldown-mantis-adamc-v2
178583,1.670906662940979,,,,tootsie-32b-cooldown-mantis-adamc-v2
178594,1.6735374927520752,,,,tootsie-32b-cooldown-mantis-adamc-v2
178598,1.6780412197113037,,,,tootsie-32b-cooldown-mantis-adamc-v2
178631,1.6785155534744263,,,,tootsie-32b-cooldown-mantis-adamc-v2
178643,1.6783382892608643,,,,tootsie-32b-cooldown-mantis-adamc-v2
178644,1.6755757331848145,,,,tootsie-32b-cooldown-mantis-adamc-v2
178700,1.6785000562667847,,,,tootsie-32b-cooldown-mantis-adamc-v2
178719,1.6726503372192383,,,,tootsie-32b-cooldown-mantis-adamc-v2
178734,1.673588514328003,,,,tootsie-32b-cooldown-mantis-adamc-v2
178744,1.6657462120056152,,,,tootsie-32b-cooldown-mantis-adamc-v2
178751,1.6771191358566284,,,,tootsie-32b-cooldown-mantis-adamc-v2
178778,1.678229570388794,,,,tootsie-32b-cooldown-mantis-adamc-v2
178809,1.67637038230896,,,,tootsie-32b-cooldown-mantis-adamc-v2
178815,1.6750580072402954,,,,tootsie-32b-cooldown-mantis-adamc-v2
178861,1.6752080917358398,,,,tootsie-32b-cooldown-mantis-adamc-v2
178882,1.6727746725082397,,,,tootsie-32b-cooldown-mantis-adamc-v2
178909,1.6805065870285034,,,,tootsie-32b-cooldown-mantis-adamc-v2
178921,1.6815329790115356,,,,tootsie-32b-cooldown-mantis-adamc-v2
178922,1.6714210510253906,,,,tootsie-32b-cooldown-mantis-adamc-v2
178967,1.678214192390442,,,,tootsie-32b-cooldown-mantis-adamc-v2
178979,1.6748846769332886,,,,tootsie-32b-cooldown-mantis-adamc-v2
179000,,2.224167823791504,1.9613492488861084,2.225900173187256,tootsie-32b-cooldown-mantis-adamc-v2
179001,1.6658012866973877,,,,tootsie-32b-cooldown-mantis-adamc-v2
179010,1.6736209392547607,,,,tootsie-32b-cooldown-mantis-adamc-v2
179044,1.6741315126419067,,,,tootsie-32b-cooldown-mantis-adamc-v2
179065,1.6762187480926514,,,,tootsie-32b-cooldown-mantis-adamc-v2
179097,1.6703460216522217,,,,tootsie-32b-cooldown-mantis-adamc-v2
179138,1.6725457906723022,,,,tootsie-32b-cooldown-mantis-adamc-v2
179144,1.6700910329818726,,,,tootsie-32b-cooldown-mantis-adamc-v2
179160,1.6790947914123535,,,,tootsie-32b-cooldown-mantis-adamc-v2
179164,1.67880380153656,,,,tootsie-32b-cooldown-mantis-adamc-v2
179183,1.6692588329315186,,,,tootsie-32b-cooldown-mantis-adamc-v2
179184,1.6770437955856323,,,,tootsie-32b-cooldown-mantis-adamc-v2
179196,1.6732707023620605,,,,tootsie-32b-cooldown-mantis-adamc-v2
179202,1.6661769151687622,,,,tootsie-32b-cooldown-mantis-adamc-v2
179245,1.674787163734436,,,,tootsie-32b-cooldown-mantis-adamc-v2
179246,1.6844795942306519,,,,tootsie-32b-cooldown-mantis-adamc-v2
179252,1.6765241622924805,,,,tootsie-32b-cooldown-mantis-adamc-v2
179254,1.674752116203308,,,,tootsie-32b-cooldown-mantis-adamc-v2
179273,1.6790088415145874,,,,tootsie-32b-cooldown-mantis-adamc-v2
179284,1.6718090772628784,,,,tootsie-32b-cooldown-mantis-adamc-v2
179303,1.679573893547058,,,,tootsie-32b-cooldown-mantis-adamc-v2
179331,1.6779149770736694,,,,tootsie-32b-cooldown-mantis-adamc-v2
179347,1.6756502389907837,,,,tootsie-32b-cooldown-mantis-adamc-v2
179364,1.6748170852661133,,,,tootsie-32b-cooldown-mantis-adamc-v2
179368,1.673624873161316,,,,tootsie-32b-cooldown-mantis-adamc-v2
179390,1.6756216287612915,,,,tootsie-32b-cooldown-mantis-adamc-v2
179398,1.6763362884521484,,,,tootsie-32b-cooldown-mantis-adamc-v2
179403,1.6759945154190063,,,,tootsie-32b-cooldown-mantis-adamc-v2
179410,1.6681292057037354,,,,tootsie-32b-cooldown-mantis-adamc-v2
179434,1.6759177446365356,,,,tootsie-32b-cooldown-mantis-adamc-v2
179443,1.6728230714797974,,,,tootsie-32b-cooldown-mantis-adamc-v2
179586,1.6714661121368408,,,,tootsie-32b-cooldown-mantis-adamc-v2
179600,1.6722491979599,,,,tootsie-32b-cooldown-mantis-adamc-v2
179616,1.6736520528793335,,,,tootsie-32b-cooldown-mantis-adamc-v2
179637,1.6833124160766602,,,,tootsie-32b-cooldown-mantis-adamc-v2
179639,1.6760988235473633,,,,tootsie-32b-cooldown-mantis-adamc-v2
179670,1.6769899129867554,,,,tootsie-32b-cooldown-mantis-adamc-v2
179678,1.6702663898468018,,,,tootsie-32b-cooldown-mantis-adamc-v2
179724,1.677033543586731,,,,tootsie-32b-cooldown-mantis-adamc-v2
179738,1.671768069267273,,,,tootsie-32b-cooldown-mantis-adamc-v2
179773,1.6725842952728271,,,,tootsie-32b-cooldown-mantis-adamc-v2
179801,1.6746068000793457,,,,tootsie-32b-cooldown-mantis-adamc-v2
179814,1.6718217134475708,,,,tootsie-32b-cooldown-mantis-adamc-v2
179834,1.6697298288345337,,,,tootsie-32b-cooldown-mantis-adamc-v2
179846,1.6691406965255737,,,,tootsie-32b-cooldown-mantis-adamc-v2
179878,1.6784106492996216,,,,tootsie-32b-cooldown-mantis-adamc-v2
179881,1.6684569120407104,,,,tootsie-32b-cooldown-mantis-adamc-v2
179885,1.667057752609253,,,,tootsie-32b-cooldown-mantis-adamc-v2
179898,1.6782608032226562,,,,tootsie-32b-cooldown-mantis-adamc-v2
179913,1.6742650270462036,,,,tootsie-32b-cooldown-mantis-adamc-v2
179925,1.672045350074768,,,,tootsie-32b-cooldown-mantis-adamc-v2
179953,1.6753427982330322,,,,tootsie-32b-cooldown-mantis-adamc-v2
179974,1.6761521100997925,,,,tootsie-32b-cooldown-mantis-adamc-v2
179981,1.6756495237350464,,,,tootsie-32b-cooldown-mantis-adamc-v2
179990,1.6722028255462646,,,,tootsie-32b-cooldown-mantis-adamc-v2
180000,,2.2236926555633545,1.959773063659668,2.2264609336853027,tootsie-32b-cooldown-mantis-adamc-v2
180075,1.6722689867019653,,,,tootsie-32b-cooldown-mantis-adamc-v2
180094,1.6747838258743286,,,,tootsie-32b-cooldown-mantis-adamc-v2
180099,1.6708945035934448,,,,tootsie-32b-cooldown-mantis-adamc-v2
180108,1.6692105531692505,,,,tootsie-32b-cooldown-mantis-adamc-v2
180116,1.667906641960144,,,,tootsie-32b-cooldown-mantis-adamc-v2
180159,1.6609065532684326,,,,tootsie-32b-cooldown-mantis-adamc-v2
180202,1.6634891033172607,,,,tootsie-32b-cooldown-mantis-adamc-v2
180209,1.6665523052215576,,,,tootsie-32b-cooldown-mantis-adamc-v2
180228,1.669878602027893,,,,tootsie-32b-cooldown-mantis-adamc-v2
180238,1.6786091327667236,,,,tootsie-32b-cooldown-mantis-adamc-v2
180251,1.6708956956863403,,,,tootsie-32b-cooldown-mantis-adamc-v2
180266,1.6767457723617554,,,,tootsie-32b-cooldown-mantis-adamc-v2
180268,1.673789143562317,,,,tootsie-32b-cooldown-mantis-adamc-v2
180270,1.6697331666946411,,,,tootsie-32b-cooldown-mantis-adamc-v2
180292,1.672958493232727,,,,tootsie-32b-cooldown-mantis-adamc-v2
180334,1.6664955615997314,,,,tootsie-32b-cooldown-mantis-adamc-v2
180343,1.6710951328277588,,,,tootsie-32b-cooldown-mantis-adamc-v2
180345,1.672759771347046,,,,tootsie-32b-cooldown-mantis-adamc-v2
180346,1.6629359722137451,,,,tootsie-32b-cooldown-mantis-adamc-v2
180351,1.6706387996673584,,,,tootsie-32b-cooldown-mantis-adamc-v2
180354,1.665687084197998,,,,tootsie-32b-cooldown-mantis-adamc-v2
180462,1.6732056140899658,,,,tootsie-32b-cooldown-mantis-adamc-v2
180488,1.6615997552871704,,,,tootsie-32b-cooldown-mantis-adamc-v2
180494,1.6668078899383545,,,,tootsie-32b-cooldown-mantis-adamc-v2
180513,1.6692191362380981,,,,tootsie-32b-cooldown-mantis-adamc-v2
180523,1.6714882850646973,,,,tootsie-32b-cooldown-mantis-adamc-v2
180535,1.6703665256500244,,,,tootsie-32b-cooldown-mantis-adamc-v2
180541,1.6652849912643433,,,,tootsie-32b-cooldown-mantis-adamc-v2
180675,1.6654016971588135,,,,tootsie-32b-cooldown-mantis-adamc-v2
180687,1.6637547016143799,,,,tootsie-32b-cooldown-mantis-adamc-v2
180705,1.6767855882644653,,,,tootsie-32b-cooldown-mantis-adamc-v2
180724,1.665659785270691,,,,tootsie-32b-cooldown-mantis-adamc-v2
180744,1.6675567626953125,,,,tootsie-32b-cooldown-mantis-adamc-v2
180752,1.660746693611145,,,,tootsie-32b-cooldown-mantis-adamc-v2
180774,1.6703429222106934,,,,tootsie-32b-cooldown-mantis-adamc-v2
180779,1.6671663522720337,,,,tootsie-32b-cooldown-mantis-adamc-v2
180785,1.6658776998519897,,,,tootsie-32b-cooldown-mantis-adamc-v2
180800,1.6612461805343628,,,,tootsie-32b-cooldown-mantis-adamc-v2
180844,1.6671111583709717,,,,tootsie-32b-cooldown-mantis-adamc-v2
180870,1.668142318725586,,,,tootsie-32b-cooldown-mantis-adamc-v2
180875,1.6663578748703003,,,,tootsie-32b-cooldown-mantis-adamc-v2
180883,1.664976716041565,,,,tootsie-32b-cooldown-mantis-adamc-v2
180913,1.6639622449874878,,,,tootsie-32b-cooldown-mantis-adamc-v2
180943,1.6602057218551636,,,,tootsie-32b-cooldown-mantis-adamc-v2
180978,1.6664432287216187,,,,tootsie-32b-cooldown-mantis-adamc-v2
180990,1.6679242849349976,,,,tootsie-32b-cooldown-mantis-adamc-v2
181000,,2.22223162651062,1.9576066732406616,2.2230100631713867,tootsie-32b-cooldown-mantis-adamc-v2
181003,1.6714658737182617,,,,tootsie-32b-cooldown-mantis-adamc-v2
181041,1.665244698524475,,,,tootsie-32b-cooldown-mantis-adamc-v2
181042,1.6660826206207275,,,,tootsie-32b-cooldown-mantis-adamc-v2
181073,1.6713396310806274,,,,tootsie-32b-cooldown-mantis-adamc-v2
181092,1.6615185737609863,,,,tootsie-32b-cooldown-mantis-adamc-v2
181093,1.665924072265625,,,,tootsie-32b-cooldown-mantis-adamc-v2
181098,1.6630438566207886,,,,tootsie-32b-cooldown-mantis-adamc-v2
181109,1.6672595739364624,,,,tootsie-32b-cooldown-mantis-adamc-v2
181133,1.6612701416015625,,,,tootsie-32b-cooldown-mantis-adamc-v2
181166,1.6592134237289429,,,,tootsie-32b-cooldown-mantis-adamc-v2
181186,1.6643915176391602,,,,tootsie-32b-cooldown-mantis-adamc-v2
181202,1.6615914106369019,,,,tootsie-32b-cooldown-mantis-adamc-v2
181244,1.667019009590149,,,,tootsie-32b-cooldown-mantis-adamc-v2
181250,1.6590112447738647,,,,tootsie-32b-cooldown-mantis-adamc-v2
181279,1.663022756576538,,,,tootsie-32b-cooldown-mantis-adamc-v2
181298,1.6683281660079956,,,,tootsie-32b-cooldown-mantis-adamc-v2
181314,1.6622833013534546,,,,tootsie-32b-cooldown-mantis-adamc-v2
181319,1.660585880279541,,,,tootsie-32b-cooldown-mantis-adamc-v2
181361,1.6693546772003174,,,,tootsie-32b-cooldown-mantis-adamc-v2
181386,1.664597749710083,,,,tootsie-32b-cooldown-mantis-adamc-v2
181419,1.6599335670471191,,,,tootsie-32b-cooldown-mantis-adamc-v2
181434,1.6611027717590332,,,,tootsie-32b-cooldown-mantis-adamc-v2
181448,1.6594585180282593,,,,tootsie-32b-cooldown-mantis-adamc-v2
181460,1.6599804162979126,,,,tootsie-32b-cooldown-mantis-adamc-v2
181470,1.664510726928711,,,,tootsie-32b-cooldown-mantis-adamc-v2
181497,1.6607635021209717,,,,tootsie-32b-cooldown-mantis-adamc-v2
181512,1.6704235076904297,,,,tootsie-32b-cooldown-mantis-adamc-v2
181575,1.6601864099502563,,,,tootsie-32b-cooldown-mantis-adamc-v2
181622,1.656846284866333,,,,tootsie-32b-cooldown-mantis-adamc-v2
181634,1.6582324504852295,,,,tootsie-32b-cooldown-mantis-adamc-v2
181660,1.6658360958099365,,,,tootsie-32b-cooldown-mantis-adamc-v2
181666,1.6654947996139526,,,,tootsie-32b-cooldown-mantis-adamc-v2
181693,1.6608426570892334,,,,tootsie-32b-cooldown-mantis-adamc-v2
181699,1.659069299697876,,,,tootsie-32b-cooldown-mantis-adamc-v2
181775,1.6611101627349854,,,,tootsie-32b-cooldown-mantis-adamc-v2
181781,1.6616050004959106,,,,tootsie-32b-cooldown-mantis-adamc-v2
181852,1.6677796840667725,,,,tootsie-32b-cooldown-mantis-adamc-v2
181883,1.659747838973999,,,,tootsie-32b-cooldown-mantis-adamc-v2
181951,1.6655126810073853,,,,tootsie-32b-cooldown-mantis-adamc-v2
181954,1.6616137027740479,,,,tootsie-32b-cooldown-mantis-adamc-v2
181973,1.6608365774154663,,,,tootsie-32b-cooldown-mantis-adamc-v2
182000,,2.2197437286376953,1.9540693759918213,2.220634937286377,tootsie-32b-cooldown-mantis-adamc-v2
182013,1.6527202129364014,,,,tootsie-32b-cooldown-mantis-adamc-v2
182058,1.6595385074615479,,,,tootsie-32b-cooldown-mantis-adamc-v2
182211,1.659195065498352,,,,tootsie-32b-cooldown-mantis-adamc-v2
182220,1.6522361040115356,,,,tootsie-32b-cooldown-mantis-adamc-v2
182255,1.6593903303146362,,,,tootsie-32b-cooldown-mantis-adamc-v2
182294,1.6580594778060913,,,,tootsie-32b-cooldown-mantis-adamc-v2
182301,1.6530827283859253,,,,tootsie-32b-cooldown-mantis-adamc-v2
182347,1.66106116771698,,,,tootsie-32b-cooldown-mantis-adamc-v2
182393,1.6506916284561157,,,,tootsie-32b-cooldown-mantis-adamc-v2
182396,1.6570661067962646,,,,tootsie-32b-cooldown-mantis-adamc-v2
182399,1.66073739528656,,,,tootsie-32b-cooldown-mantis-adamc-v2
182404,1.6652085781097412,,,,tootsie-32b-cooldown-mantis-adamc-v2
182433,1.6569240093231201,,,,tootsie-32b-cooldown-mantis-adamc-v2
182439,1.6561378240585327,,,,tootsie-32b-cooldown-mantis-adamc-v2
182458,1.6568021774291992,,,,tootsie-32b-cooldown-mantis-adamc-v2
182461,1.6577568054199219,,,,tootsie-32b-cooldown-mantis-adamc-v2
182467,1.6526726484298706,,,,tootsie-32b-cooldown-mantis-adamc-v2
182476,1.658600926399231,,,,tootsie-32b-cooldown-mantis-adamc-v2
182486,1.6520136594772339,,,,tootsie-32b-cooldown-mantis-adamc-v2
182528,1.6579930782318115,,,,tootsie-32b-cooldown-mantis-adamc-v2
182529,1.6606523990631104,,,,tootsie-32b-cooldown-mantis-adamc-v2
182544,1.6588051319122314,,,,tootsie-32b-cooldown-mantis-adamc-v2
182556,1.6558672189712524,,,,tootsie-32b-cooldown-mantis-adamc-v2
182575,1.6578209400177002,,,,tootsie-32b-cooldown-mantis-adamc-v2
182640,1.6556425094604492,,,,tootsie-32b-cooldown-mantis-adamc-v2
182683,1.650303840637207,,,,tootsie-32b-cooldown-mantis-adamc-v2
182699,1.6506218910217285,,,,tootsie-32b-cooldown-mantis-adamc-v2
182727,1.657810926437378,,,,tootsie-32b-cooldown-mantis-adamc-v2
182733,1.6599184274673462,,,,tootsie-32b-cooldown-mantis-adamc-v2
182734,1.6546992063522339,,,,tootsie-32b-cooldown-mantis-adamc-v2
182745,1.6547751426696777,,,,tootsie-32b-cooldown-mantis-adamc-v2
182767,1.6543134450912476,,,,tootsie-32b-cooldown-mantis-adamc-v2
182768,1.6474436521530151,,,,tootsie-32b-cooldown-mantis-adamc-v2
182800,1.6626592874526978,,,,tootsie-32b-cooldown-mantis-adamc-v2
182842,1.655921220779419,,,,tootsie-32b-cooldown-mantis-adamc-v2
182857,1.646968126296997,,,,tootsie-32b-cooldown-mantis-adamc-v2
182858,1.657297968864441,,,,tootsie-32b-cooldown-mantis-adamc-v2
182917,1.653437852859497,,,,tootsie-32b-cooldown-mantis-adamc-v2
182970,1.656977653503418,,,,tootsie-32b-cooldown-mantis-adamc-v2
182985,1.6556298732757568,,,,tootsie-32b-cooldown-mantis-adamc-v2
182995,1.6535861492156982,,,,tootsie-32b-cooldown-mantis-adamc-v2
183000,,2.217120885848999,1.9514740705490112,2.2191736698150635,tootsie-32b-cooldown-mantis-adamc-v2
183007,1.6477056741714478,,,,tootsie-32b-cooldown-mantis-adamc-v2
183017,1.6498050689697266,,,,tootsie-32b-cooldown-mantis-adamc-v2
183034,1.6559306383132935,,,,tootsie-32b-cooldown-mantis-adamc-v2
183049,1.6567249298095703,,,,tootsie-32b-cooldown-mantis-adamc-v2
183058,1.6577396392822266,,,,tootsie-32b-cooldown-mantis-adamc-v2
183104,1.6459382772445679,,,,tootsie-32b-cooldown-mantis-adamc-v2
183125,1.6467891931533813,,,,tootsie-32b-cooldown-mantis-adamc-v2
183128,1.6481269598007202,,,,tootsie-32b-cooldown-mantis-adamc-v2
183180,1.6514121294021606,,,,tootsie-32b-cooldown-mantis-adamc-v2
183259,1.6512235403060913,,,,tootsie-32b-cooldown-mantis-adamc-v2
183261,1.6543998718261719,,,,tootsie-32b-cooldown-mantis-adamc-v2
183302,1.654279112815857,,,,tootsie-32b-cooldown-mantis-adamc-v2
183327,1.6575431823730469,,,,tootsie-32b-cooldown-mantis-adamc-v2
183341,1.6563640832901,,,,tootsie-32b-cooldown-mantis-adamc-v2
183346,1.660510778427124,,,,tootsie-32b-cooldown-mantis-adamc-v2
183357,1.6491072177886963,,,,tootsie-32b-cooldown-mantis-adamc-v2
183381,1.6575214862823486,,,,tootsie-32b-cooldown-mantis-adamc-v2
183388,1.653128743171692,,,,tootsie-32b-cooldown-mantis-adamc-v2
183389,1.6487833261489868,,,,tootsie-32b-cooldown-mantis-adamc-v2
183451,1.6554286479949951,,,,tootsie-32b-cooldown-mantis-adamc-v2
183455,1.6537989377975464,,,,tootsie-32b-cooldown-mantis-adamc-v2
183469,1.6503657102584839,,,,tootsie-32b-cooldown-mantis-adamc-v2
183548,1.6512017250061035,,,,tootsie-32b-cooldown-mantis-adamc-v2
183568,1.6441617012023926,,,,tootsie-32b-cooldown-mantis-adamc-v2
183585,1.6512525081634521,,,,tootsie-32b-cooldown-mantis-adamc-v2
183640,1.6513283252716064,,,,tootsie-32b-cooldown-mantis-adamc-v2
183658,1.6501104831695557,,,,tootsie-32b-cooldown-mantis-adamc-v2
183665,1.647228479385376,,,,tootsie-32b-cooldown-mantis-adamc-v2
183679,1.6561177968978882,,,,tootsie-32b-cooldown-mantis-adamc-v2
183691,1.6440941095352173,,,,tootsie-32b-cooldown-mantis-adamc-v2
183722,1.6572896242141724,,,,tootsie-32b-cooldown-mantis-adamc-v2
183731,1.652742862701416,,,,tootsie-32b-cooldown-mantis-adamc-v2
183751,1.6532421112060547,,,,tootsie-32b-cooldown-mantis-adamc-v2
183764,1.6443928480148315,,,,tootsie-32b-cooldown-mantis-adamc-v2
183771,1.6544567346572876,,,,tootsie-32b-cooldown-mantis-adamc-v2
183780,1.6506153345108032,,,,tootsie-32b-cooldown-mantis-adamc-v2
183808,1.648220419883728,,,,tootsie-32b-cooldown-mantis-adamc-v2
183832,1.6546157598495483,,,,tootsie-32b-cooldown-mantis-adamc-v2
183835,1.6474820375442505,,,,tootsie-32b-cooldown-mantis-adamc-v2
183864,1.6523669958114624,,,,tootsie-32b-cooldown-mantis-adamc-v2
183884,1.6644370555877686,,,,tootsie-32b-cooldown-mantis-adamc-v2
183893,1.6515990495681763,,,,tootsie-32b-cooldown-mantis-adamc-v2
183902,1.653001070022583,,,,tootsie-32b-cooldown-mantis-adamc-v2
183905,1.6538493633270264,,,,tootsie-32b-cooldown-mantis-adamc-v2
183912,1.6485460996627808,,,,tootsie-32b-cooldown-mantis-adamc-v2
183913,1.6525053977966309,,,,tootsie-32b-cooldown-mantis-adamc-v2
183923,1.6531038284301758,,,,tootsie-32b-cooldown-mantis-adamc-v2
183934,1.6498603820800781,,,,tootsie-32b-cooldown-mantis-adamc-v2
183969,1.6483410596847534,,,,tootsie-32b-cooldown-mantis-adamc-v2
183970,1.6493152379989624,,,,tootsie-32b-cooldown-mantis-adamc-v2
183975,1.6523865461349487,,,,tootsie-32b-cooldown-mantis-adamc-v2
183999,1.6396516561508179,,,,tootsie-32b-cooldown-mantis-adamc-v2
184000,,2.215616464614868,1.9495716094970703,2.2166783809661865,tootsie-32b-cooldown-mantis-adamc-v2
184008,1.6444363594055176,,,,tootsie-32b-cooldown-mantis-adamc-v2
184022,1.649744987487793,,,,tootsie-32b-cooldown-mantis-adamc-v2
184029,1.652618169784546,,,,tootsie-32b-cooldown-mantis-adamc-v2
184049,1.6481797695159912,,,,tootsie-32b-cooldown-mantis-adamc-v2
184077,1.6489804983139038,,,,tootsie-32b-cooldown-mantis-adamc-v2
184100,1.6539525985717773,,,,tootsie-32b-cooldown-mantis-adamc-v2
184109,1.642126441001892,,,,tootsie-32b-cooldown-mantis-adamc-v2
184117,1.6465717554092407,,,,tootsie-32b-cooldown-mantis-adamc-v2
184142,1.6466580629348755,,,,tootsie-32b-cooldown-mantis-adamc-v2
184199,1.6520854234695435,,,,tootsie-32b-cooldown-mantis-adamc-v2
184209,1.6497373580932617,,,,tootsie-32b-cooldown-mantis-adamc-v2
184212,1.646330714225769,,,,tootsie-32b-cooldown-mantis-adamc-v2
184232,1.6437798738479614,,,,tootsie-32b-cooldown-mantis-adamc-v2
184296,1.6446303129196167,,,,tootsie-32b-cooldown-mantis-adamc-v2
184303,1.6461817026138306,,,,tootsie-32b-cooldown-mantis-adamc-v2
184340,1.6392241716384888,,,,tootsie-32b-cooldown-mantis-adamc-v2
184397,1.6434928178787231,,,,tootsie-32b-cooldown-mantis-adamc-v2
184402,1.6511492729187012,,,,tootsie-32b-cooldown-mantis-adamc-v2
184406,1.646915078163147,,,,tootsie-32b-cooldown-mantis-adamc-v2
184410,1.6434012651443481,,,,tootsie-32b-cooldown-mantis-adamc-v2
184411,1.6497666835784912,,,,tootsie-32b-cooldown-mantis-adamc-v2
184419,1.6492533683776855,,,,tootsie-32b-cooldown-mantis-adamc-v2
184431,1.64296293258667,,,,tootsie-32b-cooldown-mantis-adamc-v2
184451,1.6500813961029053,,,,tootsie-32b-cooldown-mantis-adamc-v2
184453,1.6450773477554321,,,,tootsie-32b-cooldown-mantis-adamc-v2
184468,1.6499091386795044,,,,tootsie-32b-cooldown-mantis-adamc-v2
184474,1.6446870565414429,,,,tootsie-32b-cooldown-mantis-adamc-v2
184529,1.641330361366272,,,,tootsie-32b-cooldown-mantis-adamc-v2
184530,1.6470282077789307,,,,tootsie-32b-cooldown-mantis-adamc-v2
184534,1.6436126232147217,,,,tootsie-32b-cooldown-mantis-adamc-v2
184558,1.6509838104248047,,,,tootsie-32b-cooldown-mantis-adamc-v2
184585,1.6524873971939087,,,,tootsie-32b-cooldown-mantis-adamc-v2
184664,1.6422080993652344,,,,tootsie-32b-cooldown-mantis-adamc-v2
184682,1.6456328630447388,,,,tootsie-32b-cooldown-mantis-adamc-v2
184690,1.6433993577957153,,,,tootsie-32b-cooldown-mantis-adamc-v2
184774,1.6404650211334229,,,,tootsie-32b-cooldown-mantis-adamc-v2
184789,1.6462000608444214,,,,tootsie-32b-cooldown-mantis-adamc-v2
184797,1.6494828462600708,,,,tootsie-32b-cooldown-mantis-adamc-v2
184849,1.6385420560836792,,,,tootsie-32b-cooldown-mantis-adamc-v2
184871,1.6426639556884766,,,,tootsie-32b-cooldown-mantis-adamc-v2
184875,1.6402162313461304,,,,tootsie-32b-cooldown-mantis-adamc-v2
184917,1.6467114686965942,,,,tootsie-32b-cooldown-mantis-adamc-v2
184946,1.6427148580551147,,,,tootsie-32b-cooldown-mantis-adamc-v2
185000,,2.213078260421753,1.9474000930786133,2.2154273986816406,tootsie-32b-cooldown-mantis-adamc-v2
185023,1.6461095809936523,,,,tootsie-32b-cooldown-mantis-adamc-v2
185039,1.634373664855957,,,,tootsie-32b-cooldown-mantis-adamc-v2
185041,1.6461856365203857,,,,tootsie-32b-cooldown-mantis-adamc-v2
185075,1.6411259174346924,,,,tootsie-32b-cooldown-mantis-adamc-v2
185134,1.6459004878997803,,,,tootsie-32b-cooldown-mantis-adamc-v2
185192,1.648753046989441,,,,tootsie-32b-cooldown-mantis-adamc-v2
185225,1.6387591361999512,,,,tootsie-32b-cooldown-mantis-adamc-v2
185237,1.6398494243621826,,,,tootsie-32b-cooldown-mantis-adamc-v2
185325,1.6365890502929688,,,,tootsie-32b-cooldown-mantis-adamc-v2
185347,1.6462730169296265,,,,tootsie-32b-cooldown-mantis-adamc-v2
185360,1.632789969444275,,,,tootsie-32b-cooldown-mantis-adamc-v2
185365,1.644713044166565,,,,tootsie-32b-cooldown-mantis-adamc-v2
185384,1.6403878927230835,,,,tootsie-32b-cooldown-mantis-adamc-v2
185397,1.639207124710083,,,,tootsie-32b-cooldown-mantis-adamc-v2
185434,1.6408723592758179,,,,tootsie-32b-cooldown-mantis-adamc-v2
185468,1.6357115507125854,,,,tootsie-32b-cooldown-mantis-adamc-v2
185491,1.6435868740081787,,,,tootsie-32b-cooldown-mantis-adamc-v2
185505,1.6393675804138184,,,,tootsie-32b-cooldown-mantis-adamc-v2
185506,1.6396194696426392,,,,tootsie-32b-cooldown-mantis-adamc-v2
185547,1.6379153728485107,,,,tootsie-32b-cooldown-mantis-adamc-v2
185567,1.6323761940002441,,,,tootsie-32b-cooldown-mantis-adamc-v2
185583,1.6411666870117188,,,,tootsie-32b-cooldown-mantis-adamc-v2
185586,1.637799859046936,,,,tootsie-32b-cooldown-mantis-adamc-v2
185653,1.6404815912246704,,,,tootsie-32b-cooldown-mantis-adamc-v2
185672,1.6377736330032349,,,,tootsie-32b-cooldown-mantis-adamc-v2
185684,1.6374788284301758,,,,tootsie-32b-cooldown-mantis-adamc-v2
185695,1.635962963104248,,,,tootsie-32b-cooldown-mantis-adamc-v2
185734,1.6366866827011108,,,,tootsie-32b-cooldown-mantis-adamc-v2
185766,1.6376367807388306,,,,tootsie-32b-cooldown-mantis-adamc-v2
185776,1.6401846408843994,,,,tootsie-32b-cooldown-mantis-adamc-v2
185782,1.6306507587432861,,,,tootsie-32b-cooldown-mantis-adamc-v2
185795,1.6404471397399902,,,,tootsie-32b-cooldown-mantis-adamc-v2
185815,1.6371541023254395,,,,tootsie-32b-cooldown-mantis-adamc-v2
185819,1.6380956172943115,,,,tootsie-32b-cooldown-mantis-adamc-v2
185852,1.6412906646728516,,,,tootsie-32b-cooldown-mantis-adamc-v2
185884,1.6355266571044922,,,,tootsie-32b-cooldown-mantis-adamc-v2
185967,1.636940598487854,,,,tootsie-32b-cooldown-mantis-adamc-v2
186000,,2.210700750350952,1.9447885751724243,2.2129135131835938,tootsie-32b-cooldown-mantis-adamc-v2
186013,1.6313679218292236,,,,tootsie-32b-cooldown-mantis-adamc-v2
186017,1.6378141641616821,,,,tootsie-32b-cooldown-mantis-adamc-v2
186046,1.6373090744018555,,,,tootsie-32b-cooldown-mantis-adamc-v2
186061,1.63621985912323,,,,tootsie-32b-cooldown-mantis-adamc-v2
186105,1.6276696920394897,,,,tootsie-32b-cooldown-mantis-adamc-v2
186139,1.629714012145996,,,,tootsie-32b-cooldown-mantis-adamc-v2
186142,1.631392240524292,,,,tootsie-32b-cooldown-mantis-adamc-v2
186148,1.624038815498352,,,,tootsie-32b-cooldown-mantis-adamc-v2
186153,1.6374831199645996,,,,tootsie-32b-cooldown-mantis-adamc-v2
186218,1.6368029117584229,,,,tootsie-32b-cooldown-mantis-adamc-v2
186228,1.631750464439392,,,,tootsie-32b-cooldown-mantis-adamc-v2
186239,1.6293823719024658,,,,tootsie-32b-cooldown-mantis-adamc-v2
186245,1.6330187320709229,,,,tootsie-32b-cooldown-mantis-adamc-v2
186249,1.6348981857299805,,,,tootsie-32b-cooldown-mantis-adamc-v2
186254,1.6296718120574951,,,,tootsie-32b-cooldown-mantis-adamc-v2
186255,1.6342061758041382,,,,tootsie-32b-cooldown-mantis-adamc-v2
186257,1.6355925798416138,,,,tootsie-32b-cooldown-mantis-adamc-v2
186285,1.6405390501022339,,,,tootsie-32b-cooldown-mantis-adamc-v2
186390,1.633814811706543,,,,tootsie-32b-cooldown-mantis-adamc-v2
186411,1.634592056274414,,,,tootsie-32b-cooldown-mantis-adamc-v2
186444,1.6293320655822754,,,,tootsie-32b-cooldown-mantis-adamc-v2
186458,1.631964087486267,,,,tootsie-32b-cooldown-mantis-adamc-v2
186463,1.6331061124801636,,,,tootsie-32b-cooldown-mantis-adamc-v2
186482,1.6279208660125732,,,,tootsie-32b-cooldown-mantis-adamc-v2
186483,1.6411781311035156,,,,tootsie-32b-cooldown-mantis-adamc-v2
186556,1.6370980739593506,,,,tootsie-32b-cooldown-mantis-adamc-v2
186562,1.6344773769378662,,,,tootsie-32b-cooldown-mantis-adamc-v2
186567,1.6339324712753296,,,,tootsie-32b-cooldown-mantis-adamc-v2
186620,1.6292808055877686,,,,tootsie-32b-cooldown-mantis-adamc-v2
186631,1.6278270483016968,,,,tootsie-32b-cooldown-mantis-adamc-v2
186648,1.6344654560089111,,,,tootsie-32b-cooldown-mantis-adamc-v2
186655,1.6365609169006348,,,,tootsie-32b-cooldown-mantis-adamc-v2
186656,1.639017105102539,,,,tootsie-32b-cooldown-mantis-adamc-v2
186674,1.6266496181488037,,,,tootsie-32b-cooldown-mantis-adamc-v2
186712,1.6297649145126343,,,,tootsie-32b-cooldown-mantis-adamc-v2
186723,1.6339694261550903,,,,tootsie-32b-cooldown-mantis-adamc-v2
186741,1.6299132108688354,,,,tootsie-32b-cooldown-mantis-adamc-v2
186743,1.6280006170272827,,,,tootsie-32b-cooldown-mantis-adamc-v2
186746,1.6339706182479858,,,,tootsie-32b-cooldown-mantis-adamc-v2
186749,1.6315696239471436,,,,tootsie-32b-cooldown-mantis-adamc-v2
186756,1.6342406272888184,,,,tootsie-32b-cooldown-mantis-adamc-v2
186829,1.630478858947754,,,,tootsie-32b-cooldown-mantis-adamc-v2
186836,1.6319578886032104,,,,tootsie-32b-cooldown-mantis-adamc-v2
186838,1.6337283849716187,,,,tootsie-32b-cooldown-mantis-adamc-v2
186846,1.6341657638549805,,,,tootsie-32b-cooldown-mantis-adamc-v2
186852,1.628886342048645,,,,tootsie-32b-cooldown-mantis-adamc-v2
186858,1.6342366933822632,,,,tootsie-32b-cooldown-mantis-adamc-v2
186863,1.6314163208007812,,,,tootsie-32b-cooldown-mantis-adamc-v2
186867,1.6224770545959473,,,,tootsie-32b-cooldown-mantis-adamc-v2
186869,1.6263947486877441,,,,tootsie-32b-cooldown-mantis-adamc-v2
186874,1.630447268486023,,,,tootsie-32b-cooldown-mantis-adamc-v2
186885,1.6324411630630493,,,,tootsie-32b-cooldown-mantis-adamc-v2
186904,1.6310144662857056,,,,tootsie-32b-cooldown-mantis-adamc-v2
186921,1.6284244060516357,,,,tootsie-32b-cooldown-mantis-adamc-v2
186925,1.6268177032470703,,,,tootsie-32b-cooldown-mantis-adamc-v2
186953,1.6192501783370972,,,,tootsie-32b-cooldown-mantis-adamc-v2
186955,1.637786865234375,,,,tootsie-32b-cooldown-mantis-adamc-v2
186958,1.6372082233428955,,,,tootsie-32b-cooldown-mantis-adamc-v2
186996,1.6337532997131348,,,,tootsie-32b-cooldown-mantis-adamc-v2
187000,,2.207918405532837,1.942116618156433,2.2111399173736572,tootsie-32b-cooldown-mantis-adamc-v2
187018,1.629611849784851,,,,tootsie-32b-cooldown-mantis-adamc-v2
187034,1.6273524761199951,,,,tootsie-32b-cooldown-mantis-adamc-v2
187065,1.6349881887435913,,,,tootsie-32b-cooldown-mantis-adamc-v2
187075,1.6357825994491577,,,,tootsie-32b-cooldown-mantis-adamc-v2
187084,1.626078724861145,,,,tootsie-32b-cooldown-mantis-adamc-v2
187104,1.6245720386505127,,,,tootsie-32b-cooldown-mantis-adamc-v2
187108,1.6294376850128174,,,,tootsie-32b-cooldown-mantis-adamc-v2
187115,1.6289137601852417,,,,tootsie-32b-cooldown-mantis-adamc-v2
187121,1.6286451816558838,,,,tootsie-32b-cooldown-mantis-adamc-v2
187142,1.6253883838653564,,,,tootsie-32b-cooldown-mantis-adamc-v2
187161,1.6268559694290161,,,,tootsie-32b-cooldown-mantis-adamc-v2
187181,1.627944827079773,,,,tootsie-32b-cooldown-mantis-adamc-v2
187186,1.6302095651626587,,,,tootsie-32b-cooldown-mantis-adamc-v2
187187,1.622399091720581,,,,tootsie-32b-cooldown-mantis-adamc-v2
187218,1.6196613311767578,,,,tootsie-32b-cooldown-mantis-adamc-v2
187240,1.6259602308273315,,,,tootsie-32b-cooldown-mantis-adamc-v2
187243,1.6252552270889282,,,,tootsie-32b-cooldown-mantis-adamc-v2
187304,1.6287440061569214,,,,tootsie-32b-cooldown-mantis-adamc-v2
187357,1.627113699913025,,,,tootsie-32b-cooldown-mantis-adamc-v2
187377,1.6319078207015991,,,,tootsie-32b-cooldown-mantis-adamc-v2
187388,1.6322505474090576,,,,tootsie-32b-cooldown-mantis-adamc-v2
187443,1.6219863891601562,,,,tootsie-32b-cooldown-mantis-adamc-v2
187450,1.6274255514144897,,,,tootsie-32b-cooldown-mantis-adamc-v2
187469,1.6243807077407837,,,,tootsie-32b-cooldown-mantis-adamc-v2
187502,1.6245527267456055,,,,tootsie-32b-cooldown-mantis-adamc-v2
187515,1.6240911483764648,,,,tootsie-32b-cooldown-mantis-adamc-v2
187545,1.6254899501800537,,,,tootsie-32b-cooldown-mantis-adamc-v2
187548,1.6241713762283325,,,,tootsie-32b-cooldown-mantis-adamc-v2
187559,1.6258596181869507,,,,tootsie-32b-cooldown-mantis-adamc-v2
187600,1.6336102485656738,,,,tootsie-32b-cooldown-mantis-adamc-v2
187603,1.6331158876419067,,,,tootsie-32b-cooldown-mantis-adamc-v2
187640,1.621523380279541,,,,tootsie-32b-cooldown-mantis-adamc-v2
187673,1.6288245916366577,,,,tootsie-32b-cooldown-mantis-adamc-v2
187691,1.6275136470794678,,,,tootsie-32b-cooldown-mantis-adamc-v2
187711,1.6260932683944702,,,,tootsie-32b-cooldown-mantis-adamc-v2
187744,1.6364245414733887,,,,tootsie-32b-cooldown-mantis-adamc-v2
187767,1.6171258687973022,,,,tootsie-32b-cooldown-mantis-adamc-v2
187821,1.6217256784439087,,,,tootsie-32b-cooldown-mantis-adamc-v2
187894,1.6198203563690186,,,,tootsie-32b-cooldown-mantis-adamc-v2
187896,1.6353340148925781,,,,tootsie-32b-cooldown-mantis-adamc-v2
187909,1.624732255935669,,,,tootsie-32b-cooldown-mantis-adamc-v2
187922,1.621306300163269,,,,tootsie-32b-cooldown-mantis-adamc-v2
188000,,2.2065329551696777,1.9406187534332275,2.210252285003662,tootsie-32b-cooldown-mantis-adamc-v2
188034,1.6185150146484375,,,,tootsie-32b-cooldown-mantis-adamc-v2
188049,1.6242473125457764,,,,tootsie-32b-cooldown-mantis-adamc-v2
188058,1.619979739189148,,,,tootsie-32b-cooldown-mantis-adamc-v2
188059,1.6201763153076172,,,,tootsie-32b-cooldown-mantis-adamc-v2
188079,1.6231517791748047,,,,tootsie-32b-cooldown-mantis-adamc-v2
188086,1.6233710050582886,,,,tootsie-32b-cooldown-mantis-adamc-v2
188131,1.6266601085662842,,,,tootsie-32b-cooldown-mantis-adamc-v2
188145,1.62325918674469,,,,tootsie-32b-cooldown-mantis-adamc-v2
188189,1.6254034042358398,,,,tootsie-32b-cooldown-mantis-adamc-v2
188240,1.6157788038253784,,,,tootsie-32b-cooldown-mantis-adamc-v2
188256,1.6119346618652344,,,,tootsie-32b-cooldown-mantis-adamc-v2
188276,1.6211282014846802,,,,tootsie-32b-cooldown-mantis-adamc-v2
188349,1.6200690269470215,,,,tootsie-32b-cooldown-mantis-adamc-v2
188396,1.625184178352356,,,,tootsie-32b-cooldown-mantis-adamc-v2
188404,1.624939203262329,,,,tootsie-32b-cooldown-mantis-adamc-v2
188439,1.6198921203613281,,,,tootsie-32b-cooldown-mantis-adamc-v2
188440,1.626342535018921,,,,tootsie-32b-cooldown-mantis-adamc-v2
188442,1.622678518295288,,,,tootsie-32b-cooldown-mantis-adamc-v2
188443,1.6194782257080078,,,,tootsie-32b-cooldown-mantis-adamc-v2
188450,1.6272556781768799,,,,tootsie-32b-cooldown-mantis-adamc-v2
188470,1.615677833557129,,,,tootsie-32b-cooldown-mantis-adamc-v2
188475,1.6228612661361694,,,,tootsie-32b-cooldown-mantis-adamc-v2
188523,1.6211620569229126,,,,tootsie-32b-cooldown-mantis-adamc-v2
188550,1.612964153289795,,,,tootsie-32b-cooldown-mantis-adamc-v2
188581,1.6237585544586182,,,,tootsie-32b-cooldown-mantis-adamc-v2
188590,1.6188733577728271,,,,tootsie-32b-cooldown-mantis-adamc-v2
188611,1.6150033473968506,,,,tootsie-32b-cooldown-mantis-adamc-v2
188627,1.623968243598938,,,,tootsie-32b-cooldown-mantis-adamc-v2
188650,1.6179190874099731,,,,tootsie-32b-cooldown-mantis-adamc-v2
188712,1.6169452667236328,,,,tootsie-32b-cooldown-mantis-adamc-v2
188720,1.6162360906600952,,,,tootsie-32b-cooldown-mantis-adamc-v2
188733,1.623669147491455,,,,tootsie-32b-cooldown-mantis-adamc-v2
188745,1.6171683073043823,,,,tootsie-32b-cooldown-mantis-adamc-v2
188782,1.6241389513015747,,,,tootsie-32b-cooldown-mantis-adamc-v2
188786,1.6293277740478516,,,,tootsie-32b-cooldown-mantis-adamc-v2
188840,1.618914008140564,,,,tootsie-32b-cooldown-mantis-adamc-v2
188858,1.6190468072891235,,,,tootsie-32b-cooldown-mantis-adamc-v2
188868,1.6140812635421753,,,,tootsie-32b-cooldown-mantis-adamc-v2
188897,1.6253552436828613,,,,tootsie-32b-cooldown-mantis-adamc-v2
188899,1.6282018423080444,,,,tootsie-32b-cooldown-mantis-adamc-v2
188902,1.6180986166000366,,,,tootsie-32b-cooldown-mantis-adamc-v2
188907,1.6156792640686035,,,,tootsie-32b-cooldown-mantis-adamc-v2
188919,1.6161617040634155,,,,tootsie-32b-cooldown-mantis-adamc-v2
189000,,2.204920530319214,1.9376641511917114,2.206028938293457,tootsie-32b-cooldown-mantis-adamc-v2
189005,1.6249210834503174,,,,tootsie-32b-cooldown-mantis-adamc-v2
189020,1.6199169158935547,,,,tootsie-32b-cooldown-mantis-adamc-v2
189031,1.6233371496200562,,,,tootsie-32b-cooldown-mantis-adamc-v2
189042,1.611083984375,,,,tootsie-32b-cooldown-mantis-adamc-v2
189151,1.6236779689788818,,,,tootsie-32b-cooldown-mantis-adamc-v2
189172,1.6205742359161377,,,,tootsie-32b-cooldown-mantis-adamc-v2
189192,1.6158561706542969,,,,tootsie-32b-cooldown-mantis-adamc-v2
189222,1.6118121147155762,,,,tootsie-32b-cooldown-mantis-adamc-v2
189237,1.6157922744750977,,,,tootsie-32b-cooldown-mantis-adamc-v2
189248,1.6210037469863892,,,,tootsie-32b-cooldown-mantis-adamc-v2
189262,1.6171220541000366,,,,tootsie-32b-cooldown-mantis-adamc-v2
189278,1.6214653253555298,,,,tootsie-32b-cooldown-mantis-adamc-v2
189379,1.6176140308380127,,,,tootsie-32b-cooldown-mantis-adamc-v2
189404,1.619179368019104,,,,tootsie-32b-cooldown-mantis-adamc-v2
189416,1.6218187808990479,,,,tootsie-32b-cooldown-mantis-adamc-v2
189426,1.6152781248092651,,,,tootsie-32b-cooldown-mantis-adamc-v2
189476,1.616598129272461,,,,tootsie-32b-cooldown-mantis-adamc-v2
189489,1.616582989692688,,,,tootsie-32b-cooldown-mantis-adamc-v2
189504,1.6110889911651611,,,,tootsie-32b-cooldown-mantis-adamc-v2
189512,1.6093058586120605,,,,tootsie-32b-cooldown-mantis-adamc-v2
189529,1.62024986743927,,,,tootsie-32b-cooldown-mantis-adamc-v2
189538,1.6104670763015747,,,,tootsie-32b-cooldown-mantis-adamc-v2
189546,1.6155526638031006,,,,tootsie-32b-cooldown-mantis-adamc-v2
189568,1.6162346601486206,,,,tootsie-32b-cooldown-mantis-adamc-v2
189583,1.616051435470581,,,,tootsie-32b-cooldown-mantis-adamc-v2
189588,1.618113398551941,,,,tootsie-32b-cooldown-mantis-adamc-v2
189607,1.6146489381790161,,,,tootsie-32b-cooldown-mantis-adamc-v2
189642,1.614412784576416,,,,tootsie-32b-cooldown-mantis-adamc-v2
189718,1.6151601076126099,,,,tootsie-32b-cooldown-mantis-adamc-v2
189766,1.6074001789093018,,,,tootsie-32b-cooldown-mantis-adamc-v2
189783,1.606266736984253,,,,tootsie-32b-cooldown-mantis-adamc-v2
189803,1.614736557006836,,,,tootsie-32b-cooldown-mantis-adamc-v2
189814,1.6057714223861694,,,,tootsie-32b-cooldown-mantis-adamc-v2
189837,1.6133052110671997,,,,tootsie-32b-cooldown-mantis-adamc-v2
189868,1.6103183031082153,,,,tootsie-32b-cooldown-mantis-adamc-v2
189887,1.6137359142303467,,,,tootsie-32b-cooldown-mantis-adamc-v2
189890,1.6150870323181152,,,,tootsie-32b-cooldown-mantis-adamc-v2
189919,1.6153751611709595,,,,tootsie-32b-cooldown-mantis-adamc-v2
189929,1.6099722385406494,,,,tootsie-32b-cooldown-mantis-adamc-v2
189937,1.6087839603424072,,,,tootsie-32b-cooldown-mantis-adamc-v2
189967,1.6134148836135864,,,,tootsie-32b-cooldown-mantis-adamc-v2
189976,1.6123347282409668,,,,tootsie-32b-cooldown-mantis-adamc-v2
189992,1.6072744131088257,,,,tootsie-32b-cooldown-mantis-adamc-v2
190000,,2.2040035724639893,1.935952067375183,2.206298828125,tootsie-32b-cooldown-mantis-adamc-v2
190016,1.613425850868225,,,,tootsie-32b-cooldown-mantis-adamc-v2
190030,1.6105667352676392,,,,tootsie-32b-cooldown-mantis-adamc-v2
190036,1.6139647960662842,,,,tootsie-32b-cooldown-mantis-adamc-v2
190046,1.6145273447036743,,,,tootsie-32b-cooldown-mantis-adamc-v2
190056,1.6133743524551392,,,,tootsie-32b-cooldown-mantis-adamc-v2
190095,1.604464054107666,,,,tootsie-32b-cooldown-mantis-adamc-v2
190098,1.6074343919754028,,,,tootsie-32b-cooldown-mantis-adamc-v2
190109,1.614509105682373,,,,tootsie-32b-cooldown-mantis-adamc-v2
190126,1.612375259399414,,,,tootsie-32b-cooldown-mantis-adamc-v2
190127,1.6127080917358398,,,,tootsie-32b-cooldown-mantis-adamc-v2
190139,1.6110068559646606,,,,tootsie-32b-cooldown-mantis-adamc-v2
190157,1.605726957321167,,,,tootsie-32b-cooldown-mantis-adamc-v2
190163,1.611891746520996,,,,tootsie-32b-cooldown-mantis-adamc-v2
190207,1.6118298768997192,,,,tootsie-32b-cooldown-mantis-adamc-v2
190218,1.6138641834259033,,,,tootsie-32b-cooldown-mantis-adamc-v2
190262,1.6074477434158325,,,,tootsie-32b-cooldown-mantis-adamc-v2
190264,1.622726321220398,,,,tootsie-32b-cooldown-mantis-adamc-v2
190292,1.6057288646697998,,,,tootsie-32b-cooldown-mantis-adamc-v2
190296,1.605427861213684,,,,tootsie-32b-cooldown-mantis-adamc-v2
190297,1.6153150796890259,,,,tootsie-32b-cooldown-mantis-adamc-v2
190374,1.6129209995269775,,,,tootsie-32b-cooldown-mantis-adamc-v2
190382,1.6126338243484497,,,,tootsie-32b-cooldown-mantis-adamc-v2
190396,1.6055248975753784,,,,tootsie-32b-cooldown-mantis-adamc-v2
190420,1.6112273931503296,,,,tootsie-32b-cooldown-mantis-adamc-v2
190440,1.6126176118850708,,,,tootsie-32b-cooldown-mantis-adamc-v2
190464,1.614088535308838,,,,tootsie-32b-cooldown-mantis-adamc-v2
190472,1.6085869073867798,,,,tootsie-32b-cooldown-mantis-adamc-v2
190473,1.610142469406128,,,,tootsie-32b-cooldown-mantis-adamc-v2
190478,1.6156352758407593,,,,tootsie-32b-cooldown-mantis-adamc-v2
190514,1.6118943691253662,,,,tootsie-32b-cooldown-mantis-adamc-v2
190523,1.608755350112915,,,,tootsie-32b-cooldown-mantis-adamc-v2
190538,1.609627366065979,,,,tootsie-32b-cooldown-mantis-adamc-v2
190542,1.6038782596588135,,,,tootsie-32b-cooldown-mantis-adamc-v2
190551,1.6079330444335938,,,,tootsie-32b-cooldown-mantis-adamc-v2
190569,1.6118019819259644,,,,tootsie-32b-cooldown-mantis-adamc-v2
190579,1.6138415336608887,,,,tootsie-32b-cooldown-mantis-adamc-v2
190625,1.6068089008331299,,,,tootsie-32b-cooldown-mantis-adamc-v2
190660,1.6088166236877441,,,,tootsie-32b-cooldown-mantis-adamc-v2
190712,1.6108977794647217,,,,tootsie-32b-cooldown-mantis-adamc-v2
190730,1.6038827896118164,,,,tootsie-32b-cooldown-mantis-adamc-v2
190749,1.61050283908844,,,,tootsie-32b-cooldown-mantis-adamc-v2
190764,1.6078557968139648,,,,tootsie-32b-cooldown-mantis-adamc-v2
190769,1.607014775276184,,,,tootsie-32b-cooldown-mantis-adamc-v2
190775,1.6007561683654785,,,,tootsie-32b-cooldown-mantis-adamc-v2
190777,1.6027848720550537,,,,tootsie-32b-cooldown-mantis-adamc-v2
190798,1.6035611629486084,,,,tootsie-32b-cooldown-mantis-adamc-v2
190861,1.6095887422561646,,,,tootsie-32b-cooldown-mantis-adamc-v2
190869,1.606787919998169,,,,tootsie-32b-cooldown-mantis-adamc-v2
190904,1.603453516960144,,,,tootsie-32b-cooldown-mantis-adamc-v2
190920,1.6062557697296143,,,,tootsie-32b-cooldown-mantis-adamc-v2
190946,1.6100709438323975,,,,tootsie-32b-cooldown-mantis-adamc-v2
190975,1.6038799285888672,,,,tootsie-32b-cooldown-mantis-adamc-v2
190996,1.6052424907684326,,,,tootsie-32b-cooldown-mantis-adamc-v2
190999,1.6039886474609375,,,,tootsie-32b-cooldown-mantis-adamc-v2
191000,,2.201530933380127,1.9343277215957642,2.2038440704345703,tootsie-32b-cooldown-mantis-adamc-v2
191038,1.6075876951217651,,,,tootsie-32b-cooldown-mantis-adamc-v2
191045,1.6071947813034058,,,,tootsie-32b-cooldown-mantis-adamc-v2
191047,1.6015070676803589,,,,tootsie-32b-cooldown-mantis-adamc-v2
191133,1.6048939228057861,,,,tootsie-32b-cooldown-mantis-adamc-v2
191135,1.6045228242874146,,,,tootsie-32b-cooldown-mantis-adamc-v2
191149,1.6001427173614502,,,,tootsie-32b-cooldown-mantis-adamc-v2
191163,1.6054421663284302,,,,tootsie-32b-cooldown-mantis-adamc-v2
191173,1.6006685495376587,,,,tootsie-32b-cooldown-mantis-adamc-v2
191175,1.6060101985931396,,,,tootsie-32b-cooldown-mantis-adamc-v2
191191,1.6019508838653564,,,,tootsie-32b-cooldown-mantis-adamc-v2
191226,1.6123907566070557,,,,tootsie-32b-cooldown-mantis-adamc-v2
191227,1.6037837266921997,,,,tootsie-32b-cooldown-mantis-adamc-v2
191239,1.6038849353790283,,,,tootsie-32b-cooldown-mantis-adamc-v2
191241,1.6125646829605103,,,,tootsie-32b-cooldown-mantis-adamc-v2
191243,1.6073129177093506,,,,tootsie-32b-cooldown-mantis-adamc-v2
191252,1.5912835597991943,,,,tootsie-32b-cooldown-mantis-adamc-v2
191299,1.6074339151382446,,,,tootsie-32b-cooldown-mantis-adamc-v2
191300,1.6023058891296387,,,,tootsie-32b-cooldown-mantis-adamc-v2
191304,1.6121461391448975,,,,tootsie-32b-cooldown-mantis-adamc-v2
191362,1.6010487079620361,,,,tootsie-32b-cooldown-mantis-adamc-v2
191364,1.6088347434997559,,,,tootsie-32b-cooldown-mantis-adamc-v2
191386,1.599266529083252,,,,tootsie-32b-cooldown-mantis-adamc-v2
191395,1.6015757322311401,,,,tootsie-32b-cooldown-mantis-adamc-v2
191403,1.6045502424240112,,,,tootsie-32b-cooldown-mantis-adamc-v2
191408,1.598222017288208,,,,tootsie-32b-cooldown-mantis-adamc-v2
191427,1.602569818496704,,,,tootsie-32b-cooldown-mantis-adamc-v2
191477,1.605211615562439,,,,tootsie-32b-cooldown-mantis-adamc-v2
191479,1.5972893238067627,,,,tootsie-32b-cooldown-mantis-adamc-v2
191500,1.5973544120788574,,,,tootsie-32b-cooldown-mantis-adamc-v2
191526,1.607866644859314,,,,tootsie-32b-cooldown-mantis-adamc-v2
191539,1.6037472486495972,,,,tootsie-32b-cooldown-mantis-adamc-v2
191541,1.6077138185501099,,,,tootsie-32b-cooldown-mantis-adamc-v2
191567,1.5995455980300903,,,,tootsie-32b-cooldown-mantis-adamc-v2
191574,1.607515811920166,,,,tootsie-32b-cooldown-mantis-adamc-v2
191576,1.5996500253677368,,,,tootsie-32b-cooldown-mantis-adamc-v2
191587,1.607345461845398,,,,tootsie-32b-cooldown-mantis-adamc-v2
191606,1.6016738414764404,,,,tootsie-32b-cooldown-mantis-adamc-v2
191625,1.6001068353652954,,,,tootsie-32b-cooldown-mantis-adamc-v2
191649,1.606475830078125,,,,tootsie-32b-cooldown-mantis-adamc-v2
191667,1.5963068008422852,,,,tootsie-32b-cooldown-mantis-adamc-v2
191704,1.6066993474960327,,,,tootsie-32b-cooldown-mantis-adamc-v2
191722,1.6072443723678589,,,,tootsie-32b-cooldown-mantis-adamc-v2
191736,1.5966700315475464,,,,tootsie-32b-cooldown-mantis-adamc-v2
191764,1.6031594276428223,,,,tootsie-32b-cooldown-mantis-adamc-v2
191767,1.6037085056304932,,,,tootsie-32b-cooldown-mantis-adamc-v2
191788,1.60518217086792,,,,tootsie-32b-cooldown-mantis-adamc-v2
191793,1.6022324562072754,,,,tootsie-32b-cooldown-mantis-adamc-v2
191803,1.6002838611602783,,,,tootsie-32b-cooldown-mantis-adamc-v2
191812,1.597118854522705,,,,tootsie-32b-cooldown-mantis-adamc-v2
191848,1.6040208339691162,,,,tootsie-32b-cooldown-mantis-adamc-v2
191925,1.5974980592727661,,,,tootsie-32b-cooldown-mantis-adamc-v2
191952,1.603670358657837,,,,tootsie-32b-cooldown-mantis-adamc-v2
191971,1.6016203165054321,,,,tootsie-32b-cooldown-mantis-adamc-v2
191987,1.5987190008163452,,,,tootsie-32b-cooldown-mantis-adamc-v2
191997,1.6031235456466675,,,,tootsie-32b-cooldown-mantis-adamc-v2
191999,,2.19927978515625,1.9325268268585205,2.202507495880127,tootsie-32b-cooldown-mantis-adamc-v2
