_step,train/loss,eval/paloma/c4_en/loss,eval/loss,eval/macro_loss,_segment
3,11.802011489868164,,,,moe_67b_a2b_d2560_ep1_rep16_bs4096_seq8192_sw2k_v4_2048_muon_10T
20,11.777832984924316,,,,moe_67b_a2b_d2560_ep1_rep16_bs4096_seq8192_sw2k_v4_2048_muon_10T
32,11.739262580871582,,,,moe_67b_a2b_d2560_ep1_rep16_bs4096_seq8192_sw2k_v4_2048_muon_10T
56,11.619938850402832,,,,moe_67b_a2b_d2560_ep1_rep16_bs4096_seq8192_sw2k_v4_2048_muon_10T
57,11.614492416381836,,,,moe_67b_a2b_d2560_ep1_rep16_bs4096_seq8192_sw2k_v4_2048_muon_10T
62,11.584815979003906,,,,moe_67b_a2b_d2560_ep1_rep16_bs4096_seq8192_sw2k_v4_2048_muon_10T
64,11.568023681640625,,,,moe_67b_a2b_d2560_ep1_rep16_bs4096_seq8192_sw2k_v4_2048_muon_10T
75,11.487815856933594,,,,moe_67b_a2b_d2560_ep1_rep16_bs4096_seq8192_sw2k_v4_2048_muon_10T
89,11.367817878723145,,,,moe_67b_a2b_d2560_ep1_rep16_bs4096_seq8192_sw2k_v4_2048_muon_10T
118,11.063004493713379,,,,moe_67b_a2b_d2560_ep1_rep16_bs4096_seq8192_sw2k_v4_2048_muon_10T
131,10.91430950164795,,,,moe_67b_a2b_d2560_ep1_rep16_bs4096_seq8192_sw2k_v4_2048_muon_10T
153,10.654443740844727,,,,moe_67b_a2b_d2560_ep1_rep16_bs4096_seq8192_sw2k_v4_2048_muon_10T
161,10.549360275268555,,,,moe_67b_a2b_d2560_ep1_rep16_bs4096_seq8192_sw2k_v4_2048_muon_10T
178,10.345010757446289,,,,moe_67b_a2b_d2560_ep1_rep16_bs4096_seq8192_sw2k_v4_2048_muon_10T
183,10.274521827697754,,,,moe_67b_a2b_d2560_ep1_rep16_bs4096_seq8192_sw2k_v4_2048_muon_10T
185,10.253195762634277,,,,moe_67b_a2b_d2560_ep1_rep16_bs4096_seq8192_sw2k_v4_2048_muon_10T
186,10.254026412963867,,,,moe_67b_a2b_d2560_ep1_rep16_bs4096_seq8192_sw2k_v4_2048_muon_10T
190,10.214495658874512,,,,moe_67b_a2b_d2560_ep1_rep16_bs4096_seq8192_sw2k_v4_2048_muon_10T
201,10.068821907043457,,,,moe_67b_a2b_d2560_ep1_rep16_bs4096_seq8192_sw2k_v4_2048_muon_10T
225,9.809518814086914,,,,moe_67b_a2b_d2560_ep1_rep16_bs4096_seq8192_sw2k_v4_2048_muon_10T
229,9.769207000732422,,,,moe_67b_a2b_d2560_ep1_rep16_bs4096_seq8192_sw2k_v4_2048_muon_10T
271,9.348175048828125,,,,moe_67b_a2b_d2560_ep1_rep16_bs4096_seq8192_sw2k_v4_2048_muon_10T
275,9.316545486450195,,,,moe_67b_a2b_d2560_ep1_rep16_bs4096_seq8192_sw2k_v4_2048_muon_10T
281,9.250133514404297,,,,moe_67b_a2b_d2560_ep1_rep16_bs4096_seq8192_sw2k_v4_2048_muon_10T
283,9.263864517211914,,,,moe_67b_a2b_d2560_ep1_rep16_bs4096_seq8192_sw2k_v4_2048_muon_10T
285,9.233902931213379,,,,moe_67b_a2b_d2560_ep1_rep16_bs4096_seq8192_sw2k_v4_2048_muon_10T
292,9.154579162597656,,,,moe_67b_a2b_d2560_ep1_rep16_bs4096_seq8192_sw2k_v4_2048_muon_10T
296,9.140517234802246,,,,moe_67b_a2b_d2560_ep1_rep16_bs4096_seq8192_sw2k_v4_2048_muon_10T
304,9.063045501708984,,,,moe_67b_a2b_d2560_ep1_rep16_bs4096_seq8192_sw2k_v4_2048_muon_10T
315,8.938770294189453,,,,moe_67b_a2b_d2560_ep1_rep16_bs4096_seq8192_sw2k_v4_2048_muon_10T
318,8.935747146606445,,,,moe_67b_a2b_d2560_ep1_rep16_bs4096_seq8192_sw2k_v4_2048_muon_10T
323,8.898065567016602,,,,moe_67b_a2b_d2560_ep1_rep16_bs4096_seq8192_sw2k_v4_2048_muon_10T
324,8.878926277160645,,,,moe_67b_a2b_d2560_ep1_rep16_bs4096_seq8192_sw2k_v4_2048_muon_10T
332,8.80086898803711,,,,moe_67b_a2b_d2560_ep1_rep16_bs4096_seq8192_sw2k_v4_2048_muon_10T
333,8.799171447753906,,,,moe_67b_a2b_d2560_ep1_rep16_bs4096_seq8192_sw2k_v4_2048_muon_10T
345,8.710227012634277,,,,moe_67b_a2b_d2560_ep1_rep16_bs4096_seq8192_sw2k_v4_2048_muon_10T
354,8.643113136291504,,,,moe_67b_a2b_d2560_ep1_rep16_bs4096_seq8192_sw2k_v4_2048_muon_10T
362,8.566949844360352,,,,moe_67b_a2b_d2560_ep1_rep16_bs4096_seq8192_sw2k_v4_2048_muon_10T
372,8.475669860839844,,,,moe_67b_a2b_d2560_ep1_rep16_bs4096_seq8192_sw2k_v4_2048_muon_10T
379,8.402570724487305,,,,moe_67b_a2b_d2560_ep1_rep16_bs4096_seq8192_sw2k_v4_2048_muon_10T
398,8.255515098571777,,,,moe_67b_a2b_d2560_ep1_rep16_bs4096_seq8192_sw2k_v4_2048_muon_10T
426,8.004364013671875,,,,moe_67b_a2b_d2560_ep1_rep16_bs4096_seq8192_sw2k_v4_2048_muon_10T
430,7.9611358642578125,,,,moe_67b_a2b_d2560_ep1_rep16_bs4096_seq8192_sw2k_v4_2048_muon_10T
431,7.969854831695557,,,,moe_67b_a2b_d2560_ep1_rep16_bs4096_seq8192_sw2k_v4_2048_muon_10T
446,7.83999490737915,,,,moe_67b_a2b_d2560_ep1_rep16_bs4096_seq8192_sw2k_v4_2048_muon_10T
447,7.819515705108643,,,,moe_67b_a2b_d2560_ep1_rep16_bs4096_seq8192_sw2k_v4_2048_muon_10T
470,7.625855445861816,,,,moe_67b_a2b_d2560_ep1_rep16_bs4096_seq8192_sw2k_v4_2048_muon_10T
481,7.565950870513916,,,,moe_67b_a2b_d2560_ep1_rep16_bs4096_seq8192_sw2k_v4_2048_muon_10T
494,7.405514717102051,,,,moe_67b_a2b_d2560_ep1_rep16_bs4096_seq8192_sw2k_v4_2048_muon_10T
503,7.314934730529785,,,,moe_67b_a2b_d2560_ep1_rep16_bs4096_seq8192_sw2k_v4_2048_muon_10T
520,7.216569900512695,,,,moe_67b_a2b_d2560_ep1_rep16_bs4096_seq8192_sw2k_v4_2048_muon_10T
525,7.158685684204102,,,,moe_67b_a2b_d2560_ep1_rep16_bs4096_seq8192_sw2k_v4_2048_muon_10T
543,6.997145175933838,,,,moe_67b_a2b_d2560_ep1_rep16_bs4096_seq8192_sw2k_v4_2048_muon_10T
549,6.930110931396484,,,,moe_67b_a2b_d2560_ep1_rep16_bs4096_seq8192_sw2k_v4_2048_muon_10T
566,6.786538124084473,,,,moe_67b_a2b_d2560_ep1_rep16_bs4096_seq8192_sw2k_v4_2048_muon_10T
572,6.7432169914245605,,,,moe_67b_a2b_d2560_ep1_rep16_bs4096_seq8192_sw2k_v4_2048_muon_10T
613,6.410724639892578,,,,moe_67b_a2b_d2560_ep1_rep16_bs4096_seq8192_sw2k_v4_2048_muon_10T
615,6.3634209632873535,,,,moe_67b_a2b_d2560_ep1_rep16_bs4096_seq8192_sw2k_v4_2048_muon_10T
624,6.303748607635498,,,,moe_67b_a2b_d2560_ep1_rep16_bs4096_seq8192_sw2k_v4_2048_muon_10T
639,6.188263893127441,,,,moe_67b_a2b_d2560_ep1_rep16_bs4096_seq8192_sw2k_v4_2048_muon_10T
644,6.171961784362793,,,,moe_67b_a2b_d2560_ep1_rep16_bs4096_seq8192_sw2k_v4_2048_muon_10T
651,6.088020324707031,,,,moe_67b_a2b_d2560_ep1_rep16_bs4096_seq8192_sw2k_v4_2048_muon_10T
655,6.048308372497559,,,,moe_67b_a2b_d2560_ep1_rep16_bs4096_seq8192_sw2k_v4_2048_muon_10T
682,5.856460094451904,,,,moe_67b_a2b_d2560_ep1_rep16_bs4096_seq8192_sw2k_v4_2048_muon_10T
694,5.757534027099609,,,,moe_67b_a2b_d2560_ep1_rep16_bs4096_seq8192_sw2k_v4_2048_muon_10T
700,5.705761909484863,,,,moe_67b_a2b_d2560_ep1_rep16_bs4096_seq8192_sw2k_v4_2048_muon_10T
709,5.664341926574707,,,,moe_67b_a2b_d2560_ep1_rep16_bs4096_seq8192_sw2k_v4_2048_muon_10T
722,5.551784038543701,,,,moe_67b_a2b_d2560_ep1_rep16_bs4096_seq8192_sw2k_v4_2048_muon_10T
731,5.493300437927246,,,,moe_67b_a2b_d2560_ep1_rep16_bs4096_seq8192_sw2k_v4_2048_muon_10T
735,5.452259063720703,,,,moe_67b_a2b_d2560_ep1_rep16_bs4096_seq8192_sw2k_v4_2048_muon_10T
753,5.339529514312744,,,,moe_67b_a2b_d2560_ep1_rep16_bs4096_seq8192_sw2k_v4_2048_muon_10T
758,5.335826873779297,,,,moe_67b_a2b_d2560_ep1_rep16_bs4096_seq8192_sw2k_v4_2048_muon_10T
770,5.265320301055908,,,,moe_67b_a2b_d2560_ep1_rep16_bs4096_seq8192_sw2k_v4_2048_muon_10T
792,5.092962265014648,,,,moe_67b_a2b_d2560_ep1_rep16_bs4096_seq8192_sw2k_v4_2048_muon_10T
804,5.027322292327881,,,,moe_67b_a2b_d2560_ep1_rep16_bs4096_seq8192_sw2k_v4_2048_muon_10T
838,4.827869415283203,,,,moe_67b_a2b_d2560_ep1_rep16_bs4096_seq8192_sw2k_v4_2048_muon_10T
840,4.807952404022217,,,,moe_67b_a2b_d2560_ep1_rep16_bs4096_seq8192_sw2k_v4_2048_muon_10T
842,4.775693893432617,,,,moe_67b_a2b_d2560_ep1_rep16_bs4096_seq8192_sw2k_v4_2048_muon_10T
848,4.757061958312988,,,,moe_67b_a2b_d2560_ep1_rep16_bs4096_seq8192_sw2k_v4_2048_muon_10T
869,4.616596221923828,,,,moe_67b_a2b_d2560_ep1_rep16_bs4096_seq8192_sw2k_v4_2048_muon_10T
878,4.5374579429626465,,,,moe_67b_a2b_d2560_ep1_rep16_bs4096_seq8192_sw2k_v4_2048_muon_10T
885,4.495389938354492,,,,moe_67b_a2b_d2560_ep1_rep16_bs4096_seq8192_sw2k_v4_2048_muon_10T
886,4.488374710083008,,,,moe_67b_a2b_d2560_ep1_rep16_bs4096_seq8192_sw2k_v4_2048_muon_10T
906,4.400252819061279,,,,moe_67b_a2b_d2560_ep1_rep16_bs4096_seq8192_sw2k_v4_2048_muon_10T
911,4.360459327697754,,,,moe_67b_a2b_d2560_ep1_rep16_bs4096_seq8192_sw2k_v4_2048_muon_10T
913,4.345391273498535,,,,moe_67b_a2b_d2560_ep1_rep16_bs4096_seq8192_sw2k_v4_2048_muon_10T
921,4.293833255767822,,,,moe_67b_a2b_d2560_ep1_rep16_bs4096_seq8192_sw2k_v4_2048_muon_10T
923,4.285732746124268,,,,moe_67b_a2b_d2560_ep1_rep16_bs4096_seq8192_sw2k_v4_2048_muon_10T
926,4.285998821258545,,,,moe_67b_a2b_d2560_ep1_rep16_bs4096_seq8192_sw2k_v4_2048_muon_10T
929,4.204957008361816,,,,moe_67b_a2b_d2560_ep1_rep16_bs4096_seq8192_sw2k_v4_2048_muon_10T
941,4.1482014656066895,,,,moe_67b_a2b_d2560_ep1_rep16_bs4096_seq8192_sw2k_v4_2048_muon_10T
973,3.9830844402313232,,,,moe_67b_a2b_d2560_ep1_rep16_bs4096_seq8192_sw2k_v4_2048_muon_10T
1002,3.799701452255249,,,,moe_67b_a2b_d2560_ep1_rep16_bs4096_seq8192_sw2k_v4_2048_muon_10T
1035,3.5768187046051025,,,,moe_67b_a2b_d2560_ep1_rep16_bs4096_seq8192_sw2k_v4_2048_muon_10T
1036,3.6224136352539062,,,,moe_67b_a2b_d2560_ep1_rep16_bs4096_seq8192_sw2k_v4_2048_muon_10T
1038,3.6188366413116455,,,,moe_67b_a2b_d2560_ep1_rep16_bs4096_seq8192_sw2k_v4_2048_muon_10T
1044,3.5566301345825195,,,,moe_67b_a2b_d2560_ep1_rep16_bs4096_seq8192_sw2k_v4_2048_muon_10T
1050,3.5319271087646484,,,,moe_67b_a2b_d2560_ep1_rep16_bs4096_seq8192_sw2k_v4_2048_muon_10T
1057,3.514643430709839,,,,moe_67b_a2b_d2560_ep1_rep16_bs4096_seq8192_sw2k_v4_2048_muon_10T
1069,3.4544026851654053,,,,moe_67b_a2b_d2560_ep1_rep16_bs4096_seq8192_sw2k_v4_2048_muon_10T
1074,3.4132707118988037,,,,moe_67b_a2b_d2560_ep1_rep16_bs4096_seq8192_sw2k_v4_2048_muon_10T
1077,3.440906524658203,,,,moe_67b_a2b_d2560_ep1_rep16_bs4096_seq8192_sw2k_v4_2048_muon_10T
1085,3.3702328205108643,,,,moe_67b_a2b_d2560_ep1_rep16_bs4096_seq8192_sw2k_v4_2048_muon_10T
1102,3.3106749057769775,,,,moe_67b_a2b_d2560_ep1_rep16_bs4096_seq8192_sw2k_v4_2048_muon_10T
1131,3.2227091789245605,,,,moe_67b_a2b_d2560_ep1_rep16_bs4096_seq8192_sw2k_v4_2048_muon_10T
1135,3.1743524074554443,,,,moe_67b_a2b_d2560_ep1_rep16_bs4096_seq8192_sw2k_v4_2048_muon_10T
1144,3.1729841232299805,,,,moe_67b_a2b_d2560_ep1_rep16_bs4096_seq8192_sw2k_v4_2048_muon_10T
1152,3.1419429779052734,,,,moe_67b_a2b_d2560_ep1_rep16_bs4096_seq8192_sw2k_v4_2048_muon_10T
1154,3.1351912021636963,,,,moe_67b_a2b_d2560_ep1_rep16_bs4096_seq8192_sw2k_v4_2048_muon_10T
1156,3.1033413410186768,,,,moe_67b_a2b_d2560_ep1_rep16_bs4096_seq8192_sw2k_v4_2048_muon_10T
1166,3.0928878784179688,,,,moe_67b_a2b_d2560_ep1_rep16_bs4096_seq8192_sw2k_v4_2048_muon_10T
1172,3.068466901779175,,,,moe_67b_a2b_d2560_ep1_rep16_bs4096_seq8192_sw2k_v4_2048_muon_10T
1184,3.0501232147216797,,,,moe_67b_a2b_d2560_ep1_rep16_bs4096_seq8192_sw2k_v4_2048_muon_10T
1209,2.9964380264282227,,,,moe_67b_a2b_d2560_ep1_rep16_bs4096_seq8192_sw2k_v4_2048_muon_10T
1211,2.947721242904663,,,,moe_67b_a2b_d2560_ep1_rep16_bs4096_seq8192_sw2k_v4_2048_muon_10T
1214,2.9738481044769287,,,,moe_67b_a2b_d2560_ep1_rep16_bs4096_seq8192_sw2k_v4_2048_muon_10T
1215,2.986780881881714,,,,moe_67b_a2b_d2560_ep1_rep16_bs4096_seq8192_sw2k_v4_2048_muon_10T
1221,2.9223852157592773,,,,moe_67b_a2b_d2560_ep1_rep16_bs4096_seq8192_sw2k_v4_2048_muon_10T
1265,2.854161500930786,,,,moe_67b_a2b_d2560_ep1_rep16_bs4096_seq8192_sw2k_v4_2048_muon_10T
1267,2.816685199737549,,,,moe_67b_a2b_d2560_ep1_rep16_bs4096_seq8192_sw2k_v4_2048_muon_10T
1281,2.831451654434204,,,,moe_67b_a2b_d2560_ep1_rep16_bs4096_seq8192_sw2k_v4_2048_muon_10T
1329,2.6991758346557617,,,,moe_67b_a2b_d2560_ep1_rep16_bs4096_seq8192_sw2k_v4_2048_muon_10T
1372,2.622008800506592,,,,moe_67b_a2b_d2560_ep1_rep16_bs4096_seq8192_sw2k_v4_2048_muon_10T
1373,2.6051313877105713,,,,moe_67b_a2b_d2560_ep1_rep16_bs4096_seq8192_sw2k_v4_2048_muon_10T
1383,2.654064416885376,,,,moe_67b_a2b_d2560_ep1_rep16_bs4096_seq8192_sw2k_v4_2048_muon_10T
1401,2.587616205215454,,,,moe_67b_a2b_d2560_ep1_rep16_bs4096_seq8192_sw2k_v4_2048_muon_10T
1414,2.6011691093444824,,,,moe_67b_a2b_d2560_ep1_rep16_bs4096_seq8192_sw2k_v4_2048_muon_10T
1427,2.5842583179473877,,,,moe_67b_a2b_d2560_ep1_rep16_bs4096_seq8192_sw2k_v4_2048_muon_10T
1434,2.5530645847320557,,,,moe_67b_a2b_d2560_ep1_rep16_bs4096_seq8192_sw2k_v4_2048_muon_10T
1444,2.525808095932007,,,,moe_67b_a2b_d2560_ep1_rep16_bs4096_seq8192_sw2k_v4_2048_muon_10T
1448,2.522730588912964,,,,moe_67b_a2b_d2560_ep1_rep16_bs4096_seq8192_sw2k_v4_2048_muon_10T
1455,2.5171947479248047,,,,moe_67b_a2b_d2560_ep1_rep16_bs4096_seq8192_sw2k_v4_2048_muon_10T
1459,2.5078465938568115,,,,moe_67b_a2b_d2560_ep1_rep16_bs4096_seq8192_sw2k_v4_2048_muon_10T
1473,2.4960880279541016,,,,moe_67b_a2b_d2560_ep1_rep16_bs4096_seq8192_sw2k_v4_2048_muon_10T
1485,2.490032434463501,,,,moe_67b_a2b_d2560_ep1_rep16_bs4096_seq8192_sw2k_v4_2048_muon_10T
1487,2.497401714324951,,,,moe_67b_a2b_d2560_ep1_rep16_bs4096_seq8192_sw2k_v4_2048_muon_10T
1492,2.4740092754364014,,,,moe_67b_a2b_d2560_ep1_rep16_bs4096_seq8192_sw2k_v4_2048_muon_10T
1506,2.462700605392456,,,,moe_67b_a2b_d2560_ep1_rep16_bs4096_seq8192_sw2k_v4_2048_muon_10T
1515,2.430483102798462,,,,moe_67b_a2b_d2560_ep1_rep16_bs4096_seq8192_sw2k_v4_2048_muon_10T
1529,2.4342970848083496,,,,moe_67b_a2b_d2560_ep1_rep16_bs4096_seq8192_sw2k_v4_2048_muon_10T
1532,2.4431686401367188,,,,moe_67b_a2b_d2560_ep1_rep16_bs4096_seq8192_sw2k_v4_2048_muon_10T
1533,2.4548537731170654,,,,moe_67b_a2b_d2560_ep1_rep16_bs4096_seq8192_sw2k_v4_2048_muon_10T
1534,2.4213223457336426,,,,moe_67b_a2b_d2560_ep1_rep16_bs4096_seq8192_sw2k_v4_2048_muon_10T
1544,2.3938474655151367,,,,moe_67b_a2b_d2560_ep1_rep16_bs4096_seq8192_sw2k_v4_2048_muon_10T
1549,2.4410996437072754,,,,moe_67b_a2b_d2560_ep1_rep16_bs4096_seq8192_sw2k_v4_2048_muon_10T
1565,2.3725595474243164,,,,moe_67b_a2b_d2560_ep1_rep16_bs4096_seq8192_sw2k_v4_2048_muon_10T
1579,2.4163625240325928,,,,moe_67b_a2b_d2560_ep1_rep16_bs4096_seq8192_sw2k_v4_2048_muon_10T
1589,2.372720956802368,,,,moe_67b_a2b_d2560_ep1_rep16_bs4096_seq8192_sw2k_v4_2048_muon_10T
1600,2.362905263900757,,,,moe_67b_a2b_d2560_ep1_rep16_bs4096_seq8192_sw2k_v4_2048_muon_10T
1608,2.3340935707092285,,,,moe_67b_a2b_d2560_ep1_rep16_bs4096_seq8192_sw2k_v4_2048_muon_10T
1610,2.3823533058166504,,,,moe_67b_a2b_d2560_ep1_rep16_bs4096_seq8192_sw2k_v4_2048_muon_10T
1625,2.317385673522949,,,,moe_67b_a2b_d2560_ep1_rep16_bs4096_seq8192_sw2k_v4_2048_muon_10T
1654,2.2926321029663086,,,,moe_67b_a2b_d2560_ep1_rep16_bs4096_seq8192_sw2k_v4_2048_muon_10T
1670,2.3225185871124268,,,,moe_67b_a2b_d2560_ep1_rep16_bs4096_seq8192_sw2k_v4_2048_muon_10T
1682,2.2963156700134277,,,,moe_67b_a2b_d2560_ep1_rep16_bs4096_seq8192_sw2k_v4_2048_muon_10T
1683,2.3077526092529297,,,,moe_67b_a2b_d2560_ep1_rep16_bs4096_seq8192_sw2k_v4_2048_muon_10T
1686,2.311640501022339,,,,moe_67b_a2b_d2560_ep1_rep16_bs4096_seq8192_sw2k_v4_2048_muon_10T
1695,2.3082547187805176,,,,moe_67b_a2b_d2560_ep1_rep16_bs4096_seq8192_sw2k_v4_2048_muon_10T
1698,2.2621638774871826,,,,moe_67b_a2b_d2560_ep1_rep16_bs4096_seq8192_sw2k_v4_2048_muon_10T
1703,2.2780215740203857,,,,moe_67b_a2b_d2560_ep1_rep16_bs4096_seq8192_sw2k_v4_2048_muon_10T
1711,2.2728190422058105,,,,moe_67b_a2b_d2560_ep1_rep16_bs4096_seq8192_sw2k_v4_2048_muon_10T
1722,2.2793033123016357,,,,moe_67b_a2b_d2560_ep1_rep16_bs4096_seq8192_sw2k_v4_2048_muon_10T
1726,2.2510721683502197,,,,moe_67b_a2b_d2560_ep1_rep16_bs4096_seq8192_sw2k_v4_2048_muon_10T
1733,2.257878541946411,,,,moe_67b_a2b_d2560_ep1_rep16_bs4096_seq8192_sw2k_v4_2048_muon_10T
1739,2.2738146781921387,,,,moe_67b_a2b_d2560_ep1_rep16_bs4096_seq8192_sw2k_v4_2048_muon_10T
1742,2.241467237472534,,,,moe_67b_a2b_d2560_ep1_rep16_bs4096_seq8192_sw2k_v4_2048_muon_10T
1756,2.2058815956115723,,,,moe_67b_a2b_d2560_ep1_rep16_bs4096_seq8192_sw2k_v4_2048_muon_10T
1761,2.2097089290618896,,,,moe_67b_a2b_d2560_ep1_rep16_bs4096_seq8192_sw2k_v4_2048_muon_10T
1771,2.207674980163574,,,,moe_67b_a2b_d2560_ep1_rep16_bs4096_seq8192_sw2k_v4_2048_muon_10T
1797,2.221100330352783,,,,moe_67b_a2b_d2560_ep1_rep16_bs4096_seq8192_sw2k_v4_2048_muon_10T
1798,2.201570510864258,,,,moe_67b_a2b_d2560_ep1_rep16_bs4096_seq8192_sw2k_v4_2048_muon_10T
1822,2.1966402530670166,,,,moe_67b_a2b_d2560_ep1_rep16_bs4096_seq8192_sw2k_v4_2048_muon_10T
1844,2.1964685916900635,,,,moe_67b_a2b_d2560_ep1_rep16_bs4096_seq8192_sw2k_v4_2048_muon_10T
1845,2.1949462890625,,,,moe_67b_a2b_d2560_ep1_rep16_bs4096_seq8192_sw2k_v4_2048_muon_10T
1859,2.2130849361419678,,,,moe_67b_a2b_d2560_ep1_rep16_bs4096_seq8192_sw2k_v4_2048_muon_10T
1861,2.1727287769317627,,,,moe_67b_a2b_d2560_ep1_rep16_bs4096_seq8192_sw2k_v4_2048_muon_10T
1876,2.163822889328003,,,,moe_67b_a2b_d2560_ep1_rep16_bs4096_seq8192_sw2k_v4_2048_muon_10T
1905,2.167257785797119,,,,moe_67b_a2b_d2560_ep1_rep16_bs4096_seq8192_sw2k_v4_2048_muon_10T
1911,2.163295030593872,,,,moe_67b_a2b_d2560_ep1_rep16_bs4096_seq8192_sw2k_v4_2048_muon_10T
1915,2.155609607696533,,,,moe_67b_a2b_d2560_ep1_rep16_bs4096_seq8192_sw2k_v4_2048_muon_10T
1918,2.1470236778259277,,,,moe_67b_a2b_d2560_ep1_rep16_bs4096_seq8192_sw2k_v4_2048_muon_10T
1922,2.171482563018799,,,,moe_67b_a2b_d2560_ep1_rep16_bs4096_seq8192_sw2k_v4_2048_muon_10T
1925,2.158392906188965,,,,moe_67b_a2b_d2560_ep1_rep16_bs4096_seq8192_sw2k_v4_2048_muon_10T
1927,2.1343839168548584,,,,moe_67b_a2b_d2560_ep1_rep16_bs4096_seq8192_sw2k_v4_2048_muon_10T
1946,2.1559910774230957,,,,moe_67b_a2b_d2560_ep1_rep16_bs4096_seq8192_sw2k_v4_2048_muon_10T
1958,2.134279727935791,,,,moe_67b_a2b_d2560_ep1_rep16_bs4096_seq8192_sw2k_v4_2048_muon_10T
1962,2.128532886505127,,,,moe_67b_a2b_d2560_ep1_rep16_bs4096_seq8192_sw2k_v4_2048_muon_10T
1970,2.1394031047821045,,,,moe_67b_a2b_d2560_ep1_rep16_bs4096_seq8192_sw2k_v4_2048_muon_10T
1996,2.1217846870422363,,,,moe_67b_a2b_d2560_ep1_rep16_bs4096_seq8192_sw2k_v4_2048_muon_10T
2003,2.1132888793945312,,,,moe_67b_a2b_d2560_ep1_rep16_bs4096_seq8192_sw2k_v4_2048_muon_10T
2010,2.119462490081787,,,,moe_67b_a2b_d2560_ep1_rep16_bs4096_seq8192_sw2k_v4_2048_muon_10T
2030,2.092454671859741,,,,moe_67b_a2b_d2560_ep1_rep16_bs4096_seq8192_sw2k_v4_2048_muon_10T
2036,2.0888516902923584,,,,moe_67b_a2b_d2560_ep1_rep16_bs4096_seq8192_sw2k_v4_2048_muon_10T
2037,2.0635225772857666,,,,moe_67b_a2b_d2560_ep1_rep16_bs4096_seq8192_sw2k_v4_2048_muon_10T
2058,2.065098524093628,,,,moe_67b_a2b_d2560_ep1_rep16_bs4096_seq8192_sw2k_v4_2048_muon_10T
2060,2.083576202392578,,,,moe_67b_a2b_d2560_ep1_rep16_bs4096_seq8192_sw2k_v4_2048_muon_10T
2074,2.064018964767456,,,,moe_67b_a2b_d2560_ep1_rep16_bs4096_seq8192_sw2k_v4_2048_muon_10T
2081,2.1208484172821045,,,,moe_67b_a2b_d2560_ep1_rep16_bs4096_seq8192_sw2k_v4_2048_muon_10T
2085,2.081770181655884,,,,moe_67b_a2b_d2560_ep1_rep16_bs4096_seq8192_sw2k_v4_2048_muon_10T
2110,2.0848677158355713,,,,moe_67b_a2b_d2560_ep1_rep16_bs4096_seq8192_sw2k_v4_2048_muon_10T
2111,2.0752315521240234,,,,moe_67b_a2b_d2560_ep1_rep16_bs4096_seq8192_sw2k_v4_2048_muon_10T
2128,2.054443359375,,,,moe_67b_a2b_d2560_ep1_rep16_bs4096_seq8192_sw2k_v4_2048_muon_10T
2134,2.0628933906555176,,,,moe_67b_a2b_d2560_ep1_rep16_bs4096_seq8192_sw2k_v4_2048_muon_10T
2139,2.0666961669921875,,,,moe_67b_a2b_d2560_ep1_rep16_bs4096_seq8192_sw2k_v4_2048_muon_10T
2142,2.0437240600585938,,,,moe_67b_a2b_d2560_ep1_rep16_bs4096_seq8192_sw2k_v4_2048_muon_10T
2147,2.081735610961914,,,,moe_67b_a2b_d2560_ep1_rep16_bs4096_seq8192_sw2k_v4_2048_muon_10T
2155,2.0649807453155518,,,,moe_67b_a2b_d2560_ep1_rep16_bs4096_seq8192_sw2k_v4_2048_muon_10T
2169,2.0542006492614746,,,,moe_67b_a2b_d2560_ep1_rep16_bs4096_seq8192_sw2k_v4_2048_muon_10T
2175,2.027738332748413,,,,moe_67b_a2b_d2560_ep1_rep16_bs4096_seq8192_sw2k_v4_2048_muon_10T
2185,2.060894012451172,,,,moe_67b_a2b_d2560_ep1_rep16_bs4096_seq8192_sw2k_v4_2048_muon_10T
2192,2.0223734378814697,,,,moe_67b_a2b_d2560_ep1_rep16_bs4096_seq8192_sw2k_v4_2048_muon_10T
2200,2.01497220993042,,,,moe_67b_a2b_d2560_ep1_rep16_bs4096_seq8192_sw2k_v4_2048_muon_10T
2203,2.0534250736236572,,,,moe_67b_a2b_d2560_ep1_rep16_bs4096_seq8192_sw2k_v4_2048_muon_10T
2211,2.033418893814087,,,,moe_67b_a2b_d2560_ep1_rep16_bs4096_seq8192_sw2k_v4_2048_muon_10T
2217,2.0130345821380615,,,,moe_67b_a2b_d2560_ep1_rep16_bs4096_seq8192_sw2k_v4_2048_muon_10T
2247,2.0073609352111816,,,,moe_67b_a2b_d2560_ep1_rep16_bs4096_seq8192_sw2k_v4_2048_muon_10T
2262,2.0134031772613525,,,,moe_67b_a2b_d2560_ep1_rep16_bs4096_seq8192_sw2k_v4_2048_muon_10T
2268,2.015707015991211,,,,moe_67b_a2b_d2560_ep1_rep16_bs4096_seq8192_sw2k_v4_2048_muon_10T
2273,1.9901933670043945,,,,moe_67b_a2b_d2560_ep1_rep16_bs4096_seq8192_sw2k_v4_2048_muon_10T
2316,1.9890190362930298,,,,moe_67b_a2b_d2560_ep1_rep16_bs4096_seq8192_sw2k_v4_2048_muon_10T
2328,1.9949482679367065,,,,moe_67b_a2b_d2560_ep1_rep16_bs4096_seq8192_sw2k_v4_2048_muon_10T
2340,1.9907329082489014,,,,moe_67b_a2b_d2560_ep1_rep16_bs4096_seq8192_sw2k_v4_2048_muon_10T
2369,1.9566489458084106,,,,moe_67b_a2b_d2560_ep1_rep16_bs4096_seq8192_sw2k_v4_2048_muon_10T
2376,1.9725432395935059,,,,moe_67b_a2b_d2560_ep1_rep16_bs4096_seq8192_sw2k_v4_2048_muon_10T
2377,1.9736441373825073,,,,moe_67b_a2b_d2560_ep1_rep16_bs4096_seq8192_sw2k_v4_2048_muon_10T
2379,1.9841539859771729,,,,moe_67b_a2b_d2560_ep1_rep16_bs4096_seq8192_sw2k_v4_2048_muon_10T
2386,1.9788012504577637,,,,moe_67b_a2b_d2560_ep1_rep16_bs4096_seq8192_sw2k_v4_2048_muon_10T
2390,1.9777663946151733,,,,moe_67b_a2b_d2560_ep1_rep16_bs4096_seq8192_sw2k_v4_2048_muon_10T
2406,1.9577107429504395,,,,moe_67b_a2b_d2560_ep1_rep16_bs4096_seq8192_sw2k_v4_2048_muon_10T
2408,1.9833205938339233,,,,moe_67b_a2b_d2560_ep1_rep16_bs4096_seq8192_sw2k_v4_2048_muon_10T
2415,1.9645313024520874,,,,moe_67b_a2b_d2560_ep1_rep16_bs4096_seq8192_sw2k_v4_2048_muon_10T
2419,1.9444867372512817,,,,moe_67b_a2b_d2560_ep1_rep16_bs4096_seq8192_sw2k_v4_2048_muon_10T
2435,1.959110140800476,,,,moe_67b_a2b_d2560_ep1_rep16_bs4096_seq8192_sw2k_v4_2048_muon_10T
2447,1.9553782939910889,,,,moe_67b_a2b_d2560_ep1_rep16_bs4096_seq8192_sw2k_v4_2048_muon_10T
2454,1.9380640983581543,,,,moe_67b_a2b_d2560_ep1_rep16_bs4096_seq8192_sw2k_v4_2048_muon_10T
2457,1.9596669673919678,,,,moe_67b_a2b_d2560_ep1_rep16_bs4096_seq8192_sw2k_v4_2048_muon_10T
2459,1.9506525993347168,,,,moe_67b_a2b_d2560_ep1_rep16_bs4096_seq8192_sw2k_v4_2048_muon_10T
2461,1.9637409448623657,,,,moe_67b_a2b_d2560_ep1_rep16_bs4096_seq8192_sw2k_v4_2048_muon_10T
2463,1.9308327436447144,,,,moe_67b_a2b_d2560_ep1_rep16_bs4096_seq8192_sw2k_v4_2048_muon_10T
2465,1.9710071086883545,,,,moe_67b_a2b_d2560_ep1_rep16_bs4096_seq8192_sw2k_v4_2048_muon_10T
2466,1.9725186824798584,,,,moe_67b_a2b_d2560_ep1_rep16_bs4096_seq8192_sw2k_v4_2048_muon_10T
2475,1.9455926418304443,,,,moe_67b_a2b_d2560_ep1_rep16_bs4096_seq8192_sw2k_v4_2048_muon_10T
2479,1.923945665359497,,,,moe_67b_a2b_d2560_ep1_rep16_bs4096_seq8192_sw2k_v4_2048_muon_10T
2487,1.9319519996643066,,,,moe_67b_a2b_d2560_ep1_rep16_bs4096_seq8192_sw2k_v4_2048_muon_10T
2502,1.927310585975647,,,,moe_67b_a2b_d2560_ep1_rep16_bs4096_seq8192_sw2k_v4_2048_muon_10T
2509,1.9403876066207886,,,,moe_67b_a2b_d2560_ep1_rep16_bs4096_seq8192_sw2k_v4_2048_muon_10T
2517,1.9359148740768433,,,,moe_67b_a2b_d2560_ep1_rep16_bs4096_seq8192_sw2k_v4_2048_muon_10T
2520,1.92859947681427,,,,moe_67b_a2b_d2560_ep1_rep16_bs4096_seq8192_sw2k_v4_2048_muon_10T
2556,1.945961833000183,,,,moe_67b_a2b_d2560_ep1_rep16_bs4096_seq8192_sw2k_v4_2048_muon_10T
2559,1.9448403120040894,,,,moe_67b_a2b_d2560_ep1_rep16_bs4096_seq8192_sw2k_v4_2048_muon_10T
2582,1.9248772859573364,,,,moe_67b_a2b_d2560_ep1_rep16_bs4096_seq8192_sw2k_v4_2048_muon_10T
2590,1.9451122283935547,,,,moe_67b_a2b_d2560_ep1_rep16_bs4096_seq8192_sw2k_v4_2048_muon_10T
2608,1.9163472652435303,,,,moe_67b_a2b_d2560_ep1_rep16_bs4096_seq8192_sw2k_v4_2048_muon_10T
2611,1.8852958679199219,,,,moe_67b_a2b_d2560_ep1_rep16_bs4096_seq8192_sw2k_v4_2048_muon_10T
2613,1.928631067276001,,,,moe_67b_a2b_d2560_ep1_rep16_bs4096_seq8192_sw2k_v4_2048_muon_10T
2617,1.8983020782470703,,,,moe_67b_a2b_d2560_ep1_rep16_bs4096_seq8192_sw2k_v4_2048_muon_10T
2622,1.899994134902954,,,,moe_67b_a2b_d2560_ep1_rep16_bs4096_seq8192_sw2k_v4_2048_muon_10T
2636,1.864493727684021,,,,moe_67b_a2b_d2560_ep1_rep16_bs4096_seq8192_sw2k_v4_2048_muon_10T
2637,1.92465078830719,,,,moe_67b_a2b_d2560_ep1_rep16_bs4096_seq8192_sw2k_v4_2048_muon_10T
2656,1.9089781045913696,,,,moe_67b_a2b_d2560_ep1_rep16_bs4096_seq8192_sw2k_v4_2048_muon_10T
2680,1.888627052307129,,,,moe_67b_a2b_d2560_ep1_rep16_bs4096_seq8192_sw2k_v4_2048_muon_10T
2703,1.8911088705062866,,,,moe_67b_a2b_d2560_ep1_rep16_bs4096_seq8192_sw2k_v4_2048_muon_10T
2724,1.8972162008285522,,,,moe_67b_a2b_d2560_ep1_rep16_bs4096_seq8192_sw2k_v4_2048_muon_10T
2726,1.8780828714370728,,,,moe_67b_a2b_d2560_ep1_rep16_bs4096_seq8192_sw2k_v4_2048_muon_10T
2750,1.8731110095977783,,,,moe_67b_a2b_d2560_ep1_rep16_bs4096_seq8192_sw2k_v4_2048_muon_10T
2757,1.8870954513549805,,,,moe_67b_a2b_d2560_ep1_rep16_bs4096_seq8192_sw2k_v4_2048_muon_10T
2768,1.8964749574661255,,,,moe_67b_a2b_d2560_ep1_rep16_bs4096_seq8192_sw2k_v4_2048_muon_10T
2779,1.8831124305725098,,,,moe_67b_a2b_d2560_ep1_rep16_bs4096_seq8192_sw2k_v4_2048_muon_10T
2780,1.8667956590652466,,,,moe_67b_a2b_d2560_ep1_rep16_bs4096_seq8192_sw2k_v4_2048_muon_10T
2787,1.8648241758346558,,,,moe_67b_a2b_d2560_ep1_rep16_bs4096_seq8192_sw2k_v4_2048_muon_10T
2788,1.8693881034851074,,,,moe_67b_a2b_d2560_ep1_rep16_bs4096_seq8192_sw2k_v4_2048_muon_10T
2789,1.886358380317688,,,,moe_67b_a2b_d2560_ep1_rep16_bs4096_seq8192_sw2k_v4_2048_muon_10T
2797,1.8808600902557373,,,,moe_67b_a2b_d2560_ep1_rep16_bs4096_seq8192_sw2k_v4_2048_muon_10T
2826,1.8836172819137573,,,,moe_67b_a2b_d2560_ep1_rep16_bs4096_seq8192_sw2k_v4_2048_muon_10T
2838,1.844923496246338,,,,moe_67b_a2b_d2560_ep1_rep16_bs4096_seq8192_sw2k_v4_2048_muon_10T
2846,1.8501136302947998,,,,moe_67b_a2b_d2560_ep1_rep16_bs4096_seq8192_sw2k_v4_2048_muon_10T
2849,1.842481017112732,,,,moe_67b_a2b_d2560_ep1_rep16_bs4096_seq8192_sw2k_v4_2048_muon_10T
2860,1.8795223236083984,,,,moe_67b_a2b_d2560_ep1_rep16_bs4096_seq8192_sw2k_v4_2048_muon_10T
2865,1.8675971031188965,,,,moe_67b_a2b_d2560_ep1_rep16_bs4096_seq8192_sw2k_v4_2048_muon_10T
2910,1.8583521842956543,,,,moe_67b_a2b_d2560_ep1_rep16_bs4096_seq8192_sw2k_v4_2048_muon_10T
2924,1.8401339054107666,,,,moe_67b_a2b_d2560_ep1_rep16_bs4096_seq8192_sw2k_v4_2048_muon_10T
2977,1.836064100265503,,,,moe_67b_a2b_d2560_ep1_rep16_bs4096_seq8192_sw2k_v4_2048_muon_10T
2986,1.8323451280593872,,,,moe_67b_a2b_d2560_ep1_rep16_bs4096_seq8192_sw2k_v4_2048_muon_10T
3000,,2.9429409503936768,2.537000894546509,2.7021877765655518,moe_67b_a2b_d2560_ep1_rep16_bs4096_seq8192_sw2k_v4_2048_muon_10T
3008,1.8605602979660034,,,,moe_67b_a2b_d2560_ep1_rep16_bs4096_seq8192_sw2k_v4_2048_muon_10T
3037,1.8166186809539795,,,,moe_67b_a2b_d2560_ep1_rep16_bs4096_seq8192_sw2k_v4_2048_muon_10T
3047,1.8486295938491821,,,,moe_67b_a2b_d2560_ep1_rep16_bs4096_seq8192_sw2k_v4_2048_muon_10T
3064,1.8212419748306274,,,,moe_67b_a2b_d2560_ep1_rep16_bs4096_seq8192_sw2k_v4_2048_muon_10T
3072,1.8382253646850586,,,,moe_67b_a2b_d2560_ep1_rep16_bs4096_seq8192_sw2k_v4_2048_muon_10T
3078,1.8177499771118164,,,,moe_67b_a2b_d2560_ep1_rep16_bs4096_seq8192_sw2k_v4_2048_muon_10T
3093,1.8296433687210083,,,,moe_67b_a2b_d2560_ep1_rep16_bs4096_seq8192_sw2k_v4_2048_muon_10T
3094,1.7685261964797974,,,,moe_67b_a2b_d2560_ep1_rep16_bs4096_seq8192_sw2k_v4_2048_muon_10T
3105,1.8342530727386475,,,,moe_67b_a2b_d2560_ep1_rep16_bs4096_seq8192_sw2k_v4_2048_muon_10T
3124,1.8134640455245972,,,,moe_67b_a2b_d2560_ep1_rep16_bs4096_seq8192_sw2k_v4_2048_muon_10T
3158,1.7995662689208984,,,,moe_67b_a2b_d2560_ep1_rep16_bs4096_seq8192_sw2k_v4_2048_muon_10T
3182,1.794933795928955,,,,moe_67b_a2b_d2560_ep1_rep16_bs4096_seq8192_sw2k_v4_2048_muon_10T
3186,1.7857775688171387,,,,moe_67b_a2b_d2560_ep1_rep16_bs4096_seq8192_sw2k_v4_2048_muon_10T
3190,1.7867854833602905,,,,moe_67b_a2b_d2560_ep1_rep16_bs4096_seq8192_sw2k_v4_2048_muon_10T
3200,1.776410460472107,,,,moe_67b_a2b_d2560_ep1_rep16_bs4096_seq8192_sw2k_v4_2048_muon_10T
3202,1.804927110671997,,,,moe_67b_a2b_d2560_ep1_rep16_bs4096_seq8192_sw2k_v4_2048_muon_10T
3222,1.784438967704773,,,,moe_67b_a2b_d2560_ep1_rep16_bs4096_seq8192_sw2k_v4_2048_muon_10T
3242,1.7698125839233398,,,,moe_67b_a2b_d2560_ep1_rep16_bs4096_seq8192_sw2k_v4_2048_muon_10T
3256,1.7815661430358887,,,,moe_67b_a2b_d2560_ep1_rep16_bs4096_seq8192_sw2k_v4_2048_muon_10T
3273,1.7625176906585693,,,,moe_67b_a2b_d2560_ep1_rep16_bs4096_seq8192_sw2k_v4_2048_muon_10T
3291,1.7779295444488525,,,,moe_67b_a2b_d2560_ep1_rep16_bs4096_seq8192_sw2k_v4_2048_muon_10T
3295,1.7918258905410767,,,,moe_67b_a2b_d2560_ep1_rep16_bs4096_seq8192_sw2k_v4_2048_muon_10T
3300,1.7531183958053589,,,,moe_67b_a2b_d2560_ep1_rep16_bs4096_seq8192_sw2k_v4_2048_muon_10T
3319,1.7682307958602905,,,,moe_67b_a2b_d2560_ep1_rep16_bs4096_seq8192_sw2k_v4_2048_muon_10T
3322,1.782328486442566,,,,moe_67b_a2b_d2560_ep1_rep16_bs4096_seq8192_sw2k_v4_2048_muon_10T
3330,1.7817442417144775,,,,moe_67b_a2b_d2560_ep1_rep16_bs4096_seq8192_sw2k_v4_2048_muon_10T
3334,1.7595632076263428,,,,moe_67b_a2b_d2560_ep1_rep16_bs4096_seq8192_sw2k_v4_2048_muon_10T
3337,1.7876091003417969,,,,moe_67b_a2b_d2560_ep1_rep16_bs4096_seq8192_sw2k_v4_2048_muon_10T
3339,1.7618111371994019,,,,moe_67b_a2b_d2560_ep1_rep16_bs4096_seq8192_sw2k_v4_2048_muon_10T
3342,1.786159873008728,,,,moe_67b_a2b_d2560_ep1_rep16_bs4096_seq8192_sw2k_v4_2048_muon_10T
3351,1.8067166805267334,,,,moe_67b_a2b_d2560_ep1_rep16_bs4096_seq8192_sw2k_v4_2048_muon_10T
3374,1.749943494796753,,,,moe_67b_a2b_d2560_ep1_rep16_bs4096_seq8192_sw2k_v4_2048_muon_10T
3375,1.774428367614746,,,,moe_67b_a2b_d2560_ep1_rep16_bs4096_seq8192_sw2k_v4_2048_muon_10T
3393,1.7891274690628052,,,,moe_67b_a2b_d2560_ep1_rep16_bs4096_seq8192_sw2k_v4_2048_muon_10T
3400,1.7937214374542236,,,,moe_67b_a2b_d2560_ep1_rep16_bs4096_seq8192_sw2k_v4_2048_muon_10T
3409,1.7517153024673462,,,,moe_67b_a2b_d2560_ep1_rep16_bs4096_seq8192_sw2k_v4_2048_muon_10T
3426,1.7571178674697876,,,,moe_67b_a2b_d2560_ep1_rep16_bs4096_seq8192_sw2k_v4_2048_muon_10T
3427,1.7714678049087524,,,,moe_67b_a2b_d2560_ep1_rep16_bs4096_seq8192_sw2k_v4_2048_muon_10T
3441,1.7658414840698242,,,,moe_67b_a2b_d2560_ep1_rep16_bs4096_seq8192_sw2k_v4_2048_muon_10T
3443,1.7599194049835205,,,,moe_67b_a2b_d2560_ep1_rep16_bs4096_seq8192_sw2k_v4_2048_muon_10T
3449,1.7692784070968628,,,,moe_67b_a2b_d2560_ep1_rep16_bs4096_seq8192_sw2k_v4_2048_muon_10T
3507,1.7711966037750244,,,,moe_67b_a2b_d2560_ep1_rep16_bs4096_seq8192_sw2k_v4_2048_muon_10T
3513,1.7392815351486206,,,,moe_67b_a2b_d2560_ep1_rep16_bs4096_seq8192_sw2k_v4_2048_muon_10T
3560,1.7813780307769775,,,,moe_67b_a2b_d2560_ep1_rep16_bs4096_seq8192_sw2k_v4_2048_muon_10T
3563,1.7251440286636353,,,,moe_67b_a2b_d2560_ep1_rep16_bs4096_seq8192_sw2k_v4_2048_muon_10T
3564,1.7467373609542847,,,,moe_67b_a2b_d2560_ep1_rep16_bs4096_seq8192_sw2k_v4_2048_muon_10T
3575,1.7465671300888062,,,,moe_67b_a2b_d2560_ep1_rep16_bs4096_seq8192_sw2k_v4_2048_muon_10T
3577,1.744652509689331,,,,moe_67b_a2b_d2560_ep1_rep16_bs4096_seq8192_sw2k_v4_2048_muon_10T
3611,1.7437032461166382,,,,moe_67b_a2b_d2560_ep1_rep16_bs4096_seq8192_sw2k_v4_2048_muon_10T
3612,1.753662347793579,,,,moe_67b_a2b_d2560_ep1_rep16_bs4096_seq8192_sw2k_v4_2048_muon_10T
3629,1.7309919595718384,,,,moe_67b_a2b_d2560_ep1_rep16_bs4096_seq8192_sw2k_v4_2048_muon_10T
3639,1.7356069087982178,,,,moe_67b_a2b_d2560_ep1_rep16_bs4096_seq8192_sw2k_v4_2048_muon_10T
3658,1.7559800148010254,,,,moe_67b_a2b_d2560_ep1_rep16_bs4096_seq8192_sw2k_v4_2048_muon_10T
3659,1.7161482572555542,,,,moe_67b_a2b_d2560_ep1_rep16_bs4096_seq8192_sw2k_v4_2048_muon_10T
3670,1.747733473777771,,,,moe_67b_a2b_d2560_ep1_rep16_bs4096_seq8192_sw2k_v4_2048_muon_10T
3676,1.7227230072021484,,,,moe_67b_a2b_d2560_ep1_rep16_bs4096_seq8192_sw2k_v4_2048_muon_10T
3691,1.74839448928833,,,,moe_67b_a2b_d2560_ep1_rep16_bs4096_seq8192_sw2k_v4_2048_muon_10T
3700,1.7242664098739624,,,,moe_67b_a2b_d2560_ep1_rep16_bs4096_seq8192_sw2k_v4_2048_muon_10T
3704,1.7507226467132568,,,,moe_67b_a2b_d2560_ep1_rep16_bs4096_seq8192_sw2k_v4_2048_muon_10T
3707,1.7274997234344482,,,,moe_67b_a2b_d2560_ep1_rep16_bs4096_seq8192_sw2k_v4_2048_muon_10T
3710,1.7423055171966553,,,,moe_67b_a2b_d2560_ep1_rep16_bs4096_seq8192_sw2k_v4_2048_muon_10T
3734,1.7387185096740723,,,,moe_67b_a2b_d2560_ep1_rep16_bs4096_seq8192_sw2k_v4_2048_muon_10T
3748,1.7678229808807373,,,,moe_67b_a2b_d2560_ep1_rep16_bs4096_seq8192_sw2k_v4_2048_muon_10T
3762,1.715193510055542,,,,moe_67b_a2b_d2560_ep1_rep16_bs4096_seq8192_sw2k_v4_2048_muon_10T
3789,1.7276376485824585,,,,moe_67b_a2b_d2560_ep1_rep16_bs4096_seq8192_sw2k_v4_2048_muon_10T
3803,1.7098971605300903,,,,moe_67b_a2b_d2560_ep1_rep16_bs4096_seq8192_sw2k_v4_2048_muon_10T
3815,1.7388488054275513,,,,moe_67b_a2b_d2560_ep1_rep16_bs4096_seq8192_sw2k_v4_2048_muon_10T
3817,1.7166022062301636,,,,moe_67b_a2b_d2560_ep1_rep16_bs4096_seq8192_sw2k_v4_2048_muon_10T
3831,1.7302660942077637,,,,moe_67b_a2b_d2560_ep1_rep16_bs4096_seq8192_sw2k_v4_2048_muon_10T
3835,1.7290101051330566,,,,moe_67b_a2b_d2560_ep1_rep16_bs4096_seq8192_sw2k_v4_2048_muon_10T
3850,1.7295068502426147,,,,moe_67b_a2b_d2560_ep1_rep16_bs4096_seq8192_sw2k_v4_2048_muon_10T
3870,1.713783860206604,,,,moe_67b_a2b_d2560_ep1_rep16_bs4096_seq8192_sw2k_v4_2048_muon_10T
3873,1.7299922704696655,,,,moe_67b_a2b_d2560_ep1_rep16_bs4096_seq8192_sw2k_v4_2048_muon_10T
3881,1.6848198175430298,,,,moe_67b_a2b_d2560_ep1_rep16_bs4096_seq8192_sw2k_v4_2048_muon_10T
3891,1.6988245248794556,,,,moe_67b_a2b_d2560_ep1_rep16_bs4096_seq8192_sw2k_v4_2048_muon_10T
3898,1.7236615419387817,,,,moe_67b_a2b_d2560_ep1_rep16_bs4096_seq8192_sw2k_v4_2048_muon_10T
3903,1.7377442121505737,,,,moe_67b_a2b_d2560_ep1_rep16_bs4096_seq8192_sw2k_v4_2048_muon_10T
3905,1.7318016290664673,,,,moe_67b_a2b_d2560_ep1_rep16_bs4096_seq8192_sw2k_v4_2048_muon_10T
3908,1.6864898204803467,,,,moe_67b_a2b_d2560_ep1_rep16_bs4096_seq8192_sw2k_v4_2048_muon_10T
3914,1.6898558139801025,,,,moe_67b_a2b_d2560_ep1_rep16_bs4096_seq8192_sw2k_v4_2048_muon_10T
3927,1.7058422565460205,,,,moe_67b_a2b_d2560_ep1_rep16_bs4096_seq8192_sw2k_v4_2048_muon_10T
3938,1.7200489044189453,,,,moe_67b_a2b_d2560_ep1_rep16_bs4096_seq8192_sw2k_v4_2048_muon_10T
3956,1.7131869792938232,,,,moe_67b_a2b_d2560_ep1_rep16_bs4096_seq8192_sw2k_v4_2048_muon_10T
3965,1.7096964120864868,,,,moe_67b_a2b_d2560_ep1_rep16_bs4096_seq8192_sw2k_v4_2048_muon_10T
3966,1.695768117904663,,,,moe_67b_a2b_d2560_ep1_rep16_bs4096_seq8192_sw2k_v4_2048_muon_10T
3972,1.7047699689865112,,,,moe_67b_a2b_d2560_ep1_rep16_bs4096_seq8192_sw2k_v4_2048_muon_10T
3981,1.713992953300476,,,,moe_67b_a2b_d2560_ep1_rep16_bs4096_seq8192_sw2k_v4_2048_muon_10T
4002,1.716336727142334,,,,moe_67b_a2b_d2560_ep1_rep16_bs4096_seq8192_sw2k_v4_2048_muon_10T
4018,1.717974305152893,,,,moe_67b_a2b_d2560_ep1_rep16_bs4096_seq8192_sw2k_v4_2048_muon_10T
4024,1.685654640197754,,,,moe_67b_a2b_d2560_ep1_rep16_bs4096_seq8192_sw2k_v4_2048_muon_10T
4041,1.6918565034866333,,,,moe_67b_a2b_d2560_ep1_rep16_bs4096_seq8192_sw2k_v4_2048_muon_10T
4066,1.6781367063522339,,,,moe_67b_a2b_d2560_ep1_rep16_bs4096_seq8192_sw2k_v4_2048_muon_10T
4082,1.6886299848556519,,,,moe_67b_a2b_d2560_ep1_rep16_bs4096_seq8192_sw2k_v4_2048_muon_10T
4089,1.7017581462860107,,,,moe_67b_a2b_d2560_ep1_rep16_bs4096_seq8192_sw2k_v4_2048_muon_10T
4100,1.7121633291244507,,,,moe_67b_a2b_d2560_ep1_rep16_bs4096_seq8192_sw2k_v4_2048_muon_10T
4101,1.695141315460205,,,,moe_67b_a2b_d2560_ep1_rep16_bs4096_seq8192_sw2k_v4_2048_muon_10T
4103,1.6878283023834229,,,,moe_67b_a2b_d2560_ep1_rep16_bs4096_seq8192_sw2k_v4_2048_muon_10T
4123,1.682070255279541,,,,moe_67b_a2b_d2560_ep1_rep16_bs4096_seq8192_sw2k_v4_2048_muon_10T
4129,1.6671024560928345,,,,moe_67b_a2b_d2560_ep1_rep16_bs4096_seq8192_sw2k_v4_2048_muon_10T
4148,1.6975265741348267,,,,moe_67b_a2b_d2560_ep1_rep16_bs4096_seq8192_sw2k_v4_2048_muon_10T
4165,1.6754437685012817,,,,moe_67b_a2b_d2560_ep1_rep16_bs4096_seq8192_sw2k_v4_2048_muon_10T
4167,1.7076966762542725,,,,moe_67b_a2b_d2560_ep1_rep16_bs4096_seq8192_sw2k_v4_2048_muon_10T
4169,1.703798532485962,,,,moe_67b_a2b_d2560_ep1_rep16_bs4096_seq8192_sw2k_v4_2048_muon_10T
4170,1.7033369541168213,,,,moe_67b_a2b_d2560_ep1_rep16_bs4096_seq8192_sw2k_v4_2048_muon_10T
4172,1.6853657960891724,,,,moe_67b_a2b_d2560_ep1_rep16_bs4096_seq8192_sw2k_v4_2048_muon_10T
4177,1.7025967836380005,,,,moe_67b_a2b_d2560_ep1_rep16_bs4096_seq8192_sw2k_v4_2048_muon_10T
4183,1.6863822937011719,,,,moe_67b_a2b_d2560_ep1_rep16_bs4096_seq8192_sw2k_v4_2048_muon_10T
4223,1.699331283569336,,,,moe_67b_a2b_d2560_ep1_rep16_bs4096_seq8192_sw2k_v4_2048_muon_10T
4231,1.7049616575241089,,,,moe_67b_a2b_d2560_ep1_rep16_bs4096_seq8192_sw2k_v4_2048_muon_10T
4238,1.6785900592803955,,,,moe_67b_a2b_d2560_ep1_rep16_bs4096_seq8192_sw2k_v4_2048_muon_10T
4244,1.6915152072906494,,,,moe_67b_a2b_d2560_ep1_rep16_bs4096_seq8192_sw2k_v4_2048_muon_10T
4249,1.6776385307312012,,,,moe_67b_a2b_d2560_ep1_rep16_bs4096_seq8192_sw2k_v4_2048_muon_10T
4254,1.6896624565124512,,,,moe_67b_a2b_d2560_ep1_rep16_bs4096_seq8192_sw2k_v4_2048_muon_10T
4312,1.6986497640609741,,,,moe_67b_a2b_d2560_ep1_rep16_bs4096_seq8192_sw2k_v4_2048_muon_10T
4335,1.6772607564926147,,,,moe_67b_a2b_d2560_ep1_rep16_bs4096_seq8192_sw2k_v4_2048_muon_10T
4337,1.6625264883041382,,,,moe_67b_a2b_d2560_ep1_rep16_bs4096_seq8192_sw2k_v4_2048_muon_10T
4345,1.6951584815979004,,,,moe_67b_a2b_d2560_ep1_rep16_bs4096_seq8192_sw2k_v4_2048_muon_10T
4357,1.6859920024871826,,,,moe_67b_a2b_d2560_ep1_rep16_bs4096_seq8192_sw2k_v4_2048_muon_10T
4366,1.6777459383010864,,,,moe_67b_a2b_d2560_ep1_rep16_bs4096_seq8192_sw2k_v4_2048_muon_10T
4378,1.7009645700454712,,,,moe_67b_a2b_d2560_ep1_rep16_bs4096_seq8192_sw2k_v4_2048_muon_10T
4392,1.7067553997039795,,,,moe_67b_a2b_d2560_ep1_rep16_bs4096_seq8192_sw2k_v4_2048_muon_10T
4396,1.6568094491958618,,,,moe_67b_a2b_d2560_ep1_rep16_bs4096_seq8192_sw2k_v4_2048_muon_10T
4398,1.6913107633590698,,,,moe_67b_a2b_d2560_ep1_rep16_bs4096_seq8192_sw2k_v4_2048_muon_10T
4405,1.6953803300857544,,,,moe_67b_a2b_d2560_ep1_rep16_bs4096_seq8192_sw2k_v4_2048_muon_10T
4444,1.6707836389541626,,,,moe_67b_a2b_d2560_ep1_rep16_bs4096_seq8192_sw2k_v4_2048_muon_10T
4474,1.6796643733978271,,,,moe_67b_a2b_d2560_ep1_rep16_bs4096_seq8192_sw2k_v4_2048_muon_10T
4491,1.695448637008667,,,,moe_67b_a2b_d2560_ep1_rep16_bs4096_seq8192_sw2k_v4_2048_muon_10T
4502,1.654852032661438,,,,moe_67b_a2b_d2560_ep1_rep16_bs4096_seq8192_sw2k_v4_2048_muon_10T
4511,1.674241304397583,,,,moe_67b_a2b_d2560_ep1_rep16_bs4096_seq8192_sw2k_v4_2048_muon_10T
4515,1.650749921798706,,,,moe_67b_a2b_d2560_ep1_rep16_bs4096_seq8192_sw2k_v4_2048_muon_10T
4521,1.6652778387069702,,,,moe_67b_a2b_d2560_ep1_rep16_bs4096_seq8192_sw2k_v4_2048_muon_10T
4532,1.6679589748382568,,,,moe_67b_a2b_d2560_ep1_rep16_bs4096_seq8192_sw2k_v4_2048_muon_10T
4539,1.6445759534835815,,,,moe_67b_a2b_d2560_ep1_rep16_bs4096_seq8192_sw2k_v4_2048_muon_10T
4546,1.6484181880950928,,,,moe_67b_a2b_d2560_ep1_rep16_bs4096_seq8192_sw2k_v4_2048_muon_10T
4549,1.670988917350769,,,,moe_67b_a2b_d2560_ep1_rep16_bs4096_seq8192_sw2k_v4_2048_muon_10T
4551,1.6780970096588135,,,,moe_67b_a2b_d2560_ep1_rep16_bs4096_seq8192_sw2k_v4_2048_muon_10T
4567,1.649750828742981,,,,moe_67b_a2b_d2560_ep1_rep16_bs4096_seq8192_sw2k_v4_2048_muon_10T
4569,1.6626946926116943,,,,moe_67b_a2b_d2560_ep1_rep16_bs4096_seq8192_sw2k_v4_2048_muon_10T
4578,1.6452585458755493,,,,moe_67b_a2b_d2560_ep1_rep16_bs4096_seq8192_sw2k_v4_2048_muon_10T
4592,1.6601545810699463,,,,moe_67b_a2b_d2560_ep1_rep16_bs4096_seq8192_sw2k_v4_2048_muon_10T
4598,1.6434917449951172,,,,moe_67b_a2b_d2560_ep1_rep16_bs4096_seq8192_sw2k_v4_2048_muon_10T
4603,1.6644951105117798,,,,moe_67b_a2b_d2560_ep1_rep16_bs4096_seq8192_sw2k_v4_2048_muon_10T
4605,1.6560232639312744,,,,moe_67b_a2b_d2560_ep1_rep16_bs4096_seq8192_sw2k_v4_2048_muon_10T
4609,1.669126033782959,,,,moe_67b_a2b_d2560_ep1_rep16_bs4096_seq8192_sw2k_v4_2048_muon_10T
4610,1.6546008586883545,,,,moe_67b_a2b_d2560_ep1_rep16_bs4096_seq8192_sw2k_v4_2048_muon_10T
4617,1.6620981693267822,,,,moe_67b_a2b_d2560_ep1_rep16_bs4096_seq8192_sw2k_v4_2048_muon_10T
4625,1.6593753099441528,,,,moe_67b_a2b_d2560_ep1_rep16_bs4096_seq8192_sw2k_v4_2048_muon_10T
4638,1.655314564704895,,,,moe_67b_a2b_d2560_ep1_rep16_bs4096_seq8192_sw2k_v4_2048_muon_10T
4650,1.6526601314544678,,,,moe_67b_a2b_d2560_ep1_rep16_bs4096_seq8192_sw2k_v4_2048_muon_10T
4672,1.6425899267196655,,,,moe_67b_a2b_d2560_ep1_rep16_bs4096_seq8192_sw2k_v4_2048_muon_10T
4674,1.6655585765838623,,,,moe_67b_a2b_d2560_ep1_rep16_bs4096_seq8192_sw2k_v4_2048_muon_10T
4677,1.6561791896820068,,,,moe_67b_a2b_d2560_ep1_rep16_bs4096_seq8192_sw2k_v4_2048_muon_10T
4710,1.6607859134674072,,,,moe_67b_a2b_d2560_ep1_rep16_bs4096_seq8192_sw2k_v4_2048_muon_10T
4724,1.6542503833770752,,,,moe_67b_a2b_d2560_ep1_rep16_bs4096_seq8192_sw2k_v4_2048_muon_10T
4734,1.656554937362671,,,,moe_67b_a2b_d2560_ep1_rep16_bs4096_seq8192_sw2k_v4_2048_muon_10T
4743,1.677432894706726,,,,moe_67b_a2b_d2560_ep1_rep16_bs4096_seq8192_sw2k_v4_2048_muon_10T
4761,1.6951446533203125,,,,moe_67b_a2b_d2560_ep1_rep16_bs4096_seq8192_sw2k_v4_2048_muon_10T
4766,1.675458312034607,,,,moe_67b_a2b_d2560_ep1_rep16_bs4096_seq8192_sw2k_v4_2048_muon_10T
4778,1.646850347518921,,,,moe_67b_a2b_d2560_ep1_rep16_bs4096_seq8192_sw2k_v4_2048_muon_10T
4808,1.6548185348510742,,,,moe_67b_a2b_d2560_ep1_rep16_bs4096_seq8192_sw2k_v4_2048_muon_10T
4813,1.654282569885254,,,,moe_67b_a2b_d2560_ep1_rep16_bs4096_seq8192_sw2k_v4_2048_muon_10T
4823,1.6737020015716553,,,,moe_67b_a2b_d2560_ep1_rep16_bs4096_seq8192_sw2k_v4_2048_muon_10T
4827,1.677639126777649,,,,moe_67b_a2b_d2560_ep1_rep16_bs4096_seq8192_sw2k_v4_2048_muon_10T
4845,1.665485143661499,,,,moe_67b_a2b_d2560_ep1_rep16_bs4096_seq8192_sw2k_v4_2048_muon_10T
4853,1.6656492948532104,,,,moe_67b_a2b_d2560_ep1_rep16_bs4096_seq8192_sw2k_v4_2048_muon_10T
4855,1.6443932056427002,,,,moe_67b_a2b_d2560_ep1_rep16_bs4096_seq8192_sw2k_v4_2048_muon_10T
4867,1.6397367715835571,,,,moe_67b_a2b_d2560_ep1_rep16_bs4096_seq8192_sw2k_v4_2048_muon_10T
4868,1.6586813926696777,,,,moe_67b_a2b_d2560_ep1_rep16_bs4096_seq8192_sw2k_v4_2048_muon_10T
4873,1.6366097927093506,,,,moe_67b_a2b_d2560_ep1_rep16_bs4096_seq8192_sw2k_v4_2048_muon_10T
4877,1.64322030544281,,,,moe_67b_a2b_d2560_ep1_rep16_bs4096_seq8192_sw2k_v4_2048_muon_10T
4884,1.6476563215255737,,,,moe_67b_a2b_d2560_ep1_rep16_bs4096_seq8192_sw2k_v4_2048_muon_10T
4887,1.6576350927352905,,,,moe_67b_a2b_d2560_ep1_rep16_bs4096_seq8192_sw2k_v4_2048_muon_10T
4911,1.6600749492645264,,,,moe_67b_a2b_d2560_ep1_rep16_bs4096_seq8192_sw2k_v4_2048_muon_10T
4928,1.6345844268798828,,,,moe_67b_a2b_d2560_ep1_rep16_bs4096_seq8192_sw2k_v4_2048_muon_10T
4947,1.6360751390457153,,,,moe_67b_a2b_d2560_ep1_rep16_bs4096_seq8192_sw2k_v4_2048_muon_10T
4948,1.6239252090454102,,,,moe_67b_a2b_d2560_ep1_rep16_bs4096_seq8192_sw2k_v4_2048_muon_10T
4956,1.6368019580841064,,,,moe_67b_a2b_d2560_ep1_rep16_bs4096_seq8192_sw2k_v4_2048_muon_10T
4976,1.6202356815338135,,,,moe_67b_a2b_d2560_ep1_rep16_bs4096_seq8192_sw2k_v4_2048_muon_10T
4997,1.6494745016098022,,,,moe_67b_a2b_d2560_ep1_rep16_bs4096_seq8192_sw2k_v4_2048_muon_10T
4998,1.6452102661132812,,,,moe_67b_a2b_d2560_ep1_rep16_bs4096_seq8192_sw2k_v4_2048_muon_10T
5038,1.668048620223999,,,,moe_67b_a2b_d2560_ep1_rep16_bs4096_seq8192_sw2k_v4_2048_muon_10T
5044,1.6286251544952393,,,,moe_67b_a2b_d2560_ep1_rep16_bs4096_seq8192_sw2k_v4_2048_muon_10T
5049,1.6540175676345825,,,,moe_67b_a2b_d2560_ep1_rep16_bs4096_seq8192_sw2k_v4_2048_muon_10T
5099,1.6538538932800293,,,,moe_67b_a2b_d2560_ep1_rep16_bs4096_seq8192_sw2k_v4_2048_muon_10T
5123,1.6296639442443848,,,,moe_67b_a2b_d2560_ep1_rep16_bs4096_seq8192_sw2k_v4_2048_muon_10T
5135,1.6194324493408203,,,,moe_67b_a2b_d2560_ep1_rep16_bs4096_seq8192_sw2k_v4_2048_muon_10T
5141,1.6410741806030273,,,,moe_67b_a2b_d2560_ep1_rep16_bs4096_seq8192_sw2k_v4_2048_muon_10T
5149,1.6092126369476318,,,,moe_67b_a2b_d2560_ep1_rep16_bs4096_seq8192_sw2k_v4_2048_muon_10T
5155,1.6580407619476318,,,,moe_67b_a2b_d2560_ep1_rep16_bs4096_seq8192_sw2k_v4_2048_muon_10T
5156,1.637007474899292,,,,moe_67b_a2b_d2560_ep1_rep16_bs4096_seq8192_sw2k_v4_2048_muon_10T
5170,1.6182454824447632,,,,moe_67b_a2b_d2560_ep1_rep16_bs4096_seq8192_sw2k_v4_2048_muon_10T
5175,1.6240886449813843,,,,moe_67b_a2b_d2560_ep1_rep16_bs4096_seq8192_sw2k_v4_2048_muon_10T
5194,1.618773341178894,,,,moe_67b_a2b_d2560_ep1_rep16_bs4096_seq8192_sw2k_v4_2048_muon_10T
5208,1.6131820678710938,,,,moe_67b_a2b_d2560_ep1_rep16_bs4096_seq8192_sw2k_v4_2048_muon_10T
5221,1.6228103637695312,,,,moe_67b_a2b_d2560_ep1_rep16_bs4096_seq8192_sw2k_v4_2048_muon_10T
5231,1.6076748371124268,,,,moe_67b_a2b_d2560_ep1_rep16_bs4096_seq8192_sw2k_v4_2048_muon_10T
5247,1.634466290473938,,,,moe_67b_a2b_d2560_ep1_rep16_bs4096_seq8192_sw2k_v4_2048_muon_10T
5251,1.6290011405944824,,,,moe_67b_a2b_d2560_ep1_rep16_bs4096_seq8192_sw2k_v4_2048_muon_10T
5267,1.6406023502349854,,,,moe_67b_a2b_d2560_ep1_rep16_bs4096_seq8192_sw2k_v4_2048_muon_10T
5272,1.6373062133789062,,,,moe_67b_a2b_d2560_ep1_rep16_bs4096_seq8192_sw2k_v4_2048_muon_10T
5280,1.6137962341308594,,,,moe_67b_a2b_d2560_ep1_rep16_bs4096_seq8192_sw2k_v4_2048_muon_10T
5284,1.621108055114746,,,,moe_67b_a2b_d2560_ep1_rep16_bs4096_seq8192_sw2k_v4_2048_muon_10T
5309,1.6403061151504517,,,,moe_67b_a2b_d2560_ep1_rep16_bs4096_seq8192_sw2k_v4_2048_muon_10T
5325,1.6087802648544312,,,,moe_67b_a2b_d2560_ep1_rep16_bs4096_seq8192_sw2k_v4_2048_muon_10T
5335,1.6242667436599731,,,,moe_67b_a2b_d2560_ep1_rep16_bs4096_seq8192_sw2k_v4_2048_muon_10T
5336,1.6150376796722412,,,,moe_67b_a2b_d2560_ep1_rep16_bs4096_seq8192_sw2k_v4_2048_muon_10T
5337,1.623466968536377,,,,moe_67b_a2b_d2560_ep1_rep16_bs4096_seq8192_sw2k_v4_2048_muon_10T
5358,1.6254825592041016,,,,moe_67b_a2b_d2560_ep1_rep16_bs4096_seq8192_sw2k_v4_2048_muon_10T
5361,1.6343969106674194,,,,moe_67b_a2b_d2560_ep1_rep16_bs4096_seq8192_sw2k_v4_2048_muon_10T
5389,1.6291946172714233,,,,moe_67b_a2b_d2560_ep1_rep16_bs4096_seq8192_sw2k_v4_2048_muon_10T
5404,1.6094603538513184,,,,moe_67b_a2b_d2560_ep1_rep16_bs4096_seq8192_sw2k_v4_2048_muon_10T
5408,1.609954833984375,,,,moe_67b_a2b_d2560_ep1_rep16_bs4096_seq8192_sw2k_v4_2048_muon_10T
5410,1.6359888315200806,,,,moe_67b_a2b_d2560_ep1_rep16_bs4096_seq8192_sw2k_v4_2048_muon_10T
5430,1.6279361248016357,,,,moe_67b_a2b_d2560_ep1_rep16_bs4096_seq8192_sw2k_v4_2048_muon_10T
5452,1.6340223550796509,,,,moe_67b_a2b_d2560_ep1_rep16_bs4096_seq8192_sw2k_v4_2048_muon_10T
5462,1.6278024911880493,,,,moe_67b_a2b_d2560_ep1_rep16_bs4096_seq8192_sw2k_v4_2048_muon_10T
5467,1.6248447895050049,,,,moe_67b_a2b_d2560_ep1_rep16_bs4096_seq8192_sw2k_v4_2048_muon_10T
5476,1.6298139095306396,,,,moe_67b_a2b_d2560_ep1_rep16_bs4096_seq8192_sw2k_v4_2048_muon_10T
5490,1.633259892463684,,,,moe_67b_a2b_d2560_ep1_rep16_bs4096_seq8192_sw2k_v4_2048_muon_10T
5532,1.6189501285552979,,,,moe_67b_a2b_d2560_ep1_rep16_bs4096_seq8192_sw2k_v4_2048_muon_10T
5543,1.6189372539520264,,,,moe_67b_a2b_d2560_ep1_rep16_bs4096_seq8192_sw2k_v4_2048_muon_10T
5548,1.6379671096801758,,,,moe_67b_a2b_d2560_ep1_rep16_bs4096_seq8192_sw2k_v4_2048_muon_10T
5556,1.627074956893921,,,,moe_67b_a2b_d2560_ep1_rep16_bs4096_seq8192_sw2k_v4_2048_muon_10T
5557,1.6245924234390259,,,,moe_67b_a2b_d2560_ep1_rep16_bs4096_seq8192_sw2k_v4_2048_muon_10T
5561,1.622957706451416,,,,moe_67b_a2b_d2560_ep1_rep16_bs4096_seq8192_sw2k_v4_2048_muon_10T
5590,1.6230840682983398,,,,moe_67b_a2b_d2560_ep1_rep16_bs4096_seq8192_sw2k_v4_2048_muon_10T
5607,1.6097023487091064,,,,moe_67b_a2b_d2560_ep1_rep16_bs4096_seq8192_sw2k_v4_2048_muon_10T
5610,1.6559261083602905,,,,moe_67b_a2b_d2560_ep1_rep16_bs4096_seq8192_sw2k_v4_2048_muon_10T
5612,1.600803256034851,,,,moe_67b_a2b_d2560_ep1_rep16_bs4096_seq8192_sw2k_v4_2048_muon_10T
5618,1.6214485168457031,,,,moe_67b_a2b_d2560_ep1_rep16_bs4096_seq8192_sw2k_v4_2048_muon_10T
5646,1.625844120979309,,,,moe_67b_a2b_d2560_ep1_rep16_bs4096_seq8192_sw2k_v4_2048_muon_10T
5656,1.6247131824493408,,,,moe_67b_a2b_d2560_ep1_rep16_bs4096_seq8192_sw2k_v4_2048_muon_10T
5661,1.6314185857772827,,,,moe_67b_a2b_d2560_ep1_rep16_bs4096_seq8192_sw2k_v4_2048_muon_10T
5687,1.6295661926269531,,,,moe_67b_a2b_d2560_ep1_rep16_bs4096_seq8192_sw2k_v4_2048_muon_10T
5689,1.6084237098693848,,,,moe_67b_a2b_d2560_ep1_rep16_bs4096_seq8192_sw2k_v4_2048_muon_10T
5706,1.6197285652160645,,,,moe_67b_a2b_d2560_ep1_rep16_bs4096_seq8192_sw2k_v4_2048_muon_10T
5711,1.6276776790618896,,,,moe_67b_a2b_d2560_ep1_rep16_bs4096_seq8192_sw2k_v4_2048_muon_10T
5712,1.6104421615600586,,,,moe_67b_a2b_d2560_ep1_rep16_bs4096_seq8192_sw2k_v4_2048_muon_10T
5721,1.623949646949768,,,,moe_67b_a2b_d2560_ep1_rep16_bs4096_seq8192_sw2k_v4_2048_muon_10T
5733,1.6170008182525635,,,,moe_67b_a2b_d2560_ep1_rep16_bs4096_seq8192_sw2k_v4_2048_muon_10T
5745,1.6267825365066528,,,,moe_67b_a2b_d2560_ep1_rep16_bs4096_seq8192_sw2k_v4_2048_muon_10T
5746,1.6296967267990112,,,,moe_67b_a2b_d2560_ep1_rep16_bs4096_seq8192_sw2k_v4_2048_muon_10T
5757,1.6030930280685425,,,,moe_67b_a2b_d2560_ep1_rep16_bs4096_seq8192_sw2k_v4_2048_muon_10T
5760,1.6190871000289917,,,,moe_67b_a2b_d2560_ep1_rep16_bs4096_seq8192_sw2k_v4_2048_muon_10T
5767,1.6058952808380127,,,,moe_67b_a2b_d2560_ep1_rep16_bs4096_seq8192_sw2k_v4_2048_muon_10T
5791,1.6285496950149536,,,,moe_67b_a2b_d2560_ep1_rep16_bs4096_seq8192_sw2k_v4_2048_muon_10T
5807,1.6128828525543213,,,,moe_67b_a2b_d2560_ep1_rep16_bs4096_seq8192_sw2k_v4_2048_muon_10T
5815,1.6154394149780273,,,,moe_67b_a2b_d2560_ep1_rep16_bs4096_seq8192_sw2k_v4_2048_muon_10T
5824,1.6192941665649414,,,,moe_67b_a2b_d2560_ep1_rep16_bs4096_seq8192_sw2k_v4_2048_muon_10T
5826,1.6013545989990234,,,,moe_67b_a2b_d2560_ep1_rep16_bs4096_seq8192_sw2k_v4_2048_muon_10T
5829,1.633662223815918,,,,moe_67b_a2b_d2560_ep1_rep16_bs4096_seq8192_sw2k_v4_2048_muon_10T
5830,1.6324084997177124,,,,moe_67b_a2b_d2560_ep1_rep16_bs4096_seq8192_sw2k_v4_2048_muon_10T
5844,1.6217057704925537,,,,moe_67b_a2b_d2560_ep1_rep16_bs4096_seq8192_sw2k_v4_2048_muon_10T
5867,1.6251845359802246,,,,moe_67b_a2b_d2560_ep1_rep16_bs4096_seq8192_sw2k_v4_2048_muon_10T
5868,1.6041924953460693,,,,moe_67b_a2b_d2560_ep1_rep16_bs4096_seq8192_sw2k_v4_2048_muon_10T
5879,1.6092404127120972,,,,moe_67b_a2b_d2560_ep1_rep16_bs4096_seq8192_sw2k_v4_2048_muon_10T
5880,1.6136300563812256,,,,moe_67b_a2b_d2560_ep1_rep16_bs4096_seq8192_sw2k_v4_2048_muon_10T
5927,1.5998287200927734,,,,moe_67b_a2b_d2560_ep1_rep16_bs4096_seq8192_sw2k_v4_2048_muon_10T
5936,1.6191855669021606,,,,moe_67b_a2b_d2560_ep1_rep16_bs4096_seq8192_sw2k_v4_2048_muon_10T
5938,1.6408354043960571,,,,moe_67b_a2b_d2560_ep1_rep16_bs4096_seq8192_sw2k_v4_2048_muon_10T
5944,1.588467001914978,,,,moe_67b_a2b_d2560_ep1_rep16_bs4096_seq8192_sw2k_v4_2048_muon_10T
5945,1.626744270324707,,,,moe_67b_a2b_d2560_ep1_rep16_bs4096_seq8192_sw2k_v4_2048_muon_10T
5955,1.6113770008087158,,,,moe_67b_a2b_d2560_ep1_rep16_bs4096_seq8192_sw2k_v4_2048_muon_10T
5961,1.6156227588653564,,,,moe_67b_a2b_d2560_ep1_rep16_bs4096_seq8192_sw2k_v4_2048_muon_10T
5964,1.6062129735946655,,,,moe_67b_a2b_d2560_ep1_rep16_bs4096_seq8192_sw2k_v4_2048_muon_10T
5980,1.5845451354980469,,,,moe_67b_a2b_d2560_ep1_rep16_bs4096_seq8192_sw2k_v4_2048_muon_10T
5986,1.5874532461166382,,,,moe_67b_a2b_d2560_ep1_rep16_bs4096_seq8192_sw2k_v4_2048_muon_10T
6000,,2.690159559249878,2.2960596084594727,2.4500935077667236,moe_67b_a2b_d2560_ep1_rep16_bs4096_seq8192_sw2k_v4_2048_muon_10T
6007,1.6152211427688599,,,,moe_67b_a2b_d2560_ep1_rep16_bs4096_seq8192_sw2k_v4_2048_muon_10T
6013,1.6034390926361084,,,,moe_67b_a2b_d2560_ep1_rep16_bs4096_seq8192_sw2k_v4_2048_muon_10T
6032,1.6344538927078247,,,,moe_67b_a2b_d2560_ep1_rep16_bs4096_seq8192_sw2k_v4_2048_muon_10T
6034,1.622169852256775,,,,moe_67b_a2b_d2560_ep1_rep16_bs4096_seq8192_sw2k_v4_2048_muon_10T
6053,1.5903475284576416,,,,moe_67b_a2b_d2560_ep1_rep16_bs4096_seq8192_sw2k_v4_2048_muon_10T
6068,1.622601866722107,,,,moe_67b_a2b_d2560_ep1_rep16_bs4096_seq8192_sw2k_v4_2048_muon_10T
6075,1.6070674657821655,,,,moe_67b_a2b_d2560_ep1_rep16_bs4096_seq8192_sw2k_v4_2048_muon_10T
6080,1.608591079711914,,,,moe_67b_a2b_d2560_ep1_rep16_bs4096_seq8192_sw2k_v4_2048_muon_10T
6087,1.6048212051391602,,,,moe_67b_a2b_d2560_ep1_rep16_bs4096_seq8192_sw2k_v4_2048_muon_10T
6093,1.632197380065918,,,,moe_67b_a2b_d2560_ep1_rep16_bs4096_seq8192_sw2k_v4_2048_muon_10T
6099,1.6046743392944336,,,,moe_67b_a2b_d2560_ep1_rep16_bs4096_seq8192_sw2k_v4_2048_muon_10T
6102,1.6321210861206055,,,,moe_67b_a2b_d2560_ep1_rep16_bs4096_seq8192_sw2k_v4_2048_muon_10T
6110,1.5897140502929688,,,,moe_67b_a2b_d2560_ep1_rep16_bs4096_seq8192_sw2k_v4_2048_muon_10T
6117,1.6104158163070679,,,,moe_67b_a2b_d2560_ep1_rep16_bs4096_seq8192_sw2k_v4_2048_muon_10T
6131,1.6278975009918213,,,,moe_67b_a2b_d2560_ep1_rep16_bs4096_seq8192_sw2k_v4_2048_muon_10T
6132,1.6216707229614258,,,,moe_67b_a2b_d2560_ep1_rep16_bs4096_seq8192_sw2k_v4_2048_muon_10T
6142,1.6326135396957397,,,,moe_67b_a2b_d2560_ep1_rep16_bs4096_seq8192_sw2k_v4_2048_muon_10T
6157,1.6372792720794678,,,,moe_67b_a2b_d2560_ep1_rep16_bs4096_seq8192_sw2k_v4_2048_muon_10T
6170,1.5973138809204102,,,,moe_67b_a2b_d2560_ep1_rep16_bs4096_seq8192_sw2k_v4_2048_muon_10T
6172,1.608512282371521,,,,moe_67b_a2b_d2560_ep1_rep16_bs4096_seq8192_sw2k_v4_2048_muon_10T
6176,1.602378487586975,,,,moe_67b_a2b_d2560_ep1_rep16_bs4096_seq8192_sw2k_v4_2048_muon_10T
6186,1.5963724851608276,,,,moe_67b_a2b_d2560_ep1_rep16_bs4096_seq8192_sw2k_v4_2048_muon_10T
6194,1.6024116277694702,,,,moe_67b_a2b_d2560_ep1_rep16_bs4096_seq8192_sw2k_v4_2048_muon_10T
6195,1.6255847215652466,,,,moe_67b_a2b_d2560_ep1_rep16_bs4096_seq8192_sw2k_v4_2048_muon_10T
6203,1.5976982116699219,,,,moe_67b_a2b_d2560_ep1_rep16_bs4096_seq8192_sw2k_v4_2048_muon_10T
6206,1.6015632152557373,,,,moe_67b_a2b_d2560_ep1_rep16_bs4096_seq8192_sw2k_v4_2048_muon_10T
6209,1.6072850227355957,,,,moe_67b_a2b_d2560_ep1_rep16_bs4096_seq8192_sw2k_v4_2048_muon_10T
6214,1.6091020107269287,,,,moe_67b_a2b_d2560_ep1_rep16_bs4096_seq8192_sw2k_v4_2048_muon_10T
6222,1.5969491004943848,,,,moe_67b_a2b_d2560_ep1_rep16_bs4096_seq8192_sw2k_v4_2048_muon_10T
6259,1.5903661251068115,,,,moe_67b_a2b_d2560_ep1_rep16_bs4096_seq8192_sw2k_v4_2048_muon_10T
6262,1.61979341506958,,,,moe_67b_a2b_d2560_ep1_rep16_bs4096_seq8192_sw2k_v4_2048_muon_10T
6278,1.600112795829773,,,,moe_67b_a2b_d2560_ep1_rep16_bs4096_seq8192_sw2k_v4_2048_muon_10T
6284,1.6117185354232788,,,,moe_67b_a2b_d2560_ep1_rep16_bs4096_seq8192_sw2k_v4_2048_muon_10T
6295,1.6197264194488525,,,,moe_67b_a2b_d2560_ep1_rep16_bs4096_seq8192_sw2k_v4_2048_muon_10T
6297,1.630138635635376,,,,moe_67b_a2b_d2560_ep1_rep16_bs4096_seq8192_sw2k_v4_2048_muon_10T
6357,1.5885372161865234,,,,moe_67b_a2b_d2560_ep1_rep16_bs4096_seq8192_sw2k_v4_2048_muon_10T
6369,1.6078357696533203,,,,moe_67b_a2b_d2560_ep1_rep16_bs4096_seq8192_sw2k_v4_2048_muon_10T
6383,1.6180349588394165,,,,moe_67b_a2b_d2560_ep1_rep16_bs4096_seq8192_sw2k_v4_2048_muon_10T
6397,1.6225908994674683,,,,moe_67b_a2b_d2560_ep1_rep16_bs4096_seq8192_sw2k_v4_2048_muon_10T
6406,1.6056227684020996,,,,moe_67b_a2b_d2560_ep1_rep16_bs4096_seq8192_sw2k_v4_2048_muon_10T
6438,1.5854194164276123,,,,moe_67b_a2b_d2560_ep1_rep16_bs4096_seq8192_sw2k_v4_2048_muon_10T
6451,1.6183885335922241,,,,moe_67b_a2b_d2560_ep1_rep16_bs4096_seq8192_sw2k_v4_2048_muon_10T
6453,1.5936505794525146,,,,moe_67b_a2b_d2560_ep1_rep16_bs4096_seq8192_sw2k_v4_2048_muon_10T
6459,1.6106665134429932,,,,moe_67b_a2b_d2560_ep1_rep16_bs4096_seq8192_sw2k_v4_2048_muon_10T
6469,1.5880324840545654,,,,moe_67b_a2b_d2560_ep1_rep16_bs4096_seq8192_sw2k_v4_2048_muon_10T
6485,1.609156847000122,,,,moe_67b_a2b_d2560_ep1_rep16_bs4096_seq8192_sw2k_v4_2048_muon_10T
6513,1.5990639925003052,,,,moe_67b_a2b_d2560_ep1_rep16_bs4096_seq8192_sw2k_v4_2048_muon_10T
6515,1.628882646560669,,,,moe_67b_a2b_d2560_ep1_rep16_bs4096_seq8192_sw2k_v4_2048_muon_10T
6517,1.602165937423706,,,,moe_67b_a2b_d2560_ep1_rep16_bs4096_seq8192_sw2k_v4_2048_muon_10T
6526,1.608636736869812,,,,moe_67b_a2b_d2560_ep1_rep16_bs4096_seq8192_sw2k_v4_2048_muon_10T
6536,1.6031029224395752,,,,moe_67b_a2b_d2560_ep1_rep16_bs4096_seq8192_sw2k_v4_2048_muon_10T
6538,1.607478141784668,,,,moe_67b_a2b_d2560_ep1_rep16_bs4096_seq8192_sw2k_v4_2048_muon_10T
6555,1.6061915159225464,,,,moe_67b_a2b_d2560_ep1_rep16_bs4096_seq8192_sw2k_v4_2048_muon_10T
6584,1.6023281812667847,,,,moe_67b_a2b_d2560_ep1_rep16_bs4096_seq8192_sw2k_v4_2048_muon_10T
6593,1.5898503065109253,,,,moe_67b_a2b_d2560_ep1_rep16_bs4096_seq8192_sw2k_v4_2048_muon_10T
6619,1.5692347288131714,,,,moe_67b_a2b_d2560_ep1_rep16_bs4096_seq8192_sw2k_v4_2048_muon_10T
6631,1.5858482122421265,,,,moe_67b_a2b_d2560_ep1_rep16_bs4096_seq8192_sw2k_v4_2048_muon_10T
6639,1.5770858526229858,,,,moe_67b_a2b_d2560_ep1_rep16_bs4096_seq8192_sw2k_v4_2048_muon_10T
6645,1.604735255241394,,,,moe_67b_a2b_d2560_ep1_rep16_bs4096_seq8192_sw2k_v4_2048_muon_10T
6662,1.5847417116165161,,,,moe_67b_a2b_d2560_ep1_rep16_bs4096_seq8192_sw2k_v4_2048_muon_10T
6663,1.5907235145568848,,,,moe_67b_a2b_d2560_ep1_rep16_bs4096_seq8192_sw2k_v4_2048_muon_10T
6669,1.550221562385559,,,,moe_67b_a2b_d2560_ep1_rep16_bs4096_seq8192_sw2k_v4_2048_muon_10T
6672,1.6010655164718628,,,,moe_67b_a2b_d2560_ep1_rep16_bs4096_seq8192_sw2k_v4_2048_muon_10T
6680,1.5675700902938843,,,,moe_67b_a2b_d2560_ep1_rep16_bs4096_seq8192_sw2k_v4_2048_muon_10T
6685,1.5887538194656372,,,,moe_67b_a2b_d2560_ep1_rep16_bs4096_seq8192_sw2k_v4_2048_muon_10T
6713,1.6177411079406738,,,,moe_67b_a2b_d2560_ep1_rep16_bs4096_seq8192_sw2k_v4_2048_muon_10T
6718,1.5791041851043701,,,,moe_67b_a2b_d2560_ep1_rep16_bs4096_seq8192_sw2k_v4_2048_muon_10T
6743,1.613446593284607,,,,moe_67b_a2b_d2560_ep1_rep16_bs4096_seq8192_sw2k_v4_2048_muon_10T
6744,1.5756981372833252,,,,moe_67b_a2b_d2560_ep1_rep16_bs4096_seq8192_sw2k_v4_2048_muon_10T
6745,1.5994324684143066,,,,moe_67b_a2b_d2560_ep1_rep16_bs4096_seq8192_sw2k_v4_2048_muon_10T
6746,1.572346568107605,,,,moe_67b_a2b_d2560_ep1_rep16_bs4096_seq8192_sw2k_v4_2048_muon_10T
6749,1.595526933670044,,,,moe_67b_a2b_d2560_ep1_rep16_bs4096_seq8192_sw2k_v4_2048_muon_10T
6774,1.5932458639144897,,,,moe_67b_a2b_d2560_ep1_rep16_bs4096_seq8192_sw2k_v4_2048_muon_10T
6787,1.584031343460083,,,,moe_67b_a2b_d2560_ep1_rep16_bs4096_seq8192_sw2k_v4_2048_muon_10T
6808,1.5958755016326904,,,,moe_67b_a2b_d2560_ep1_rep16_bs4096_seq8192_sw2k_v4_2048_muon_10T
6813,1.581058144569397,,,,moe_67b_a2b_d2560_ep1_rep16_bs4096_seq8192_sw2k_v4_2048_muon_10T
6815,1.5992028713226318,,,,moe_67b_a2b_d2560_ep1_rep16_bs4096_seq8192_sw2k_v4_2048_muon_10T
6816,1.5823569297790527,,,,moe_67b_a2b_d2560_ep1_rep16_bs4096_seq8192_sw2k_v4_2048_muon_10T
6817,1.5926557779312134,,,,moe_67b_a2b_d2560_ep1_rep16_bs4096_seq8192_sw2k_v4_2048_muon_10T
6820,1.6038326025009155,,,,moe_67b_a2b_d2560_ep1_rep16_bs4096_seq8192_sw2k_v4_2048_muon_10T
6824,1.5803496837615967,,,,moe_67b_a2b_d2560_ep1_rep16_bs4096_seq8192_sw2k_v4_2048_muon_10T
6840,1.6022312641143799,,,,moe_67b_a2b_d2560_ep1_rep16_bs4096_seq8192_sw2k_v4_2048_muon_10T
6847,1.5689373016357422,,,,moe_67b_a2b_d2560_ep1_rep16_bs4096_seq8192_sw2k_v4_2048_muon_10T
6864,1.6206461191177368,,,,moe_67b_a2b_d2560_ep1_rep16_bs4096_seq8192_sw2k_v4_2048_muon_10T
6878,1.581255316734314,,,,moe_67b_a2b_d2560_ep1_rep16_bs4096_seq8192_sw2k_v4_2048_muon_10T
6879,1.5697047710418701,,,,moe_67b_a2b_d2560_ep1_rep16_bs4096_seq8192_sw2k_v4_2048_muon_10T
6885,1.5948909521102905,,,,moe_67b_a2b_d2560_ep1_rep16_bs4096_seq8192_sw2k_v4_2048_muon_10T
6906,1.5991657972335815,,,,moe_67b_a2b_d2560_ep1_rep16_bs4096_seq8192_sw2k_v4_2048_muon_10T
6911,1.5663306713104248,,,,moe_67b_a2b_d2560_ep1_rep16_bs4096_seq8192_sw2k_v4_2048_muon_10T
6958,1.5863609313964844,,,,moe_67b_a2b_d2560_ep1_rep16_bs4096_seq8192_sw2k_v4_2048_muon_10T
6961,1.5568125247955322,,,,moe_67b_a2b_d2560_ep1_rep16_bs4096_seq8192_sw2k_v4_2048_muon_10T
6977,1.5767822265625,,,,moe_67b_a2b_d2560_ep1_rep16_bs4096_seq8192_sw2k_v4_2048_muon_10T
6995,1.5899134874343872,,,,moe_67b_a2b_d2560_ep1_rep16_bs4096_seq8192_sw2k_v4_2048_muon_10T
7028,1.5822381973266602,,,,moe_67b_a2b_d2560_ep1_rep16_bs4096_seq8192_sw2k_v4_2048_muon_10T
7031,1.5803577899932861,,,,moe_67b_a2b_d2560_ep1_rep16_bs4096_seq8192_sw2k_v4_2048_muon_10T
7032,1.5661556720733643,,,,moe_67b_a2b_d2560_ep1_rep16_bs4096_seq8192_sw2k_v4_2048_muon_10T
7043,1.5954883098602295,,,,moe_67b_a2b_d2560_ep1_rep16_bs4096_seq8192_sw2k_v4_2048_muon_10T
7072,1.5653635263442993,,,,moe_67b_a2b_d2560_ep1_rep16_bs4096_seq8192_sw2k_v4_2048_muon_10T
7111,1.5690723657608032,,,,moe_67b_a2b_d2560_ep1_rep16_bs4096_seq8192_sw2k_v4_2048_muon_10T
7122,1.5761315822601318,,,,moe_67b_a2b_d2560_ep1_rep16_bs4096_seq8192_sw2k_v4_2048_muon_10T
7142,1.5770307779312134,,,,moe_67b_a2b_d2560_ep1_rep16_bs4096_seq8192_sw2k_v4_2048_muon_10T
7147,1.5699964761734009,,,,moe_67b_a2b_d2560_ep1_rep16_bs4096_seq8192_sw2k_v4_2048_muon_10T
7166,1.5557540655136108,,,,moe_67b_a2b_d2560_ep1_rep16_bs4096_seq8192_sw2k_v4_2048_muon_10T
7167,1.6075555086135864,,,,moe_67b_a2b_d2560_ep1_rep16_bs4096_seq8192_sw2k_v4_2048_muon_10T
7183,1.5542353391647339,,,,moe_67b_a2b_d2560_ep1_rep16_bs4096_seq8192_sw2k_v4_2048_muon_10T
7191,1.5450119972229004,,,,moe_67b_a2b_d2560_ep1_rep16_bs4096_seq8192_sw2k_v4_2048_muon_10T
7195,1.5769599676132202,,,,moe_67b_a2b_d2560_ep1_rep16_bs4096_seq8192_sw2k_v4_2048_muon_10T
7211,1.5728237628936768,,,,moe_67b_a2b_d2560_ep1_rep16_bs4096_seq8192_sw2k_v4_2048_muon_10T
7224,1.5918291807174683,,,,moe_67b_a2b_d2560_ep1_rep16_bs4096_seq8192_sw2k_v4_2048_muon_10T
7227,1.5793331861495972,,,,moe_67b_a2b_d2560_ep1_rep16_bs4096_seq8192_sw2k_v4_2048_muon_10T
7228,1.5777519941329956,,,,moe_67b_a2b_d2560_ep1_rep16_bs4096_seq8192_sw2k_v4_2048_muon_10T
7236,1.5568946599960327,,,,moe_67b_a2b_d2560_ep1_rep16_bs4096_seq8192_sw2k_v4_2048_muon_10T
7261,1.5845463275909424,,,,moe_67b_a2b_d2560_ep1_rep16_bs4096_seq8192_sw2k_v4_2048_muon_10T
7262,1.5764979124069214,,,,moe_67b_a2b_d2560_ep1_rep16_bs4096_seq8192_sw2k_v4_2048_muon_10T
7272,1.5770227909088135,,,,moe_67b_a2b_d2560_ep1_rep16_bs4096_seq8192_sw2k_v4_2048_muon_10T
7292,1.5740067958831787,,,,moe_67b_a2b_d2560_ep1_rep16_bs4096_seq8192_sw2k_v4_2048_muon_10T
7295,1.578277826309204,,,,moe_67b_a2b_d2560_ep1_rep16_bs4096_seq8192_sw2k_v4_2048_muon_10T
7306,1.5891871452331543,,,,moe_67b_a2b_d2560_ep1_rep16_bs4096_seq8192_sw2k_v4_2048_muon_10T
7313,1.5688961744308472,,,,moe_67b_a2b_d2560_ep1_rep16_bs4096_seq8192_sw2k_v4_2048_muon_10T
7321,1.5628267526626587,,,,moe_67b_a2b_d2560_ep1_rep16_bs4096_seq8192_sw2k_v4_2048_muon_10T
7372,1.5419195890426636,,,,moe_67b_a2b_d2560_ep1_rep16_bs4096_seq8192_sw2k_v4_2048_muon_10T
7376,1.5637811422348022,,,,moe_67b_a2b_d2560_ep1_rep16_bs4096_seq8192_sw2k_v4_2048_muon_10T
7391,1.5734847784042358,,,,moe_67b_a2b_d2560_ep1_rep16_bs4096_seq8192_sw2k_v4_2048_muon_10T
7397,1.5772607326507568,,,,moe_67b_a2b_d2560_ep1_rep16_bs4096_seq8192_sw2k_v4_2048_muon_10T
7403,1.5594888925552368,,,,moe_67b_a2b_d2560_ep1_rep16_bs4096_seq8192_sw2k_v4_2048_muon_10T
7411,1.5606615543365479,,,,moe_67b_a2b_d2560_ep1_rep16_bs4096_seq8192_sw2k_v4_2048_muon_10T
7430,1.5919827222824097,,,,moe_67b_a2b_d2560_ep1_rep16_bs4096_seq8192_sw2k_v4_2048_muon_10T
7442,1.5885589122772217,,,,moe_67b_a2b_d2560_ep1_rep16_bs4096_seq8192_sw2k_v4_2048_muon_10T
7447,1.5776976346969604,,,,moe_67b_a2b_d2560_ep1_rep16_bs4096_seq8192_sw2k_v4_2048_muon_10T
7452,1.5432868003845215,,,,moe_67b_a2b_d2560_ep1_rep16_bs4096_seq8192_sw2k_v4_2048_muon_10T
7464,1.5961170196533203,,,,moe_67b_a2b_d2560_ep1_rep16_bs4096_seq8192_sw2k_v4_2048_muon_10T
7479,1.6107083559036255,,,,moe_67b_a2b_d2560_ep1_rep16_bs4096_seq8192_sw2k_v4_2048_muon_10T
7486,1.5887608528137207,,,,moe_67b_a2b_d2560_ep1_rep16_bs4096_seq8192_sw2k_v4_2048_muon_10T
7498,1.5687756538391113,,,,moe_67b_a2b_d2560_ep1_rep16_bs4096_seq8192_sw2k_v4_2048_muon_10T
7505,1.5863922834396362,,,,moe_67b_a2b_d2560_ep1_rep16_bs4096_seq8192_sw2k_v4_2048_muon_10T
7527,1.573781132698059,,,,moe_67b_a2b_d2560_ep1_rep16_bs4096_seq8192_sw2k_v4_2048_muon_10T
7528,1.5867465734481812,,,,moe_67b_a2b_d2560_ep1_rep16_bs4096_seq8192_sw2k_v4_2048_muon_10T
7533,1.5827139616012573,,,,moe_67b_a2b_d2560_ep1_rep16_bs4096_seq8192_sw2k_v4_2048_muon_10T
7536,1.6105328798294067,,,,moe_67b_a2b_d2560_ep1_rep16_bs4096_seq8192_sw2k_v4_2048_muon_10T
7549,1.5648326873779297,,,,moe_67b_a2b_d2560_ep1_rep16_bs4096_seq8192_sw2k_v4_2048_muon_10T
7559,1.5908299684524536,,,,moe_67b_a2b_d2560_ep1_rep16_bs4096_seq8192_sw2k_v4_2048_muon_10T
7566,1.5652378797531128,,,,moe_67b_a2b_d2560_ep1_rep16_bs4096_seq8192_sw2k_v4_2048_muon_10T
7569,1.5718446969985962,,,,moe_67b_a2b_d2560_ep1_rep16_bs4096_seq8192_sw2k_v4_2048_muon_10T
7573,1.5856683254241943,,,,moe_67b_a2b_d2560_ep1_rep16_bs4096_seq8192_sw2k_v4_2048_muon_10T
7582,1.5446022748947144,,,,moe_67b_a2b_d2560_ep1_rep16_bs4096_seq8192_sw2k_v4_2048_muon_10T
7590,1.5669983625411987,,,,moe_67b_a2b_d2560_ep1_rep16_bs4096_seq8192_sw2k_v4_2048_muon_10T
7596,1.5695487260818481,,,,moe_67b_a2b_d2560_ep1_rep16_bs4096_seq8192_sw2k_v4_2048_muon_10T
7598,1.5855728387832642,,,,moe_67b_a2b_d2560_ep1_rep16_bs4096_seq8192_sw2k_v4_2048_muon_10T
7599,1.581933617591858,,,,moe_67b_a2b_d2560_ep1_rep16_bs4096_seq8192_sw2k_v4_2048_muon_10T
7602,1.5859318971633911,,,,moe_67b_a2b_d2560_ep1_rep16_bs4096_seq8192_sw2k_v4_2048_muon_10T
7603,1.5705207586288452,,,,moe_67b_a2b_d2560_ep1_rep16_bs4096_seq8192_sw2k_v4_2048_muon_10T
7612,1.5790144205093384,,,,moe_67b_a2b_d2560_ep1_rep16_bs4096_seq8192_sw2k_v4_2048_muon_10T
7628,1.5917632579803467,,,,moe_67b_a2b_d2560_ep1_rep16_bs4096_seq8192_sw2k_v4_2048_muon_10T
7629,1.558483600616455,,,,moe_67b_a2b_d2560_ep1_rep16_bs4096_seq8192_sw2k_v4_2048_muon_10T
7631,1.588135004043579,,,,moe_67b_a2b_d2560_ep1_rep16_bs4096_seq8192_sw2k_v4_2048_muon_10T
7649,1.5624284744262695,,,,moe_67b_a2b_d2560_ep1_rep16_bs4096_seq8192_sw2k_v4_2048_muon_10T
7653,1.5719900131225586,,,,moe_67b_a2b_d2560_ep1_rep16_bs4096_seq8192_sw2k_v4_2048_muon_10T
7658,1.5667567253112793,,,,moe_67b_a2b_d2560_ep1_rep16_bs4096_seq8192_sw2k_v4_2048_muon_10T
7665,1.593612790107727,,,,moe_67b_a2b_d2560_ep1_rep16_bs4096_seq8192_sw2k_v4_2048_muon_10T
7670,1.5854767560958862,,,,moe_67b_a2b_d2560_ep1_rep16_bs4096_seq8192_sw2k_v4_2048_muon_10T
7674,1.569275975227356,,,,moe_67b_a2b_d2560_ep1_rep16_bs4096_seq8192_sw2k_v4_2048_muon_10T
7677,1.570298433303833,,,,moe_67b_a2b_d2560_ep1_rep16_bs4096_seq8192_sw2k_v4_2048_muon_10T
7679,1.5448670387268066,,,,moe_67b_a2b_d2560_ep1_rep16_bs4096_seq8192_sw2k_v4_2048_muon_10T
7686,1.5773237943649292,,,,moe_67b_a2b_d2560_ep1_rep16_bs4096_seq8192_sw2k_v4_2048_muon_10T
7706,1.5678950548171997,,,,moe_67b_a2b_d2560_ep1_rep16_bs4096_seq8192_sw2k_v4_2048_muon_10T
7714,1.565740942955017,,,,moe_67b_a2b_d2560_ep1_rep16_bs4096_seq8192_sw2k_v4_2048_muon_10T
7729,1.5519967079162598,,,,moe_67b_a2b_d2560_ep1_rep16_bs4096_seq8192_sw2k_v4_2048_muon_10T
7732,1.5573101043701172,,,,moe_67b_a2b_d2560_ep1_rep16_bs4096_seq8192_sw2k_v4_2048_muon_10T
7738,1.5680114030838013,,,,moe_67b_a2b_d2560_ep1_rep16_bs4096_seq8192_sw2k_v4_2048_muon_10T
7747,1.5611481666564941,,,,moe_67b_a2b_d2560_ep1_rep16_bs4096_seq8192_sw2k_v4_2048_muon_10T
7754,1.5767854452133179,,,,moe_67b_a2b_d2560_ep1_rep16_bs4096_seq8192_sw2k_v4_2048_muon_10T
7755,1.5616611242294312,,,,moe_67b_a2b_d2560_ep1_rep16_bs4096_seq8192_sw2k_v4_2048_muon_10T
7764,1.563747763633728,,,,moe_67b_a2b_d2560_ep1_rep16_bs4096_seq8192_sw2k_v4_2048_muon_10T
7779,1.567535161972046,,,,moe_67b_a2b_d2560_ep1_rep16_bs4096_seq8192_sw2k_v4_2048_muon_10T
7796,1.566962718963623,,,,moe_67b_a2b_d2560_ep1_rep16_bs4096_seq8192_sw2k_v4_2048_muon_10T
7822,1.6009870767593384,,,,moe_67b_a2b_d2560_ep1_rep16_bs4096_seq8192_sw2k_v4_2048_muon_10T
7832,1.5814892053604126,,,,moe_67b_a2b_d2560_ep1_rep16_bs4096_seq8192_sw2k_v4_2048_muon_10T
7834,1.5641311407089233,,,,moe_67b_a2b_d2560_ep1_rep16_bs4096_seq8192_sw2k_v4_2048_muon_10T
7842,1.586158037185669,,,,moe_67b_a2b_d2560_ep1_rep16_bs4096_seq8192_sw2k_v4_2048_muon_10T
7843,1.584959626197815,,,,moe_67b_a2b_d2560_ep1_rep16_bs4096_seq8192_sw2k_v4_2048_muon_10T
7865,1.6070054769515991,,,,moe_67b_a2b_d2560_ep1_rep16_bs4096_seq8192_sw2k_v4_2048_muon_10T
7868,1.5783522129058838,,,,moe_67b_a2b_d2560_ep1_rep16_bs4096_seq8192_sw2k_v4_2048_muon_10T
7893,1.546392560005188,,,,moe_67b_a2b_d2560_ep1_rep16_bs4096_seq8192_sw2k_v4_2048_muon_10T
7900,1.5685256719589233,,,,moe_67b_a2b_d2560_ep1_rep16_bs4096_seq8192_sw2k_v4_2048_muon_10T
7923,1.5771453380584717,,,,moe_67b_a2b_d2560_ep1_rep16_bs4096_seq8192_sw2k_v4_2048_muon_10T
7925,1.5683627128601074,,,,moe_67b_a2b_d2560_ep1_rep16_bs4096_seq8192_sw2k_v4_2048_muon_10T
7933,1.5709562301635742,,,,moe_67b_a2b_d2560_ep1_rep16_bs4096_seq8192_sw2k_v4_2048_muon_10T
7936,1.55810546875,,,,moe_67b_a2b_d2560_ep1_rep16_bs4096_seq8192_sw2k_v4_2048_muon_10T
7937,1.58328378200531,,,,moe_67b_a2b_d2560_ep1_rep16_bs4096_seq8192_sw2k_v4_2048_muon_10T
7938,1.572670817375183,,,,moe_67b_a2b_d2560_ep1_rep16_bs4096_seq8192_sw2k_v4_2048_muon_10T
7944,1.587398648262024,,,,moe_67b_a2b_d2560_ep1_rep16_bs4096_seq8192_sw2k_v4_2048_muon_10T
7945,1.5701940059661865,,,,moe_67b_a2b_d2560_ep1_rep16_bs4096_seq8192_sw2k_v4_2048_muon_10T
7954,1.550101637840271,,,,moe_67b_a2b_d2560_ep1_rep16_bs4096_seq8192_sw2k_v4_2048_muon_10T
7957,1.5801008939743042,,,,moe_67b_a2b_d2560_ep1_rep16_bs4096_seq8192_sw2k_v4_2048_muon_10T
7979,1.5710574388504028,,,,moe_67b_a2b_d2560_ep1_rep16_bs4096_seq8192_sw2k_v4_2048_muon_10T
7996,1.5949183702468872,,,,moe_67b_a2b_d2560_ep1_rep16_bs4096_seq8192_sw2k_v4_2048_muon_10T
7997,1.5615535974502563,,,,moe_67b_a2b_d2560_ep1_rep16_bs4096_seq8192_sw2k_v4_2048_muon_10T
8005,1.582643985748291,,,,moe_67b_a2b_d2560_ep1_rep16_bs4096_seq8192_sw2k_v4_2048_muon_10T
8009,1.5736875534057617,,,,moe_67b_a2b_d2560_ep1_rep16_bs4096_seq8192_sw2k_v4_2048_muon_10T
8016,1.541093111038208,,,,moe_67b_a2b_d2560_ep1_rep16_bs4096_seq8192_sw2k_v4_2048_muon_10T
8019,1.5757652521133423,,,,moe_67b_a2b_d2560_ep1_rep16_bs4096_seq8192_sw2k_v4_2048_muon_10T
8037,1.5533015727996826,,,,moe_67b_a2b_d2560_ep1_rep16_bs4096_seq8192_sw2k_v4_2048_muon_10T
8044,1.5977294445037842,,,,moe_67b_a2b_d2560_ep1_rep16_bs4096_seq8192_sw2k_v4_2048_muon_10T
8058,1.5407278537750244,,,,moe_67b_a2b_d2560_ep1_rep16_bs4096_seq8192_sw2k_v4_2048_muon_10T
8092,1.5659433603286743,,,,moe_67b_a2b_d2560_ep1_rep16_bs4096_seq8192_sw2k_v4_2048_muon_10T
8121,1.567885160446167,,,,moe_67b_a2b_d2560_ep1_rep16_bs4096_seq8192_sw2k_v4_2048_muon_10T
8150,1.5759601593017578,,,,moe_67b_a2b_d2560_ep1_rep16_bs4096_seq8192_sw2k_v4_2048_muon_10T
8170,1.5753639936447144,,,,moe_67b_a2b_d2560_ep1_rep16_bs4096_seq8192_sw2k_v4_2048_muon_10T
8171,1.575429081916809,,,,moe_67b_a2b_d2560_ep1_rep16_bs4096_seq8192_sw2k_v4_2048_muon_10T
8180,1.5610065460205078,,,,moe_67b_a2b_d2560_ep1_rep16_bs4096_seq8192_sw2k_v4_2048_muon_10T
8183,1.5601848363876343,,,,moe_67b_a2b_d2560_ep1_rep16_bs4096_seq8192_sw2k_v4_2048_muon_10T
8197,1.5824227333068848,,,,moe_67b_a2b_d2560_ep1_rep16_bs4096_seq8192_sw2k_v4_2048_muon_10T
8203,1.5674303770065308,,,,moe_67b_a2b_d2560_ep1_rep16_bs4096_seq8192_sw2k_v4_2048_muon_10T
8215,1.5748016834259033,,,,moe_67b_a2b_d2560_ep1_rep16_bs4096_seq8192_sw2k_v4_2048_muon_10T
8223,1.5810710191726685,,,,moe_67b_a2b_d2560_ep1_rep16_bs4096_seq8192_sw2k_v4_2048_muon_10T
8236,1.5875078439712524,,,,moe_67b_a2b_d2560_ep1_rep16_bs4096_seq8192_sw2k_v4_2048_muon_10T
8241,1.5824179649353027,,,,moe_67b_a2b_d2560_ep1_rep16_bs4096_seq8192_sw2k_v4_2048_muon_10T
8249,1.588120937347412,,,,moe_67b_a2b_d2560_ep1_rep16_bs4096_seq8192_sw2k_v4_2048_muon_10T
8258,1.559936761856079,,,,moe_67b_a2b_d2560_ep1_rep16_bs4096_seq8192_sw2k_v4_2048_muon_10T
8269,1.5671137571334839,,,,moe_67b_a2b_d2560_ep1_rep16_bs4096_seq8192_sw2k_v4_2048_muon_10T
8271,1.571454405784607,,,,moe_67b_a2b_d2560_ep1_rep16_bs4096_seq8192_sw2k_v4_2048_muon_10T
8280,1.5803372859954834,,,,moe_67b_a2b_d2560_ep1_rep16_bs4096_seq8192_sw2k_v4_2048_muon_10T
8291,1.560361385345459,,,,moe_67b_a2b_d2560_ep1_rep16_bs4096_seq8192_sw2k_v4_2048_muon_10T
8307,1.5675393342971802,,,,moe_67b_a2b_d2560_ep1_rep16_bs4096_seq8192_sw2k_v4_2048_muon_10T
8326,1.5675908327102661,,,,moe_67b_a2b_d2560_ep1_rep16_bs4096_seq8192_sw2k_v4_2048_muon_10T
8356,1.5782150030136108,,,,moe_67b_a2b_d2560_ep1_rep16_bs4096_seq8192_sw2k_v4_2048_muon_10T
8365,1.5488815307617188,,,,moe_67b_a2b_d2560_ep1_rep16_bs4096_seq8192_sw2k_v4_2048_muon_10T
8375,1.5655436515808105,,,,moe_67b_a2b_d2560_ep1_rep16_bs4096_seq8192_sw2k_v4_2048_muon_10T
8379,1.5605289936065674,,,,moe_67b_a2b_d2560_ep1_rep16_bs4096_seq8192_sw2k_v4_2048_muon_10T
8382,1.5732225179672241,,,,moe_67b_a2b_d2560_ep1_rep16_bs4096_seq8192_sw2k_v4_2048_muon_10T
8409,1.5578606128692627,,,,moe_67b_a2b_d2560_ep1_rep16_bs4096_seq8192_sw2k_v4_2048_muon_10T
8411,1.551662564277649,,,,moe_67b_a2b_d2560_ep1_rep16_bs4096_seq8192_sw2k_v4_2048_muon_10T
8418,1.5645325183868408,,,,moe_67b_a2b_d2560_ep1_rep16_bs4096_seq8192_sw2k_v4_2048_muon_10T
8426,1.5576995611190796,,,,moe_67b_a2b_d2560_ep1_rep16_bs4096_seq8192_sw2k_v4_2048_muon_10T
8443,1.545606017112732,,,,moe_67b_a2b_d2560_ep1_rep16_bs4096_seq8192_sw2k_v4_2048_muon_10T
8446,1.5841144323349,,,,moe_67b_a2b_d2560_ep1_rep16_bs4096_seq8192_sw2k_v4_2048_muon_10T
8447,1.5547115802764893,,,,moe_67b_a2b_d2560_ep1_rep16_bs4096_seq8192_sw2k_v4_2048_muon_10T
8449,1.549457311630249,,,,moe_67b_a2b_d2560_ep1_rep16_bs4096_seq8192_sw2k_v4_2048_muon_10T
8467,1.5698124170303345,,,,moe_67b_a2b_d2560_ep1_rep16_bs4096_seq8192_sw2k_v4_2048_muon_10T
8477,1.576695203781128,,,,moe_67b_a2b_d2560_ep1_rep16_bs4096_seq8192_sw2k_v4_2048_muon_10T
8486,1.5512683391571045,,,,moe_67b_a2b_d2560_ep1_rep16_bs4096_seq8192_sw2k_v4_2048_muon_10T
8494,1.556684970855713,,,,moe_67b_a2b_d2560_ep1_rep16_bs4096_seq8192_sw2k_v4_2048_muon_10T
8498,1.5621232986450195,,,,moe_67b_a2b_d2560_ep1_rep16_bs4096_seq8192_sw2k_v4_2048_muon_10T
8502,1.5541855096817017,,,,moe_67b_a2b_d2560_ep1_rep16_bs4096_seq8192_sw2k_v4_2048_muon_10T
8509,1.5659373998641968,,,,moe_67b_a2b_d2560_ep1_rep16_bs4096_seq8192_sw2k_v4_2048_muon_10T
8515,1.573636770248413,,,,moe_67b_a2b_d2560_ep1_rep16_bs4096_seq8192_sw2k_v4_2048_muon_10T
8518,1.5632877349853516,,,,moe_67b_a2b_d2560_ep1_rep16_bs4096_seq8192_sw2k_v4_2048_muon_10T
8522,1.5681546926498413,,,,moe_67b_a2b_d2560_ep1_rep16_bs4096_seq8192_sw2k_v4_2048_muon_10T
8529,1.528839349746704,,,,moe_67b_a2b_d2560_ep1_rep16_bs4096_seq8192_sw2k_v4_2048_muon_10T
8537,1.5624802112579346,,,,moe_67b_a2b_d2560_ep1_rep16_bs4096_seq8192_sw2k_v4_2048_muon_10T
8552,1.5450656414031982,,,,moe_67b_a2b_d2560_ep1_rep16_bs4096_seq8192_sw2k_v4_2048_muon_10T
8556,1.5686771869659424,,,,moe_67b_a2b_d2560_ep1_rep16_bs4096_seq8192_sw2k_v4_2048_muon_10T
8557,1.543257236480713,,,,moe_67b_a2b_d2560_ep1_rep16_bs4096_seq8192_sw2k_v4_2048_muon_10T
8562,1.563376784324646,,,,moe_67b_a2b_d2560_ep1_rep16_bs4096_seq8192_sw2k_v4_2048_muon_10T
8568,1.5537244081497192,,,,moe_67b_a2b_d2560_ep1_rep16_bs4096_seq8192_sw2k_v4_2048_muon_10T
8575,1.5549418926239014,,,,moe_67b_a2b_d2560_ep1_rep16_bs4096_seq8192_sw2k_v4_2048_muon_10T
8578,1.5667122602462769,,,,moe_67b_a2b_d2560_ep1_rep16_bs4096_seq8192_sw2k_v4_2048_muon_10T
8580,1.5384258031845093,,,,moe_67b_a2b_d2560_ep1_rep16_bs4096_seq8192_sw2k_v4_2048_muon_10T
8599,1.5586012601852417,,,,moe_67b_a2b_d2560_ep1_rep16_bs4096_seq8192_sw2k_v4_2048_muon_10T
8623,1.550636887550354,,,,moe_67b_a2b_d2560_ep1_rep16_bs4096_seq8192_sw2k_v4_2048_muon_10T
8640,1.5837963819503784,,,,moe_67b_a2b_d2560_ep1_rep16_bs4096_seq8192_sw2k_v4_2048_muon_10T
8658,1.5500688552856445,,,,moe_67b_a2b_d2560_ep1_rep16_bs4096_seq8192_sw2k_v4_2048_muon_10T
8667,1.542521357536316,,,,moe_67b_a2b_d2560_ep1_rep16_bs4096_seq8192_sw2k_v4_2048_muon_10T
8671,1.5492734909057617,,,,moe_67b_a2b_d2560_ep1_rep16_bs4096_seq8192_sw2k_v4_2048_muon_10T
8675,1.5653729438781738,,,,moe_67b_a2b_d2560_ep1_rep16_bs4096_seq8192_sw2k_v4_2048_muon_10T
8686,1.5666238069534302,,,,moe_67b_a2b_d2560_ep1_rep16_bs4096_seq8192_sw2k_v4_2048_muon_10T
8689,1.558254361152649,,,,moe_67b_a2b_d2560_ep1_rep16_bs4096_seq8192_sw2k_v4_2048_muon_10T
8696,1.5656131505966187,,,,moe_67b_a2b_d2560_ep1_rep16_bs4096_seq8192_sw2k_v4_2048_muon_10T
8697,1.5559617280960083,,,,moe_67b_a2b_d2560_ep1_rep16_bs4096_seq8192_sw2k_v4_2048_muon_10T
8702,1.5662801265716553,,,,moe_67b_a2b_d2560_ep1_rep16_bs4096_seq8192_sw2k_v4_2048_muon_10T
8709,1.5651781558990479,,,,moe_67b_a2b_d2560_ep1_rep16_bs4096_seq8192_sw2k_v4_2048_muon_10T
8711,1.5359514951705933,,,,moe_67b_a2b_d2560_ep1_rep16_bs4096_seq8192_sw2k_v4_2048_muon_10T
8721,1.5704264640808105,,,,moe_67b_a2b_d2560_ep1_rep16_bs4096_seq8192_sw2k_v4_2048_muon_10T
8726,1.5246831178665161,,,,moe_67b_a2b_d2560_ep1_rep16_bs4096_seq8192_sw2k_v4_2048_muon_10T
8751,1.5530555248260498,,,,moe_67b_a2b_d2560_ep1_rep16_bs4096_seq8192_sw2k_v4_2048_muon_10T
8753,1.537109613418579,,,,moe_67b_a2b_d2560_ep1_rep16_bs4096_seq8192_sw2k_v4_2048_muon_10T
8758,1.55305814743042,,,,moe_67b_a2b_d2560_ep1_rep16_bs4096_seq8192_sw2k_v4_2048_muon_10T
8764,1.533075213432312,,,,moe_67b_a2b_d2560_ep1_rep16_bs4096_seq8192_sw2k_v4_2048_muon_10T
8765,1.5326948165893555,,,,moe_67b_a2b_d2560_ep1_rep16_bs4096_seq8192_sw2k_v4_2048_muon_10T
8769,1.5579277276992798,,,,moe_67b_a2b_d2560_ep1_rep16_bs4096_seq8192_sw2k_v4_2048_muon_10T
8783,1.5555628538131714,,,,moe_67b_a2b_d2560_ep1_rep16_bs4096_seq8192_sw2k_v4_2048_muon_10T
8790,1.532839298248291,,,,moe_67b_a2b_d2560_ep1_rep16_bs4096_seq8192_sw2k_v4_2048_muon_10T
8793,1.5251433849334717,,,,moe_67b_a2b_d2560_ep1_rep16_bs4096_seq8192_sw2k_v4_2048_muon_10T
8800,1.5574355125427246,,,,moe_67b_a2b_d2560_ep1_rep16_bs4096_seq8192_sw2k_v4_2048_muon_10T
8803,1.5663843154907227,,,,moe_67b_a2b_d2560_ep1_rep16_bs4096_seq8192_sw2k_v4_2048_muon_10T
8806,1.5301321744918823,,,,moe_67b_a2b_d2560_ep1_rep16_bs4096_seq8192_sw2k_v4_2048_muon_10T
8807,1.5505576133728027,,,,moe_67b_a2b_d2560_ep1_rep16_bs4096_seq8192_sw2k_v4_2048_muon_10T
8827,1.5546578168869019,,,,moe_67b_a2b_d2560_ep1_rep16_bs4096_seq8192_sw2k_v4_2048_muon_10T
8832,1.5600520372390747,,,,moe_67b_a2b_d2560_ep1_rep16_bs4096_seq8192_sw2k_v4_2048_muon_10T
8850,1.5363556146621704,,,,moe_67b_a2b_d2560_ep1_rep16_bs4096_seq8192_sw2k_v4_2048_muon_10T
8852,1.5493927001953125,,,,moe_67b_a2b_d2560_ep1_rep16_bs4096_seq8192_sw2k_v4_2048_muon_10T
8856,1.5510839223861694,,,,moe_67b_a2b_d2560_ep1_rep16_bs4096_seq8192_sw2k_v4_2048_muon_10T
8871,1.5519322156906128,,,,moe_67b_a2b_d2560_ep1_rep16_bs4096_seq8192_sw2k_v4_2048_muon_10T
8882,1.5588023662567139,,,,moe_67b_a2b_d2560_ep1_rep16_bs4096_seq8192_sw2k_v4_2048_muon_10T
8887,1.5659056901931763,,,,moe_67b_a2b_d2560_ep1_rep16_bs4096_seq8192_sw2k_v4_2048_muon_10T
8894,1.5411856174468994,,,,moe_67b_a2b_d2560_ep1_rep16_bs4096_seq8192_sw2k_v4_2048_muon_10T
8901,1.5662336349487305,,,,moe_67b_a2b_d2560_ep1_rep16_bs4096_seq8192_sw2k_v4_2048_muon_10T
8906,1.5643092393875122,,,,moe_67b_a2b_d2560_ep1_rep16_bs4096_seq8192_sw2k_v4_2048_muon_10T
8927,1.5686055421829224,,,,moe_67b_a2b_d2560_ep1_rep16_bs4096_seq8192_sw2k_v4_2048_muon_10T
8936,1.550473928451538,,,,moe_67b_a2b_d2560_ep1_rep16_bs4096_seq8192_sw2k_v4_2048_muon_10T
8937,1.5475430488586426,,,,moe_67b_a2b_d2560_ep1_rep16_bs4096_seq8192_sw2k_v4_2048_muon_10T
8942,1.5514737367630005,,,,moe_67b_a2b_d2560_ep1_rep16_bs4096_seq8192_sw2k_v4_2048_muon_10T
8944,1.5498822927474976,,,,moe_67b_a2b_d2560_ep1_rep16_bs4096_seq8192_sw2k_v4_2048_muon_10T
8946,1.55810546875,,,,moe_67b_a2b_d2560_ep1_rep16_bs4096_seq8192_sw2k_v4_2048_muon_10T
8951,1.5586073398590088,,,,moe_67b_a2b_d2560_ep1_rep16_bs4096_seq8192_sw2k_v4_2048_muon_10T
8959,1.5461342334747314,,,,moe_67b_a2b_d2560_ep1_rep16_bs4096_seq8192_sw2k_v4_2048_muon_10T
8972,1.5399324893951416,,,,moe_67b_a2b_d2560_ep1_rep16_bs4096_seq8192_sw2k_v4_2048_muon_10T
8978,1.5532910823822021,,,,moe_67b_a2b_d2560_ep1_rep16_bs4096_seq8192_sw2k_v4_2048_muon_10T
8980,1.5640846490859985,,,,moe_67b_a2b_d2560_ep1_rep16_bs4096_seq8192_sw2k_v4_2048_muon_10T
8982,1.5598108768463135,,,,moe_67b_a2b_d2560_ep1_rep16_bs4096_seq8192_sw2k_v4_2048_muon_10T
8984,1.5366297960281372,,,,moe_67b_a2b_d2560_ep1_rep16_bs4096_seq8192_sw2k_v4_2048_muon_10T
8994,1.5421191453933716,,,,moe_67b_a2b_d2560_ep1_rep16_bs4096_seq8192_sw2k_v4_2048_muon_10T
9000,,2.623713970184326,2.2327089309692383,2.383249282836914,moe_67b_a2b_d2560_ep1_rep16_bs4096_seq8192_sw2k_v4_2048_muon_10T
9022,1.538350224494934,,,,moe_67b_a2b_d2560_ep1_rep16_bs4096_seq8192_sw2k_v4_2048_muon_10T
9036,1.5490225553512573,,,,moe_67b_a2b_d2560_ep1_rep16_bs4096_seq8192_sw2k_v4_2048_muon_10T
9043,1.5468566417694092,,,,moe_67b_a2b_d2560_ep1_rep16_bs4096_seq8192_sw2k_v4_2048_muon_10T
9045,1.5587060451507568,,,,moe_67b_a2b_d2560_ep1_rep16_bs4096_seq8192_sw2k_v4_2048_muon_10T
9046,1.5743653774261475,,,,moe_67b_a2b_d2560_ep1_rep16_bs4096_seq8192_sw2k_v4_2048_muon_10T
9047,1.5490131378173828,,,,moe_67b_a2b_d2560_ep1_rep16_bs4096_seq8192_sw2k_v4_2048_muon_10T
9052,1.570103406906128,,,,moe_67b_a2b_d2560_ep1_rep16_bs4096_seq8192_sw2k_v4_2048_muon_10T
9062,1.5436893701553345,,,,moe_67b_a2b_d2560_ep1_rep16_bs4096_seq8192_sw2k_v4_2048_muon_10T
9067,1.5581592321395874,,,,moe_67b_a2b_d2560_ep1_rep16_bs4096_seq8192_sw2k_v4_2048_muon_10T
9090,1.5423542261123657,,,,moe_67b_a2b_d2560_ep1_rep16_bs4096_seq8192_sw2k_v4_2048_muon_10T
9091,1.5502451658248901,,,,moe_67b_a2b_d2560_ep1_rep16_bs4096_seq8192_sw2k_v4_2048_muon_10T
9104,1.5612921714782715,,,,moe_67b_a2b_d2560_ep1_rep16_bs4096_seq8192_sw2k_v4_2048_muon_10T
9105,1.5583221912384033,,,,moe_67b_a2b_d2560_ep1_rep16_bs4096_seq8192_sw2k_v4_2048_muon_10T
9121,1.5445373058319092,,,,moe_67b_a2b_d2560_ep1_rep16_bs4096_seq8192_sw2k_v4_2048_muon_10T
9124,1.5359386205673218,,,,moe_67b_a2b_d2560_ep1_rep16_bs4096_seq8192_sw2k_v4_2048_muon_10T
9125,1.5584559440612793,,,,moe_67b_a2b_d2560_ep1_rep16_bs4096_seq8192_sw2k_v4_2048_muon_10T
9129,1.5472302436828613,,,,moe_67b_a2b_d2560_ep1_rep16_bs4096_seq8192_sw2k_v4_2048_muon_10T
9138,1.5528175830841064,,,,moe_67b_a2b_d2560_ep1_rep16_bs4096_seq8192_sw2k_v4_2048_muon_10T
9142,1.5636488199234009,,,,moe_67b_a2b_d2560_ep1_rep16_bs4096_seq8192_sw2k_v4_2048_muon_10T
9157,1.5638757944107056,,,,moe_67b_a2b_d2560_ep1_rep16_bs4096_seq8192_sw2k_v4_2048_muon_10T
9162,1.5207269191741943,,,,moe_67b_a2b_d2560_ep1_rep16_bs4096_seq8192_sw2k_v4_2048_muon_10T
9166,1.572812557220459,,,,moe_67b_a2b_d2560_ep1_rep16_bs4096_seq8192_sw2k_v4_2048_muon_10T
9184,1.5731526613235474,,,,moe_67b_a2b_d2560_ep1_rep16_bs4096_seq8192_sw2k_v4_2048_muon_10T
9187,1.5278770923614502,,,,moe_67b_a2b_d2560_ep1_rep16_bs4096_seq8192_sw2k_v4_2048_muon_10T
9234,1.524347186088562,,,,moe_67b_a2b_d2560_ep1_rep16_bs4096_seq8192_sw2k_v4_2048_muon_10T
9243,1.5474472045898438,,,,moe_67b_a2b_d2560_ep1_rep16_bs4096_seq8192_sw2k_v4_2048_muon_10T
9275,1.5467225313186646,,,,moe_67b_a2b_d2560_ep1_rep16_bs4096_seq8192_sw2k_v4_2048_muon_10T
9283,1.5511215925216675,,,,moe_67b_a2b_d2560_ep1_rep16_bs4096_seq8192_sw2k_v4_2048_muon_10T
9307,1.5352320671081543,,,,moe_67b_a2b_d2560_ep1_rep16_bs4096_seq8192_sw2k_v4_2048_muon_10T
9310,1.5719443559646606,,,,moe_67b_a2b_d2560_ep1_rep16_bs4096_seq8192_sw2k_v4_2048_muon_10T
9312,1.5642304420471191,,,,moe_67b_a2b_d2560_ep1_rep16_bs4096_seq8192_sw2k_v4_2048_muon_10T
9317,1.5518561601638794,,,,moe_67b_a2b_d2560_ep1_rep16_bs4096_seq8192_sw2k_v4_2048_muon_10T
9326,1.556898593902588,,,,moe_67b_a2b_d2560_ep1_rep16_bs4096_seq8192_sw2k_v4_2048_muon_10T
9331,1.5659137964248657,,,,moe_67b_a2b_d2560_ep1_rep16_bs4096_seq8192_sw2k_v4_2048_muon_10T
9332,1.56870436668396,,,,moe_67b_a2b_d2560_ep1_rep16_bs4096_seq8192_sw2k_v4_2048_muon_10T
9335,1.5472338199615479,,,,moe_67b_a2b_d2560_ep1_rep16_bs4096_seq8192_sw2k_v4_2048_muon_10T
9367,1.535909652709961,,,,moe_67b_a2b_d2560_ep1_rep16_bs4096_seq8192_sw2k_v4_2048_muon_10T
9374,1.5427398681640625,,,,moe_67b_a2b_d2560_ep1_rep16_bs4096_seq8192_sw2k_v4_2048_muon_10T
9383,1.5434463024139404,,,,moe_67b_a2b_d2560_ep1_rep16_bs4096_seq8192_sw2k_v4_2048_muon_10T
9385,1.5567822456359863,,,,moe_67b_a2b_d2560_ep1_rep16_bs4096_seq8192_sw2k_v4_2048_muon_10T
9431,1.5488007068634033,,,,moe_67b_a2b_d2560_ep1_rep16_bs4096_seq8192_sw2k_v4_2048_muon_10T
9445,1.5207370519638062,,,,moe_67b_a2b_d2560_ep1_rep16_bs4096_seq8192_sw2k_v4_2048_muon_10T
9446,1.5582813024520874,,,,moe_67b_a2b_d2560_ep1_rep16_bs4096_seq8192_sw2k_v4_2048_muon_10T
9455,1.5574480295181274,,,,moe_67b_a2b_d2560_ep1_rep16_bs4096_seq8192_sw2k_v4_2048_muon_10T
9466,1.5411458015441895,,,,moe_67b_a2b_d2560_ep1_rep16_bs4096_seq8192_sw2k_v4_2048_muon_10T
9482,1.5408422946929932,,,,moe_67b_a2b_d2560_ep1_rep16_bs4096_seq8192_sw2k_v4_2048_muon_10T
9503,1.5444201231002808,,,,moe_67b_a2b_d2560_ep1_rep16_bs4096_seq8192_sw2k_v4_2048_muon_10T
9514,1.550402283668518,,,,moe_67b_a2b_d2560_ep1_rep16_bs4096_seq8192_sw2k_v4_2048_muon_10T
9532,1.5264230966567993,,,,moe_67b_a2b_d2560_ep1_rep16_bs4096_seq8192_sw2k_v4_2048_muon_10T
9534,1.5549085140228271,,,,moe_67b_a2b_d2560_ep1_rep16_bs4096_seq8192_sw2k_v4_2048_muon_10T
9544,1.5373008251190186,,,,moe_67b_a2b_d2560_ep1_rep16_bs4096_seq8192_sw2k_v4_2048_muon_10T
9582,1.520790934562683,,,,moe_67b_a2b_d2560_ep1_rep16_bs4096_seq8192_sw2k_v4_2048_muon_10T
9587,1.5252678394317627,,,,moe_67b_a2b_d2560_ep1_rep16_bs4096_seq8192_sw2k_v4_2048_muon_10T
9618,1.5635976791381836,,,,moe_67b_a2b_d2560_ep1_rep16_bs4096_seq8192_sw2k_v4_2048_muon_10T
9620,1.5195369720458984,,,,moe_67b_a2b_d2560_ep1_rep16_bs4096_seq8192_sw2k_v4_2048_muon_10T
9625,1.5528748035430908,,,,moe_67b_a2b_d2560_ep1_rep16_bs4096_seq8192_sw2k_v4_2048_muon_10T
9637,1.5306178331375122,,,,moe_67b_a2b_d2560_ep1_rep16_bs4096_seq8192_sw2k_v4_2048_muon_10T
9657,1.5443031787872314,,,,moe_67b_a2b_d2560_ep1_rep16_bs4096_seq8192_sw2k_v4_2048_muon_10T
9666,1.5223113298416138,,,,moe_67b_a2b_d2560_ep1_rep16_bs4096_seq8192_sw2k_v4_2048_muon_10T
9667,1.545617938041687,,,,moe_67b_a2b_d2560_ep1_rep16_bs4096_seq8192_sw2k_v4_2048_muon_10T
9675,1.5452769994735718,,,,moe_67b_a2b_d2560_ep1_rep16_bs4096_seq8192_sw2k_v4_2048_muon_10T
9676,1.5030640363693237,,,,moe_67b_a2b_d2560_ep1_rep16_bs4096_seq8192_sw2k_v4_2048_muon_10T
9679,1.5482298135757446,,,,moe_67b_a2b_d2560_ep1_rep16_bs4096_seq8192_sw2k_v4_2048_muon_10T
9688,1.5133891105651855,,,,moe_67b_a2b_d2560_ep1_rep16_bs4096_seq8192_sw2k_v4_2048_muon_10T
9704,1.5294712781906128,,,,moe_67b_a2b_d2560_ep1_rep16_bs4096_seq8192_sw2k_v4_2048_muon_10T
9711,1.5562372207641602,,,,moe_67b_a2b_d2560_ep1_rep16_bs4096_seq8192_sw2k_v4_2048_muon_10T
9713,1.5198516845703125,,,,moe_67b_a2b_d2560_ep1_rep16_bs4096_seq8192_sw2k_v4_2048_muon_10T
9715,1.5235576629638672,,,,moe_67b_a2b_d2560_ep1_rep16_bs4096_seq8192_sw2k_v4_2048_muon_10T
9716,1.5175931453704834,,,,moe_67b_a2b_d2560_ep1_rep16_bs4096_seq8192_sw2k_v4_2048_muon_10T
9731,1.546690583229065,,,,moe_67b_a2b_d2560_ep1_rep16_bs4096_seq8192_sw2k_v4_2048_muon_10T
9736,1.537562370300293,,,,moe_67b_a2b_d2560_ep1_rep16_bs4096_seq8192_sw2k_v4_2048_muon_10T
9739,1.5399054288864136,,,,moe_67b_a2b_d2560_ep1_rep16_bs4096_seq8192_sw2k_v4_2048_muon_10T
9742,1.53757643699646,,,,moe_67b_a2b_d2560_ep1_rep16_bs4096_seq8192_sw2k_v4_2048_muon_10T
9783,1.5355684757232666,,,,moe_67b_a2b_d2560_ep1_rep16_bs4096_seq8192_sw2k_v4_2048_muon_10T
9788,1.543269395828247,,,,moe_67b_a2b_d2560_ep1_rep16_bs4096_seq8192_sw2k_v4_2048_muon_10T
9793,1.519371747970581,,,,moe_67b_a2b_d2560_ep1_rep16_bs4096_seq8192_sw2k_v4_2048_muon_10T
9800,1.5307151079177856,,,,moe_67b_a2b_d2560_ep1_rep16_bs4096_seq8192_sw2k_v4_2048_muon_10T
9813,1.524999976158142,,,,moe_67b_a2b_d2560_ep1_rep16_bs4096_seq8192_sw2k_v4_2048_muon_10T
9823,1.5298999547958374,,,,moe_67b_a2b_d2560_ep1_rep16_bs4096_seq8192_sw2k_v4_2048_muon_10T
9843,1.5319842100143433,,,,moe_67b_a2b_d2560_ep1_rep16_bs4096_seq8192_sw2k_v4_2048_muon_10T
9844,1.5489721298217773,,,,moe_67b_a2b_d2560_ep1_rep16_bs4096_seq8192_sw2k_v4_2048_muon_10T
9876,1.5161155462265015,,,,moe_67b_a2b_d2560_ep1_rep16_bs4096_seq8192_sw2k_v4_2048_muon_10T
9879,1.5293585062026978,,,,moe_67b_a2b_d2560_ep1_rep16_bs4096_seq8192_sw2k_v4_2048_muon_10T
9880,1.556283712387085,,,,moe_67b_a2b_d2560_ep1_rep16_bs4096_seq8192_sw2k_v4_2048_muon_10T
9881,1.5367997884750366,,,,moe_67b_a2b_d2560_ep1_rep16_bs4096_seq8192_sw2k_v4_2048_muon_10T
9900,1.5400971174240112,,,,moe_67b_a2b_d2560_ep1_rep16_bs4096_seq8192_sw2k_v4_2048_muon_10T
9901,1.5368421077728271,,,,moe_67b_a2b_d2560_ep1_rep16_bs4096_seq8192_sw2k_v4_2048_muon_10T
9918,1.5369045734405518,,,,moe_67b_a2b_d2560_ep1_rep16_bs4096_seq8192_sw2k_v4_2048_muon_10T
9925,1.54196035861969,,,,moe_67b_a2b_d2560_ep1_rep16_bs4096_seq8192_sw2k_v4_2048_muon_10T
9943,1.5217409133911133,,,,moe_67b_a2b_d2560_ep1_rep16_bs4096_seq8192_sw2k_v4_2048_muon_10T
9958,1.528617262840271,,,,moe_67b_a2b_d2560_ep1_rep16_bs4096_seq8192_sw2k_v4_2048_muon_10T
9965,1.5348013639450073,,,,moe_67b_a2b_d2560_ep1_rep16_bs4096_seq8192_sw2k_v4_2048_muon_10T
9977,1.5253047943115234,,,,moe_67b_a2b_d2560_ep1_rep16_bs4096_seq8192_sw2k_v4_2048_muon_10T
9988,1.5448012351989746,,,,moe_67b_a2b_d2560_ep1_rep16_bs4096_seq8192_sw2k_v4_2048_muon_10T
10007,1.5321894884109497,,,,moe_67b_a2b_d2560_ep1_rep16_bs4096_seq8192_sw2k_v4_2048_muon_10T
10020,1.552504539489746,,,,moe_67b_a2b_d2560_ep1_rep16_bs4096_seq8192_sw2k_v4_2048_muon_10T
10036,1.526678442955017,,,,moe_67b_a2b_d2560_ep1_rep16_bs4096_seq8192_sw2k_v4_2048_muon_10T
10044,1.5338118076324463,,,,moe_67b_a2b_d2560_ep1_rep16_bs4096_seq8192_sw2k_v4_2048_muon_10T
10049,1.5422428846359253,,,,moe_67b_a2b_d2560_ep1_rep16_bs4096_seq8192_sw2k_v4_2048_muon_10T
10051,1.5651044845581055,,,,moe_67b_a2b_d2560_ep1_rep16_bs4096_seq8192_sw2k_v4_2048_muon_10T
10061,1.5477291345596313,,,,moe_67b_a2b_d2560_ep1_rep16_bs4096_seq8192_sw2k_v4_2048_muon_10T
10063,1.5415377616882324,,,,moe_67b_a2b_d2560_ep1_rep16_bs4096_seq8192_sw2k_v4_2048_muon_10T
10067,1.5317702293395996,,,,moe_67b_a2b_d2560_ep1_rep16_bs4096_seq8192_sw2k_v4_2048_muon_10T
10073,1.5478684902191162,,,,moe_67b_a2b_d2560_ep1_rep16_bs4096_seq8192_sw2k_v4_2048_muon_10T
10080,1.5272541046142578,,,,moe_67b_a2b_d2560_ep1_rep16_bs4096_seq8192_sw2k_v4_2048_muon_10T
10081,1.5435261726379395,,,,moe_67b_a2b_d2560_ep1_rep16_bs4096_seq8192_sw2k_v4_2048_muon_10T
10115,1.543413758277893,,,,moe_67b_a2b_d2560_ep1_rep16_bs4096_seq8192_sw2k_v4_2048_muon_10T
10125,1.5600379705429077,,,,moe_67b_a2b_d2560_ep1_rep16_bs4096_seq8192_sw2k_v4_2048_muon_10T
10133,1.534199595451355,,,,moe_67b_a2b_d2560_ep1_rep16_bs4096_seq8192_sw2k_v4_2048_muon_10T
10139,1.5185916423797607,,,,moe_67b_a2b_d2560_ep1_rep16_bs4096_seq8192_sw2k_v4_2048_muon_10T
10152,1.538123607635498,,,,moe_67b_a2b_d2560_ep1_rep16_bs4096_seq8192_sw2k_v4_2048_muon_10T
10161,1.565213918685913,,,,moe_67b_a2b_d2560_ep1_rep16_bs4096_seq8192_sw2k_v4_2048_muon_10T
10177,1.5405951738357544,,,,moe_67b_a2b_d2560_ep1_rep16_bs4096_seq8192_sw2k_v4_2048_muon_10T
10198,1.5231785774230957,,,,moe_67b_a2b_d2560_ep1_rep16_bs4096_seq8192_sw2k_v4_2048_muon_10T
10204,1.5231473445892334,,,,moe_67b_a2b_d2560_ep1_rep16_bs4096_seq8192_sw2k_v4_2048_muon_10T
10205,1.5525436401367188,,,,moe_67b_a2b_d2560_ep1_rep16_bs4096_seq8192_sw2k_v4_2048_muon_10T
10225,1.5532610416412354,,,,moe_67b_a2b_d2560_ep1_rep16_bs4096_seq8192_sw2k_v4_2048_muon_10T
10226,1.540826678276062,,,,moe_67b_a2b_d2560_ep1_rep16_bs4096_seq8192_sw2k_v4_2048_muon_10T
10235,1.5119662284851074,,,,moe_67b_a2b_d2560_ep1_rep16_bs4096_seq8192_sw2k_v4_2048_muon_10T
10242,1.5447192192077637,,,,moe_67b_a2b_d2560_ep1_rep16_bs4096_seq8192_sw2k_v4_2048_muon_10T
10255,1.5204055309295654,,,,moe_67b_a2b_d2560_ep1_rep16_bs4096_seq8192_sw2k_v4_2048_muon_10T
10258,1.5267316102981567,,,,moe_67b_a2b_d2560_ep1_rep16_bs4096_seq8192_sw2k_v4_2048_muon_10T
10263,1.5510505437850952,,,,moe_67b_a2b_d2560_ep1_rep16_bs4096_seq8192_sw2k_v4_2048_muon_10T
10266,1.539478063583374,,,,moe_67b_a2b_d2560_ep1_rep16_bs4096_seq8192_sw2k_v4_2048_muon_10T
10267,1.536706805229187,,,,moe_67b_a2b_d2560_ep1_rep16_bs4096_seq8192_sw2k_v4_2048_muon_10T
10268,1.5262354612350464,,,,moe_67b_a2b_d2560_ep1_rep16_bs4096_seq8192_sw2k_v4_2048_muon_10T
10280,1.512319564819336,,,,moe_67b_a2b_d2560_ep1_rep16_bs4096_seq8192_sw2k_v4_2048_muon_10T
10283,1.54588782787323,,,,moe_67b_a2b_d2560_ep1_rep16_bs4096_seq8192_sw2k_v4_2048_muon_10T
10284,1.5619655847549438,,,,moe_67b_a2b_d2560_ep1_rep16_bs4096_seq8192_sw2k_v4_2048_muon_10T
10289,1.5421117544174194,,,,moe_67b_a2b_d2560_ep1_rep16_bs4096_seq8192_sw2k_v4_2048_muon_10T
10298,1.5418673753738403,,,,moe_67b_a2b_d2560_ep1_rep16_bs4096_seq8192_sw2k_v4_2048_muon_10T
10305,1.531872034072876,,,,moe_67b_a2b_d2560_ep1_rep16_bs4096_seq8192_sw2k_v4_2048_muon_10T
10306,1.5389413833618164,,,,moe_67b_a2b_d2560_ep1_rep16_bs4096_seq8192_sw2k_v4_2048_muon_10T
10310,1.5484412908554077,,,,moe_67b_a2b_d2560_ep1_rep16_bs4096_seq8192_sw2k_v4_2048_muon_10T
10325,1.5345298051834106,,,,moe_67b_a2b_d2560_ep1_rep16_bs4096_seq8192_sw2k_v4_2048_muon_10T
10342,1.5225354433059692,,,,moe_67b_a2b_d2560_ep1_rep16_bs4096_seq8192_sw2k_v4_2048_muon_10T
10347,1.5309882164001465,,,,moe_67b_a2b_d2560_ep1_rep16_bs4096_seq8192_sw2k_v4_2048_muon_10T
10364,1.5515884160995483,,,,moe_67b_a2b_d2560_ep1_rep16_bs4096_seq8192_sw2k_v4_2048_muon_10T
10371,1.5323580503463745,,,,moe_67b_a2b_d2560_ep1_rep16_bs4096_seq8192_sw2k_v4_2048_muon_10T
10374,1.5102717876434326,,,,moe_67b_a2b_d2560_ep1_rep16_bs4096_seq8192_sw2k_v4_2048_muon_10T
10384,1.529268741607666,,,,moe_67b_a2b_d2560_ep1_rep16_bs4096_seq8192_sw2k_v4_2048_muon_10T
10397,1.543784737586975,,,,moe_67b_a2b_d2560_ep1_rep16_bs4096_seq8192_sw2k_v4_2048_muon_10T
10417,1.547443151473999,,,,moe_67b_a2b_d2560_ep1_rep16_bs4096_seq8192_sw2k_v4_2048_muon_10T
10440,1.5298495292663574,,,,moe_67b_a2b_d2560_ep1_rep16_bs4096_seq8192_sw2k_v4_2048_muon_10T
10442,1.5238375663757324,,,,moe_67b_a2b_d2560_ep1_rep16_bs4096_seq8192_sw2k_v4_2048_muon_10T
10451,1.5453894138336182,,,,moe_67b_a2b_d2560_ep1_rep16_bs4096_seq8192_sw2k_v4_2048_muon_10T
10468,1.5455389022827148,,,,moe_67b_a2b_d2560_ep1_rep16_bs4096_seq8192_sw2k_v4_2048_muon_10T
10491,1.5322269201278687,,,,moe_67b_a2b_d2560_ep1_rep16_bs4096_seq8192_sw2k_v4_2048_muon_10T
10493,1.510108470916748,,,,moe_67b_a2b_d2560_ep1_rep16_bs4096_seq8192_sw2k_v4_2048_muon_10T
10517,1.5142879486083984,,,,moe_67b_a2b_d2560_ep1_rep16_bs4096_seq8192_sw2k_v4_2048_muon_10T
10518,1.532831072807312,,,,moe_67b_a2b_d2560_ep1_rep16_bs4096_seq8192_sw2k_v4_2048_muon_10T
10528,1.5427368879318237,,,,moe_67b_a2b_d2560_ep1_rep16_bs4096_seq8192_sw2k_v4_2048_muon_10T
10560,1.5264917612075806,,,,moe_67b_a2b_d2560_ep1_rep16_bs4096_seq8192_sw2k_v4_2048_muon_10T
10576,1.555372953414917,,,,moe_67b_a2b_d2560_ep1_rep16_bs4096_seq8192_sw2k_v4_2048_muon_10T
10633,1.5411080121994019,,,,moe_67b_a2b_d2560_ep1_rep16_bs4096_seq8192_sw2k_v4_2048_muon_10T
10635,1.5374298095703125,,,,moe_67b_a2b_d2560_ep1_rep16_bs4096_seq8192_sw2k_v4_2048_muon_10T
10644,1.5252883434295654,,,,moe_67b_a2b_d2560_ep1_rep16_bs4096_seq8192_sw2k_v4_2048_muon_10T
10655,1.5316364765167236,,,,moe_67b_a2b_d2560_ep1_rep16_bs4096_seq8192_sw2k_v4_2048_muon_10T
10664,1.5379291772842407,,,,moe_67b_a2b_d2560_ep1_rep16_bs4096_seq8192_sw2k_v4_2048_muon_10T
10669,1.5195367336273193,,,,moe_67b_a2b_d2560_ep1_rep16_bs4096_seq8192_sw2k_v4_2048_muon_10T
10673,1.5282396078109741,,,,moe_67b_a2b_d2560_ep1_rep16_bs4096_seq8192_sw2k_v4_2048_muon_10T
10707,1.5201125144958496,,,,moe_67b_a2b_d2560_ep1_rep16_bs4096_seq8192_sw2k_v4_2048_muon_10T
10741,1.511831283569336,,,,moe_67b_a2b_d2560_ep1_rep16_bs4096_seq8192_sw2k_v4_2048_muon_10T
10757,1.5398510694503784,,,,moe_67b_a2b_d2560_ep1_rep16_bs4096_seq8192_sw2k_v4_2048_muon_10T
10760,1.536952257156372,,,,moe_67b_a2b_d2560_ep1_rep16_bs4096_seq8192_sw2k_v4_2048_muon_10T
10778,1.5138392448425293,,,,moe_67b_a2b_d2560_ep1_rep16_bs4096_seq8192_sw2k_v4_2048_muon_10T
10782,1.5216639041900635,,,,moe_67b_a2b_d2560_ep1_rep16_bs4096_seq8192_sw2k_v4_2048_muon_10T
10784,1.536482810974121,,,,moe_67b_a2b_d2560_ep1_rep16_bs4096_seq8192_sw2k_v4_2048_muon_10T
10815,1.5345535278320312,,,,moe_67b_a2b_d2560_ep1_rep16_bs4096_seq8192_sw2k_v4_2048_muon_10T
10819,1.515605092048645,,,,moe_67b_a2b_d2560_ep1_rep16_bs4096_seq8192_sw2k_v4_2048_muon_10T
10835,1.5046287775039673,,,,moe_67b_a2b_d2560_ep1_rep16_bs4096_seq8192_sw2k_v4_2048_muon_10T
10853,1.5201234817504883,,,,moe_67b_a2b_d2560_ep1_rep16_bs4096_seq8192_sw2k_v4_2048_muon_10T
10858,1.54345703125,,,,moe_67b_a2b_d2560_ep1_rep16_bs4096_seq8192_sw2k_v4_2048_muon_10T
10859,1.5467240810394287,,,,moe_67b_a2b_d2560_ep1_rep16_bs4096_seq8192_sw2k_v4_2048_muon_10T
10870,1.5281528234481812,,,,moe_67b_a2b_d2560_ep1_rep16_bs4096_seq8192_sw2k_v4_2048_muon_10T
10872,1.536566138267517,,,,moe_67b_a2b_d2560_ep1_rep16_bs4096_seq8192_sw2k_v4_2048_muon_10T
10887,1.531481385231018,,,,moe_67b_a2b_d2560_ep1_rep16_bs4096_seq8192_sw2k_v4_2048_muon_10T
10897,1.5221017599105835,,,,moe_67b_a2b_d2560_ep1_rep16_bs4096_seq8192_sw2k_v4_2048_muon_10T
10910,1.5100138187408447,,,,moe_67b_a2b_d2560_ep1_rep16_bs4096_seq8192_sw2k_v4_2048_muon_10T
10923,1.5283738374710083,,,,moe_67b_a2b_d2560_ep1_rep16_bs4096_seq8192_sw2k_v4_2048_muon_10T
10928,1.546571135520935,,,,moe_67b_a2b_d2560_ep1_rep16_bs4096_seq8192_sw2k_v4_2048_muon_10T
10943,1.5055259466171265,,,,moe_67b_a2b_d2560_ep1_rep16_bs4096_seq8192_sw2k_v4_2048_muon_10T
10956,1.5386954545974731,,,,moe_67b_a2b_d2560_ep1_rep16_bs4096_seq8192_sw2k_v4_2048_muon_10T
10966,1.5157276391983032,,,,moe_67b_a2b_d2560_ep1_rep16_bs4096_seq8192_sw2k_v4_2048_muon_10T
10968,1.5433759689331055,,,,moe_67b_a2b_d2560_ep1_rep16_bs4096_seq8192_sw2k_v4_2048_muon_10T
10971,1.5409061908721924,,,,moe_67b_a2b_d2560_ep1_rep16_bs4096_seq8192_sw2k_v4_2048_muon_10T
10985,1.5478447675704956,,,,moe_67b_a2b_d2560_ep1_rep16_bs4096_seq8192_sw2k_v4_2048_muon_10T
10986,1.5448722839355469,,,,moe_67b_a2b_d2560_ep1_rep16_bs4096_seq8192_sw2k_v4_2048_muon_10T
10987,1.5232033729553223,,,,moe_67b_a2b_d2560_ep1_rep16_bs4096_seq8192_sw2k_v4_2048_muon_10T
11000,1.5218623876571655,,,,moe_67b_a2b_d2560_ep1_rep16_bs4096_seq8192_sw2k_v4_2048_muon_10T
11018,1.5272438526153564,,,,moe_67b_a2b_d2560_ep1_rep16_bs4096_seq8192_sw2k_v4_2048_muon_10T
11020,1.5310389995574951,,,,moe_67b_a2b_d2560_ep1_rep16_bs4096_seq8192_sw2k_v4_2048_muon_10T
11026,1.5365160703659058,,,,moe_67b_a2b_d2560_ep1_rep16_bs4096_seq8192_sw2k_v4_2048_muon_10T
11038,1.5292863845825195,,,,moe_67b_a2b_d2560_ep1_rep16_bs4096_seq8192_sw2k_v4_2048_muon_10T
11049,1.5167990922927856,,,,moe_67b_a2b_d2560_ep1_rep16_bs4096_seq8192_sw2k_v4_2048_muon_10T
11051,1.5352637767791748,,,,moe_67b_a2b_d2560_ep1_rep16_bs4096_seq8192_sw2k_v4_2048_muon_10T
11060,1.5154640674591064,,,,moe_67b_a2b_d2560_ep1_rep16_bs4096_seq8192_sw2k_v4_2048_muon_10T
11074,1.5273077487945557,,,,moe_67b_a2b_d2560_ep1_rep16_bs4096_seq8192_sw2k_v4_2048_muon_10T
11078,1.5442832708358765,,,,moe_67b_a2b_d2560_ep1_rep16_bs4096_seq8192_sw2k_v4_2048_muon_10T
11079,1.5326793193817139,,,,moe_67b_a2b_d2560_ep1_rep16_bs4096_seq8192_sw2k_v4_2048_muon_10T
11087,1.5429468154907227,,,,moe_67b_a2b_d2560_ep1_rep16_bs4096_seq8192_sw2k_v4_2048_muon_10T
11109,1.515899658203125,,,,moe_67b_a2b_d2560_ep1_rep16_bs4096_seq8192_sw2k_v4_2048_muon_10T
11111,1.5243641138076782,,,,moe_67b_a2b_d2560_ep1_rep16_bs4096_seq8192_sw2k_v4_2048_muon_10T
11117,1.5361069440841675,,,,moe_67b_a2b_d2560_ep1_rep16_bs4096_seq8192_sw2k_v4_2048_muon_10T
11121,1.518736481666565,,,,moe_67b_a2b_d2560_ep1_rep16_bs4096_seq8192_sw2k_v4_2048_muon_10T
11124,1.5164729356765747,,,,moe_67b_a2b_d2560_ep1_rep16_bs4096_seq8192_sw2k_v4_2048_muon_10T
11141,1.5239136219024658,,,,moe_67b_a2b_d2560_ep1_rep16_bs4096_seq8192_sw2k_v4_2048_muon_10T
11142,1.5154705047607422,,,,moe_67b_a2b_d2560_ep1_rep16_bs4096_seq8192_sw2k_v4_2048_muon_10T
11148,1.5322699546813965,,,,moe_67b_a2b_d2560_ep1_rep16_bs4096_seq8192_sw2k_v4_2048_muon_10T
11170,1.5379236936569214,,,,moe_67b_a2b_d2560_ep1_rep16_bs4096_seq8192_sw2k_v4_2048_muon_10T
11171,1.5366421937942505,,,,moe_67b_a2b_d2560_ep1_rep16_bs4096_seq8192_sw2k_v4_2048_muon_10T
11182,1.5325337648391724,,,,moe_67b_a2b_d2560_ep1_rep16_bs4096_seq8192_sw2k_v4_2048_muon_10T
11191,1.5189908742904663,,,,moe_67b_a2b_d2560_ep1_rep16_bs4096_seq8192_sw2k_v4_2048_muon_10T
11207,1.5361708402633667,,,,moe_67b_a2b_d2560_ep1_rep16_bs4096_seq8192_sw2k_v4_2048_muon_10T
11214,1.5306192636489868,,,,moe_67b_a2b_d2560_ep1_rep16_bs4096_seq8192_sw2k_v4_2048_muon_10T
11223,1.5224450826644897,,,,moe_67b_a2b_d2560_ep1_rep16_bs4096_seq8192_sw2k_v4_2048_muon_10T
11237,1.5258336067199707,,,,moe_67b_a2b_d2560_ep1_rep16_bs4096_seq8192_sw2k_v4_2048_muon_10T
11240,1.5207730531692505,,,,moe_67b_a2b_d2560_ep1_rep16_bs4096_seq8192_sw2k_v4_2048_muon_10T
11243,1.5377261638641357,,,,moe_67b_a2b_d2560_ep1_rep16_bs4096_seq8192_sw2k_v4_2048_muon_10T
11244,1.5290783643722534,,,,moe_67b_a2b_d2560_ep1_rep16_bs4096_seq8192_sw2k_v4_2048_muon_10T
11246,1.5480488538742065,,,,moe_67b_a2b_d2560_ep1_rep16_bs4096_seq8192_sw2k_v4_2048_muon_10T
11253,1.5552570819854736,,,,moe_67b_a2b_d2560_ep1_rep16_bs4096_seq8192_sw2k_v4_2048_muon_10T
11261,1.5308881998062134,,,,moe_67b_a2b_d2560_ep1_rep16_bs4096_seq8192_sw2k_v4_2048_muon_10T
11268,1.54456627368927,,,,moe_67b_a2b_d2560_ep1_rep16_bs4096_seq8192_sw2k_v4_2048_muon_10T
11279,1.5234224796295166,,,,moe_67b_a2b_d2560_ep1_rep16_bs4096_seq8192_sw2k_v4_2048_muon_10T
11288,1.5392742156982422,,,,moe_67b_a2b_d2560_ep1_rep16_bs4096_seq8192_sw2k_v4_2048_muon_10T
11299,1.5272022485733032,,,,moe_67b_a2b_d2560_ep1_rep16_bs4096_seq8192_sw2k_v4_2048_muon_10T
11300,1.516520380973816,,,,moe_67b_a2b_d2560_ep1_rep16_bs4096_seq8192_sw2k_v4_2048_muon_10T
11309,1.5182744264602661,,,,moe_67b_a2b_d2560_ep1_rep16_bs4096_seq8192_sw2k_v4_2048_muon_10T
11311,1.5307193994522095,,,,moe_67b_a2b_d2560_ep1_rep16_bs4096_seq8192_sw2k_v4_2048_muon_10T
11317,1.5251445770263672,,,,moe_67b_a2b_d2560_ep1_rep16_bs4096_seq8192_sw2k_v4_2048_muon_10T
11322,1.5304408073425293,,,,moe_67b_a2b_d2560_ep1_rep16_bs4096_seq8192_sw2k_v4_2048_muon_10T
11323,1.5518089532852173,,,,moe_67b_a2b_d2560_ep1_rep16_bs4096_seq8192_sw2k_v4_2048_muon_10T
11328,1.5136847496032715,,,,moe_67b_a2b_d2560_ep1_rep16_bs4096_seq8192_sw2k_v4_2048_muon_10T
11341,1.5218250751495361,,,,moe_67b_a2b_d2560_ep1_rep16_bs4096_seq8192_sw2k_v4_2048_muon_10T
11349,1.5289429426193237,,,,moe_67b_a2b_d2560_ep1_rep16_bs4096_seq8192_sw2k_v4_2048_muon_10T
11354,1.5447895526885986,,,,moe_67b_a2b_d2560_ep1_rep16_bs4096_seq8192_sw2k_v4_2048_muon_10T
11370,1.5315895080566406,,,,moe_67b_a2b_d2560_ep1_rep16_bs4096_seq8192_sw2k_v4_2048_muon_10T
11397,1.5453894138336182,,,,moe_67b_a2b_d2560_ep1_rep16_bs4096_seq8192_sw2k_v4_2048_muon_10T
11402,1.5176422595977783,,,,moe_67b_a2b_d2560_ep1_rep16_bs4096_seq8192_sw2k_v4_2048_muon_10T
11403,1.5489470958709717,,,,moe_67b_a2b_d2560_ep1_rep16_bs4096_seq8192_sw2k_v4_2048_muon_10T
11404,1.5278592109680176,,,,moe_67b_a2b_d2560_ep1_rep16_bs4096_seq8192_sw2k_v4_2048_muon_10T
11409,1.5246269702911377,,,,moe_67b_a2b_d2560_ep1_rep16_bs4096_seq8192_sw2k_v4_2048_muon_10T
11425,1.5147382020950317,,,,moe_67b_a2b_d2560_ep1_rep16_bs4096_seq8192_sw2k_v4_2048_muon_10T
11432,1.4951268434524536,,,,moe_67b_a2b_d2560_ep1_rep16_bs4096_seq8192_sw2k_v4_2048_muon_10T
11434,1.5396132469177246,,,,moe_67b_a2b_d2560_ep1_rep16_bs4096_seq8192_sw2k_v4_2048_muon_10T
11435,1.5208696126937866,,,,moe_67b_a2b_d2560_ep1_rep16_bs4096_seq8192_sw2k_v4_2048_muon_10T
11462,1.5563509464263916,,,,moe_67b_a2b_d2560_ep1_rep16_bs4096_seq8192_sw2k_v4_2048_muon_10T
11466,1.534316897392273,,,,moe_67b_a2b_d2560_ep1_rep16_bs4096_seq8192_sw2k_v4_2048_muon_10T
11467,1.5178194046020508,,,,moe_67b_a2b_d2560_ep1_rep16_bs4096_seq8192_sw2k_v4_2048_muon_10T
11471,1.5388247966766357,,,,moe_67b_a2b_d2560_ep1_rep16_bs4096_seq8192_sw2k_v4_2048_muon_10T
11474,1.5398954153060913,,,,moe_67b_a2b_d2560_ep1_rep16_bs4096_seq8192_sw2k_v4_2048_muon_10T
11477,1.528315544128418,,,,moe_67b_a2b_d2560_ep1_rep16_bs4096_seq8192_sw2k_v4_2048_muon_10T
11491,1.532417893409729,,,,moe_67b_a2b_d2560_ep1_rep16_bs4096_seq8192_sw2k_v4_2048_muon_10T
11508,1.5332984924316406,,,,moe_67b_a2b_d2560_ep1_rep16_bs4096_seq8192_sw2k_v4_2048_muon_10T
11523,1.5136784315109253,,,,moe_67b_a2b_d2560_ep1_rep16_bs4096_seq8192_sw2k_v4_2048_muon_10T
11525,1.5175511837005615,,,,moe_67b_a2b_d2560_ep1_rep16_bs4096_seq8192_sw2k_v4_2048_muon_10T
11527,1.504565954208374,,,,moe_67b_a2b_d2560_ep1_rep16_bs4096_seq8192_sw2k_v4_2048_muon_10T
11531,1.519464373588562,,,,moe_67b_a2b_d2560_ep1_rep16_bs4096_seq8192_sw2k_v4_2048_muon_10T
11546,1.5331168174743652,,,,moe_67b_a2b_d2560_ep1_rep16_bs4096_seq8192_sw2k_v4_2048_muon_10T
11554,1.501111388206482,,,,moe_67b_a2b_d2560_ep1_rep16_bs4096_seq8192_sw2k_v4_2048_muon_10T
11568,1.515128254890442,,,,moe_67b_a2b_d2560_ep1_rep16_bs4096_seq8192_sw2k_v4_2048_muon_10T
11583,1.509554147720337,,,,moe_67b_a2b_d2560_ep1_rep16_bs4096_seq8192_sw2k_v4_2048_muon_10T
11589,1.5125213861465454,,,,moe_67b_a2b_d2560_ep1_rep16_bs4096_seq8192_sw2k_v4_2048_muon_10T
11609,1.5501960515975952,,,,moe_67b_a2b_d2560_ep1_rep16_bs4096_seq8192_sw2k_v4_2048_muon_10T
11614,1.527586817741394,,,,moe_67b_a2b_d2560_ep1_rep16_bs4096_seq8192_sw2k_v4_2048_muon_10T
11621,1.5206562280654907,,,,moe_67b_a2b_d2560_ep1_rep16_bs4096_seq8192_sw2k_v4_2048_muon_10T
11622,1.5325875282287598,,,,moe_67b_a2b_d2560_ep1_rep16_bs4096_seq8192_sw2k_v4_2048_muon_10T
11631,1.5103453397750854,,,,moe_67b_a2b_d2560_ep1_rep16_bs4096_seq8192_sw2k_v4_2048_muon_10T
11636,1.5319324731826782,,,,moe_67b_a2b_d2560_ep1_rep16_bs4096_seq8192_sw2k_v4_2048_muon_10T
11643,1.5233863592147827,,,,moe_67b_a2b_d2560_ep1_rep16_bs4096_seq8192_sw2k_v4_2048_muon_10T
11657,1.5157697200775146,,,,moe_67b_a2b_d2560_ep1_rep16_bs4096_seq8192_sw2k_v4_2048_muon_10T
11658,1.5275516510009766,,,,moe_67b_a2b_d2560_ep1_rep16_bs4096_seq8192_sw2k_v4_2048_muon_10T
11666,1.5156270265579224,,,,moe_67b_a2b_d2560_ep1_rep16_bs4096_seq8192_sw2k_v4_2048_muon_10T
11681,1.528732419013977,,,,moe_67b_a2b_d2560_ep1_rep16_bs4096_seq8192_sw2k_v4_2048_muon_10T
11686,1.508143663406372,,,,moe_67b_a2b_d2560_ep1_rep16_bs4096_seq8192_sw2k_v4_2048_muon_10T
11690,1.5142533779144287,,,,moe_67b_a2b_d2560_ep1_rep16_bs4096_seq8192_sw2k_v4_2048_muon_10T
11705,1.512361764907837,,,,moe_67b_a2b_d2560_ep1_rep16_bs4096_seq8192_sw2k_v4_2048_muon_10T
11711,1.5201976299285889,,,,moe_67b_a2b_d2560_ep1_rep16_bs4096_seq8192_sw2k_v4_2048_muon_10T
11718,1.5372612476348877,,,,moe_67b_a2b_d2560_ep1_rep16_bs4096_seq8192_sw2k_v4_2048_muon_10T
11721,1.5076805353164673,,,,moe_67b_a2b_d2560_ep1_rep16_bs4096_seq8192_sw2k_v4_2048_muon_10T
11767,1.4941478967666626,,,,moe_67b_a2b_d2560_ep1_rep16_bs4096_seq8192_sw2k_v4_2048_muon_10T
11775,1.525970697402954,,,,moe_67b_a2b_d2560_ep1_rep16_bs4096_seq8192_sw2k_v4_2048_muon_10T
11794,1.5202358961105347,,,,moe_67b_a2b_d2560_ep1_rep16_bs4096_seq8192_sw2k_v4_2048_muon_10T
11800,1.5152374505996704,,,,moe_67b_a2b_d2560_ep1_rep16_bs4096_seq8192_sw2k_v4_2048_muon_10T
11802,1.5324963331222534,,,,moe_67b_a2b_d2560_ep1_rep16_bs4096_seq8192_sw2k_v4_2048_muon_10T
11804,1.5495866537094116,,,,moe_67b_a2b_d2560_ep1_rep16_bs4096_seq8192_sw2k_v4_2048_muon_10T
11815,1.518356442451477,,,,moe_67b_a2b_d2560_ep1_rep16_bs4096_seq8192_sw2k_v4_2048_muon_10T
11817,1.5167127847671509,,,,moe_67b_a2b_d2560_ep1_rep16_bs4096_seq8192_sw2k_v4_2048_muon_10T
11830,1.5064270496368408,,,,moe_67b_a2b_d2560_ep1_rep16_bs4096_seq8192_sw2k_v4_2048_muon_10T
11831,1.5396573543548584,,,,moe_67b_a2b_d2560_ep1_rep16_bs4096_seq8192_sw2k_v4_2048_muon_10T
11835,1.5027025938034058,,,,moe_67b_a2b_d2560_ep1_rep16_bs4096_seq8192_sw2k_v4_2048_muon_10T
11846,1.5143063068389893,,,,moe_67b_a2b_d2560_ep1_rep16_bs4096_seq8192_sw2k_v4_2048_muon_10T
11853,1.529634714126587,,,,moe_67b_a2b_d2560_ep1_rep16_bs4096_seq8192_sw2k_v4_2048_muon_10T
11860,1.5379823446273804,,,,moe_67b_a2b_d2560_ep1_rep16_bs4096_seq8192_sw2k_v4_2048_muon_10T
11861,1.5224748849868774,,,,moe_67b_a2b_d2560_ep1_rep16_bs4096_seq8192_sw2k_v4_2048_muon_10T
11865,1.5148316621780396,,,,moe_67b_a2b_d2560_ep1_rep16_bs4096_seq8192_sw2k_v4_2048_muon_10T
11883,1.5355275869369507,,,,moe_67b_a2b_d2560_ep1_rep16_bs4096_seq8192_sw2k_v4_2048_muon_10T
11888,1.5122385025024414,,,,moe_67b_a2b_d2560_ep1_rep16_bs4096_seq8192_sw2k_v4_2048_muon_10T
11899,1.5181233882904053,,,,moe_67b_a2b_d2560_ep1_rep16_bs4096_seq8192_sw2k_v4_2048_muon_10T
11913,1.5135821104049683,,,,moe_67b_a2b_d2560_ep1_rep16_bs4096_seq8192_sw2k_v4_2048_muon_10T
11920,1.521936058998108,,,,moe_67b_a2b_d2560_ep1_rep16_bs4096_seq8192_sw2k_v4_2048_muon_10T
11932,1.5434489250183105,,,,moe_67b_a2b_d2560_ep1_rep16_bs4096_seq8192_sw2k_v4_2048_muon_10T
11936,1.5281168222427368,,,,moe_67b_a2b_d2560_ep1_rep16_bs4096_seq8192_sw2k_v4_2048_muon_10T
11954,1.5159356594085693,,,,moe_67b_a2b_d2560_ep1_rep16_bs4096_seq8192_sw2k_v4_2048_muon_10T
11956,1.525958776473999,,,,moe_67b_a2b_d2560_ep1_rep16_bs4096_seq8192_sw2k_v4_2048_muon_10T
11963,1.4986522197723389,,,,moe_67b_a2b_d2560_ep1_rep16_bs4096_seq8192_sw2k_v4_2048_muon_10T
12000,,2.5900182723999023,2.1991546154022217,2.3478713035583496,moe_67b_a2b_d2560_ep1_rep16_bs4096_seq8192_sw2k_v4_2048_muon_10T
12007,1.5246080160140991,,,,moe_67b_a2b_d2560_ep1_rep16_bs4096_seq8192_sw2k_v4_2048_muon_10T
12009,1.5091897249221802,,,,moe_67b_a2b_d2560_ep1_rep16_bs4096_seq8192_sw2k_v4_2048_muon_10T
12025,1.5277855396270752,,,,moe_67b_a2b_d2560_ep1_rep16_bs4096_seq8192_sw2k_v4_2048_muon_10T
12049,1.514291524887085,,,,moe_67b_a2b_d2560_ep1_rep16_bs4096_seq8192_sw2k_v4_2048_muon_10T
12050,1.509934902191162,,,,moe_67b_a2b_d2560_ep1_rep16_bs4096_seq8192_sw2k_v4_2048_muon_10T
12051,1.5089064836502075,,,,moe_67b_a2b_d2560_ep1_rep16_bs4096_seq8192_sw2k_v4_2048_muon_10T
12053,1.5074316263198853,,,,moe_67b_a2b_d2560_ep1_rep16_bs4096_seq8192_sw2k_v4_2048_muon_10T
12066,1.5349884033203125,,,,moe_67b_a2b_d2560_ep1_rep16_bs4096_seq8192_sw2k_v4_2048_muon_10T
12077,1.5172779560089111,,,,moe_67b_a2b_d2560_ep1_rep16_bs4096_seq8192_sw2k_v4_2048_muon_10T
12099,1.5257790088653564,,,,moe_67b_a2b_d2560_ep1_rep16_bs4096_seq8192_sw2k_v4_2048_muon_10T
12108,1.5307918787002563,,,,moe_67b_a2b_d2560_ep1_rep16_bs4096_seq8192_sw2k_v4_2048_muon_10T
12116,1.5279513597488403,,,,moe_67b_a2b_d2560_ep1_rep16_bs4096_seq8192_sw2k_v4_2048_muon_10T
12130,1.521630883216858,,,,moe_67b_a2b_d2560_ep1_rep16_bs4096_seq8192_sw2k_v4_2048_muon_10T
12145,1.5367082357406616,,,,moe_67b_a2b_d2560_ep1_rep16_bs4096_seq8192_sw2k_v4_2048_muon_10T
12149,1.5379434823989868,,,,moe_67b_a2b_d2560_ep1_rep16_bs4096_seq8192_sw2k_v4_2048_muon_10T
12172,1.536399245262146,,,,moe_67b_a2b_d2560_ep1_rep16_bs4096_seq8192_sw2k_v4_2048_muon_10T
12251,1.5386797189712524,,,,moe_67b_a2b_d2560_ep1_rep16_bs4096_seq8192_sw2k_v4_2048_muon_10T
12253,1.486619472503662,,,,moe_67b_a2b_d2560_ep1_rep16_bs4096_seq8192_sw2k_v4_2048_muon_10T
12277,1.4997183084487915,,,,moe_67b_a2b_d2560_ep1_rep16_bs4096_seq8192_sw2k_v4_2048_muon_10T
12278,1.5296049118041992,,,,moe_67b_a2b_d2560_ep1_rep16_bs4096_seq8192_sw2k_v4_2048_muon_10T
12293,1.5308903455734253,,,,moe_67b_a2b_d2560_ep1_rep16_bs4096_seq8192_sw2k_v4_2048_muon_10T
12294,1.5216169357299805,,,,moe_67b_a2b_d2560_ep1_rep16_bs4096_seq8192_sw2k_v4_2048_muon_10T
12311,1.536523461341858,,,,moe_67b_a2b_d2560_ep1_rep16_bs4096_seq8192_sw2k_v4_2048_muon_10T
12313,1.536206603050232,,,,moe_67b_a2b_d2560_ep1_rep16_bs4096_seq8192_sw2k_v4_2048_muon_10T
12325,1.5086421966552734,,,,moe_67b_a2b_d2560_ep1_rep16_bs4096_seq8192_sw2k_v4_2048_muon_10T
12331,1.5242607593536377,,,,moe_67b_a2b_d2560_ep1_rep16_bs4096_seq8192_sw2k_v4_2048_muon_10T
12340,1.501767873764038,,,,moe_67b_a2b_d2560_ep1_rep16_bs4096_seq8192_sw2k_v4_2048_muon_10T
12347,1.5474140644073486,,,,moe_67b_a2b_d2560_ep1_rep16_bs4096_seq8192_sw2k_v4_2048_muon_10T
12348,1.5109819173812866,,,,moe_67b_a2b_d2560_ep1_rep16_bs4096_seq8192_sw2k_v4_2048_muon_10T
12349,1.518796682357788,,,,moe_67b_a2b_d2560_ep1_rep16_bs4096_seq8192_sw2k_v4_2048_muon_10T
12358,1.5233386754989624,,,,moe_67b_a2b_d2560_ep1_rep16_bs4096_seq8192_sw2k_v4_2048_muon_10T
12366,1.5119798183441162,,,,moe_67b_a2b_d2560_ep1_rep16_bs4096_seq8192_sw2k_v4_2048_muon_10T
12369,1.5366524457931519,,,,moe_67b_a2b_d2560_ep1_rep16_bs4096_seq8192_sw2k_v4_2048_muon_10T
12371,1.5188794136047363,,,,moe_67b_a2b_d2560_ep1_rep16_bs4096_seq8192_sw2k_v4_2048_muon_10T
12379,1.500881552696228,,,,moe_67b_a2b_d2560_ep1_rep16_bs4096_seq8192_sw2k_v4_2048_muon_10T
12394,1.5517576932907104,,,,moe_67b_a2b_d2560_ep1_rep16_bs4096_seq8192_sw2k_v4_2048_muon_10T
12406,1.5100446939468384,,,,moe_67b_a2b_d2560_ep1_rep16_bs4096_seq8192_sw2k_v4_2048_muon_10T
12448,1.533301830291748,,,,moe_67b_a2b_d2560_ep1_rep16_bs4096_seq8192_sw2k_v4_2048_muon_10T
12459,1.5126456022262573,,,,moe_67b_a2b_d2560_ep1_rep16_bs4096_seq8192_sw2k_v4_2048_muon_10T
12460,1.5144895315170288,,,,moe_67b_a2b_d2560_ep1_rep16_bs4096_seq8192_sw2k_v4_2048_muon_10T
12467,1.5140557289123535,,,,moe_67b_a2b_d2560_ep1_rep16_bs4096_seq8192_sw2k_v4_2048_muon_10T
12475,1.5177524089813232,,,,moe_67b_a2b_d2560_ep1_rep16_bs4096_seq8192_sw2k_v4_2048_muon_10T
12479,1.5317987203598022,,,,moe_67b_a2b_d2560_ep1_rep16_bs4096_seq8192_sw2k_v4_2048_muon_10T
12482,1.5353338718414307,,,,moe_67b_a2b_d2560_ep1_rep16_bs4096_seq8192_sw2k_v4_2048_muon_10T
12484,1.5391641855239868,,,,moe_67b_a2b_d2560_ep1_rep16_bs4096_seq8192_sw2k_v4_2048_muon_10T
12527,1.5312271118164062,,,,moe_67b_a2b_d2560_ep1_rep16_bs4096_seq8192_sw2k_v4_2048_muon_10T
12536,1.5414737462997437,,,,moe_67b_a2b_d2560_ep1_rep16_bs4096_seq8192_sw2k_v4_2048_muon_10T
12542,1.5381618738174438,,,,moe_67b_a2b_d2560_ep1_rep16_bs4096_seq8192_sw2k_v4_2048_muon_10T
12554,1.5095455646514893,,,,moe_67b_a2b_d2560_ep1_rep16_bs4096_seq8192_sw2k_v4_2048_muon_10T
12575,1.5410898923873901,,,,moe_67b_a2b_d2560_ep1_rep16_bs4096_seq8192_sw2k_v4_2048_muon_10T
12580,1.5269368886947632,,,,moe_67b_a2b_d2560_ep1_rep16_bs4096_seq8192_sw2k_v4_2048_muon_10T
12585,1.5156413316726685,,,,moe_67b_a2b_d2560_ep1_rep16_bs4096_seq8192_sw2k_v4_2048_muon_10T
12589,1.5199809074401855,,,,moe_67b_a2b_d2560_ep1_rep16_bs4096_seq8192_sw2k_v4_2048_muon_10T
12595,1.534173607826233,,,,moe_67b_a2b_d2560_ep1_rep16_bs4096_seq8192_sw2k_v4_2048_muon_10T
12598,1.5017211437225342,,,,moe_67b_a2b_d2560_ep1_rep16_bs4096_seq8192_sw2k_v4_2048_muon_10T
12599,1.5212469100952148,,,,moe_67b_a2b_d2560_ep1_rep16_bs4096_seq8192_sw2k_v4_2048_muon_10T
12612,1.5276317596435547,,,,moe_67b_a2b_d2560_ep1_rep16_bs4096_seq8192_sw2k_v4_2048_muon_10T
12625,1.5314912796020508,,,,moe_67b_a2b_d2560_ep1_rep16_bs4096_seq8192_sw2k_v4_2048_muon_10T
12660,1.5207113027572632,,,,moe_67b_a2b_d2560_ep1_rep16_bs4096_seq8192_sw2k_v4_2048_muon_10T
12662,1.5218799114227295,,,,moe_67b_a2b_d2560_ep1_rep16_bs4096_seq8192_sw2k_v4_2048_muon_10T
12685,1.5462614297866821,,,,moe_67b_a2b_d2560_ep1_rep16_bs4096_seq8192_sw2k_v4_2048_muon_10T
12692,1.505858063697815,,,,moe_67b_a2b_d2560_ep1_rep16_bs4096_seq8192_sw2k_v4_2048_muon_10T
12704,1.5496833324432373,,,,moe_67b_a2b_d2560_ep1_rep16_bs4096_seq8192_sw2k_v4_2048_muon_10T
12705,1.5004098415374756,,,,moe_67b_a2b_d2560_ep1_rep16_bs4096_seq8192_sw2k_v4_2048_muon_10T
12755,1.53667414188385,,,,moe_67b_a2b_d2560_ep1_rep16_bs4096_seq8192_sw2k_v4_2048_muon_10T
12776,1.5425238609313965,,,,moe_67b_a2b_d2560_ep1_rep16_bs4096_seq8192_sw2k_v4_2048_muon_10T
12794,1.5144296884536743,,,,moe_67b_a2b_d2560_ep1_rep16_bs4096_seq8192_sw2k_v4_2048_muon_10T
12797,1.5249509811401367,,,,moe_67b_a2b_d2560_ep1_rep16_bs4096_seq8192_sw2k_v4_2048_muon_10T
12802,1.5011866092681885,,,,moe_67b_a2b_d2560_ep1_rep16_bs4096_seq8192_sw2k_v4_2048_muon_10T
12807,1.5146610736846924,,,,moe_67b_a2b_d2560_ep1_rep16_bs4096_seq8192_sw2k_v4_2048_muon_10T
12829,1.5340420007705688,,,,moe_67b_a2b_d2560_ep1_rep16_bs4096_seq8192_sw2k_v4_2048_muon_10T
12835,1.5380462408065796,,,,moe_67b_a2b_d2560_ep1_rep16_bs4096_seq8192_sw2k_v4_2048_muon_10T
12838,1.5272518396377563,,,,moe_67b_a2b_d2560_ep1_rep16_bs4096_seq8192_sw2k_v4_2048_muon_10T
12841,1.5122623443603516,,,,moe_67b_a2b_d2560_ep1_rep16_bs4096_seq8192_sw2k_v4_2048_muon_10T
12847,1.5194947719573975,,,,moe_67b_a2b_d2560_ep1_rep16_bs4096_seq8192_sw2k_v4_2048_muon_10T
12875,1.526672124862671,,,,moe_67b_a2b_d2560_ep1_rep16_bs4096_seq8192_sw2k_v4_2048_muon_10T
12878,1.5051279067993164,,,,moe_67b_a2b_d2560_ep1_rep16_bs4096_seq8192_sw2k_v4_2048_muon_10T
12895,1.516324758529663,,,,moe_67b_a2b_d2560_ep1_rep16_bs4096_seq8192_sw2k_v4_2048_muon_10T
12896,1.5104517936706543,,,,moe_67b_a2b_d2560_ep1_rep16_bs4096_seq8192_sw2k_v4_2048_muon_10T
12912,1.528253197669983,,,,moe_67b_a2b_d2560_ep1_rep16_bs4096_seq8192_sw2k_v4_2048_muon_10T
12914,1.5063719749450684,,,,moe_67b_a2b_d2560_ep1_rep16_bs4096_seq8192_sw2k_v4_2048_muon_10T
12924,1.513161540031433,,,,moe_67b_a2b_d2560_ep1_rep16_bs4096_seq8192_sw2k_v4_2048_muon_10T
12965,1.5043752193450928,,,,moe_67b_a2b_d2560_ep1_rep16_bs4096_seq8192_sw2k_v4_2048_muon_10T
12968,1.5230005979537964,,,,moe_67b_a2b_d2560_ep1_rep16_bs4096_seq8192_sw2k_v4_2048_muon_10T
12977,1.523613691329956,,,,moe_67b_a2b_d2560_ep1_rep16_bs4096_seq8192_sw2k_v4_2048_muon_10T
12986,1.5227035284042358,,,,moe_67b_a2b_d2560_ep1_rep16_bs4096_seq8192_sw2k_v4_2048_muon_10T
12991,1.5301011800765991,,,,moe_67b_a2b_d2560_ep1_rep16_bs4096_seq8192_sw2k_v4_2048_muon_10T
12992,1.5243932008743286,,,,moe_67b_a2b_d2560_ep1_rep16_bs4096_seq8192_sw2k_v4_2048_muon_10T
13001,1.4965496063232422,,,,moe_67b_a2b_d2560_ep1_rep16_bs4096_seq8192_sw2k_v4_2048_muon_10T
13005,1.5493310689926147,,,,moe_67b_a2b_d2560_ep1_rep16_bs4096_seq8192_sw2k_v4_2048_muon_10T
13015,1.5273197889328003,,,,moe_67b_a2b_d2560_ep1_rep16_bs4096_seq8192_sw2k_v4_2048_muon_10T
13022,1.5190863609313965,,,,moe_67b_a2b_d2560_ep1_rep16_bs4096_seq8192_sw2k_v4_2048_muon_10T
13023,1.5087274312973022,,,,moe_67b_a2b_d2560_ep1_rep16_bs4096_seq8192_sw2k_v4_2048_muon_10T
13026,1.528172254562378,,,,moe_67b_a2b_d2560_ep1_rep16_bs4096_seq8192_sw2k_v4_2048_muon_10T
13035,1.5341750383377075,,,,moe_67b_a2b_d2560_ep1_rep16_bs4096_seq8192_sw2k_v4_2048_muon_10T
13036,1.514952301979065,,,,moe_67b_a2b_d2560_ep1_rep16_bs4096_seq8192_sw2k_v4_2048_muon_10T
13043,1.5113506317138672,,,,moe_67b_a2b_d2560_ep1_rep16_bs4096_seq8192_sw2k_v4_2048_muon_10T
13047,1.5215301513671875,,,,moe_67b_a2b_d2560_ep1_rep16_bs4096_seq8192_sw2k_v4_2048_muon_10T
13055,1.5359448194503784,,,,moe_67b_a2b_d2560_ep1_rep16_bs4096_seq8192_sw2k_v4_2048_muon_10T
13082,1.5136163234710693,,,,moe_67b_a2b_d2560_ep1_rep16_bs4096_seq8192_sw2k_v4_2048_muon_10T
13089,1.502801775932312,,,,moe_67b_a2b_d2560_ep1_rep16_bs4096_seq8192_sw2k_v4_2048_muon_10T
13101,1.5120313167572021,,,,moe_67b_a2b_d2560_ep1_rep16_bs4096_seq8192_sw2k_v4_2048_muon_10T
13104,1.5331724882125854,,,,moe_67b_a2b_d2560_ep1_rep16_bs4096_seq8192_sw2k_v4_2048_muon_10T
13155,1.5058813095092773,,,,moe_67b_a2b_d2560_ep1_rep16_bs4096_seq8192_sw2k_v4_2048_muon_10T
13181,1.4987784624099731,,,,moe_67b_a2b_d2560_ep1_rep16_bs4096_seq8192_sw2k_v4_2048_muon_10T
13183,1.4725148677825928,,,,moe_67b_a2b_d2560_ep1_rep16_bs4096_seq8192_sw2k_v4_2048_muon_10T
13214,1.5192701816558838,,,,moe_67b_a2b_d2560_ep1_rep16_bs4096_seq8192_sw2k_v4_2048_muon_10T
13219,1.5113929510116577,,,,moe_67b_a2b_d2560_ep1_rep16_bs4096_seq8192_sw2k_v4_2048_muon_10T
13233,1.496438980102539,,,,moe_67b_a2b_d2560_ep1_rep16_bs4096_seq8192_sw2k_v4_2048_muon_10T
13243,1.5104628801345825,,,,moe_67b_a2b_d2560_ep1_rep16_bs4096_seq8192_sw2k_v4_2048_muon_10T
13245,1.502187967300415,,,,moe_67b_a2b_d2560_ep1_rep16_bs4096_seq8192_sw2k_v4_2048_muon_10T
13249,1.4960646629333496,,,,moe_67b_a2b_d2560_ep1_rep16_bs4096_seq8192_sw2k_v4_2048_muon_10T
13263,1.5070973634719849,,,,moe_67b_a2b_d2560_ep1_rep16_bs4096_seq8192_sw2k_v4_2048_muon_10T
13265,1.5053671598434448,,,,moe_67b_a2b_d2560_ep1_rep16_bs4096_seq8192_sw2k_v4_2048_muon_10T
13270,1.5172559022903442,,,,moe_67b_a2b_d2560_ep1_rep16_bs4096_seq8192_sw2k_v4_2048_muon_10T
13282,1.5220094919204712,,,,moe_67b_a2b_d2560_ep1_rep16_bs4096_seq8192_sw2k_v4_2048_muon_10T
13313,1.5011800527572632,,,,moe_67b_a2b_d2560_ep1_rep16_bs4096_seq8192_sw2k_v4_2048_muon_10T
13327,1.5013006925582886,,,,moe_67b_a2b_d2560_ep1_rep16_bs4096_seq8192_sw2k_v4_2048_muon_10T
13334,1.5023715496063232,,,,moe_67b_a2b_d2560_ep1_rep16_bs4096_seq8192_sw2k_v4_2048_muon_10T
13355,1.4969559907913208,,,,moe_67b_a2b_d2560_ep1_rep16_bs4096_seq8192_sw2k_v4_2048_muon_10T
13360,1.5110093355178833,,,,moe_67b_a2b_d2560_ep1_rep16_bs4096_seq8192_sw2k_v4_2048_muon_10T
13361,1.505149483680725,,,,moe_67b_a2b_d2560_ep1_rep16_bs4096_seq8192_sw2k_v4_2048_muon_10T
13383,1.5019111633300781,,,,moe_67b_a2b_d2560_ep1_rep16_bs4096_seq8192_sw2k_v4_2048_muon_10T
13385,1.5159257650375366,,,,moe_67b_a2b_d2560_ep1_rep16_bs4096_seq8192_sw2k_v4_2048_muon_10T
13389,1.4967827796936035,,,,moe_67b_a2b_d2560_ep1_rep16_bs4096_seq8192_sw2k_v4_2048_muon_10T
13391,1.5227466821670532,,,,moe_67b_a2b_d2560_ep1_rep16_bs4096_seq8192_sw2k_v4_2048_muon_10T
13398,1.5089895725250244,,,,moe_67b_a2b_d2560_ep1_rep16_bs4096_seq8192_sw2k_v4_2048_muon_10T
13401,1.5118438005447388,,,,moe_67b_a2b_d2560_ep1_rep16_bs4096_seq8192_sw2k_v4_2048_muon_10T
13412,1.5338798761367798,,,,moe_67b_a2b_d2560_ep1_rep16_bs4096_seq8192_sw2k_v4_2048_muon_10T
13424,1.5191400051116943,,,,moe_67b_a2b_d2560_ep1_rep16_bs4096_seq8192_sw2k_v4_2048_muon_10T
13464,1.514144778251648,,,,moe_67b_a2b_d2560_ep1_rep16_bs4096_seq8192_sw2k_v4_2048_muon_10T
13468,1.5139033794403076,,,,moe_67b_a2b_d2560_ep1_rep16_bs4096_seq8192_sw2k_v4_2048_muon_10T
13476,1.5009905099868774,,,,moe_67b_a2b_d2560_ep1_rep16_bs4096_seq8192_sw2k_v4_2048_muon_10T
13490,1.517929196357727,,,,moe_67b_a2b_d2560_ep1_rep16_bs4096_seq8192_sw2k_v4_2048_muon_10T
13497,1.5049118995666504,,,,moe_67b_a2b_d2560_ep1_rep16_bs4096_seq8192_sw2k_v4_2048_muon_10T
13498,1.4947304725646973,,,,moe_67b_a2b_d2560_ep1_rep16_bs4096_seq8192_sw2k_v4_2048_muon_10T
13549,1.483803391456604,,,,moe_67b_a2b_d2560_ep1_rep16_bs4096_seq8192_sw2k_v4_2048_muon_10T
13561,1.5036120414733887,,,,moe_67b_a2b_d2560_ep1_rep16_bs4096_seq8192_sw2k_v4_2048_muon_10T
13575,1.5149643421173096,,,,moe_67b_a2b_d2560_ep1_rep16_bs4096_seq8192_sw2k_v4_2048_muon_10T
13577,1.533555269241333,,,,moe_67b_a2b_d2560_ep1_rep16_bs4096_seq8192_sw2k_v4_2048_muon_10T
13585,1.5247629880905151,,,,moe_67b_a2b_d2560_ep1_rep16_bs4096_seq8192_sw2k_v4_2048_muon_10T
13590,1.505104660987854,,,,moe_67b_a2b_d2560_ep1_rep16_bs4096_seq8192_sw2k_v4_2048_muon_10T
13597,1.4952551126480103,,,,moe_67b_a2b_d2560_ep1_rep16_bs4096_seq8192_sw2k_v4_2048_muon_10T
13607,1.5178582668304443,,,,moe_67b_a2b_d2560_ep1_rep16_bs4096_seq8192_sw2k_v4_2048_muon_10T
13622,1.510860800743103,,,,moe_67b_a2b_d2560_ep1_rep16_bs4096_seq8192_sw2k_v4_2048_muon_10T
13628,1.5031226873397827,,,,moe_67b_a2b_d2560_ep1_rep16_bs4096_seq8192_sw2k_v4_2048_muon_10T
13637,1.5203860998153687,,,,moe_67b_a2b_d2560_ep1_rep16_bs4096_seq8192_sw2k_v4_2048_muon_10T
13638,1.5114611387252808,,,,moe_67b_a2b_d2560_ep1_rep16_bs4096_seq8192_sw2k_v4_2048_muon_10T
13648,1.5289303064346313,,,,moe_67b_a2b_d2560_ep1_rep16_bs4096_seq8192_sw2k_v4_2048_muon_10T
13651,1.5134179592132568,,,,moe_67b_a2b_d2560_ep1_rep16_bs4096_seq8192_sw2k_v4_2048_muon_10T
13664,1.5078403949737549,,,,moe_67b_a2b_d2560_ep1_rep16_bs4096_seq8192_sw2k_v4_2048_muon_10T
13697,1.5226370096206665,,,,moe_67b_a2b_d2560_ep1_rep16_bs4096_seq8192_sw2k_v4_2048_muon_10T
13699,1.5072383880615234,,,,moe_67b_a2b_d2560_ep1_rep16_bs4096_seq8192_sw2k_v4_2048_muon_10T
13708,1.5044864416122437,,,,moe_67b_a2b_d2560_ep1_rep16_bs4096_seq8192_sw2k_v4_2048_muon_10T
13723,1.5112115144729614,,,,moe_67b_a2b_d2560_ep1_rep16_bs4096_seq8192_sw2k_v4_2048_muon_10T
13724,1.504888892173767,,,,moe_67b_a2b_d2560_ep1_rep16_bs4096_seq8192_sw2k_v4_2048_muon_10T
13728,1.4946002960205078,,,,moe_67b_a2b_d2560_ep1_rep16_bs4096_seq8192_sw2k_v4_2048_muon_10T
13740,1.5182439088821411,,,,moe_67b_a2b_d2560_ep1_rep16_bs4096_seq8192_sw2k_v4_2048_muon_10T
13750,1.5100078582763672,,,,moe_67b_a2b_d2560_ep1_rep16_bs4096_seq8192_sw2k_v4_2048_muon_10T
13783,1.484316110610962,,,,moe_67b_a2b_d2560_ep1_rep16_bs4096_seq8192_sw2k_v4_2048_muon_10T
13792,1.4963295459747314,,,,moe_67b_a2b_d2560_ep1_rep16_bs4096_seq8192_sw2k_v4_2048_muon_10T
13807,1.5204511880874634,,,,moe_67b_a2b_d2560_ep1_rep16_bs4096_seq8192_sw2k_v4_2048_muon_10T
13814,1.494098424911499,,,,moe_67b_a2b_d2560_ep1_rep16_bs4096_seq8192_sw2k_v4_2048_muon_10T
13834,1.493648886680603,,,,moe_67b_a2b_d2560_ep1_rep16_bs4096_seq8192_sw2k_v4_2048_muon_10T
13842,1.508476972579956,,,,moe_67b_a2b_d2560_ep1_rep16_bs4096_seq8192_sw2k_v4_2048_muon_10T
13846,1.5042229890823364,,,,moe_67b_a2b_d2560_ep1_rep16_bs4096_seq8192_sw2k_v4_2048_muon_10T
13853,1.5165879726409912,,,,moe_67b_a2b_d2560_ep1_rep16_bs4096_seq8192_sw2k_v4_2048_muon_10T
13855,1.523590326309204,,,,moe_67b_a2b_d2560_ep1_rep16_bs4096_seq8192_sw2k_v4_2048_muon_10T
13883,1.523458480834961,,,,moe_67b_a2b_d2560_ep1_rep16_bs4096_seq8192_sw2k_v4_2048_muon_10T
13885,1.5013798475265503,,,,moe_67b_a2b_d2560_ep1_rep16_bs4096_seq8192_sw2k_v4_2048_muon_10T
13886,1.528568148612976,,,,moe_67b_a2b_d2560_ep1_rep16_bs4096_seq8192_sw2k_v4_2048_muon_10T
13888,1.494398832321167,,,,moe_67b_a2b_d2560_ep1_rep16_bs4096_seq8192_sw2k_v4_2048_muon_10T
13892,1.5277142524719238,,,,moe_67b_a2b_d2560_ep1_rep16_bs4096_seq8192_sw2k_v4_2048_muon_10T
13928,1.5178449153900146,,,,moe_67b_a2b_d2560_ep1_rep16_bs4096_seq8192_sw2k_v4_2048_muon_10T
13959,1.5043104887008667,,,,moe_67b_a2b_d2560_ep1_rep16_bs4096_seq8192_sw2k_v4_2048_muon_10T
13977,1.5263726711273193,,,,moe_67b_a2b_d2560_ep1_rep16_bs4096_seq8192_sw2k_v4_2048_muon_10T
13982,1.5073546171188354,,,,moe_67b_a2b_d2560_ep1_rep16_bs4096_seq8192_sw2k_v4_2048_muon_10T
13992,1.504689335823059,,,,moe_67b_a2b_d2560_ep1_rep16_bs4096_seq8192_sw2k_v4_2048_muon_10T
13996,1.519875407218933,,,,moe_67b_a2b_d2560_ep1_rep16_bs4096_seq8192_sw2k_v4_2048_muon_10T
14006,1.4993849992752075,,,,moe_67b_a2b_d2560_ep1_rep16_bs4096_seq8192_sw2k_v4_2048_muon_10T
14008,1.4805271625518799,,,,moe_67b_a2b_d2560_ep1_rep16_bs4096_seq8192_sw2k_v4_2048_muon_10T
14009,1.5189036130905151,,,,moe_67b_a2b_d2560_ep1_rep16_bs4096_seq8192_sw2k_v4_2048_muon_10T
14015,1.5017904043197632,,,,moe_67b_a2b_d2560_ep1_rep16_bs4096_seq8192_sw2k_v4_2048_muon_10T
14028,1.5066214799880981,,,,moe_67b_a2b_d2560_ep1_rep16_bs4096_seq8192_sw2k_v4_2048_muon_10T
14045,1.5166594982147217,,,,moe_67b_a2b_d2560_ep1_rep16_bs4096_seq8192_sw2k_v4_2048_muon_10T
14049,1.5085309743881226,,,,moe_67b_a2b_d2560_ep1_rep16_bs4096_seq8192_sw2k_v4_2048_muon_10T
14053,1.5263479948043823,,,,moe_67b_a2b_d2560_ep1_rep16_bs4096_seq8192_sw2k_v4_2048_muon_10T
14058,1.4963743686676025,,,,moe_67b_a2b_d2560_ep1_rep16_bs4096_seq8192_sw2k_v4_2048_muon_10T
14070,1.490951657295227,,,,moe_67b_a2b_d2560_ep1_rep16_bs4096_seq8192_sw2k_v4_2048_muon_10T
14072,1.5219560861587524,,,,moe_67b_a2b_d2560_ep1_rep16_bs4096_seq8192_sw2k_v4_2048_muon_10T
14090,1.5219957828521729,,,,moe_67b_a2b_d2560_ep1_rep16_bs4096_seq8192_sw2k_v4_2048_muon_10T
14093,1.5111836194992065,,,,moe_67b_a2b_d2560_ep1_rep16_bs4096_seq8192_sw2k_v4_2048_muon_10T
14100,1.5004392862319946,,,,moe_67b_a2b_d2560_ep1_rep16_bs4096_seq8192_sw2k_v4_2048_muon_10T
14105,1.4867093563079834,,,,moe_67b_a2b_d2560_ep1_rep16_bs4096_seq8192_sw2k_v4_2048_muon_10T
14106,1.5083298683166504,,,,moe_67b_a2b_d2560_ep1_rep16_bs4096_seq8192_sw2k_v4_2048_muon_10T
14123,1.5102648735046387,,,,moe_67b_a2b_d2560_ep1_rep16_bs4096_seq8192_sw2k_v4_2048_muon_10T
14132,1.4855637550354004,,,,moe_67b_a2b_d2560_ep1_rep16_bs4096_seq8192_sw2k_v4_2048_muon_10T
14145,1.4800392389297485,,,,moe_67b_a2b_d2560_ep1_rep16_bs4096_seq8192_sw2k_v4_2048_muon_10T
14156,1.513686180114746,,,,moe_67b_a2b_d2560_ep1_rep16_bs4096_seq8192_sw2k_v4_2048_muon_10T
14157,1.5131230354309082,,,,moe_67b_a2b_d2560_ep1_rep16_bs4096_seq8192_sw2k_v4_2048_muon_10T
14164,1.5196025371551514,,,,moe_67b_a2b_d2560_ep1_rep16_bs4096_seq8192_sw2k_v4_2048_muon_10T
14168,1.5141962766647339,,,,moe_67b_a2b_d2560_ep1_rep16_bs4096_seq8192_sw2k_v4_2048_muon_10T
14177,1.5020266771316528,,,,moe_67b_a2b_d2560_ep1_rep16_bs4096_seq8192_sw2k_v4_2048_muon_10T
14181,1.503214955329895,,,,moe_67b_a2b_d2560_ep1_rep16_bs4096_seq8192_sw2k_v4_2048_muon_10T
14195,1.5145941972732544,,,,moe_67b_a2b_d2560_ep1_rep16_bs4096_seq8192_sw2k_v4_2048_muon_10T
14198,1.501957893371582,,,,moe_67b_a2b_d2560_ep1_rep16_bs4096_seq8192_sw2k_v4_2048_muon_10T
14215,1.521864652633667,,,,moe_67b_a2b_d2560_ep1_rep16_bs4096_seq8192_sw2k_v4_2048_muon_10T
14252,1.5021870136260986,,,,moe_67b_a2b_d2560_ep1_rep16_bs4096_seq8192_sw2k_v4_2048_muon_10T
14260,1.5035041570663452,,,,moe_67b_a2b_d2560_ep1_rep16_bs4096_seq8192_sw2k_v4_2048_muon_10T
14261,1.507393479347229,,,,moe_67b_a2b_d2560_ep1_rep16_bs4096_seq8192_sw2k_v4_2048_muon_10T
14268,1.5150514841079712,,,,moe_67b_a2b_d2560_ep1_rep16_bs4096_seq8192_sw2k_v4_2048_muon_10T
14269,1.5292377471923828,,,,moe_67b_a2b_d2560_ep1_rep16_bs4096_seq8192_sw2k_v4_2048_muon_10T
14296,1.4882538318634033,,,,moe_67b_a2b_d2560_ep1_rep16_bs4096_seq8192_sw2k_v4_2048_muon_10T
14310,1.5012290477752686,,,,moe_67b_a2b_d2560_ep1_rep16_bs4096_seq8192_sw2k_v4_2048_muon_10T
14315,1.5092264413833618,,,,moe_67b_a2b_d2560_ep1_rep16_bs4096_seq8192_sw2k_v4_2048_muon_10T
14318,1.5055785179138184,,,,moe_67b_a2b_d2560_ep1_rep16_bs4096_seq8192_sw2k_v4_2048_muon_10T
14327,1.5006022453308105,,,,moe_67b_a2b_d2560_ep1_rep16_bs4096_seq8192_sw2k_v4_2048_muon_10T
14330,1.5316522121429443,,,,moe_67b_a2b_d2560_ep1_rep16_bs4096_seq8192_sw2k_v4_2048_muon_10T
14334,1.5050841569900513,,,,moe_67b_a2b_d2560_ep1_rep16_bs4096_seq8192_sw2k_v4_2048_muon_10T
14347,1.50614595413208,,,,moe_67b_a2b_d2560_ep1_rep16_bs4096_seq8192_sw2k_v4_2048_muon_10T
14351,1.4931467771530151,,,,moe_67b_a2b_d2560_ep1_rep16_bs4096_seq8192_sw2k_v4_2048_muon_10T
14371,1.5035544633865356,,,,moe_67b_a2b_d2560_ep1_rep16_bs4096_seq8192_sw2k_v4_2048_muon_10T
14386,1.4934338331222534,,,,moe_67b_a2b_d2560_ep1_rep16_bs4096_seq8192_sw2k_v4_2048_muon_10T
14388,1.5079457759857178,,,,moe_67b_a2b_d2560_ep1_rep16_bs4096_seq8192_sw2k_v4_2048_muon_10T
14392,1.5133072137832642,,,,moe_67b_a2b_d2560_ep1_rep16_bs4096_seq8192_sw2k_v4_2048_muon_10T
14396,1.5059795379638672,,,,moe_67b_a2b_d2560_ep1_rep16_bs4096_seq8192_sw2k_v4_2048_muon_10T
14403,1.5035055875778198,,,,moe_67b_a2b_d2560_ep1_rep16_bs4096_seq8192_sw2k_v4_2048_muon_10T
14404,1.5058435201644897,,,,moe_67b_a2b_d2560_ep1_rep16_bs4096_seq8192_sw2k_v4_2048_muon_10T
14410,1.519459843635559,,,,moe_67b_a2b_d2560_ep1_rep16_bs4096_seq8192_sw2k_v4_2048_muon_10T
14418,1.51313316822052,,,,moe_67b_a2b_d2560_ep1_rep16_bs4096_seq8192_sw2k_v4_2048_muon_10T
14432,1.5110994577407837,,,,moe_67b_a2b_d2560_ep1_rep16_bs4096_seq8192_sw2k_v4_2048_muon_10T
14437,1.5184725522994995,,,,moe_67b_a2b_d2560_ep1_rep16_bs4096_seq8192_sw2k_v4_2048_muon_10T
14447,1.5098129510879517,,,,moe_67b_a2b_d2560_ep1_rep16_bs4096_seq8192_sw2k_v4_2048_muon_10T
14448,1.496943473815918,,,,moe_67b_a2b_d2560_ep1_rep16_bs4096_seq8192_sw2k_v4_2048_muon_10T
14462,1.514248013496399,,,,moe_67b_a2b_d2560_ep1_rep16_bs4096_seq8192_sw2k_v4_2048_muon_10T
14468,1.5125242471694946,,,,moe_67b_a2b_d2560_ep1_rep16_bs4096_seq8192_sw2k_v4_2048_muon_10T
14470,1.5177209377288818,,,,moe_67b_a2b_d2560_ep1_rep16_bs4096_seq8192_sw2k_v4_2048_muon_10T
14474,1.4907097816467285,,,,moe_67b_a2b_d2560_ep1_rep16_bs4096_seq8192_sw2k_v4_2048_muon_10T
14478,1.5056743621826172,,,,moe_67b_a2b_d2560_ep1_rep16_bs4096_seq8192_sw2k_v4_2048_muon_10T
14497,1.508160948753357,,,,moe_67b_a2b_d2560_ep1_rep16_bs4096_seq8192_sw2k_v4_2048_muon_10T
14499,1.4878336191177368,,,,moe_67b_a2b_d2560_ep1_rep16_bs4096_seq8192_sw2k_v4_2048_muon_10T
14507,1.507948875427246,,,,moe_67b_a2b_d2560_ep1_rep16_bs4096_seq8192_sw2k_v4_2048_muon_10T
14514,1.4865683317184448,,,,moe_67b_a2b_d2560_ep1_rep16_bs4096_seq8192_sw2k_v4_2048_muon_10T
14518,1.493207573890686,,,,moe_67b_a2b_d2560_ep1_rep16_bs4096_seq8192_sw2k_v4_2048_muon_10T
14521,1.505280613899231,,,,moe_67b_a2b_d2560_ep1_rep16_bs4096_seq8192_sw2k_v4_2048_muon_10T
14522,1.5242489576339722,,,,moe_67b_a2b_d2560_ep1_rep16_bs4096_seq8192_sw2k_v4_2048_muon_10T
14525,1.5218489170074463,,,,moe_67b_a2b_d2560_ep1_rep16_bs4096_seq8192_sw2k_v4_2048_muon_10T
14530,1.5118017196655273,,,,moe_67b_a2b_d2560_ep1_rep16_bs4096_seq8192_sw2k_v4_2048_muon_10T
14531,1.492047905921936,,,,moe_67b_a2b_d2560_ep1_rep16_bs4096_seq8192_sw2k_v4_2048_muon_10T
14532,1.5195910930633545,,,,moe_67b_a2b_d2560_ep1_rep16_bs4096_seq8192_sw2k_v4_2048_muon_10T
14535,1.4956015348434448,,,,moe_67b_a2b_d2560_ep1_rep16_bs4096_seq8192_sw2k_v4_2048_muon_10T
14538,1.5041184425354004,,,,moe_67b_a2b_d2560_ep1_rep16_bs4096_seq8192_sw2k_v4_2048_muon_10T
14547,1.5075331926345825,,,,moe_67b_a2b_d2560_ep1_rep16_bs4096_seq8192_sw2k_v4_2048_muon_10T
14550,1.503969669342041,,,,moe_67b_a2b_d2560_ep1_rep16_bs4096_seq8192_sw2k_v4_2048_muon_10T
14564,1.4979945421218872,,,,moe_67b_a2b_d2560_ep1_rep16_bs4096_seq8192_sw2k_v4_2048_muon_10T
14580,1.5114927291870117,,,,moe_67b_a2b_d2560_ep1_rep16_bs4096_seq8192_sw2k_v4_2048_muon_10T
14581,1.488297462463379,,,,moe_67b_a2b_d2560_ep1_rep16_bs4096_seq8192_sw2k_v4_2048_muon_10T
14612,1.4943809509277344,,,,moe_67b_a2b_d2560_ep1_rep16_bs4096_seq8192_sw2k_v4_2048_muon_10T
14640,1.5295313596725464,,,,moe_67b_a2b_d2560_ep1_rep16_bs4096_seq8192_sw2k_v4_2048_muon_10T
14672,1.5235607624053955,,,,moe_67b_a2b_d2560_ep1_rep16_bs4096_seq8192_sw2k_v4_2048_muon_10T
14679,1.525497555732727,,,,moe_67b_a2b_d2560_ep1_rep16_bs4096_seq8192_sw2k_v4_2048_muon_10T
14684,1.5154374837875366,,,,moe_67b_a2b_d2560_ep1_rep16_bs4096_seq8192_sw2k_v4_2048_muon_10T
14685,1.508710265159607,,,,moe_67b_a2b_d2560_ep1_rep16_bs4096_seq8192_sw2k_v4_2048_muon_10T
14692,1.5254509449005127,,,,moe_67b_a2b_d2560_ep1_rep16_bs4096_seq8192_sw2k_v4_2048_muon_10T
14698,1.4838861227035522,,,,moe_67b_a2b_d2560_ep1_rep16_bs4096_seq8192_sw2k_v4_2048_muon_10T
14715,1.5138380527496338,,,,moe_67b_a2b_d2560_ep1_rep16_bs4096_seq8192_sw2k_v4_2048_muon_10T
14724,1.4909905195236206,,,,moe_67b_a2b_d2560_ep1_rep16_bs4096_seq8192_sw2k_v4_2048_muon_10T
14731,1.501479983329773,,,,moe_67b_a2b_d2560_ep1_rep16_bs4096_seq8192_sw2k_v4_2048_muon_10T
14738,1.4933849573135376,,,,moe_67b_a2b_d2560_ep1_rep16_bs4096_seq8192_sw2k_v4_2048_muon_10T
14739,1.5023006200790405,,,,moe_67b_a2b_d2560_ep1_rep16_bs4096_seq8192_sw2k_v4_2048_muon_10T
14746,1.5082488059997559,,,,moe_67b_a2b_d2560_ep1_rep16_bs4096_seq8192_sw2k_v4_2048_muon_10T
14747,1.5112740993499756,,,,moe_67b_a2b_d2560_ep1_rep16_bs4096_seq8192_sw2k_v4_2048_muon_10T
14757,1.5054832696914673,,,,moe_67b_a2b_d2560_ep1_rep16_bs4096_seq8192_sw2k_v4_2048_muon_10T
14758,1.498832106590271,,,,moe_67b_a2b_d2560_ep1_rep16_bs4096_seq8192_sw2k_v4_2048_muon_10T
14774,1.4975003004074097,,,,moe_67b_a2b_d2560_ep1_rep16_bs4096_seq8192_sw2k_v4_2048_muon_10T
14782,1.5053582191467285,,,,moe_67b_a2b_d2560_ep1_rep16_bs4096_seq8192_sw2k_v4_2048_muon_10T
14784,1.4944508075714111,,,,moe_67b_a2b_d2560_ep1_rep16_bs4096_seq8192_sw2k_v4_2048_muon_10T
14794,1.4891773462295532,,,,moe_67b_a2b_d2560_ep1_rep16_bs4096_seq8192_sw2k_v4_2048_muon_10T
14801,1.4760817289352417,,,,moe_67b_a2b_d2560_ep1_rep16_bs4096_seq8192_sw2k_v4_2048_muon_10T
14803,1.5229038000106812,,,,moe_67b_a2b_d2560_ep1_rep16_bs4096_seq8192_sw2k_v4_2048_muon_10T
14805,1.5038095712661743,,,,moe_67b_a2b_d2560_ep1_rep16_bs4096_seq8192_sw2k_v4_2048_muon_10T
14806,1.5097172260284424,,,,moe_67b_a2b_d2560_ep1_rep16_bs4096_seq8192_sw2k_v4_2048_muon_10T
14808,1.4995325803756714,,,,moe_67b_a2b_d2560_ep1_rep16_bs4096_seq8192_sw2k_v4_2048_muon_10T
14813,1.5190807580947876,,,,moe_67b_a2b_d2560_ep1_rep16_bs4096_seq8192_sw2k_v4_2048_muon_10T
14818,1.495964527130127,,,,moe_67b_a2b_d2560_ep1_rep16_bs4096_seq8192_sw2k_v4_2048_muon_10T
14835,1.478613257408142,,,,moe_67b_a2b_d2560_ep1_rep16_bs4096_seq8192_sw2k_v4_2048_muon_10T
14853,1.4907963275909424,,,,moe_67b_a2b_d2560_ep1_rep16_bs4096_seq8192_sw2k_v4_2048_muon_10T
14871,1.4728567600250244,,,,moe_67b_a2b_d2560_ep1_rep16_bs4096_seq8192_sw2k_v4_2048_muon_10T
14882,1.5145844221115112,,,,moe_67b_a2b_d2560_ep1_rep16_bs4096_seq8192_sw2k_v4_2048_muon_10T
14884,1.4984441995620728,,,,moe_67b_a2b_d2560_ep1_rep16_bs4096_seq8192_sw2k_v4_2048_muon_10T
14887,1.4787695407867432,,,,moe_67b_a2b_d2560_ep1_rep16_bs4096_seq8192_sw2k_v4_2048_muon_10T
14903,1.4794917106628418,,,,moe_67b_a2b_d2560_ep1_rep16_bs4096_seq8192_sw2k_v4_2048_muon_10T
14926,1.509256362915039,,,,moe_67b_a2b_d2560_ep1_rep16_bs4096_seq8192_sw2k_v4_2048_muon_10T
14929,1.5028594732284546,,,,moe_67b_a2b_d2560_ep1_rep16_bs4096_seq8192_sw2k_v4_2048_muon_10T
14935,1.5181303024291992,,,,moe_67b_a2b_d2560_ep1_rep16_bs4096_seq8192_sw2k_v4_2048_muon_10T
14942,1.4922184944152832,,,,moe_67b_a2b_d2560_ep1_rep16_bs4096_seq8192_sw2k_v4_2048_muon_10T
14951,1.486582636833191,,,,moe_67b_a2b_d2560_ep1_rep16_bs4096_seq8192_sw2k_v4_2048_muon_10T
14956,1.5053367614746094,,,,moe_67b_a2b_d2560_ep1_rep16_bs4096_seq8192_sw2k_v4_2048_muon_10T
14987,1.5079083442687988,,,,moe_67b_a2b_d2560_ep1_rep16_bs4096_seq8192_sw2k_v4_2048_muon_10T
14989,1.4869554042816162,,,,moe_67b_a2b_d2560_ep1_rep16_bs4096_seq8192_sw2k_v4_2048_muon_10T
14992,1.5141808986663818,,,,moe_67b_a2b_d2560_ep1_rep16_bs4096_seq8192_sw2k_v4_2048_muon_10T
14997,1.5243171453475952,,,,moe_67b_a2b_d2560_ep1_rep16_bs4096_seq8192_sw2k_v4_2048_muon_10T
15000,,2.5681748390197754,2.1781749725341797,2.3258216381073,moe_67b_a2b_d2560_ep1_rep16_bs4096_seq8192_sw2k_v4_2048_muon_10T
15000,,2.568793773651123,2.1784958839416504,2.3261213302612305,moe_67b_a2b_d2560_ep1_rep8_bs8192_seq8192_sw2k_v4_2048_muon_resume15k_v2_10T
15012,1.4998537302017212,,,,moe_67b_a2b_d2560_ep1_rep16_bs4096_seq8192_sw2k_v4_2048_muon_10T
15018,1.5135862827301025,,,,moe_67b_a2b_d2560_ep1_rep16_bs4096_seq8192_sw2k_v4_2048_muon_10T
15020,1.5028024911880493,,,,moe_67b_a2b_d2560_ep1_rep16_bs4096_seq8192_sw2k_v4_2048_muon_10T
15037,1.5279948711395264,,,,moe_67b_a2b_d2560_ep1_rep16_bs4096_seq8192_sw2k_v4_2048_muon_10T
15047,1.5295367240905762,,,,moe_67b_a2b_d2560_ep1_rep16_bs4096_seq8192_sw2k_v4_2048_muon_10T
15060,1.5002994537353516,,,,moe_67b_a2b_d2560_ep1_rep8_bs8192_seq8192_sw2k_v4_2048_muon_resume15k_v2_10T
15061,1.497859239578247,,,,moe_67b_a2b_d2560_ep1_rep16_bs4096_seq8192_sw2k_v4_2048_muon_10T
15066,1.503684401512146,,,,moe_67b_a2b_d2560_ep1_rep16_bs4096_seq8192_sw2k_v4_2048_muon_10T
15068,1.4843909740447998,,,,moe_67b_a2b_d2560_ep1_rep16_bs4096_seq8192_sw2k_v4_2048_muon_10T
15072,1.5156853199005127,,,,moe_67b_a2b_d2560_ep1_rep16_bs4096_seq8192_sw2k_v4_2048_muon_10T
15073,1.5080513954162598,,,,moe_67b_a2b_d2560_ep1_rep8_bs8192_seq8192_sw2k_v4_2048_muon_resume15k_v2_10T
15074,1.5074666738510132,,,,moe_67b_a2b_d2560_ep1_rep16_bs4096_seq8192_sw2k_v4_2048_muon_10T
15103,1.5154271125793457,,,,moe_67b_a2b_d2560_ep1_rep16_bs4096_seq8192_sw2k_v4_2048_muon_10T
15110,1.4809157848358154,,,,moe_67b_a2b_d2560_ep1_rep16_bs4096_seq8192_sw2k_v4_2048_muon_10T
15120,1.5161526203155518,,,,moe_67b_a2b_d2560_ep1_rep16_bs4096_seq8192_sw2k_v4_2048_muon_10T
15125,1.5099525451660156,,,,moe_67b_a2b_d2560_ep1_rep16_bs4096_seq8192_sw2k_v4_2048_muon_10T
15134,1.4842901229858398,,,,moe_67b_a2b_d2560_ep1_rep16_bs4096_seq8192_sw2k_v4_2048_muon_10T
15144,1.5052169561386108,,,,moe_67b_a2b_d2560_ep1_rep16_bs4096_seq8192_sw2k_v4_2048_muon_10T
15153,1.510420322418213,,,,moe_67b_a2b_d2560_ep1_rep16_bs4096_seq8192_sw2k_v4_2048_muon_10T
15160,1.5163737535476685,,,,moe_67b_a2b_d2560_ep1_rep16_bs4096_seq8192_sw2k_v4_2048_muon_10T
15165,1.4941253662109375,,,,moe_67b_a2b_d2560_ep1_rep16_bs4096_seq8192_sw2k_v4_2048_muon_10T
15181,1.4911296367645264,,,,moe_67b_a2b_d2560_ep1_rep16_bs4096_seq8192_sw2k_v4_2048_muon_10T
15184,1.5133100748062134,,,,moe_67b_a2b_d2560_ep1_rep8_bs8192_seq8192_sw2k_v4_2048_muon_resume15k_v2_10T
15187,1.5113695859909058,,,,moe_67b_a2b_d2560_ep1_rep16_bs4096_seq8192_sw2k_v4_2048_muon_10T
15191,1.500227451324463,,,,moe_67b_a2b_d2560_ep1_rep16_bs4096_seq8192_sw2k_v4_2048_muon_10T
15194,1.5084490776062012,,,,moe_67b_a2b_d2560_ep1_rep16_bs4096_seq8192_sw2k_v4_2048_muon_10T
15197,1.5007855892181396,,,,moe_67b_a2b_d2560_ep1_rep16_bs4096_seq8192_sw2k_v4_2048_muon_10T
15231,1.5253448486328125,,,,moe_67b_a2b_d2560_ep1_rep16_bs4096_seq8192_sw2k_v4_2048_muon_10T
15241,1.5142090320587158,,,,moe_67b_a2b_d2560_ep1_rep16_bs4096_seq8192_sw2k_v4_2048_muon_10T
15252,1.5080406665802002,,,,moe_67b_a2b_d2560_ep1_rep16_bs4096_seq8192_sw2k_v4_2048_muon_10T
15269,1.500504732131958,,,,moe_67b_a2b_d2560_ep1_rep16_bs4096_seq8192_sw2k_v4_2048_muon_10T
15269,1.5224593877792358,,,,moe_67b_a2b_d2560_ep1_rep8_bs8192_seq8192_sw2k_v4_2048_muon_resume15k_v2_10T
15273,1.5324018001556396,,,,moe_67b_a2b_d2560_ep1_rep16_bs4096_seq8192_sw2k_v4_2048_muon_10T
15283,1.500373363494873,,,,moe_67b_a2b_d2560_ep1_rep8_bs8192_seq8192_sw2k_v4_2048_muon_resume15k_v2_10T
15321,1.508199691772461,,,,moe_67b_a2b_d2560_ep1_rep8_bs8192_seq8192_sw2k_v4_2048_muon_resume15k_v2_10T
15360,1.515376329421997,,,,moe_67b_a2b_d2560_ep1_rep8_bs8192_seq8192_sw2k_v4_2048_muon_resume15k_v2_10T
15518,1.5031908750534058,,,,moe_67b_a2b_d2560_ep1_rep8_bs8192_seq8192_sw2k_v4_2048_muon_resume15k_v2_10T
15570,1.513003945350647,,,,moe_67b_a2b_d2560_ep1_rep8_bs8192_seq8192_sw2k_v4_2048_muon_resume15k_v2_10T
15680,1.5088847875595093,,,,moe_67b_a2b_d2560_ep1_rep8_bs8192_seq8192_sw2k_v4_2048_muon_resume15k_v2_10T
15904,1.4872993230819702,,,,moe_67b_a2b_d2560_ep1_rep8_bs8192_seq8192_sw2k_v4_2048_muon_resume15k_v2_10T
15927,1.4875282049179077,,,,moe_67b_a2b_d2560_ep1_rep8_bs8192_seq8192_sw2k_v4_2048_muon_resume15k_v2_10T
16055,1.4931570291519165,,,,moe_67b_a2b_d2560_ep1_rep8_bs8192_seq8192_sw2k_v4_2048_muon_resume15k_v2_10T
16067,1.500738263130188,,,,moe_67b_a2b_d2560_ep1_rep8_bs8192_seq8192_sw2k_v4_2048_muon_resume15k_v2_10T
16164,1.479371428489685,,,,moe_67b_a2b_d2560_ep1_rep8_bs8192_seq8192_sw2k_v4_2048_muon_resume15k_v2_10T
16212,1.4932798147201538,,,,moe_67b_a2b_d2560_ep1_rep8_bs8192_seq8192_sw2k_v4_2048_muon_resume15k_v2_10T
16453,1.4968472719192505,,,,moe_67b_a2b_d2560_ep1_rep8_bs8192_seq8192_sw2k_v4_2048_muon_resume15k_v2_10T
16504,1.5007306337356567,,,,moe_67b_a2b_d2560_ep1_rep8_bs8192_seq8192_sw2k_v4_2048_muon_resume15k_v2_10T
16623,1.5027611255645752,,,,moe_67b_a2b_d2560_ep1_rep8_bs8192_seq8192_sw2k_v4_2048_muon_resume15k_v2_10T
16668,1.4995702505111694,,,,moe_67b_a2b_d2560_ep1_rep8_bs8192_seq8192_sw2k_v4_2048_muon_resume15k_v2_10T
16701,1.501134991645813,,,,moe_67b_a2b_d2560_ep1_rep8_bs8192_seq8192_sw2k_v4_2048_muon_resume15k_v2_10T
16769,1.493120789527893,,,,moe_67b_a2b_d2560_ep1_rep8_bs8192_seq8192_sw2k_v4_2048_muon_resume15k_v2_10T
16859,1.5010597705841064,,,,moe_67b_a2b_d2560_ep1_rep8_bs8192_seq8192_sw2k_v4_2048_muon_resume15k_v2_10T
16903,1.480793833732605,,,,moe_67b_a2b_d2560_ep1_rep8_bs8192_seq8192_sw2k_v4_2048_muon_resume15k_v2_10T
16916,1.477803349494934,,,,moe_67b_a2b_d2560_ep1_rep8_bs8192_seq8192_sw2k_v4_2048_muon_resume15k_v2_10T
17008,1.495458722114563,,,,moe_67b_a2b_d2560_ep1_rep8_bs8192_seq8192_sw2k_v4_2048_muon_resume15k_v2_10T
17126,1.4897609949111938,,,,moe_67b_a2b_d2560_ep1_rep8_bs8192_seq8192_sw2k_v4_2048_muon_resume15k_v2_10T
17132,1.4868688583374023,,,,moe_67b_a2b_d2560_ep1_rep8_bs8192_seq8192_sw2k_v4_2048_muon_resume15k_v2_10T
17140,1.4753352403640747,,,,moe_67b_a2b_d2560_ep1_rep8_bs8192_seq8192_sw2k_v4_2048_muon_resume15k_v2_10T
17183,1.4973458051681519,,,,moe_67b_a2b_d2560_ep1_rep8_bs8192_seq8192_sw2k_v4_2048_muon_resume15k_v2_10T
17215,1.4813677072525024,,,,moe_67b_a2b_d2560_ep1_rep8_bs8192_seq8192_sw2k_v4_2048_muon_resume15k_v2_10T
17266,1.4792563915252686,,,,moe_67b_a2b_d2560_ep1_rep8_bs8192_seq8192_sw2k_v4_2048_muon_resume15k_v2_10T
17417,1.4839314222335815,,,,moe_67b_a2b_d2560_ep1_rep8_bs8192_seq8192_sw2k_v4_2048_muon_resume15k_v2_10T
17452,1.4781094789505005,,,,moe_67b_a2b_d2560_ep1_rep8_bs8192_seq8192_sw2k_v4_2048_muon_resume15k_v2_10T
17606,1.4741369485855103,,,,moe_67b_a2b_d2560_ep1_rep8_bs8192_seq8192_sw2k_v4_2048_muon_resume15k_v2_10T
17634,1.488265037536621,,,,moe_67b_a2b_d2560_ep1_rep8_bs8192_seq8192_sw2k_v4_2048_muon_resume15k_v2_10T
17785,1.478718876838684,,,,moe_67b_a2b_d2560_ep1_rep8_bs8192_seq8192_sw2k_v4_2048_muon_resume15k_v2_10T
18000,,2.542876958847046,2.1558287143707275,2.3022708892822266,moe_67b_a2b_d2560_ep1_rep8_bs8192_seq8192_sw2k_v4_2048_muon_resume15k_v2_10T
18091,1.4748880863189697,,,,moe_67b_a2b_d2560_ep1_rep8_bs8192_seq8192_sw2k_v4_2048_muon_resume15k_v2_10T
18092,1.4791368246078491,,,,moe_67b_a2b_d2560_ep1_rep8_bs8192_seq8192_sw2k_v4_2048_muon_resume15k_v2_10T
18122,1.497473120689392,,,,moe_67b_a2b_d2560_ep1_rep8_bs8192_seq8192_sw2k_v4_2048_muon_resume15k_v2_10T
18180,1.4868042469024658,,,,moe_67b_a2b_d2560_ep1_rep8_bs8192_seq8192_sw2k_v4_2048_muon_resume15k_v2_10T
18188,1.4943881034851074,,,,moe_67b_a2b_d2560_ep1_rep8_bs8192_seq8192_sw2k_v4_2048_muon_resume15k_v2_10T
18372,1.4805783033370972,,,,moe_67b_a2b_d2560_ep1_rep8_bs8192_seq8192_sw2k_v4_2048_muon_resume15k_v2_10T
18398,1.480311393737793,,,,moe_67b_a2b_d2560_ep1_rep8_bs8192_seq8192_sw2k_v4_2048_muon_resume15k_v2_10T
18424,1.4743139743804932,,,,moe_67b_a2b_d2560_ep1_rep8_bs8192_seq8192_sw2k_v4_2048_muon_resume15k_v2_10T
18441,1.4869251251220703,,,,moe_67b_a2b_d2560_ep1_rep8_bs8192_seq8192_sw2k_v4_2048_muon_resume15k_v2_10T
18505,1.485815167427063,,,,moe_67b_a2b_d2560_ep1_rep8_bs8192_seq8192_sw2k_v4_2048_muon_resume15k_v2_10T
18558,1.4720828533172607,,,,moe_67b_a2b_d2560_ep1_rep8_bs8192_seq8192_sw2k_v4_2048_muon_resume15k_v2_10T
18610,1.4858367443084717,,,,moe_67b_a2b_d2560_ep1_rep8_bs8192_seq8192_sw2k_v4_2048_muon_resume15k_v2_10T
18705,1.4697540998458862,,,,moe_67b_a2b_d2560_ep1_rep8_bs8192_seq8192_sw2k_v4_2048_muon_resume15k_v2_10T
18901,1.4850784540176392,,,,moe_67b_a2b_d2560_ep1_rep8_bs8192_seq8192_sw2k_v4_2048_muon_resume15k_v2_10T
18906,1.4955339431762695,,,,moe_67b_a2b_d2560_ep1_rep8_bs8192_seq8192_sw2k_v4_2048_muon_resume15k_v2_10T
19080,1.4818171262741089,,,,moe_67b_a2b_d2560_ep1_rep8_bs8192_seq8192_sw2k_v4_2048_muon_resume15k_v2_10T
19146,1.479617953300476,,,,moe_67b_a2b_d2560_ep1_rep8_bs8192_seq8192_sw2k_v4_2048_muon_resume15k_v2_10T
19175,1.4788938760757446,,,,moe_67b_a2b_d2560_ep1_rep8_bs8192_seq8192_sw2k_v4_2048_muon_resume15k_v2_10T
19519,1.4766404628753662,,,,moe_67b_a2b_d2560_ep1_rep8_bs8192_seq8192_sw2k_v4_2048_muon_resume15k_v2_10T
19603,1.4842414855957031,,,,moe_67b_a2b_d2560_ep1_rep8_bs8192_seq8192_sw2k_v4_2048_muon_resume15k_v2_10T
19708,1.4791905879974365,,,,moe_67b_a2b_d2560_ep1_rep8_bs8192_seq8192_sw2k_v4_2048_muon_resume15k_v2_10T
19811,1.4800007343292236,,,,moe_67b_a2b_d2560_ep1_rep8_bs8192_seq8192_sw2k_v4_2048_muon_resume15k_v2_10T
19865,1.484239101409912,,,,moe_67b_a2b_d2560_ep1_rep8_bs8192_seq8192_sw2k_v4_2048_muon_resume15k_v2_10T
19875,1.4906160831451416,,,,moe_67b_a2b_d2560_ep1_rep8_bs8192_seq8192_sw2k_v4_2048_muon_resume15k_v2_10T
19909,1.4788882732391357,,,,moe_67b_a2b_d2560_ep1_rep8_bs8192_seq8192_sw2k_v4_2048_muon_resume15k_v2_10T
19926,1.4817336797714233,,,,moe_67b_a2b_d2560_ep1_rep8_bs8192_seq8192_sw2k_v4_2048_muon_resume15k_v2_10T
20036,1.4701987504959106,,,,moe_67b_a2b_d2560_ep1_rep8_bs8192_seq8192_sw2k_v4_2048_muon_resume15k_v2_10T
20168,1.4893559217453003,,,,moe_67b_a2b_d2560_ep1_rep8_bs8192_seq8192_sw2k_v4_2048_muon_resume15k_v2_10T
20192,1.475906491279602,,,,moe_67b_a2b_d2560_ep1_rep8_bs8192_seq8192_sw2k_v4_2048_muon_resume15k_v2_10T
20387,1.4549813270568848,,,,moe_67b_a2b_d2560_ep1_rep8_bs8192_seq8192_sw2k_v4_2048_muon_resume15k_v2_10T
20555,1.479420781135559,,,,moe_67b_a2b_d2560_ep1_rep8_bs8192_seq8192_sw2k_v4_2048_muon_resume15k_v2_10T
20866,1.4767520427703857,,,,moe_67b_a2b_d2560_ep1_rep8_bs8192_seq8192_sw2k_v4_2048_muon_resume15k_v2_10T
20936,1.462893009185791,,,,moe_67b_a2b_d2560_ep1_rep8_bs8192_seq8192_sw2k_v4_2048_muon_resume15k_v2_10T
20962,1.4674694538116455,,,,moe_67b_a2b_d2560_ep1_rep8_bs8192_seq8192_sw2k_v4_2048_muon_resume15k_v2_10T
20984,1.499306559562683,,,,moe_67b_a2b_d2560_ep1_rep8_bs8192_seq8192_sw2k_v4_2048_muon_resume15k_v2_10T
21000,,2.5253729820251465,2.137694835662842,2.2814571857452393,moe_67b_a2b_d2560_ep1_rep8_bs8192_seq8192_sw2k_v4_2048_muon_resume15k_v2_10T
21032,1.4633069038391113,,,,moe_67b_a2b_d2560_ep1_rep8_bs8192_seq8192_sw2k_v4_2048_muon_resume15k_v2_10T
21091,1.465555191040039,,,,moe_67b_a2b_d2560_ep1_rep8_bs8192_seq8192_sw2k_v4_2048_muon_resume15k_v2_10T
21115,1.4682737588882446,,,,moe_67b_a2b_d2560_ep1_rep8_bs8192_seq8192_sw2k_v4_2048_muon_resume15k_v2_10T
21207,1.4804980754852295,,,,moe_67b_a2b_d2560_ep1_rep8_bs8192_seq8192_sw2k_v4_2048_muon_resume15k_v2_10T
21367,1.4622405767440796,,,,moe_67b_a2b_d2560_ep1_rep8_bs8192_seq8192_sw2k_v4_2048_muon_resume15k_v2_10T
21515,1.470335602760315,,,,moe_67b_a2b_d2560_ep1_rep8_bs8192_seq8192_sw2k_v4_2048_muon_resume15k_v2_10T
21711,1.4673266410827637,,,,moe_67b_a2b_d2560_ep1_rep8_bs8192_seq8192_sw2k_v4_2048_muon_resume15k_v2_10T
21806,1.4818013906478882,,,,moe_67b_a2b_d2560_ep1_rep8_bs8192_seq8192_sw2k_v4_2048_muon_resume15k_v2_10T
21814,1.4757936000823975,,,,moe_67b_a2b_d2560_ep1_rep8_bs8192_seq8192_sw2k_v4_2048_muon_resume15k_v2_10T
21993,1.4567627906799316,,,,moe_67b_a2b_d2560_ep1_rep8_bs8192_seq8192_sw2k_v4_2048_muon_resume15k_v2_10T
22070,1.488157033920288,,,,moe_67b_a2b_d2560_ep1_rep8_bs8192_seq8192_sw2k_v4_2048_muon_resume15k_v2_10T
22140,1.453472375869751,,,,moe_67b_a2b_d2560_ep1_rep8_bs8192_seq8192_sw2k_v4_2048_muon_resume15k_v2_10T
22222,1.471818208694458,,,,moe_67b_a2b_d2560_ep1_rep8_bs8192_seq8192_sw2k_v4_2048_muon_resume15k_v2_10T
22374,1.4701554775238037,,,,moe_67b_a2b_d2560_ep1_rep8_bs8192_seq8192_sw2k_v4_2048_muon_resume15k_v2_10T
22445,1.4615402221679688,,,,moe_67b_a2b_d2560_ep1_rep8_bs8192_seq8192_sw2k_v4_2048_muon_resume15k_v2_10T
22525,1.4619094133377075,,,,moe_67b_a2b_d2560_ep1_rep8_bs8192_seq8192_sw2k_v4_2048_muon_resume15k_v2_10T
22629,1.4824066162109375,,,,moe_67b_a2b_d2560_ep1_rep8_bs8192_seq8192_sw2k_v4_2048_muon_resume15k_v2_10T
22663,1.45443856716156,,,,moe_67b_a2b_d2560_ep1_rep8_bs8192_seq8192_sw2k_v4_2048_muon_resume15k_v2_10T
22745,1.4640940427780151,,,,moe_67b_a2b_d2560_ep1_rep8_bs8192_seq8192_sw2k_v4_2048_muon_resume15k_v2_10T
22820,1.4655762910842896,,,,moe_67b_a2b_d2560_ep1_rep8_bs8192_seq8192_sw2k_v4_2048_muon_resume15k_v2_10T
22923,1.4782239198684692,,,,moe_67b_a2b_d2560_ep1_rep8_bs8192_seq8192_sw2k_v4_2048_muon_resume15k_v2_10T
22931,1.4586853981018066,,,,moe_67b_a2b_d2560_ep1_rep8_bs8192_seq8192_sw2k_v4_2048_muon_resume15k_v2_10T
23168,1.4422231912612915,,,,moe_67b_a2b_d2560_ep1_rep8_bs8192_seq8192_sw2k_v4_2048_muon_resume15k_v2_10T
23289,1.4528037309646606,,,,moe_67b_a2b_d2560_ep1_rep8_bs8192_seq8192_sw2k_v4_2048_muon_resume15k_v2_10T
23305,1.4638986587524414,,,,moe_67b_a2b_d2560_ep1_rep8_bs8192_seq8192_sw2k_v4_2048_muon_resume15k_v2_10T
23407,1.4544469118118286,,,,moe_67b_a2b_d2560_ep1_rep8_bs8192_seq8192_sw2k_v4_2048_muon_resume15k_v2_10T
23445,1.4633300304412842,,,,moe_67b_a2b_d2560_ep1_rep8_bs8192_seq8192_sw2k_v4_2048_muon_resume15k_v2_10T
23555,1.4714792966842651,,,,moe_67b_a2b_d2560_ep1_rep8_bs8192_seq8192_sw2k_v4_2048_muon_resume15k_v2_10T
23566,1.4624303579330444,,,,moe_67b_a2b_d2560_ep1_rep8_bs8192_seq8192_sw2k_v4_2048_muon_resume15k_v2_10T
23578,1.452025294303894,,,,moe_67b_a2b_d2560_ep1_rep8_bs8192_seq8192_sw2k_v4_2048_muon_resume15k_v2_10T
23756,1.462700605392456,,,,moe_67b_a2b_d2560_ep1_rep8_bs8192_seq8192_sw2k_v4_2048_muon_resume15k_v2_10T
23781,1.4625178575515747,,,,moe_67b_a2b_d2560_ep1_rep8_bs8192_seq8192_sw2k_v4_2048_muon_resume15k_v2_10T
23798,1.4537022113800049,,,,moe_67b_a2b_d2560_ep1_rep8_bs8192_seq8192_sw2k_v4_2048_muon_resume15k_v2_10T
23804,1.4625498056411743,,,,moe_67b_a2b_d2560_ep1_rep8_bs8192_seq8192_sw2k_v4_2048_muon_resume15k_v2_10T
23925,1.4553114175796509,,,,moe_67b_a2b_d2560_ep1_rep8_bs8192_seq8192_sw2k_v4_2048_muon_resume15k_v2_10T
23976,1.4546055793762207,,,,moe_67b_a2b_d2560_ep1_rep8_bs8192_seq8192_sw2k_v4_2048_muon_resume15k_v2_10T
24000,,2.510939836502075,2.123962640762329,2.269239664077759,moe_67b_a2b_d2560_ep1_rep8_bs8192_seq8192_sw2k_v4_2048_muon_resume15k_v2_10T
24050,1.4595222473144531,,,,moe_67b_a2b_d2560_ep1_rep8_bs8192_seq8192_sw2k_v4_2048_muon_resume15k_v2_10T
24088,1.4548935890197754,,,,moe_67b_a2b_d2560_ep1_rep8_bs8192_seq8192_sw2k_v4_2048_muon_resume15k_v2_10T
24102,1.4743938446044922,,,,moe_67b_a2b_d2560_ep1_rep8_bs8192_seq8192_sw2k_v4_2048_muon_resume15k_v2_10T
24330,1.4403306245803833,,,,moe_67b_a2b_d2560_ep1_rep8_bs8192_seq8192_sw2k_v4_2048_muon_resume15k_v2_10T
24542,1.4680877923965454,,,,moe_67b_a2b_d2560_ep1_rep8_bs8192_seq8192_sw2k_v4_2048_muon_resume15k_v2_10T
24674,1.4557178020477295,,,,moe_67b_a2b_d2560_ep1_rep8_bs8192_seq8192_sw2k_v4_2048_muon_resume15k_v2_10T
24841,1.45232093334198,,,,moe_67b_a2b_d2560_ep1_rep8_bs8192_seq8192_sw2k_v4_2048_muon_resume15k_v2_10T
24878,1.4515318870544434,,,,moe_67b_a2b_d2560_ep1_rep8_bs8192_seq8192_sw2k_v4_2048_muon_resume15k_v2_10T
24898,1.447891116142273,,,,moe_67b_a2b_d2560_ep1_rep8_bs8192_seq8192_sw2k_v4_2048_muon_resume15k_v2_10T
25282,1.4492809772491455,,,,moe_67b_a2b_d2560_ep1_rep8_bs8192_seq8192_sw2k_v4_2048_muon_resume15k_v2_10T
25296,1.4519537687301636,,,,moe_67b_a2b_d2560_ep1_rep8_bs8192_seq8192_sw2k_v4_2048_muon_resume15k_v2_10T
25303,1.462937831878662,,,,moe_67b_a2b_d2560_ep1_rep8_bs8192_seq8192_sw2k_v4_2048_muon_resume15k_v2_10T
25304,1.4530121088027954,,,,moe_67b_a2b_d2560_ep1_rep8_bs8192_seq8192_sw2k_v4_2048_muon_resume15k_v2_10T
25449,1.460338830947876,,,,moe_67b_a2b_d2560_ep1_rep8_bs8192_seq8192_sw2k_v4_2048_muon_resume15k_v2_10T
25813,1.4445518255233765,,,,moe_67b_a2b_d2560_ep1_rep8_bs8192_seq8192_sw2k_v4_2048_muon_resume15k_v2_10T
25833,1.4533805847167969,,,,moe_67b_a2b_d2560_ep1_rep8_bs8192_seq8192_sw2k_v4_2048_muon_resume15k_v2_10T
25870,1.4542597532272339,,,,moe_67b_a2b_d2560_ep1_rep8_bs8192_seq8192_sw2k_v4_2048_muon_resume15k_v2_10T
25885,1.462626338005066,,,,moe_67b_a2b_d2560_ep1_rep8_bs8192_seq8192_sw2k_v4_2048_muon_resume15k_v2_10T
25895,1.4657635688781738,,,,moe_67b_a2b_d2560_ep1_rep8_bs8192_seq8192_sw2k_v4_2048_muon_resume15k_v2_10T
25941,1.430832028388977,,,,moe_67b_a2b_d2560_ep1_rep8_bs8192_seq8192_sw2k_v4_2048_muon_resume15k_v2_10T
26180,1.4328351020812988,,,,moe_67b_a2b_d2560_ep1_rep8_bs8192_seq8192_sw2k_v4_2048_muon_resume15k_v2_10T
26266,1.4424492120742798,,,,moe_67b_a2b_d2560_ep1_rep8_bs8192_seq8192_sw2k_v4_2048_muon_resume15k_v2_10T
26321,1.4548779726028442,,,,moe_67b_a2b_d2560_ep1_rep8_bs8192_seq8192_sw2k_v4_2048_muon_resume15k_v2_10T
26368,1.440721869468689,,,,moe_67b_a2b_d2560_ep1_rep8_bs8192_seq8192_sw2k_v4_2048_muon_resume15k_v2_10T
26401,1.4624675512313843,,,,moe_67b_a2b_d2560_ep1_rep8_bs8192_seq8192_sw2k_v4_2048_muon_resume15k_v2_10T
26430,1.4585682153701782,,,,moe_67b_a2b_d2560_ep1_rep8_bs8192_seq8192_sw2k_v4_2048_muon_resume15k_v2_10T
26464,1.4490381479263306,,,,moe_67b_a2b_d2560_ep1_rep8_bs8192_seq8192_sw2k_v4_2048_muon_resume15k_v2_10T
26475,1.444468379020691,,,,moe_67b_a2b_d2560_ep1_rep8_bs8192_seq8192_sw2k_v4_2048_muon_resume15k_v2_10T
26489,1.4332404136657715,,,,moe_67b_a2b_d2560_ep1_rep8_bs8192_seq8192_sw2k_v4_2048_muon_resume15k_v2_10T
26523,1.4560602903366089,,,,moe_67b_a2b_d2560_ep1_rep8_bs8192_seq8192_sw2k_v4_2048_muon_resume15k_v2_10T
26664,1.4564188718795776,,,,moe_67b_a2b_d2560_ep1_rep8_bs8192_seq8192_sw2k_v4_2048_muon_resume15k_v2_10T
26703,1.440996527671814,,,,moe_67b_a2b_d2560_ep1_rep8_bs8192_seq8192_sw2k_v4_2048_muon_resume15k_v2_10T
26716,1.4531431198120117,,,,moe_67b_a2b_d2560_ep1_rep8_bs8192_seq8192_sw2k_v4_2048_muon_resume15k_v2_10T
26802,1.4395124912261963,,,,moe_67b_a2b_d2560_ep1_rep8_bs8192_seq8192_sw2k_v4_2048_muon_resume15k_v2_10T
27000,,2.502955436706543,2.1152069568634033,2.2607626914978027,moe_67b_a2b_d2560_ep1_rep8_bs8192_seq8192_sw2k_v4_2048_muon_resume15k_v2_10T
27007,1.4488919973373413,,,,moe_67b_a2b_d2560_ep1_rep8_bs8192_seq8192_sw2k_v4_2048_muon_resume15k_v2_10T
27251,1.4328174591064453,,,,moe_67b_a2b_d2560_ep1_rep8_bs8192_seq8192_sw2k_v4_2048_muon_resume15k_v2_10T
27276,1.4452955722808838,,,,moe_67b_a2b_d2560_ep1_rep8_bs8192_seq8192_sw2k_v4_2048_muon_resume15k_v2_10T
27291,1.4538748264312744,,,,moe_67b_a2b_d2560_ep1_rep8_bs8192_seq8192_sw2k_v4_2048_muon_resume15k_v2_10T
27477,1.445789098739624,,,,moe_67b_a2b_d2560_ep1_rep8_bs8192_seq8192_sw2k_v4_2048_muon_resume15k_v2_10T
27540,1.441284418106079,,,,moe_67b_a2b_d2560_ep1_rep8_bs8192_seq8192_sw2k_v4_2048_muon_resume15k_v2_10T
27683,1.4240295886993408,,,,moe_67b_a2b_d2560_ep1_rep8_bs8192_seq8192_sw2k_v4_2048_muon_resume15k_v2_10T
27827,1.425839900970459,,,,moe_67b_a2b_d2560_ep1_rep8_bs8192_seq8192_sw2k_v4_2048_muon_resume15k_v2_10T
27836,1.4381898641586304,,,,moe_67b_a2b_d2560_ep1_rep8_bs8192_seq8192_sw2k_v4_2048_muon_resume15k_v2_10T
27984,1.4427448511123657,,,,moe_67b_a2b_d2560_ep1_rep8_bs8192_seq8192_sw2k_v4_2048_muon_resume15k_v2_10T
27999,1.4452922344207764,,,,moe_67b_a2b_d2560_ep1_rep8_bs8192_seq8192_sw2k_v4_2048_muon_resume15k_v2_10T
28021,1.4412505626678467,,,,moe_67b_a2b_d2560_ep1_rep8_bs8192_seq8192_sw2k_v4_2048_muon_resume15k_v2_10T
28041,1.4504867792129517,,,,moe_67b_a2b_d2560_ep1_rep8_bs8192_seq8192_sw2k_v4_2048_muon_resume15k_v2_10T
28099,1.4423636198043823,,,,moe_67b_a2b_d2560_ep1_rep8_bs8192_seq8192_sw2k_v4_2048_muon_resume15k_v2_10T
28231,1.4498952627182007,,,,moe_67b_a2b_d2560_ep1_rep8_bs8192_seq8192_sw2k_v4_2048_muon_resume15k_v2_10T
28243,1.43891179561615,,,,moe_67b_a2b_d2560_ep1_rep8_bs8192_seq8192_sw2k_v4_2048_muon_resume15k_v2_10T
28635,1.4435691833496094,,,,moe_67b_a2b_d2560_ep1_rep8_bs8192_seq8192_sw2k_v4_2048_muon_resume15k_v2_10T
28790,1.4382542371749878,,,,moe_67b_a2b_d2560_ep1_rep8_bs8192_seq8192_sw2k_v4_2048_muon_resume15k_v2_10T
28884,1.4396336078643799,,,,moe_67b_a2b_d2560_ep1_rep8_bs8192_seq8192_sw2k_v4_2048_muon_resume15k_v2_10T
28957,1.436387300491333,,,,moe_67b_a2b_d2560_ep1_rep8_bs8192_seq8192_sw2k_v4_2048_muon_resume15k_v2_10T
29013,1.4530370235443115,,,,moe_67b_a2b_d2560_ep1_rep8_bs8192_seq8192_sw2k_v4_2048_muon_resume15k_v2_10T
29043,1.4496147632598877,,,,moe_67b_a2b_d2560_ep1_rep8_bs8192_seq8192_sw2k_v4_2048_muon_resume15k_v2_10T
29047,1.439141869544983,,,,moe_67b_a2b_d2560_ep1_rep8_bs8192_seq8192_sw2k_v4_2048_muon_resume15k_v2_10T
29088,1.4426792860031128,,,,moe_67b_a2b_d2560_ep1_rep8_bs8192_seq8192_sw2k_v4_2048_muon_resume15k_v2_10T
29104,1.441814661026001,,,,moe_67b_a2b_d2560_ep1_rep8_bs8192_seq8192_sw2k_v4_2048_muon_resume15k_v2_10T
29130,1.4368568658828735,,,,moe_67b_a2b_d2560_ep1_rep8_bs8192_seq8192_sw2k_v4_2048_muon_resume15k_v2_10T
29154,1.4316320419311523,,,,moe_67b_a2b_d2560_ep1_rep8_bs8192_seq8192_sw2k_v4_2048_muon_resume15k_v2_10T
29179,1.435795545578003,,,,moe_67b_a2b_d2560_ep1_rep8_bs8192_seq8192_sw2k_v4_2048_muon_resume15k_v2_10T
29196,1.4432780742645264,,,,moe_67b_a2b_d2560_ep1_rep8_bs8192_seq8192_sw2k_v4_2048_muon_resume15k_v2_10T
29250,1.446456789970398,,,,moe_67b_a2b_d2560_ep1_rep8_bs8192_seq8192_sw2k_v4_2048_muon_resume15k_v2_10T
29259,1.4320383071899414,,,,moe_67b_a2b_d2560_ep1_rep8_bs8192_seq8192_sw2k_v4_2048_muon_resume15k_v2_10T
29416,1.4432072639465332,,,,moe_67b_a2b_d2560_ep1_rep8_bs8192_seq8192_sw2k_v4_2048_muon_resume15k_v2_10T
29430,1.429410696029663,,,,moe_67b_a2b_d2560_ep1_rep8_bs8192_seq8192_sw2k_v4_2048_muon_resume15k_v2_10T
29519,1.452576756477356,,,,moe_67b_a2b_d2560_ep1_rep8_bs8192_seq8192_sw2k_v4_2048_muon_resume15k_v2_10T
29713,1.4320003986358643,,,,moe_67b_a2b_d2560_ep1_rep8_bs8192_seq8192_sw2k_v4_2048_muon_resume15k_v2_10T
29782,1.4354103803634644,,,,moe_67b_a2b_d2560_ep1_rep8_bs8192_seq8192_sw2k_v4_2048_muon_resume15k_v2_10T
29927,1.4348971843719482,,,,moe_67b_a2b_d2560_ep1_rep8_bs8192_seq8192_sw2k_v4_2048_muon_resume15k_v2_10T
29954,1.4508568048477173,,,,moe_67b_a2b_d2560_ep1_rep8_bs8192_seq8192_sw2k_v4_2048_muon_resume15k_v2_10T
30000,,2.492396354675293,2.1090266704559326,2.2546772956848145,moe_67b_a2b_d2560_ep1_rep8_bs8192_seq8192_sw2k_v4_2048_muon_resume15k_v2_10T
30018,1.4464356899261475,,,,moe_67b_a2b_d2560_ep1_rep8_bs8192_seq8192_sw2k_v4_2048_muon_resume15k_v2_10T
30304,1.4386399984359741,,,,moe_67b_a2b_d2560_ep1_rep8_bs8192_seq8192_sw2k_v4_2048_muon_resume15k_v2_10T
30387,1.4306484460830688,,,,moe_67b_a2b_d2560_ep1_rep8_bs8192_seq8192_sw2k_v4_2048_muon_resume15k_v2_10T
30445,1.427240252494812,,,,moe_67b_a2b_d2560_ep1_rep8_bs8192_seq8192_sw2k_v4_2048_muon_resume15k_v2_10T
30469,1.4362891912460327,,,,moe_67b_a2b_d2560_ep1_rep8_bs8192_seq8192_sw2k_v4_2048_muon_resume15k_v2_10T
30569,1.4218976497650146,,,,moe_67b_a2b_d2560_ep1_rep8_bs8192_seq8192_sw2k_v4_2048_muon_resume15k_v2_10T
30637,1.4301762580871582,,,,moe_67b_a2b_d2560_ep1_rep8_bs8192_seq8192_sw2k_v4_2048_muon_resume15k_v2_10T
30776,1.4643913507461548,,,,moe_67b_a2b_d2560_ep1_rep8_bs8192_seq8192_sw2k_v4_2048_muon_resume15k_v2_10T
30824,1.4293620586395264,,,,moe_67b_a2b_d2560_ep1_rep8_bs8192_seq8192_sw2k_v4_2048_muon_resume15k_v2_10T
30829,1.446763277053833,,,,moe_67b_a2b_d2560_ep1_rep8_bs8192_seq8192_sw2k_v4_2048_muon_resume15k_v2_10T
30852,1.4350441694259644,,,,moe_67b_a2b_d2560_ep1_rep8_bs8192_seq8192_sw2k_v4_2048_muon_resume15k_v2_10T
30928,1.42292320728302,,,,moe_67b_a2b_d2560_ep1_rep8_bs8192_seq8192_sw2k_v4_2048_muon_resume15k_v2_10T
31150,1.4464607238769531,,,,moe_67b_a2b_d2560_ep1_rep8_bs8192_seq8192_sw2k_v4_2048_muon_resume15k_v2_10T
31211,1.4551109075546265,,,,moe_67b_a2b_d2560_ep1_rep8_bs8192_seq8192_sw2k_v4_2048_muon_resume15k_v2_10T
31245,1.4344537258148193,,,,moe_67b_a2b_d2560_ep1_rep8_bs8192_seq8192_sw2k_v4_2048_muon_resume15k_v2_10T
31463,1.4427188634872437,,,,moe_67b_a2b_d2560_ep1_rep8_bs8192_seq8192_sw2k_v4_2048_muon_resume15k_v2_10T
31468,1.4215031862258911,,,,moe_67b_a2b_d2560_ep1_rep8_bs8192_seq8192_sw2k_v4_2048_muon_resume15k_v2_10T
31622,1.4270886182785034,,,,moe_67b_a2b_d2560_ep1_rep8_bs8192_seq8192_sw2k_v4_2048_muon_resume15k_v2_10T
31627,1.433034896850586,,,,moe_67b_a2b_d2560_ep1_rep8_bs8192_seq8192_sw2k_v4_2048_muon_resume15k_v2_10T
31722,1.4241852760314941,,,,moe_67b_a2b_d2560_ep1_rep8_bs8192_seq8192_sw2k_v4_2048_muon_resume15k_v2_10T
31857,1.4425915479660034,,,,moe_67b_a2b_d2560_ep1_rep8_bs8192_seq8192_sw2k_v4_2048_muon_resume15k_v2_10T
31935,1.4412169456481934,,,,moe_67b_a2b_d2560_ep1_rep8_bs8192_seq8192_sw2k_v4_2048_muon_resume15k_v2_10T
31962,1.4238752126693726,,,,moe_67b_a2b_d2560_ep1_rep8_bs8192_seq8192_sw2k_v4_2048_muon_resume15k_v2_10T
32062,1.4403258562088013,,,,moe_67b_a2b_d2560_ep1_rep8_bs8192_seq8192_sw2k_v4_2048_muon_resume15k_v2_10T
32195,1.4377597570419312,,,,moe_67b_a2b_d2560_ep1_rep8_bs8192_seq8192_sw2k_v4_2048_muon_resume15k_v2_10T
32207,1.4280884265899658,,,,moe_67b_a2b_d2560_ep1_rep8_bs8192_seq8192_sw2k_v4_2048_muon_resume15k_v2_10T
32732,1.4337750673294067,,,,moe_67b_a2b_d2560_ep1_rep8_bs8192_seq8192_sw2k_v4_2048_muon_resume15k_v2_10T
32743,1.4492852687835693,,,,moe_67b_a2b_d2560_ep1_rep8_bs8192_seq8192_sw2k_v4_2048_muon_resume15k_v2_10T
32748,1.4297499656677246,,,,moe_67b_a2b_d2560_ep1_rep8_bs8192_seq8192_sw2k_v4_2048_muon_resume15k_v2_10T
32850,1.4172261953353882,,,,moe_67b_a2b_d2560_ep1_rep8_bs8192_seq8192_sw2k_v4_2048_muon_resume15k_v2_10T
32872,1.4299533367156982,,,,moe_67b_a2b_d2560_ep1_rep8_bs8192_seq8192_sw2k_v4_2048_muon_resume15k_v2_10T
33000,,2.4856722354888916,2.1017746925354004,2.2480392456054688,moe_67b_a2b_d2560_ep1_rep8_bs8192_seq8192_sw2k_v4_2048_muon_resume15k_v2_10T
33067,1.4176212549209595,,,,moe_67b_a2b_d2560_ep1_rep8_bs8192_seq8192_sw2k_v4_2048_muon_resume15k_v2_10T
33106,1.4342799186706543,,,,moe_67b_a2b_d2560_ep1_rep8_bs8192_seq8192_sw2k_v4_2048_muon_resume15k_v2_10T
33232,1.4304496049880981,,,,moe_67b_a2b_d2560_ep1_rep8_bs8192_seq8192_sw2k_v4_2048_muon_resume15k_v2_10T
33249,1.4257795810699463,,,,moe_67b_a2b_d2560_ep1_rep8_bs8192_seq8192_sw2k_v4_2048_muon_resume15k_v2_10T
33285,1.4235618114471436,,,,moe_67b_a2b_d2560_ep1_rep8_bs8192_seq8192_sw2k_v4_2048_muon_resume15k_v2_10T
33343,1.4101412296295166,,,,moe_67b_a2b_d2560_ep1_rep8_bs8192_seq8192_sw2k_v4_2048_muon_resume15k_v2_10T
33447,1.4307118654251099,,,,moe_67b_a2b_d2560_ep1_rep8_bs8192_seq8192_sw2k_v4_2048_muon_resume15k_v2_10T
33597,1.4361026287078857,,,,moe_67b_a2b_d2560_ep1_rep8_bs8192_seq8192_sw2k_v4_2048_muon_resume15k_v2_10T
33699,1.4261435270309448,,,,moe_67b_a2b_d2560_ep1_rep8_bs8192_seq8192_sw2k_v4_2048_muon_resume15k_v2_10T
33733,1.4192829132080078,,,,moe_67b_a2b_d2560_ep1_rep8_bs8192_seq8192_sw2k_v4_2048_muon_resume15k_v2_10T
33777,1.4243170022964478,,,,moe_67b_a2b_d2560_ep1_rep8_bs8192_seq8192_sw2k_v4_2048_muon_resume15k_v2_10T
33814,1.422222375869751,,,,moe_67b_a2b_d2560_ep1_rep8_bs8192_seq8192_sw2k_v4_2048_muon_resume15k_v2_10T
33860,1.4177428483963013,,,,moe_67b_a2b_d2560_ep1_rep8_bs8192_seq8192_sw2k_v4_2048_muon_resume15k_v2_10T
33921,1.4293280839920044,,,,moe_67b_a2b_d2560_ep1_rep8_bs8192_seq8192_sw2k_v4_2048_muon_resume15k_v2_10T
34137,1.434792399406433,,,,moe_67b_a2b_d2560_ep1_rep8_bs8192_seq8192_sw2k_v4_2048_muon_resume15k_v2_10T
34182,1.423832893371582,,,,moe_67b_a2b_d2560_ep1_rep8_bs8192_seq8192_sw2k_v4_2048_muon_resume15k_v2_10T
34195,1.414381504058838,,,,moe_67b_a2b_d2560_ep1_rep8_bs8192_seq8192_sw2k_v4_2048_muon_resume15k_v2_10T
34245,1.4290632009506226,,,,moe_67b_a2b_d2560_ep1_rep8_bs8192_seq8192_sw2k_v4_2048_muon_resume15k_v2_10T
34253,1.4184293746948242,,,,moe_67b_a2b_d2560_ep1_rep8_bs8192_seq8192_sw2k_v4_2048_muon_resume15k_v2_10T
34442,1.4265292882919312,,,,moe_67b_a2b_d2560_ep1_rep8_bs8192_seq8192_sw2k_v4_2048_muon_resume15k_v2_10T
34636,1.4246193170547485,,,,moe_67b_a2b_d2560_ep1_rep8_bs8192_seq8192_sw2k_v4_2048_muon_resume15k_v2_10T
34677,1.4151712656021118,,,,moe_67b_a2b_d2560_ep1_rep8_bs8192_seq8192_sw2k_v4_2048_muon_resume15k_v2_10T
34723,1.4338009357452393,,,,moe_67b_a2b_d2560_ep1_rep8_bs8192_seq8192_sw2k_v4_2048_muon_resume15k_v2_10T
34880,1.439284324645996,,,,moe_67b_a2b_d2560_ep1_rep8_bs8192_seq8192_sw2k_v4_2048_muon_resume15k_v2_10T
34924,1.4178205728530884,,,,moe_67b_a2b_d2560_ep1_rep8_bs8192_seq8192_sw2k_v4_2048_muon_resume15k_v2_10T
35074,1.4352092742919922,,,,moe_67b_a2b_d2560_ep1_rep8_bs8192_seq8192_sw2k_v4_2048_muon_resume15k_v2_10T
35201,1.4264003038406372,,,,moe_67b_a2b_d2560_ep1_rep8_bs8192_seq8192_sw2k_v4_2048_muon_resume15k_v2_10T
35208,1.4197957515716553,,,,moe_67b_a2b_d2560_ep1_rep8_bs8192_seq8192_sw2k_v4_2048_muon_resume15k_v2_10T
35227,1.4219814538955688,,,,moe_67b_a2b_d2560_ep1_rep8_bs8192_seq8192_sw2k_v4_2048_muon_resume15k_v2_10T
35250,1.4346834421157837,,,,moe_67b_a2b_d2560_ep1_rep8_bs8192_seq8192_sw2k_v4_2048_muon_resume15k_v2_10T
35267,1.4083129167556763,,,,moe_67b_a2b_d2560_ep1_rep8_bs8192_seq8192_sw2k_v4_2048_muon_resume15k_v2_10T
35333,1.4227052927017212,,,,moe_67b_a2b_d2560_ep1_rep8_bs8192_seq8192_sw2k_v4_2048_muon_resume15k_v2_10T
35345,1.4241418838500977,,,,moe_67b_a2b_d2560_ep1_rep8_bs8192_seq8192_sw2k_v4_2048_muon_resume15k_v2_10T
35461,1.430235743522644,,,,moe_67b_a2b_d2560_ep1_rep8_bs8192_seq8192_sw2k_v4_2048_muon_resume15k_v2_10T
35704,1.4337228536605835,,,,moe_67b_a2b_d2560_ep1_rep8_bs8192_seq8192_sw2k_v4_2048_muon_resume15k_v2_10T
35723,1.4214361906051636,,,,moe_67b_a2b_d2560_ep1_rep8_bs8192_seq8192_sw2k_v4_2048_muon_resume15k_v2_10T
35778,1.3986589908599854,,,,moe_67b_a2b_d2560_ep1_rep8_bs8192_seq8192_sw2k_v4_2048_muon_resume15k_v2_10T
35874,1.4254884719848633,,,,moe_67b_a2b_d2560_ep1_rep8_bs8192_seq8192_sw2k_v4_2048_muon_resume15k_v2_10T
35912,1.429404377937317,,,,moe_67b_a2b_d2560_ep1_rep8_bs8192_seq8192_sw2k_v4_2048_muon_resume15k_v2_10T
35942,1.434678554534912,,,,moe_67b_a2b_d2560_ep1_rep8_bs8192_seq8192_sw2k_v4_2048_muon_resume15k_v2_10T
35977,1.4200491905212402,,,,moe_67b_a2b_d2560_ep1_rep8_bs8192_seq8192_sw2k_v4_2048_muon_resume15k_v2_10T
36000,,2.477644443511963,2.0932998657226562,2.23980450630188,moe_67b_a2b_d2560_ep1_rep8_bs8192_seq8192_sw2k_v4_2048_muon_resume15k_v2_10T
36040,1.4240351915359497,,,,moe_67b_a2b_d2560_ep1_rep8_bs8192_seq8192_sw2k_v4_2048_muon_resume15k_v2_10T
36092,1.4345780611038208,,,,moe_67b_a2b_d2560_ep1_rep8_bs8192_seq8192_sw2k_v4_2048_muon_resume15k_v2_10T
36132,1.4275226593017578,,,,moe_67b_a2b_d2560_ep1_rep8_bs8192_seq8192_sw2k_v4_2048_muon_resume15k_v2_10T
36165,1.4448903799057007,,,,moe_67b_a2b_d2560_ep1_rep8_bs8192_seq8192_sw2k_v4_2048_muon_resume15k_v2_10T
36249,1.4422191381454468,,,,moe_67b_a2b_d2560_ep1_rep8_bs8192_seq8192_sw2k_v4_2048_muon_resume15k_v2_10T
36297,1.4235204458236694,,,,moe_67b_a2b_d2560_ep1_rep8_bs8192_seq8192_sw2k_v4_2048_muon_resume15k_v2_10T
36469,1.4339154958724976,,,,moe_67b_a2b_d2560_ep1_rep8_bs8192_seq8192_sw2k_v4_2048_muon_resume15k_v2_10T
36621,1.4351056814193726,,,,moe_67b_a2b_d2560_ep1_rep8_bs8192_seq8192_sw2k_v4_2048_muon_resume15k_v2_10T
36953,1.4207029342651367,,,,moe_67b_a2b_d2560_ep1_rep8_bs8192_seq8192_sw2k_v4_2048_muon_resume15k_v2_10T
37346,1.4240425825119019,,,,moe_67b_a2b_d2560_ep1_rep8_bs8192_seq8192_sw2k_v4_2048_muon_resume15k_v2_10T
37395,1.427315592765808,,,,moe_67b_a2b_d2560_ep1_rep8_bs8192_seq8192_sw2k_v4_2048_muon_resume15k_v2_10T
37403,1.4178338050842285,,,,moe_67b_a2b_d2560_ep1_rep8_bs8192_seq8192_sw2k_v4_2048_muon_resume15k_v2_10T
37528,1.4441043138504028,,,,moe_67b_a2b_d2560_ep1_rep8_bs8192_seq8192_sw2k_v4_2048_muon_resume15k_v2_10T
37639,1.426369547843933,,,,moe_67b_a2b_d2560_ep1_rep8_bs8192_seq8192_sw2k_v4_2048_muon_resume15k_v2_10T
37698,1.4232643842697144,,,,moe_67b_a2b_d2560_ep1_rep8_bs8192_seq8192_sw2k_v4_2048_muon_resume15k_v2_10T
37767,1.4206041097640991,,,,moe_67b_a2b_d2560_ep1_rep8_bs8192_seq8192_sw2k_v4_2048_muon_resume15k_v2_10T
37857,1.4227408170700073,,,,moe_67b_a2b_d2560_ep1_rep8_bs8192_seq8192_sw2k_v4_2048_muon_resume15k_v2_10T
37916,1.4396640062332153,,,,moe_67b_a2b_d2560_ep1_rep8_bs8192_seq8192_sw2k_v4_2048_muon_resume15k_v2_10T
38048,1.4300191402435303,,,,moe_67b_a2b_d2560_ep1_rep8_bs8192_seq8192_sw2k_v4_2048_muon_resume15k_v2_10T
38103,1.42564058303833,,,,moe_67b_a2b_d2560_ep1_rep8_bs8192_seq8192_sw2k_v4_2048_muon_resume15k_v2_10T
38124,1.4174953699111938,,,,moe_67b_a2b_d2560_ep1_rep8_bs8192_seq8192_sw2k_v4_2048_muon_resume15k_v2_10T
38127,1.4119259119033813,,,,moe_67b_a2b_d2560_ep1_rep8_bs8192_seq8192_sw2k_v4_2048_muon_resume15k_v2_10T
38340,1.4252995252609253,,,,moe_67b_a2b_d2560_ep1_rep8_bs8192_seq8192_sw2k_v4_2048_muon_resume15k_v2_10T
38388,1.4386683702468872,,,,moe_67b_a2b_d2560_ep1_rep8_bs8192_seq8192_sw2k_v4_2048_muon_resume15k_v2_10T
38468,1.4223134517669678,,,,moe_67b_a2b_d2560_ep1_rep8_bs8192_seq8192_sw2k_v4_2048_muon_resume15k_v2_10T
38547,1.4322041273117065,,,,moe_67b_a2b_d2560_ep1_rep8_bs8192_seq8192_sw2k_v4_2048_muon_resume15k_v2_10T
38678,1.4280990362167358,,,,moe_67b_a2b_d2560_ep1_rep8_bs8192_seq8192_sw2k_v4_2048_muon_resume15k_v2_10T
38721,1.4011365175247192,,,,moe_67b_a2b_d2560_ep1_rep8_bs8192_seq8192_sw2k_v4_2048_muon_resume15k_v2_10T
38763,1.4349870681762695,,,,moe_67b_a2b_d2560_ep1_rep8_bs8192_seq8192_sw2k_v4_2048_muon_resume15k_v2_10T
38883,1.421045184135437,,,,moe_67b_a2b_d2560_ep1_rep8_bs8192_seq8192_sw2k_v4_2048_muon_resume15k_v2_10T
38968,1.4210054874420166,,,,moe_67b_a2b_d2560_ep1_rep8_bs8192_seq8192_sw2k_v4_2048_muon_resume15k_v2_10T
38998,1.4179919958114624,,,,moe_67b_a2b_d2560_ep1_rep8_bs8192_seq8192_sw2k_v4_2048_muon_resume15k_v2_10T
39000,,2.471550464630127,2.087373733520508,2.2313876152038574,moe_67b_a2b_d2560_ep1_rep8_bs8192_seq8192_sw2k_v4_2048_muon_resume15k_v2_10T
39048,1.4274486303329468,,,,moe_67b_a2b_d2560_ep1_rep8_bs8192_seq8192_sw2k_v4_2048_muon_resume15k_v2_10T
39076,1.4179863929748535,,,,moe_67b_a2b_d2560_ep1_rep8_bs8192_seq8192_sw2k_v4_2048_muon_resume15k_v2_10T
39099,1.4070392847061157,,,,moe_67b_a2b_d2560_ep1_rep8_bs8192_seq8192_sw2k_v4_2048_muon_resume15k_v2_10T
39141,1.4359216690063477,,,,moe_67b_a2b_d2560_ep1_rep8_bs8192_seq8192_sw2k_v4_2048_muon_resume15k_v2_10T
39208,1.420697808265686,,,,moe_67b_a2b_d2560_ep1_rep8_bs8192_seq8192_sw2k_v4_2048_muon_resume15k_v2_10T
39401,1.437753438949585,,,,moe_67b_a2b_d2560_ep1_rep8_bs8192_seq8192_sw2k_v4_2048_muon_resume15k_v2_10T
39410,1.4142276048660278,,,,moe_67b_a2b_d2560_ep1_rep8_bs8192_seq8192_sw2k_v4_2048_muon_resume15k_v2_10T
39418,1.4279255867004395,,,,moe_67b_a2b_d2560_ep1_rep8_bs8192_seq8192_sw2k_v4_2048_muon_resume15k_v2_10T
39450,1.4256181716918945,,,,moe_67b_a2b_d2560_ep1_rep8_bs8192_seq8192_sw2k_v4_2048_muon_resume15k_v2_10T
39452,1.4271355867385864,,,,moe_67b_a2b_d2560_ep1_rep8_bs8192_seq8192_sw2k_v4_2048_muon_resume15k_v2_10T
39529,1.418348789215088,,,,moe_67b_a2b_d2560_ep1_rep8_bs8192_seq8192_sw2k_v4_2048_muon_resume15k_v2_10T
39681,1.4244009256362915,,,,moe_67b_a2b_d2560_ep1_rep8_bs8192_seq8192_sw2k_v4_2048_muon_resume15k_v2_10T
39788,1.423919916152954,,,,moe_67b_a2b_d2560_ep1_rep8_bs8192_seq8192_sw2k_v4_2048_muon_resume15k_v2_10T
39874,1.4198479652404785,,,,moe_67b_a2b_d2560_ep1_rep8_bs8192_seq8192_sw2k_v4_2048_muon_resume15k_v2_10T
39945,1.4262359142303467,,,,moe_67b_a2b_d2560_ep1_rep8_bs8192_seq8192_sw2k_v4_2048_muon_resume15k_v2_10T
40074,1.422044277191162,,,,moe_67b_a2b_d2560_ep1_rep8_bs8192_seq8192_sw2k_v4_2048_muon_resume15k_v2_10T
40224,1.4435709714889526,,,,moe_67b_a2b_d2560_ep1_rep8_bs8192_seq8192_sw2k_v4_2048_muon_resume15k_v2_10T
40236,1.4278476238250732,,,,moe_67b_a2b_d2560_ep1_rep8_bs8192_seq8192_sw2k_v4_2048_muon_resume15k_v2_10T
40324,1.4303133487701416,,,,moe_67b_a2b_d2560_ep1_rep8_bs8192_seq8192_sw2k_v4_2048_muon_resume15k_v2_10T
40467,1.4354561567306519,,,,moe_67b_a2b_d2560_ep1_rep8_bs8192_seq8192_sw2k_v4_2048_muon_resume15k_v2_10T
40566,1.418135166168213,,,,moe_67b_a2b_d2560_ep1_rep8_bs8192_seq8192_sw2k_v4_2048_muon_resume15k_v2_10T
40585,1.4255478382110596,,,,moe_67b_a2b_d2560_ep1_rep8_bs8192_seq8192_sw2k_v4_2048_muon_resume15k_v2_10T
40683,1.4230810403823853,,,,moe_67b_a2b_d2560_ep1_rep8_bs8192_seq8192_sw2k_v4_2048_muon_resume15k_v2_10T
40733,1.4054198265075684,,,,moe_67b_a2b_d2560_ep1_rep8_bs8192_seq8192_sw2k_v4_2048_muon_resume15k_v2_10T
40814,1.4161815643310547,,,,moe_67b_a2b_d2560_ep1_rep8_bs8192_seq8192_sw2k_v4_2048_muon_resume15k_v2_10T
41045,1.4282193183898926,,,,moe_67b_a2b_d2560_ep1_rep8_bs8192_seq8192_sw2k_v4_2048_muon_resume15k_v2_10T
41217,1.4100894927978516,,,,moe_67b_a2b_d2560_ep1_rep8_bs8192_seq8192_sw2k_v4_2048_muon_resume15k_v2_10T
41256,1.4253777265548706,,,,moe_67b_a2b_d2560_ep1_rep8_bs8192_seq8192_sw2k_v4_2048_muon_resume15k_v2_10T
41410,1.4166138172149658,,,,moe_67b_a2b_d2560_ep1_rep8_bs8192_seq8192_sw2k_v4_2048_muon_resume15k_v2_10T
41443,1.4082636833190918,,,,moe_67b_a2b_d2560_ep1_rep8_bs8192_seq8192_sw2k_v4_2048_muon_resume15k_v2_10T
41481,1.4196842908859253,,,,moe_67b_a2b_d2560_ep1_rep8_bs8192_seq8192_sw2k_v4_2048_muon_resume15k_v2_10T
41555,1.4087457656860352,,,,moe_67b_a2b_d2560_ep1_rep8_bs8192_seq8192_sw2k_v4_2048_muon_resume15k_v2_10T
41647,1.4401854276657104,,,,moe_67b_a2b_d2560_ep1_rep8_bs8192_seq8192_sw2k_v4_2048_muon_resume15k_v2_10T
41851,1.4138967990875244,,,,moe_67b_a2b_d2560_ep1_rep8_bs8192_seq8192_sw2k_v4_2048_muon_resume15k_v2_10T
41857,1.4287551641464233,,,,moe_67b_a2b_d2560_ep1_rep8_bs8192_seq8192_sw2k_v4_2048_muon_resume15k_v2_10T
41866,1.4119479656219482,,,,moe_67b_a2b_d2560_ep1_rep8_bs8192_seq8192_sw2k_v4_2048_muon_resume15k_v2_10T
41903,1.41278076171875,,,,moe_67b_a2b_d2560_ep1_rep8_bs8192_seq8192_sw2k_v4_2048_muon_resume15k_v2_10T
41924,1.4068691730499268,,,,moe_67b_a2b_d2560_ep1_rep8_bs8192_seq8192_sw2k_v4_2048_muon_resume15k_v2_10T
41954,1.4194592237472534,,,,moe_67b_a2b_d2560_ep1_rep8_bs8192_seq8192_sw2k_v4_2048_muon_resume15k_v2_10T
42000,,2.468247890472412,2.082831621170044,2.2273411750793457,moe_67b_a2b_d2560_ep1_rep8_bs8192_seq8192_sw2k_v4_2048_muon_resume15k_v2_10T
42064,1.4075735807418823,,,,moe_67b_a2b_d2560_ep1_rep8_bs8192_seq8192_sw2k_v4_2048_muon_resume15k_v2_10T
42083,1.426357626914978,,,,moe_67b_a2b_d2560_ep1_rep8_bs8192_seq8192_sw2k_v4_2048_muon_resume15k_v2_10T
42103,1.4111829996109009,,,,moe_67b_a2b_d2560_ep1_rep8_bs8192_seq8192_sw2k_v4_2048_muon_resume15k_v2_10T
42107,1.4235464334487915,,,,moe_67b_a2b_d2560_ep1_rep8_bs8192_seq8192_sw2k_v4_2048_muon_resume15k_v2_10T
42120,1.4221556186676025,,,,moe_67b_a2b_d2560_ep1_rep8_bs8192_seq8192_sw2k_v4_2048_muon_resume15k_v2_10T
42141,1.4192653894424438,,,,moe_67b_a2b_d2560_ep1_rep8_bs8192_seq8192_sw2k_v4_2048_muon_resume15k_v2_10T
42239,1.4153907299041748,,,,moe_67b_a2b_d2560_ep1_rep8_bs8192_seq8192_sw2k_v4_2048_muon_resume15k_v2_10T
42468,1.4158263206481934,,,,moe_67b_a2b_d2560_ep1_rep8_bs8192_seq8192_sw2k_v4_2048_muon_resume15k_v2_10T
42672,1.4174152612686157,,,,moe_67b_a2b_d2560_ep1_rep8_bs8192_seq8192_sw2k_v4_2048_muon_resume15k_v2_10T
42743,1.4165806770324707,,,,moe_67b_a2b_d2560_ep1_rep8_bs8192_seq8192_sw2k_v4_2048_muon_resume15k_v2_10T
42820,1.4166425466537476,,,,moe_67b_a2b_d2560_ep1_rep8_bs8192_seq8192_sw2k_v4_2048_muon_resume15k_v2_10T
42921,1.4200093746185303,,,,moe_67b_a2b_d2560_ep1_rep8_bs8192_seq8192_sw2k_v4_2048_muon_resume15k_v2_10T
43085,1.410946249961853,,,,moe_67b_a2b_d2560_ep1_rep8_bs8192_seq8192_sw2k_v4_2048_muon_resume15k_v2_10T
43144,1.426354169845581,,,,moe_67b_a2b_d2560_ep1_rep8_bs8192_seq8192_sw2k_v4_2048_muon_resume15k_v2_10T
43239,1.4163004159927368,,,,moe_67b_a2b_d2560_ep1_rep8_bs8192_seq8192_sw2k_v4_2048_muon_resume15k_v2_10T
43255,1.4184365272521973,,,,moe_67b_a2b_d2560_ep1_rep8_bs8192_seq8192_sw2k_v4_2048_muon_resume15k_v2_10T
43275,1.4087564945220947,,,,moe_67b_a2b_d2560_ep1_rep8_bs8192_seq8192_sw2k_v4_2048_muon_resume15k_v2_10T
43449,1.4140056371688843,,,,moe_67b_a2b_d2560_ep1_rep8_bs8192_seq8192_sw2k_v4_2048_muon_resume15k_v2_10T
43469,1.3925602436065674,,,,moe_67b_a2b_d2560_ep1_rep8_bs8192_seq8192_sw2k_v4_2048_muon_resume15k_v2_10T
43522,1.409570336341858,,,,moe_67b_a2b_d2560_ep1_rep8_bs8192_seq8192_sw2k_v4_2048_muon_resume15k_v2_10T
43711,1.4002095460891724,,,,moe_67b_a2b_d2560_ep1_rep8_bs8192_seq8192_sw2k_v4_2048_muon_resume15k_v2_10T
43857,1.410711407661438,,,,moe_67b_a2b_d2560_ep1_rep8_bs8192_seq8192_sw2k_v4_2048_muon_resume15k_v2_10T
43867,1.4158661365509033,,,,moe_67b_a2b_d2560_ep1_rep8_bs8192_seq8192_sw2k_v4_2048_muon_resume15k_v2_10T
43901,1.4053843021392822,,,,moe_67b_a2b_d2560_ep1_rep8_bs8192_seq8192_sw2k_v4_2048_muon_resume15k_v2_10T
44004,1.4230376482009888,,,,moe_67b_a2b_d2560_ep1_rep8_bs8192_seq8192_sw2k_v4_2048_muon_resume15k_v2_10T
44503,1.4157347679138184,,,,moe_67b_a2b_d2560_ep1_rep8_bs8192_seq8192_sw2k_v4_2048_muon_resume15k_v2_10T
44587,1.4270131587982178,,,,moe_67b_a2b_d2560_ep1_rep8_bs8192_seq8192_sw2k_v4_2048_muon_resume15k_v2_10T
44717,1.4167126417160034,,,,moe_67b_a2b_d2560_ep1_rep8_bs8192_seq8192_sw2k_v4_2048_muon_resume15k_v2_10T
44836,1.4175304174423218,,,,moe_67b_a2b_d2560_ep1_rep8_bs8192_seq8192_sw2k_v4_2048_muon_resume15k_v2_10T
44886,1.4075686931610107,,,,moe_67b_a2b_d2560_ep1_rep8_bs8192_seq8192_sw2k_v4_2048_muon_resume15k_v2_10T
44975,1.4164035320281982,,,,moe_67b_a2b_d2560_ep1_rep8_bs8192_seq8192_sw2k_v4_2048_muon_resume15k_v2_10T
44991,1.4094494581222534,,,,moe_67b_a2b_d2560_ep1_rep8_bs8192_seq8192_sw2k_v4_2048_muon_resume15k_v2_10T
45000,,2.4614861011505127,2.077113151550293,2.220156192779541,moe_67b_a2b_d2560_ep1_rep8_bs8192_seq8192_sw2k_v4_2048_muon_resume15k_v2_10T
45015,1.4068573713302612,,,,moe_67b_a2b_d2560_ep1_rep8_bs8192_seq8192_sw2k_v4_2048_muon_resume15k_v2_10T
45108,1.3975063562393188,,,,moe_67b_a2b_d2560_ep1_rep8_bs8192_seq8192_sw2k_v4_2048_muon_resume15k_v2_10T
45126,1.4032551050186157,,,,moe_67b_a2b_d2560_ep1_rep8_bs8192_seq8192_sw2k_v4_2048_muon_resume15k_v2_10T
45156,1.4098758697509766,,,,moe_67b_a2b_d2560_ep1_rep8_bs8192_seq8192_sw2k_v4_2048_muon_resume15k_v2_10T
45261,1.403377652168274,,,,moe_67b_a2b_d2560_ep1_rep8_bs8192_seq8192_sw2k_v4_2048_muon_resume15k_v2_10T
45291,1.4000321626663208,,,,moe_67b_a2b_d2560_ep1_rep8_bs8192_seq8192_sw2k_v4_2048_muon_resume15k_v2_10T
45373,1.4056106805801392,,,,moe_67b_a2b_d2560_ep1_rep8_bs8192_seq8192_sw2k_v4_2048_muon_resume15k_v2_10T
45395,1.4160280227661133,,,,moe_67b_a2b_d2560_ep1_rep8_bs8192_seq8192_sw2k_v4_2048_muon_resume15k_v2_10T
45419,1.4160947799682617,,,,moe_67b_a2b_d2560_ep1_rep8_bs8192_seq8192_sw2k_v4_2048_muon_resume15k_v2_10T
45477,1.416318655014038,,,,moe_67b_a2b_d2560_ep1_rep8_bs8192_seq8192_sw2k_v4_2048_muon_resume15k_v2_10T
45513,1.4082770347595215,,,,moe_67b_a2b_d2560_ep1_rep8_bs8192_seq8192_sw2k_v4_2048_muon_resume15k_v2_10T
45729,1.4087845087051392,,,,moe_67b_a2b_d2560_ep1_rep8_bs8192_seq8192_sw2k_v4_2048_muon_resume15k_v2_10T
45748,1.3831140995025635,,,,moe_67b_a2b_d2560_ep1_rep8_bs8192_seq8192_sw2k_v4_2048_muon_resume15k_v2_10T
45768,1.3876146078109741,,,,moe_67b_a2b_d2560_ep1_rep8_bs8192_seq8192_sw2k_v4_2048_muon_resume15k_v2_10T
45776,1.4199570417404175,,,,moe_67b_a2b_d2560_ep1_rep8_bs8192_seq8192_sw2k_v4_2048_muon_resume15k_v2_10T
45868,1.4137849807739258,,,,moe_67b_a2b_d2560_ep1_rep8_bs8192_seq8192_sw2k_v4_2048_muon_resume15k_v2_10T
45945,1.410142421722412,,,,moe_67b_a2b_d2560_ep1_rep8_bs8192_seq8192_sw2k_v4_2048_muon_resume15k_v2_10T
45998,1.4106402397155762,,,,moe_67b_a2b_d2560_ep1_rep8_bs8192_seq8192_sw2k_v4_2048_muon_resume15k_v2_10T
46134,1.4093152284622192,,,,moe_67b_a2b_d2560_ep1_rep8_bs8192_seq8192_sw2k_v4_2048_muon_resume15k_v2_10T
46174,1.394275426864624,,,,moe_67b_a2b_d2560_ep1_rep8_bs8192_seq8192_sw2k_v4_2048_muon_resume15k_v2_10T
46225,1.4000170230865479,,,,moe_67b_a2b_d2560_ep1_rep8_bs8192_seq8192_sw2k_v4_2048_muon_resume15k_v2_10T
46240,1.3988090753555298,,,,moe_67b_a2b_d2560_ep1_rep8_bs8192_seq8192_sw2k_v4_2048_muon_resume15k_v2_10T
46242,1.4062786102294922,,,,moe_67b_a2b_d2560_ep1_rep8_bs8192_seq8192_sw2k_v4_2048_muon_resume15k_v2_10T
46251,1.3927419185638428,,,,moe_67b_a2b_d2560_ep1_rep8_bs8192_seq8192_sw2k_v4_2048_muon_resume15k_v2_10T
46361,1.3887497186660767,,,,moe_67b_a2b_d2560_ep1_rep8_bs8192_seq8192_sw2k_v4_2048_muon_resume15k_v2_10T
46363,1.3915075063705444,,,,moe_67b_a2b_d2560_ep1_rep8_bs8192_seq8192_sw2k_v4_2048_muon_resume15k_v2_10T
46385,1.397335410118103,,,,moe_67b_a2b_d2560_ep1_rep8_bs8192_seq8192_sw2k_v4_2048_muon_resume15k_v2_10T
46394,1.4044842720031738,,,,moe_67b_a2b_d2560_ep1_rep8_bs8192_seq8192_sw2k_v4_2048_muon_resume15k_v2_10T
46402,1.4009236097335815,,,,moe_67b_a2b_d2560_ep1_rep8_bs8192_seq8192_sw2k_v4_2048_muon_resume15k_v2_10T
46538,1.4145958423614502,,,,moe_67b_a2b_d2560_ep1_rep8_bs8192_seq8192_sw2k_v4_2048_muon_resume15k_v2_10T
46605,1.4136139154434204,,,,moe_67b_a2b_d2560_ep1_rep8_bs8192_seq8192_sw2k_v4_2048_muon_resume15k_v2_10T
46624,1.4003583192825317,,,,moe_67b_a2b_d2560_ep1_rep8_bs8192_seq8192_sw2k_v4_2048_muon_resume15k_v2_10T
46721,1.412989616394043,,,,moe_67b_a2b_d2560_ep1_rep8_bs8192_seq8192_sw2k_v4_2048_muon_resume15k_v2_10T
46735,1.4096730947494507,,,,moe_67b_a2b_d2560_ep1_rep8_bs8192_seq8192_sw2k_v4_2048_muon_resume15k_v2_10T
46766,1.400672197341919,,,,moe_67b_a2b_d2560_ep1_rep8_bs8192_seq8192_sw2k_v4_2048_muon_resume15k_v2_10T
46792,1.4087564945220947,,,,moe_67b_a2b_d2560_ep1_rep8_bs8192_seq8192_sw2k_v4_2048_muon_resume15k_v2_10T
47012,1.4032682180404663,,,,moe_67b_a2b_d2560_ep1_rep8_bs8192_seq8192_sw2k_v4_2048_muon_resume15k_v2_10T
47016,1.399478793144226,,,,moe_67b_a2b_d2560_ep1_rep8_bs8192_seq8192_sw2k_v4_2048_muon_resume15k_v2_10T
47089,1.4156080484390259,,,,moe_67b_a2b_d2560_ep1_rep8_bs8192_seq8192_sw2k_v4_2048_muon_resume15k_v2_10T
47186,1.4146080017089844,,,,moe_67b_a2b_d2560_ep1_rep8_bs8192_seq8192_sw2k_v4_2048_muon_resume15k_v2_10T
47384,1.4023420810699463,,,,moe_67b_a2b_d2560_ep1_rep8_bs8192_seq8192_sw2k_v4_2048_muon_resume15k_v2_10T
47471,1.3853518962860107,,,,moe_67b_a2b_d2560_ep1_rep8_bs8192_seq8192_sw2k_v4_2048_muon_resume15k_v2_10T
47493,1.3994532823562622,,,,moe_67b_a2b_d2560_ep1_rep8_bs8192_seq8192_sw2k_v4_2048_muon_resume15k_v2_10T
47629,1.414186716079712,,,,moe_67b_a2b_d2560_ep1_rep8_bs8192_seq8192_sw2k_v4_2048_muon_resume15k_v2_10T
47703,1.4148776531219482,,,,moe_67b_a2b_d2560_ep1_rep8_bs8192_seq8192_sw2k_v4_2048_muon_resume15k_v2_10T
47726,1.4069541692733765,,,,moe_67b_a2b_d2560_ep1_rep8_bs8192_seq8192_sw2k_v4_2048_muon_resume15k_v2_10T
47767,1.3995059728622437,,,,moe_67b_a2b_d2560_ep1_rep8_bs8192_seq8192_sw2k_v4_2048_muon_resume15k_v2_10T
47786,1.4111255407333374,,,,moe_67b_a2b_d2560_ep1_rep8_bs8192_seq8192_sw2k_v4_2048_muon_resume15k_v2_10T
47787,1.4222471714019775,,,,moe_67b_a2b_d2560_ep1_rep8_bs8192_seq8192_sw2k_v4_2048_muon_resume15k_v2_10T
47837,1.3986122608184814,,,,moe_67b_a2b_d2560_ep1_rep8_bs8192_seq8192_sw2k_v4_2048_muon_resume15k_v2_10T
47853,1.4016718864440918,,,,moe_67b_a2b_d2560_ep1_rep8_bs8192_seq8192_sw2k_v4_2048_muon_resume15k_v2_10T
47901,1.4024546146392822,,,,moe_67b_a2b_d2560_ep1_rep8_bs8192_seq8192_sw2k_v4_2048_muon_resume15k_v2_10T
47995,1.4081472158432007,,,,moe_67b_a2b_d2560_ep1_rep8_bs8192_seq8192_sw2k_v4_2048_muon_resume15k_v2_10T
48000,,2.4557929039001465,2.0734145641326904,2.2173798084259033,moe_67b_a2b_d2560_ep1_rep8_bs8192_seq8192_sw2k_v4_2048_muon_resume15k_v2_10T
48171,1.4192754030227661,,,,moe_67b_a2b_d2560_ep1_rep8_bs8192_seq8192_sw2k_v4_2048_muon_resume15k_v2_10T
48341,1.3953917026519775,,,,moe_67b_a2b_d2560_ep1_rep8_bs8192_seq8192_sw2k_v4_2048_muon_resume15k_v2_10T
48685,1.408137559890747,,,,moe_67b_a2b_d2560_ep1_rep8_bs8192_seq8192_sw2k_v4_2048_muon_resume15k_v2_10T
48726,1.4009441137313843,,,,moe_67b_a2b_d2560_ep1_rep8_bs8192_seq8192_sw2k_v4_2048_muon_resume15k_v2_10T
48784,1.4030171632766724,,,,moe_67b_a2b_d2560_ep1_rep8_bs8192_seq8192_sw2k_v4_2048_muon_resume15k_v2_10T
48815,1.4166877269744873,,,,moe_67b_a2b_d2560_ep1_rep8_bs8192_seq8192_sw2k_v4_2048_muon_resume15k_v2_10T
48955,1.4005050659179688,,,,moe_67b_a2b_d2560_ep1_rep8_bs8192_seq8192_sw2k_v4_2048_muon_resume15k_v2_10T
48990,1.3956053256988525,,,,moe_67b_a2b_d2560_ep1_rep8_bs8192_seq8192_sw2k_v4_2048_muon_resume15k_v2_10T
49124,1.4056321382522583,,,,moe_67b_a2b_d2560_ep1_rep8_bs8192_seq8192_sw2k_v4_2048_muon_resume15k_v2_10T
49131,1.3972049951553345,,,,moe_67b_a2b_d2560_ep1_rep8_bs8192_seq8192_sw2k_v4_2048_muon_resume15k_v2_10T
49217,1.419558048248291,,,,moe_67b_a2b_d2560_ep1_rep8_bs8192_seq8192_sw2k_v4_2048_muon_resume15k_v2_10T
49367,1.3856697082519531,,,,moe_67b_a2b_d2560_ep1_rep8_bs8192_seq8192_sw2k_v4_2048_muon_resume15k_v2_10T
49413,1.4014750719070435,,,,moe_67b_a2b_d2560_ep1_rep8_bs8192_seq8192_sw2k_v4_2048_muon_resume15k_v2_10T
49474,1.4234533309936523,,,,moe_67b_a2b_d2560_ep1_rep8_bs8192_seq8192_sw2k_v4_2048_muon_resume15k_v2_10T
49548,1.4122810363769531,,,,moe_67b_a2b_d2560_ep1_rep8_bs8192_seq8192_sw2k_v4_2048_muon_resume15k_v2_10T
49643,1.3962984085083008,,,,moe_67b_a2b_d2560_ep1_rep8_bs8192_seq8192_sw2k_v4_2048_muon_resume15k_v2_10T
49675,1.408699870109558,,,,moe_67b_a2b_d2560_ep1_rep8_bs8192_seq8192_sw2k_v4_2048_muon_resume15k_v2_10T
49750,1.4184069633483887,,,,moe_67b_a2b_d2560_ep1_rep8_bs8192_seq8192_sw2k_v4_2048_muon_resume15k_v2_10T
49766,1.395971417427063,,,,moe_67b_a2b_d2560_ep1_rep8_bs8192_seq8192_sw2k_v4_2048_muon_resume15k_v2_10T
49802,1.40097177028656,,,,moe_67b_a2b_d2560_ep1_rep8_bs8192_seq8192_sw2k_v4_2048_muon_resume15k_v2_10T
49918,1.3824777603149414,,,,moe_67b_a2b_d2560_ep1_rep8_bs8192_seq8192_sw2k_v4_2048_muon_resume15k_v2_10T
50018,1.391395926475525,,,,moe_67b_a2b_d2560_ep1_rep8_bs8192_seq8192_sw2k_v4_2048_muon_resume15k_v2_10T
50098,1.3904072046279907,,,,moe_67b_a2b_d2560_ep1_rep8_bs8192_seq8192_sw2k_v4_2048_muon_resume15k_v2_10T
50199,1.403849482536316,,,,moe_67b_a2b_d2560_ep1_rep8_bs8192_seq8192_sw2k_v4_2048_muon_resume15k_v2_10T
50781,1.3959025144577026,,,,moe_67b_a2b_d2560_ep1_rep8_bs8192_seq8192_sw2k_v4_2048_muon_resume15k_v2_10T
50796,1.4029130935668945,,,,moe_67b_a2b_d2560_ep1_rep8_bs8192_seq8192_sw2k_v4_2048_muon_resume15k_v2_10T
50838,1.4026741981506348,,,,moe_67b_a2b_d2560_ep1_rep8_bs8192_seq8192_sw2k_v4_2048_muon_resume15k_v2_10T
50864,1.3999508619308472,,,,moe_67b_a2b_d2560_ep1_rep8_bs8192_seq8192_sw2k_v4_2048_muon_resume15k_v2_10T
50962,1.4056764841079712,,,,moe_67b_a2b_d2560_ep1_rep8_bs8192_seq8192_sw2k_v4_2048_muon_resume15k_v2_10T
51000,,2.449873208999634,2.0695323944091797,2.214341402053833,moe_67b_a2b_d2560_ep1_rep8_bs8192_seq8192_sw2k_v4_2048_muon_resume15k_v2_10T
51005,1.3980110883712769,,,,moe_67b_a2b_d2560_ep1_rep8_bs8192_seq8192_sw2k_v4_2048_muon_resume15k_v2_10T
51013,1.3996649980545044,,,,moe_67b_a2b_d2560_ep1_rep8_bs8192_seq8192_sw2k_v4_2048_muon_resume15k_v2_10T
51184,1.3890647888183594,,,,moe_67b_a2b_d2560_ep1_rep8_bs8192_seq8192_sw2k_v4_2048_muon_resume15k_v2_10T
51291,1.403502345085144,,,,moe_67b_a2b_d2560_ep1_rep8_bs8192_seq8192_sw2k_v4_2048_muon_resume15k_v2_10T
51326,1.4034982919692993,,,,moe_67b_a2b_d2560_ep1_rep8_bs8192_seq8192_sw2k_v4_2048_muon_resume15k_v2_10T
51441,1.4041657447814941,,,,moe_67b_a2b_d2560_ep1_rep8_bs8192_seq8192_sw2k_v4_2048_muon_resume15k_v2_10T
51493,1.3884027004241943,,,,moe_67b_a2b_d2560_ep1_rep8_bs8192_seq8192_sw2k_v4_2048_muon_resume15k_v2_10T
51527,1.420920968055725,,,,moe_67b_a2b_d2560_ep1_rep8_bs8192_seq8192_sw2k_v4_2048_muon_resume15k_v2_10T
51711,1.411586880683899,,,,moe_67b_a2b_d2560_ep1_rep8_bs8192_seq8192_sw2k_v4_2048_muon_resume15k_v2_10T
51797,1.4058860540390015,,,,moe_67b_a2b_d2560_ep1_rep8_bs8192_seq8192_sw2k_v4_2048_muon_resume15k_v2_10T
51999,1.401816725730896,,,,moe_67b_a2b_d2560_ep1_rep8_bs8192_seq8192_sw2k_v4_2048_muon_resume15k_v2_10T
52220,1.3968291282653809,,,,moe_67b_a2b_d2560_ep1_rep8_bs8192_seq8192_sw2k_v4_2048_muon_resume15k_v2_10T
52319,1.406726598739624,,,,moe_67b_a2b_d2560_ep1_rep8_bs8192_seq8192_sw2k_v4_2048_muon_resume15k_v2_10T
52346,1.3912684917449951,,,,moe_67b_a2b_d2560_ep1_rep8_bs8192_seq8192_sw2k_v4_2048_muon_resume15k_v2_10T
52486,1.400743842124939,,,,moe_67b_a2b_d2560_ep1_rep8_bs8192_seq8192_sw2k_v4_2048_muon_resume15k_v2_10T
52542,1.4060312509536743,,,,moe_67b_a2b_d2560_ep1_rep8_bs8192_seq8192_sw2k_v4_2048_muon_resume15k_v2_10T
52610,1.3972207307815552,,,,moe_67b_a2b_d2560_ep1_rep8_bs8192_seq8192_sw2k_v4_2048_muon_resume15k_v2_10T
52666,1.4001684188842773,,,,moe_67b_a2b_d2560_ep1_rep8_bs8192_seq8192_sw2k_v4_2048_muon_resume15k_v2_10T
52753,1.3993275165557861,,,,moe_67b_a2b_d2560_ep1_rep8_bs8192_seq8192_sw2k_v4_2048_muon_resume15k_v2_10T
53021,1.3884661197662354,,,,moe_67b_a2b_d2560_ep1_rep8_bs8192_seq8192_sw2k_v4_2048_muon_resume15k_v2_10T
53040,1.4033187627792358,,,,moe_67b_a2b_d2560_ep1_rep8_bs8192_seq8192_sw2k_v4_2048_muon_resume15k_v2_10T
53149,1.4135267734527588,,,,moe_67b_a2b_d2560_ep1_rep8_bs8192_seq8192_sw2k_v4_2048_muon_resume15k_v2_10T
53241,1.4004664421081543,,,,moe_67b_a2b_d2560_ep1_rep8_bs8192_seq8192_sw2k_v4_2048_muon_resume15k_v2_10T
53272,1.414419412612915,,,,moe_67b_a2b_d2560_ep1_rep8_bs8192_seq8192_sw2k_v4_2048_muon_resume15k_v2_10T
53382,1.3909087181091309,,,,moe_67b_a2b_d2560_ep1_rep8_bs8192_seq8192_sw2k_v4_2048_muon_resume15k_v2_10T
53442,1.4013844728469849,,,,moe_67b_a2b_d2560_ep1_rep8_bs8192_seq8192_sw2k_v4_2048_muon_resume15k_v2_10T
53575,1.4034756422042847,,,,moe_67b_a2b_d2560_ep1_rep8_bs8192_seq8192_sw2k_v4_2048_muon_resume15k_v2_10T
53604,1.3931224346160889,,,,moe_67b_a2b_d2560_ep1_rep8_bs8192_seq8192_sw2k_v4_2048_muon_resume15k_v2_10T
53605,1.3905179500579834,,,,moe_67b_a2b_d2560_ep1_rep8_bs8192_seq8192_sw2k_v4_2048_muon_resume15k_v2_10T
53612,1.400646448135376,,,,moe_67b_a2b_d2560_ep1_rep8_bs8192_seq8192_sw2k_v4_2048_muon_resume15k_v2_10T
53688,1.4002634286880493,,,,moe_67b_a2b_d2560_ep1_rep8_bs8192_seq8192_sw2k_v4_2048_muon_resume15k_v2_10T
53751,1.4020540714263916,,,,moe_67b_a2b_d2560_ep1_rep8_bs8192_seq8192_sw2k_v4_2048_muon_resume15k_v2_10T
53872,1.3888746500015259,,,,moe_67b_a2b_d2560_ep1_rep8_bs8192_seq8192_sw2k_v4_2048_muon_resume15k_v2_10T
54000,,2.4460318088531494,2.064117670059204,2.2079079151153564,moe_67b_a2b_d2560_ep1_rep8_bs8192_seq8192_sw2k_v4_2048_muon_resume15k_v2_10T
54077,1.4147697687149048,,,,moe_67b_a2b_d2560_ep1_rep8_bs8192_seq8192_sw2k_v4_2048_muon_resume15k_v2_10T
54108,1.4092203378677368,,,,moe_67b_a2b_d2560_ep1_rep8_bs8192_seq8192_sw2k_v4_2048_muon_resume15k_v2_10T
54149,1.407090425491333,,,,moe_67b_a2b_d2560_ep1_rep8_bs8192_seq8192_sw2k_v4_2048_muon_resume15k_v2_10T
54298,1.4039608240127563,,,,moe_67b_a2b_d2560_ep1_rep8_bs8192_seq8192_sw2k_v4_2048_muon_resume15k_v2_10T
54315,1.3919739723205566,,,,moe_67b_a2b_d2560_ep1_rep8_bs8192_seq8192_sw2k_v4_2048_muon_resume15k_v2_10T
54329,1.404273271560669,,,,moe_67b_a2b_d2560_ep1_rep8_bs8192_seq8192_sw2k_v4_2048_muon_resume15k_v2_10T
54333,1.4096179008483887,,,,moe_67b_a2b_d2560_ep1_rep8_bs8192_seq8192_sw2k_v4_2048_muon_resume15k_v2_10T
54368,1.406323790550232,,,,moe_67b_a2b_d2560_ep1_rep8_bs8192_seq8192_sw2k_v4_2048_muon_resume15k_v2_10T
54453,1.4024877548217773,,,,moe_67b_a2b_d2560_ep1_rep8_bs8192_seq8192_sw2k_v4_2048_muon_resume15k_v2_10T
54558,1.4002833366394043,,,,moe_67b_a2b_d2560_ep1_rep8_bs8192_seq8192_sw2k_v4_2048_muon_resume15k_v2_10T
54656,1.4028156995773315,,,,moe_67b_a2b_d2560_ep1_rep8_bs8192_seq8192_sw2k_v4_2048_muon_resume15k_v2_10T
54817,1.3908555507659912,,,,moe_67b_a2b_d2560_ep1_rep8_bs8192_seq8192_sw2k_v4_2048_muon_resume15k_v2_10T
54822,1.4133117198944092,,,,moe_67b_a2b_d2560_ep1_rep8_bs8192_seq8192_sw2k_v4_2048_muon_resume15k_v2_10T
54941,1.3973733186721802,,,,moe_67b_a2b_d2560_ep1_rep8_bs8192_seq8192_sw2k_v4_2048_muon_resume15k_v2_10T
55014,1.3947134017944336,,,,moe_67b_a2b_d2560_ep1_rep8_bs8192_seq8192_sw2k_v4_2048_muon_resume15k_v2_10T
55429,1.4114713668823242,,,,moe_67b_a2b_d2560_ep1_rep8_bs8192_seq8192_sw2k_v4_2048_muon_resume15k_v2_10T
55482,1.3955649137496948,,,,moe_67b_a2b_d2560_ep1_rep8_bs8192_seq8192_sw2k_v4_2048_muon_resume15k_v2_10T
55522,1.3888132572174072,,,,moe_67b_a2b_d2560_ep1_rep8_bs8192_seq8192_sw2k_v4_2048_muon_resume15k_v2_10T
55562,1.403827428817749,,,,moe_67b_a2b_d2560_ep1_rep8_bs8192_seq8192_sw2k_v4_2048_muon_resume15k_v2_10T
55605,1.383787751197815,,,,moe_67b_a2b_d2560_ep1_rep8_bs8192_seq8192_sw2k_v4_2048_muon_resume15k_v2_10T
55673,1.383241891860962,,,,moe_67b_a2b_d2560_ep1_rep8_bs8192_seq8192_sw2k_v4_2048_muon_resume15k_v2_10T
55706,1.3994346857070923,,,,moe_67b_a2b_d2560_ep1_rep8_bs8192_seq8192_sw2k_v4_2048_muon_resume15k_v2_10T
55710,1.375738501548767,,,,moe_67b_a2b_d2560_ep1_rep8_bs8192_seq8192_sw2k_v4_2048_muon_resume15k_v2_10T
55793,1.393003225326538,,,,moe_67b_a2b_d2560_ep1_rep8_bs8192_seq8192_sw2k_v4_2048_muon_resume15k_v2_10T
55983,1.3848745822906494,,,,moe_67b_a2b_d2560_ep1_rep8_bs8192_seq8192_sw2k_v4_2048_muon_resume15k_v2_10T
56119,1.3970773220062256,,,,moe_67b_a2b_d2560_ep1_rep8_bs8192_seq8192_sw2k_v4_2048_muon_resume15k_v2_10T
56341,1.3967548608779907,,,,moe_67b_a2b_d2560_ep1_rep8_bs8192_seq8192_sw2k_v4_2048_muon_resume15k_v2_10T
56355,1.4034150838851929,,,,moe_67b_a2b_d2560_ep1_rep8_bs8192_seq8192_sw2k_v4_2048_muon_resume15k_v2_10T
56370,1.3940162658691406,,,,moe_67b_a2b_d2560_ep1_rep8_bs8192_seq8192_sw2k_v4_2048_muon_resume15k_v2_10T
56465,1.4079757928848267,,,,moe_67b_a2b_d2560_ep1_rep8_bs8192_seq8192_sw2k_v4_2048_muon_resume15k_v2_10T
56547,1.4032528400421143,,,,moe_67b_a2b_d2560_ep1_rep8_bs8192_seq8192_sw2k_v4_2048_muon_resume15k_v2_10T
56612,1.4145512580871582,,,,moe_67b_a2b_d2560_ep1_rep8_bs8192_seq8192_sw2k_v4_2048_muon_resume15k_v2_10T
56614,1.38819420337677,,,,moe_67b_a2b_d2560_ep1_rep8_bs8192_seq8192_sw2k_v4_2048_muon_resume15k_v2_10T
56814,1.3905811309814453,,,,moe_67b_a2b_d2560_ep1_rep8_bs8192_seq8192_sw2k_v4_2048_muon_resume15k_v2_10T
57000,,2.4413836002349854,2.0587124824523926,2.203601121902466,moe_67b_a2b_d2560_ep1_rep8_bs8192_seq8192_sw2k_v4_2048_muon_resume15k_v2_10T
57027,1.391252040863037,,,,moe_67b_a2b_d2560_ep1_rep8_bs8192_seq8192_sw2k_v4_2048_muon_resume15k_v2_10T
57065,1.3911844491958618,,,,moe_67b_a2b_d2560_ep1_rep8_bs8192_seq8192_sw2k_v4_2048_muon_resume15k_v2_10T
57097,1.3881381750106812,,,,moe_67b_a2b_d2560_ep1_rep8_bs8192_seq8192_sw2k_v4_2048_muon_resume15k_v2_10T
57168,1.3982040882110596,,,,moe_67b_a2b_d2560_ep1_rep8_bs8192_seq8192_sw2k_v4_2048_muon_resume15k_v2_10T
57188,1.4001710414886475,,,,moe_67b_a2b_d2560_ep1_rep8_bs8192_seq8192_sw2k_v4_2048_muon_resume15k_v2_10T
57220,1.3901160955429077,,,,moe_67b_a2b_d2560_ep1_rep8_bs8192_seq8192_sw2k_v4_2048_muon_resume15k_v2_10T
57378,1.3831477165222168,,,,moe_67b_a2b_d2560_ep1_rep8_bs8192_seq8192_sw2k_v4_2048_muon_resume15k_v2_10T
57564,1.393332600593567,,,,moe_67b_a2b_d2560_ep1_rep8_bs8192_seq8192_sw2k_v4_2048_muon_resume15k_v2_10T
57668,1.3799930810928345,,,,moe_67b_a2b_d2560_ep1_rep8_bs8192_seq8192_sw2k_v4_2048_muon_resume15k_v2_10T
57754,1.3961684703826904,,,,moe_67b_a2b_d2560_ep1_rep8_bs8192_seq8192_sw2k_v4_2048_muon_resume15k_v2_10T
57792,1.3892238140106201,,,,moe_67b_a2b_d2560_ep1_rep8_bs8192_seq8192_sw2k_v4_2048_muon_resume15k_v2_10T
57970,1.3892285823822021,,,,moe_67b_a2b_d2560_ep1_rep8_bs8192_seq8192_sw2k_v4_2048_muon_resume15k_v2_10T
57977,1.4092460870742798,,,,moe_67b_a2b_d2560_ep1_rep8_bs8192_seq8192_sw2k_v4_2048_muon_resume15k_v2_10T
58019,1.3753877878189087,,,,moe_67b_a2b_d2560_ep1_rep8_bs8192_seq8192_sw2k_v4_2048_muon_resume15k_v2_10T
58021,1.387948989868164,,,,moe_67b_a2b_d2560_ep1_rep8_bs8192_seq8192_sw2k_v4_2048_muon_resume15k_v2_10T
58058,1.379533290863037,,,,moe_67b_a2b_d2560_ep1_rep8_bs8192_seq8192_sw2k_v4_2048_muon_resume15k_v2_10T
58064,1.3839138746261597,,,,moe_67b_a2b_d2560_ep1_rep8_bs8192_seq8192_sw2k_v4_2048_muon_resume15k_v2_10T
58070,1.372011423110962,,,,moe_67b_a2b_d2560_ep1_rep8_bs8192_seq8192_sw2k_v4_2048_muon_resume15k_v2_10T
58303,1.3861521482467651,,,,moe_67b_a2b_d2560_ep1_rep8_bs8192_seq8192_sw2k_v4_2048_muon_resume15k_v2_10T
58335,1.3938730955123901,,,,moe_67b_a2b_d2560_ep1_rep8_bs8192_seq8192_sw2k_v4_2048_muon_resume15k_v2_10T
58493,1.3819206953048706,,,,moe_67b_a2b_d2560_ep1_rep8_bs8192_seq8192_sw2k_v4_2048_muon_resume15k_v2_10T
58504,1.3996925354003906,,,,moe_67b_a2b_d2560_ep1_rep8_bs8192_seq8192_sw2k_v4_2048_muon_resume15k_v2_10T
58525,1.3936599493026733,,,,moe_67b_a2b_d2560_ep1_rep8_bs8192_seq8192_sw2k_v4_2048_muon_resume15k_v2_10T
58547,1.3934346437454224,,,,moe_67b_a2b_d2560_ep1_rep8_bs8192_seq8192_sw2k_v4_2048_muon_resume15k_v2_10T
58712,1.4045674800872803,,,,moe_67b_a2b_d2560_ep1_rep8_bs8192_seq8192_sw2k_v4_2048_muon_resume15k_v2_10T
58859,1.3876818418502808,,,,moe_67b_a2b_d2560_ep1_rep8_bs8192_seq8192_sw2k_v4_2048_muon_resume15k_v2_10T
58888,1.393009901046753,,,,moe_67b_a2b_d2560_ep1_rep8_bs8192_seq8192_sw2k_v4_2048_muon_resume15k_v2_10T
58913,1.379618525505066,,,,moe_67b_a2b_d2560_ep1_rep8_bs8192_seq8192_sw2k_v4_2048_muon_resume15k_v2_10T
58943,1.3826781511306763,,,,moe_67b_a2b_d2560_ep1_rep8_bs8192_seq8192_sw2k_v4_2048_muon_resume15k_v2_10T
58976,1.4016810655593872,,,,moe_67b_a2b_d2560_ep1_rep8_bs8192_seq8192_sw2k_v4_2048_muon_resume15k_v2_10T
59014,1.3945655822753906,,,,moe_67b_a2b_d2560_ep1_rep8_bs8192_seq8192_sw2k_v4_2048_muon_resume15k_v2_10T
59056,1.381380319595337,,,,moe_67b_a2b_d2560_ep1_rep8_bs8192_seq8192_sw2k_v4_2048_muon_resume15k_v2_10T
59058,1.374022126197815,,,,moe_67b_a2b_d2560_ep1_rep8_bs8192_seq8192_sw2k_v4_2048_muon_resume15k_v2_10T
59206,1.380594253540039,,,,moe_67b_a2b_d2560_ep1_rep8_bs8192_seq8192_sw2k_v4_2048_muon_resume15k_v2_10T
59224,1.3691034317016602,,,,moe_67b_a2b_d2560_ep1_rep8_bs8192_seq8192_sw2k_v4_2048_muon_resume15k_v2_10T
59301,1.4021170139312744,,,,moe_67b_a2b_d2560_ep1_rep8_bs8192_seq8192_sw2k_v4_2048_muon_resume15k_v2_10T
59533,1.3746247291564941,,,,moe_67b_a2b_d2560_ep1_rep8_bs8192_seq8192_sw2k_v4_2048_muon_resume15k_v2_10T
59546,1.395922303199768,,,,moe_67b_a2b_d2560_ep1_rep8_bs8192_seq8192_sw2k_v4_2048_muon_resume15k_v2_10T
59585,1.3986389636993408,,,,moe_67b_a2b_d2560_ep1_rep8_bs8192_seq8192_sw2k_v4_2048_muon_resume15k_v2_10T
59758,1.3953263759613037,,,,moe_67b_a2b_d2560_ep1_rep8_bs8192_seq8192_sw2k_v4_2048_muon_resume15k_v2_10T
59776,1.3921611309051514,,,,moe_67b_a2b_d2560_ep1_rep8_bs8192_seq8192_sw2k_v4_2048_muon_resume15k_v2_10T
59875,1.3913620710372925,,,,moe_67b_a2b_d2560_ep1_rep8_bs8192_seq8192_sw2k_v4_2048_muon_resume15k_v2_10T
60000,,2.436657428741455,2.0569841861724854,2.201164722442627,moe_67b_a2b_d2560_ep1_rep8_bs8192_seq8192_sw2k_v4_2048_muon_resume15k_v2_10T
60098,1.3874865770339966,,,,moe_67b_a2b_d2560_ep1_rep8_bs8192_seq8192_sw2k_v4_2048_muon_resume15k_v2_10T
60115,1.3845548629760742,,,,moe_67b_a2b_d2560_ep1_rep8_bs8192_seq8192_sw2k_v4_2048_muon_resume15k_v2_10T
60198,1.4029593467712402,,,,moe_67b_a2b_d2560_ep1_rep8_bs8192_seq8192_sw2k_v4_2048_muon_resume15k_v2_10T
60315,1.3902710676193237,,,,moe_67b_a2b_d2560_ep1_rep8_bs8192_seq8192_sw2k_v4_2048_muon_resume15k_v2_10T
60451,1.3710949420928955,,,,moe_67b_a2b_d2560_ep1_rep8_bs8192_seq8192_sw2k_v4_2048_muon_resume15k_v2_10T
60527,1.3945075273513794,,,,moe_67b_a2b_d2560_ep1_rep8_bs8192_seq8192_sw2k_v4_2048_muon_resume15k_v2_10T
60599,1.3880420923233032,,,,moe_67b_a2b_d2560_ep1_rep8_bs8192_seq8192_sw2k_v4_2048_muon_resume15k_v2_10T
60728,1.3874129056930542,,,,moe_67b_a2b_d2560_ep1_rep8_bs8192_seq8192_sw2k_v4_2048_muon_resume15k_v2_10T
60801,1.3785755634307861,,,,moe_67b_a2b_d2560_ep1_rep8_bs8192_seq8192_sw2k_v4_2048_muon_resume15k_v2_10T
60856,1.3906359672546387,,,,moe_67b_a2b_d2560_ep1_rep8_bs8192_seq8192_sw2k_v4_2048_muon_resume15k_v2_10T
60871,1.3904964923858643,,,,moe_67b_a2b_d2560_ep1_rep8_bs8192_seq8192_sw2k_v4_2048_muon_resume15k_v2_10T
60877,1.3989765644073486,,,,moe_67b_a2b_d2560_ep1_rep8_bs8192_seq8192_sw2k_v4_2048_muon_resume15k_v2_10T
60887,1.391518473625183,,,,moe_67b_a2b_d2560_ep1_rep8_bs8192_seq8192_sw2k_v4_2048_muon_resume15k_v2_10T
60970,1.3728652000427246,,,,moe_67b_a2b_d2560_ep1_rep8_bs8192_seq8192_sw2k_v4_2048_muon_resume15k_v2_10T
61100,1.388391375541687,,,,moe_67b_a2b_d2560_ep1_rep8_bs8192_seq8192_sw2k_v4_2048_muon_resume15k_v2_10T
61175,1.3875757455825806,,,,moe_67b_a2b_d2560_ep1_rep8_bs8192_seq8192_sw2k_v4_2048_muon_resume15k_v2_10T
61197,1.3934944868087769,,,,moe_67b_a2b_d2560_ep1_rep8_bs8192_seq8192_sw2k_v4_2048_muon_resume15k_v2_10T
61245,1.3924105167388916,,,,moe_67b_a2b_d2560_ep1_rep8_bs8192_seq8192_sw2k_v4_2048_muon_resume15k_v2_10T
61369,1.3891468048095703,,,,moe_67b_a2b_d2560_ep1_rep8_bs8192_seq8192_sw2k_v4_2048_muon_resume15k_v2_10T
61402,1.383976936340332,,,,moe_67b_a2b_d2560_ep1_rep8_bs8192_seq8192_sw2k_v4_2048_muon_resume15k_v2_10T
61435,1.3908593654632568,,,,moe_67b_a2b_d2560_ep1_rep8_bs8192_seq8192_sw2k_v4_2048_muon_resume15k_v2_10T
61488,1.3948076963424683,,,,moe_67b_a2b_d2560_ep1_rep8_bs8192_seq8192_sw2k_v4_2048_muon_resume15k_v2_10T
61535,1.3877400159835815,,,,moe_67b_a2b_d2560_ep1_rep8_bs8192_seq8192_sw2k_v4_2048_muon_resume15k_v2_10T
61579,1.387957215309143,,,,moe_67b_a2b_d2560_ep1_rep8_bs8192_seq8192_sw2k_v4_2048_muon_resume15k_v2_10T
61622,1.3922779560089111,,,,moe_67b_a2b_d2560_ep1_rep8_bs8192_seq8192_sw2k_v4_2048_muon_resume15k_v2_10T
61673,1.4000285863876343,,,,moe_67b_a2b_d2560_ep1_rep8_bs8192_seq8192_sw2k_v4_2048_muon_resume15k_v2_10T
61772,1.3736435174942017,,,,moe_67b_a2b_d2560_ep1_rep8_bs8192_seq8192_sw2k_v4_2048_muon_resume15k_v2_10T
61804,1.387068748474121,,,,moe_67b_a2b_d2560_ep1_rep8_bs8192_seq8192_sw2k_v4_2048_muon_resume15k_v2_10T
62108,1.3979682922363281,,,,moe_67b_a2b_d2560_ep1_rep8_bs8192_seq8192_sw2k_v4_2048_muon_resume15k_v2_10T
62143,1.3898911476135254,,,,moe_67b_a2b_d2560_ep1_rep8_bs8192_seq8192_sw2k_v4_2048_muon_resume15k_v2_10T
62154,1.3745718002319336,,,,moe_67b_a2b_d2560_ep1_rep8_bs8192_seq8192_sw2k_v4_2048_muon_resume15k_v2_10T
62204,1.3847495317459106,,,,moe_67b_a2b_d2560_ep1_rep8_bs8192_seq8192_sw2k_v4_2048_muon_resume15k_v2_10T
62307,1.3780628442764282,,,,moe_67b_a2b_d2560_ep1_rep8_bs8192_seq8192_sw2k_v4_2048_muon_resume15k_v2_10T
62363,1.389504075050354,,,,moe_67b_a2b_d2560_ep1_rep8_bs8192_seq8192_sw2k_v4_2048_muon_resume15k_v2_10T
62426,1.3800983428955078,,,,moe_67b_a2b_d2560_ep1_rep8_bs8192_seq8192_sw2k_v4_2048_muon_resume15k_v2_10T
62462,1.393605351448059,,,,moe_67b_a2b_d2560_ep1_rep8_bs8192_seq8192_sw2k_v4_2048_muon_resume15k_v2_10T
62554,1.384399175643921,,,,moe_67b_a2b_d2560_ep1_rep8_bs8192_seq8192_sw2k_v4_2048_muon_resume15k_v2_10T
62724,1.387058973312378,,,,moe_67b_a2b_d2560_ep1_rep8_bs8192_seq8192_sw2k_v4_2048_muon_resume15k_v2_10T
62747,1.3906517028808594,,,,moe_67b_a2b_d2560_ep1_rep8_bs8192_seq8192_sw2k_v4_2048_muon_resume15k_v2_10T
62873,1.380334496498108,,,,moe_67b_a2b_d2560_ep1_rep8_bs8192_seq8192_sw2k_v4_2048_muon_resume15k_v2_10T
62935,1.395990252494812,,,,moe_67b_a2b_d2560_ep1_rep8_bs8192_seq8192_sw2k_v4_2048_muon_resume15k_v2_10T
62959,1.3966138362884521,,,,moe_67b_a2b_d2560_ep1_rep8_bs8192_seq8192_sw2k_v4_2048_muon_resume15k_v2_10T
63000,,2.432520866394043,2.0509941577911377,2.193774938583374,moe_67b_a2b_d2560_ep1_rep8_bs8192_seq8192_sw2k_v4_2048_muon_resume15k_v2_10T
63103,1.37496018409729,,,,moe_67b_a2b_d2560_ep1_rep8_bs8192_seq8192_sw2k_v4_2048_muon_resume15k_v2_10T
63128,1.3854604959487915,,,,moe_67b_a2b_d2560_ep1_rep8_bs8192_seq8192_sw2k_v4_2048_muon_resume15k_v2_10T
63166,1.4014378786087036,,,,moe_67b_a2b_d2560_ep1_rep8_bs8192_seq8192_sw2k_v4_2048_muon_resume15k_v2_10T
63169,1.38096284866333,,,,moe_67b_a2b_d2560_ep1_rep8_bs8192_seq8192_sw2k_v4_2048_muon_resume15k_v2_10T
63227,1.3688509464263916,,,,moe_67b_a2b_d2560_ep1_rep8_bs8192_seq8192_sw2k_v4_2048_muon_resume15k_v2_10T
63234,1.376242995262146,,,,moe_67b_a2b_d2560_ep1_rep8_bs8192_seq8192_sw2k_v4_2048_muon_resume15k_v2_10T
63274,1.3748693466186523,,,,moe_67b_a2b_d2560_ep1_rep8_bs8192_seq8192_sw2k_v4_2048_muon_resume15k_v2_10T
63435,1.3866227865219116,,,,moe_67b_a2b_d2560_ep1_rep8_bs8192_seq8192_sw2k_v4_2048_muon_resume15k_v2_10T
63560,1.387612223625183,,,,moe_67b_a2b_d2560_ep1_rep8_bs8192_seq8192_sw2k_v4_2048_muon_resume15k_v2_10T
63659,1.385938048362732,,,,moe_67b_a2b_d2560_ep1_rep8_bs8192_seq8192_sw2k_v4_2048_muon_resume15k_v2_10T
63843,1.3904168605804443,,,,moe_67b_a2b_d2560_ep1_rep8_bs8192_seq8192_sw2k_v4_2048_muon_resume15k_v2_10T
63902,1.37179434299469,,,,moe_67b_a2b_d2560_ep1_rep8_bs8192_seq8192_sw2k_v4_2048_muon_resume15k_v2_10T
64040,1.3789548873901367,,,,moe_67b_a2b_d2560_ep1_rep8_bs8192_seq8192_sw2k_v4_2048_muon_resume15k_v2_10T
64055,1.381024956703186,,,,moe_67b_a2b_d2560_ep1_rep8_bs8192_seq8192_sw2k_v4_2048_muon_resume15k_v2_10T
64144,1.3868379592895508,,,,moe_67b_a2b_d2560_ep1_rep8_bs8192_seq8192_sw2k_v4_2048_muon_resume15k_v2_10T
64194,1.382367491722107,,,,moe_67b_a2b_d2560_ep1_rep8_bs8192_seq8192_sw2k_v4_2048_muon_resume15k_v2_10T
64216,1.366052269935608,,,,moe_67b_a2b_d2560_ep1_rep8_bs8192_seq8192_sw2k_v4_2048_muon_resume15k_v2_10T
64290,1.381750464439392,,,,moe_67b_a2b_d2560_ep1_rep8_bs8192_seq8192_sw2k_v4_2048_muon_resume15k_v2_10T
64350,1.3600242137908936,,,,moe_67b_a2b_d2560_ep1_rep8_bs8192_seq8192_sw2k_v4_2048_muon_resume15k_v2_10T
64373,1.3815199136734009,,,,moe_67b_a2b_d2560_ep1_rep8_bs8192_seq8192_sw2k_v4_2048_muon_resume15k_v2_10T
64445,1.3837655782699585,,,,moe_67b_a2b_d2560_ep1_rep8_bs8192_seq8192_sw2k_v4_2048_muon_resume15k_v2_10T
64448,1.388461947441101,,,,moe_67b_a2b_d2560_ep1_rep8_bs8192_seq8192_sw2k_v4_2048_muon_resume15k_v2_10T
64469,1.3862601518630981,,,,moe_67b_a2b_d2560_ep1_rep8_bs8192_seq8192_sw2k_v4_2048_muon_resume15k_v2_10T
64505,1.3704228401184082,,,,moe_67b_a2b_d2560_ep1_rep8_bs8192_seq8192_sw2k_v4_2048_muon_resume15k_v2_10T
64527,1.3786072731018066,,,,moe_67b_a2b_d2560_ep1_rep8_bs8192_seq8192_sw2k_v4_2048_muon_resume15k_v2_10T
64559,1.394586205482483,,,,moe_67b_a2b_d2560_ep1_rep8_bs8192_seq8192_sw2k_v4_2048_muon_resume15k_v2_10T
64739,1.3896054029464722,,,,moe_67b_a2b_d2560_ep1_rep8_bs8192_seq8192_sw2k_v4_2048_muon_resume15k_v2_10T
64747,1.3789182901382446,,,,moe_67b_a2b_d2560_ep1_rep8_bs8192_seq8192_sw2k_v4_2048_muon_resume15k_v2_10T
64910,1.401271939277649,,,,moe_67b_a2b_d2560_ep1_rep8_bs8192_seq8192_sw2k_v4_2048_muon_resume15k_v2_10T
65053,1.3699945211410522,,,,moe_67b_a2b_d2560_ep1_rep8_bs8192_seq8192_sw2k_v4_2048_muon_resume15k_v2_10T
65109,1.3904786109924316,,,,moe_67b_a2b_d2560_ep1_rep8_bs8192_seq8192_sw2k_v4_2048_muon_resume15k_v2_10T
65185,1.3785525560379028,,,,moe_67b_a2b_d2560_ep1_rep8_bs8192_seq8192_sw2k_v4_2048_muon_resume15k_v2_10T
65309,1.3789622783660889,,,,moe_67b_a2b_d2560_ep1_rep8_bs8192_seq8192_sw2k_v4_2048_muon_resume15k_v2_10T
65311,1.3822129964828491,,,,moe_67b_a2b_d2560_ep1_rep8_bs8192_seq8192_sw2k_v4_2048_muon_resume15k_v2_10T
65429,1.3805549144744873,,,,moe_67b_a2b_d2560_ep1_rep8_bs8192_seq8192_sw2k_v4_2048_muon_resume15k_v2_10T
65460,1.3840421438217163,,,,moe_67b_a2b_d2560_ep1_rep8_bs8192_seq8192_sw2k_v4_2048_muon_resume15k_v2_10T
65578,1.3742536306381226,,,,moe_67b_a2b_d2560_ep1_rep8_bs8192_seq8192_sw2k_v4_2048_muon_resume15k_v2_10T
65579,1.3561252355575562,,,,moe_67b_a2b_d2560_ep1_rep8_bs8192_seq8192_sw2k_v4_2048_muon_resume15k_v2_10T
65638,1.3697983026504517,,,,moe_67b_a2b_d2560_ep1_rep8_bs8192_seq8192_sw2k_v4_2048_muon_resume15k_v2_10T
65682,1.369347095489502,,,,moe_67b_a2b_d2560_ep1_rep8_bs8192_seq8192_sw2k_v4_2048_muon_resume15k_v2_10T
65727,1.3756223917007446,,,,moe_67b_a2b_d2560_ep1_rep8_bs8192_seq8192_sw2k_v4_2048_muon_resume15k_v2_10T
65757,1.3835383653640747,,,,moe_67b_a2b_d2560_ep1_rep8_bs8192_seq8192_sw2k_v4_2048_muon_resume15k_v2_10T
65817,1.3825231790542603,,,,moe_67b_a2b_d2560_ep1_rep8_bs8192_seq8192_sw2k_v4_2048_muon_resume15k_v2_10T
66000,,2.428192615509033,2.0461585521698,2.189230442047119,moe_67b_a2b_d2560_ep1_rep8_bs8192_seq8192_sw2k_v4_2048_muon_resume15k_v2_10T
66009,1.3751866817474365,,,,moe_67b_a2b_d2560_ep1_rep8_bs8192_seq8192_sw2k_v4_2048_muon_resume15k_v2_10T
66132,1.3696895837783813,,,,moe_67b_a2b_d2560_ep1_rep8_bs8192_seq8192_sw2k_v4_2048_muon_resume15k_v2_10T
66158,1.3919694423675537,,,,moe_67b_a2b_d2560_ep1_rep8_bs8192_seq8192_sw2k_v4_2048_muon_resume15k_v2_10T
66171,1.3835951089859009,,,,moe_67b_a2b_d2560_ep1_rep8_bs8192_seq8192_sw2k_v4_2048_muon_resume15k_v2_10T
66181,1.3936161994934082,,,,moe_67b_a2b_d2560_ep1_rep8_bs8192_seq8192_sw2k_v4_2048_muon_resume15k_v2_10T
66183,1.3895621299743652,,,,moe_67b_a2b_d2560_ep1_rep8_bs8192_seq8192_sw2k_v4_2048_muon_resume15k_v2_10T
66353,1.3829553127288818,,,,moe_67b_a2b_d2560_ep1_rep8_bs8192_seq8192_sw2k_v4_2048_muon_resume15k_v2_10T
66441,1.3753293752670288,,,,moe_67b_a2b_d2560_ep1_rep8_bs8192_seq8192_sw2k_v4_2048_muon_resume15k_v2_10T
66697,1.3743414878845215,,,,moe_67b_a2b_d2560_ep1_rep8_bs8192_seq8192_sw2k_v4_2048_muon_resume15k_v2_10T
66711,1.3916898965835571,,,,moe_67b_a2b_d2560_ep1_rep8_bs8192_seq8192_sw2k_v4_2048_muon_resume15k_v2_10T
66797,1.3921681642532349,,,,moe_67b_a2b_d2560_ep1_rep8_bs8192_seq8192_sw2k_v4_2048_muon_resume15k_v2_10T
66825,1.3850948810577393,,,,moe_67b_a2b_d2560_ep1_rep8_bs8192_seq8192_sw2k_v4_2048_muon_resume15k_v2_10T
66878,1.3813523054122925,,,,moe_67b_a2b_d2560_ep1_rep8_bs8192_seq8192_sw2k_v4_2048_muon_resume15k_v2_10T
66894,1.3957363367080688,,,,moe_67b_a2b_d2560_ep1_rep8_bs8192_seq8192_sw2k_v4_2048_muon_resume15k_v2_10T
67447,1.386871099472046,,,,moe_67b_a2b_d2560_ep1_rep8_bs8192_seq8192_sw2k_v4_2048_muon_resume15k_v2_10T
67466,1.3672761917114258,,,,moe_67b_a2b_d2560_ep1_rep8_bs8192_seq8192_sw2k_v4_2048_muon_resume15k_v2_10T
67757,1.3746681213378906,,,,moe_67b_a2b_d2560_ep1_rep8_bs8192_seq8192_sw2k_v4_2048_muon_resume15k_v2_10T
67783,1.39493989944458,,,,moe_67b_a2b_d2560_ep1_rep8_bs8192_seq8192_sw2k_v4_2048_muon_resume15k_v2_10T
67802,1.397148847579956,,,,moe_67b_a2b_d2560_ep1_rep8_bs8192_seq8192_sw2k_v4_2048_muon_resume15k_v2_10T
67839,1.3744844198226929,,,,moe_67b_a2b_d2560_ep1_rep8_bs8192_seq8192_sw2k_v4_2048_muon_resume15k_v2_10T
67939,1.3619513511657715,,,,moe_67b_a2b_d2560_ep1_rep8_bs8192_seq8192_sw2k_v4_2048_muon_resume15k_v2_10T
67979,1.3616489171981812,,,,moe_67b_a2b_d2560_ep1_rep8_bs8192_seq8192_sw2k_v4_2048_muon_resume15k_v2_10T
68192,1.3706659078598022,,,,moe_67b_a2b_d2560_ep1_rep8_bs8192_seq8192_sw2k_v4_2048_muon_resume15k_v2_10T
68229,1.390458345413208,,,,moe_67b_a2b_d2560_ep1_rep8_bs8192_seq8192_sw2k_v4_2048_muon_resume15k_v2_10T
68272,1.3821743726730347,,,,moe_67b_a2b_d2560_ep1_rep8_bs8192_seq8192_sw2k_v4_2048_muon_resume15k_v2_10T
68316,1.3804830312728882,,,,moe_67b_a2b_d2560_ep1_rep8_bs8192_seq8192_sw2k_v4_2048_muon_resume15k_v2_10T
68359,1.3784600496292114,,,,moe_67b_a2b_d2560_ep1_rep8_bs8192_seq8192_sw2k_v4_2048_muon_resume15k_v2_10T
68431,1.3852641582489014,,,,moe_67b_a2b_d2560_ep1_rep8_bs8192_seq8192_sw2k_v4_2048_muon_resume15k_v2_10T
68432,1.3883062601089478,,,,moe_67b_a2b_d2560_ep1_rep8_bs8192_seq8192_sw2k_v4_2048_muon_resume15k_v2_10T
68484,1.3846392631530762,,,,moe_67b_a2b_d2560_ep1_rep8_bs8192_seq8192_sw2k_v4_2048_muon_resume15k_v2_10T
68669,1.379442572593689,,,,moe_67b_a2b_d2560_ep1_rep8_bs8192_seq8192_sw2k_v4_2048_muon_resume15k_v2_10T
68677,1.376017689704895,,,,moe_67b_a2b_d2560_ep1_rep8_bs8192_seq8192_sw2k_v4_2048_muon_resume15k_v2_10T
68696,1.3797028064727783,,,,moe_67b_a2b_d2560_ep1_rep8_bs8192_seq8192_sw2k_v4_2048_muon_resume15k_v2_10T
68739,1.3607386350631714,,,,moe_67b_a2b_d2560_ep1_rep8_bs8192_seq8192_sw2k_v4_2048_muon_resume15k_v2_10T
68756,1.3689285516738892,,,,moe_67b_a2b_d2560_ep1_rep8_bs8192_seq8192_sw2k_v4_2048_muon_resume15k_v2_10T
68769,1.3776668310165405,,,,moe_67b_a2b_d2560_ep1_rep8_bs8192_seq8192_sw2k_v4_2048_muon_resume15k_v2_10T
68821,1.359250545501709,,,,moe_67b_a2b_d2560_ep1_rep8_bs8192_seq8192_sw2k_v4_2048_muon_resume15k_v2_10T
68894,1.3848509788513184,,,,moe_67b_a2b_d2560_ep1_rep8_bs8192_seq8192_sw2k_v4_2048_muon_resume15k_v2_10T
68970,1.364686131477356,,,,moe_67b_a2b_d2560_ep1_rep8_bs8192_seq8192_sw2k_v4_2048_muon_resume15k_v2_10T
68987,1.3682931661605835,,,,moe_67b_a2b_d2560_ep1_rep8_bs8192_seq8192_sw2k_v4_2048_muon_resume15k_v2_10T
69000,,2.421855926513672,2.04323410987854,2.1860814094543457,moe_67b_a2b_d2560_ep1_rep8_bs8192_seq8192_sw2k_v4_2048_muon_resume15k_v2_10T
69014,1.359628677368164,,,,moe_67b_a2b_d2560_ep1_rep8_bs8192_seq8192_sw2k_v4_2048_muon_resume15k_v2_10T
69041,1.3605986833572388,,,,moe_67b_a2b_d2560_ep1_rep8_bs8192_seq8192_sw2k_v4_2048_muon_resume15k_v2_10T
69167,1.3789113759994507,,,,moe_67b_a2b_d2560_ep1_rep8_bs8192_seq8192_sw2k_v4_2048_muon_resume15k_v2_10T
69271,1.3648687601089478,,,,moe_67b_a2b_d2560_ep1_rep8_bs8192_seq8192_sw2k_v4_2048_muon_resume15k_v2_10T
69299,1.3784440755844116,,,,moe_67b_a2b_d2560_ep1_rep8_bs8192_seq8192_sw2k_v4_2048_muon_resume15k_v2_10T
69305,1.3776147365570068,,,,moe_67b_a2b_d2560_ep1_rep8_bs8192_seq8192_sw2k_v4_2048_muon_resume15k_v2_10T
69315,1.3740142583847046,,,,moe_67b_a2b_d2560_ep1_rep8_bs8192_seq8192_sw2k_v4_2048_muon_resume15k_v2_10T
69334,1.3796967267990112,,,,moe_67b_a2b_d2560_ep1_rep8_bs8192_seq8192_sw2k_v4_2048_muon_resume15k_v2_10T
69349,1.3700414896011353,,,,moe_67b_a2b_d2560_ep1_rep8_bs8192_seq8192_sw2k_v4_2048_muon_resume15k_v2_10T
69479,1.3606765270233154,,,,moe_67b_a2b_d2560_ep1_rep8_bs8192_seq8192_sw2k_v4_2048_muon_resume15k_v2_10T
69604,1.3824604749679565,,,,moe_67b_a2b_d2560_ep1_rep8_bs8192_seq8192_sw2k_v4_2048_muon_resume15k_v2_10T
69838,1.3871495723724365,,,,moe_67b_a2b_d2560_ep1_rep8_bs8192_seq8192_sw2k_v4_2048_muon_resume15k_v2_10T
69982,1.384238839149475,,,,moe_67b_a2b_d2560_ep1_rep8_bs8192_seq8192_sw2k_v4_2048_muon_resume15k_v2_10T
70069,1.39151132106781,,,,moe_67b_a2b_d2560_ep1_rep8_bs8192_seq8192_sw2k_v4_2048_muon_resume15k_v2_10T
70212,1.3831557035446167,,,,moe_67b_a2b_d2560_ep1_rep8_bs8192_seq8192_sw2k_v4_2048_muon_resume15k_v2_10T
70325,1.3785237073898315,,,,moe_67b_a2b_d2560_ep1_rep8_bs8192_seq8192_sw2k_v4_2048_muon_resume15k_v2_10T
70486,1.3874891996383667,,,,moe_67b_a2b_d2560_ep1_rep8_bs8192_seq8192_sw2k_v4_2048_muon_resume15k_v2_10T
70560,1.3870723247528076,,,,moe_67b_a2b_d2560_ep1_rep8_bs8192_seq8192_sw2k_v4_2048_muon_resume15k_v2_10T
70563,1.379960298538208,,,,moe_67b_a2b_d2560_ep1_rep8_bs8192_seq8192_sw2k_v4_2048_muon_resume15k_v2_10T
70576,1.36785888671875,,,,moe_67b_a2b_d2560_ep1_rep8_bs8192_seq8192_sw2k_v4_2048_muon_resume15k_v2_10T
70580,1.3865818977355957,,,,moe_67b_a2b_d2560_ep1_rep8_bs8192_seq8192_sw2k_v4_2048_muon_resume15k_v2_10T
70653,1.3713148832321167,,,,moe_67b_a2b_d2560_ep1_rep8_bs8192_seq8192_sw2k_v4_2048_muon_resume15k_v2_10T
70787,1.3725321292877197,,,,moe_67b_a2b_d2560_ep1_rep8_bs8192_seq8192_sw2k_v4_2048_muon_resume15k_v2_10T
70798,1.3798004388809204,,,,moe_67b_a2b_d2560_ep1_rep8_bs8192_seq8192_sw2k_v4_2048_muon_resume15k_v2_10T
71026,1.3961437940597534,,,,moe_67b_a2b_d2560_ep1_rep8_bs8192_seq8192_sw2k_v4_2048_muon_resume15k_v2_10T
71148,1.3731101751327515,,,,moe_67b_a2b_d2560_ep1_rep8_bs8192_seq8192_sw2k_v4_2048_muon_resume15k_v2_10T
71151,1.371351957321167,,,,moe_67b_a2b_d2560_ep1_rep8_bs8192_seq8192_sw2k_v4_2048_muon_resume15k_v2_10T
71155,1.3844647407531738,,,,moe_67b_a2b_d2560_ep1_rep8_bs8192_seq8192_sw2k_v4_2048_muon_resume15k_v2_10T
71244,1.3675053119659424,,,,moe_67b_a2b_d2560_ep1_rep8_bs8192_seq8192_sw2k_v4_2048_muon_resume15k_v2_10T
71296,1.3695998191833496,,,,moe_67b_a2b_d2560_ep1_rep8_bs8192_seq8192_sw2k_v4_2048_muon_resume15k_v2_10T
71303,1.3811519145965576,,,,moe_67b_a2b_d2560_ep1_rep8_bs8192_seq8192_sw2k_v4_2048_muon_resume15k_v2_10T
71691,1.376275658607483,,,,moe_67b_a2b_d2560_ep1_rep8_bs8192_seq8192_sw2k_v4_2048_muon_resume15k_v2_10T
71710,1.3722368478775024,,,,moe_67b_a2b_d2560_ep1_rep8_bs8192_seq8192_sw2k_v4_2048_muon_resume15k_v2_10T
71916,1.3775718212127686,,,,moe_67b_a2b_d2560_ep1_rep8_bs8192_seq8192_sw2k_v4_2048_muon_resume15k_v2_10T
72000,,2.419008493423462,2.039111375808716,2.1829676628112793,moe_67b_a2b_d2560_ep1_rep8_bs8192_seq8192_sw2k_v4_2048_muon_resume15k_v2_10T
72052,1.3895924091339111,,,,moe_67b_a2b_d2560_ep1_rep8_bs8192_seq8192_sw2k_v4_2048_muon_resume15k_v2_10T
72068,1.373586893081665,,,,moe_67b_a2b_d2560_ep1_rep8_bs8192_seq8192_sw2k_v4_2048_muon_resume15k_v2_10T
72074,1.3796617984771729,,,,moe_67b_a2b_d2560_ep1_rep8_bs8192_seq8192_sw2k_v4_2048_muon_resume15k_v2_10T
72168,1.3717728853225708,,,,moe_67b_a2b_d2560_ep1_rep8_bs8192_seq8192_sw2k_v4_2048_muon_resume15k_v2_10T
72310,1.3705922365188599,,,,moe_67b_a2b_d2560_ep1_rep8_bs8192_seq8192_sw2k_v4_2048_muon_resume15k_v2_10T
72355,1.3590586185455322,,,,moe_67b_a2b_d2560_ep1_rep8_bs8192_seq8192_sw2k_v4_2048_muon_resume15k_v2_10T
72433,1.3697781562805176,,,,moe_67b_a2b_d2560_ep1_rep8_bs8192_seq8192_sw2k_v4_2048_muon_resume15k_v2_10T
72452,1.3631682395935059,,,,moe_67b_a2b_d2560_ep1_rep8_bs8192_seq8192_sw2k_v4_2048_muon_resume15k_v2_10T
72518,1.3860433101654053,,,,moe_67b_a2b_d2560_ep1_rep8_bs8192_seq8192_sw2k_v4_2048_muon_resume15k_v2_10T
72520,1.380412220954895,,,,moe_67b_a2b_d2560_ep1_rep8_bs8192_seq8192_sw2k_v4_2048_muon_resume15k_v2_10T
72651,1.3552497625350952,,,,moe_67b_a2b_d2560_ep1_rep8_bs8192_seq8192_sw2k_v4_2048_muon_resume15k_v2_10T
72870,1.36324143409729,,,,moe_67b_a2b_d2560_ep1_rep8_bs8192_seq8192_sw2k_v4_2048_muon_resume15k_v2_10T
72949,1.3739464282989502,,,,moe_67b_a2b_d2560_ep1_rep8_bs8192_seq8192_sw2k_v4_2048_muon_resume15k_v2_10T
72976,1.3596365451812744,,,,moe_67b_a2b_d2560_ep1_rep8_bs8192_seq8192_sw2k_v4_2048_muon_resume15k_v2_10T
73096,1.384109377861023,,,,moe_67b_a2b_d2560_ep1_rep8_bs8192_seq8192_sw2k_v4_2048_muon_resume15k_v2_10T
73133,1.3672375679016113,,,,moe_67b_a2b_d2560_ep1_rep8_bs8192_seq8192_sw2k_v4_2048_muon_resume15k_v2_10T
73154,1.3830287456512451,,,,moe_67b_a2b_d2560_ep1_rep8_bs8192_seq8192_sw2k_v4_2048_muon_resume15k_v2_10T
73217,1.379909634590149,,,,moe_67b_a2b_d2560_ep1_rep8_bs8192_seq8192_sw2k_v4_2048_muon_resume15k_v2_10T
73313,1.3805546760559082,,,,moe_67b_a2b_d2560_ep1_rep8_bs8192_seq8192_sw2k_v4_2048_muon_resume15k_v2_10T
73550,1.3679898977279663,,,,moe_67b_a2b_d2560_ep1_rep8_bs8192_seq8192_sw2k_v4_2048_muon_resume15k_v2_10T
73599,1.371070146560669,,,,moe_67b_a2b_d2560_ep1_rep8_bs8192_seq8192_sw2k_v4_2048_muon_resume15k_v2_10T
73768,1.3747751712799072,,,,moe_67b_a2b_d2560_ep1_rep8_bs8192_seq8192_sw2k_v4_2048_muon_resume15k_v2_10T
73886,1.381891131401062,,,,moe_67b_a2b_d2560_ep1_rep8_bs8192_seq8192_sw2k_v4_2048_muon_resume15k_v2_10T
73956,1.3740493059158325,,,,moe_67b_a2b_d2560_ep1_rep8_bs8192_seq8192_sw2k_v4_2048_muon_resume15k_v2_10T
73993,1.3745899200439453,,,,moe_67b_a2b_d2560_ep1_rep8_bs8192_seq8192_sw2k_v4_2048_muon_resume15k_v2_10T
74000,1.3702343702316284,,,,moe_67b_a2b_d2560_ep1_rep8_bs8192_seq8192_sw2k_v4_2048_muon_resume15k_v2_10T
74027,1.3647269010543823,,,,moe_67b_a2b_d2560_ep1_rep8_bs8192_seq8192_sw2k_v4_2048_muon_resume15k_v2_10T
74233,1.3713874816894531,,,,moe_67b_a2b_d2560_ep1_rep8_bs8192_seq8192_sw2k_v4_2048_muon_resume15k_v2_10T
74269,1.3817733526229858,,,,moe_67b_a2b_d2560_ep1_rep8_bs8192_seq8192_sw2k_v4_2048_muon_resume15k_v2_10T
74480,1.3680737018585205,,,,moe_67b_a2b_d2560_ep1_rep8_bs8192_seq8192_sw2k_v4_2048_muon_resume15k_v2_10T
74540,1.3729705810546875,,,,moe_67b_a2b_d2560_ep1_rep8_bs8192_seq8192_sw2k_v4_2048_muon_resume15k_v2_10T
74572,1.3775732517242432,,,,moe_67b_a2b_d2560_ep1_rep8_bs8192_seq8192_sw2k_v4_2048_muon_resume15k_v2_10T
74664,1.3856197595596313,,,,moe_67b_a2b_d2560_ep1_rep8_bs8192_seq8192_sw2k_v4_2048_muon_resume15k_v2_10T
74671,1.369978666305542,,,,moe_67b_a2b_d2560_ep1_rep8_bs8192_seq8192_sw2k_v4_2048_muon_resume15k_v2_10T
74712,1.3768227100372314,,,,moe_67b_a2b_d2560_ep1_rep8_bs8192_seq8192_sw2k_v4_2048_muon_resume15k_v2_10T
74714,1.3806655406951904,,,,moe_67b_a2b_d2560_ep1_rep8_bs8192_seq8192_sw2k_v4_2048_muon_resume15k_v2_10T
74825,1.374062418937683,,,,moe_67b_a2b_d2560_ep1_rep8_bs8192_seq8192_sw2k_v4_2048_muon_resume15k_v2_10T
74841,1.385180950164795,,,,moe_67b_a2b_d2560_ep1_rep8_bs8192_seq8192_sw2k_v4_2048_muon_resume15k_v2_10T
74859,1.3813209533691406,,,,moe_67b_a2b_d2560_ep1_rep8_bs8192_seq8192_sw2k_v4_2048_muon_resume15k_v2_10T
74877,1.374492883682251,,,,moe_67b_a2b_d2560_ep1_rep8_bs8192_seq8192_sw2k_v4_2048_muon_resume15k_v2_10T
74882,1.3570648431777954,,,,moe_67b_a2b_d2560_ep1_rep8_bs8192_seq8192_sw2k_v4_2048_muon_resume15k_v2_10T
74911,1.3585253953933716,,,,moe_67b_a2b_d2560_ep1_rep8_bs8192_seq8192_sw2k_v4_2048_muon_resume15k_v2_10T
75000,,2.41379451751709,2.0359272956848145,2.18076491355896,moe_67b_a2b_d2560_ep1_rep8_bs8192_seq8192_sw2k_v4_2048_muon_resume15k_v2_10T
75126,1.378495454788208,,,,moe_67b_a2b_d2560_ep1_rep8_bs8192_seq8192_sw2k_v4_2048_muon_resume15k_v2_10T
75150,1.3870841264724731,,,,moe_67b_a2b_d2560_ep1_rep8_bs8192_seq8192_sw2k_v4_2048_muon_resume15k_v2_10T
75196,1.3672764301300049,,,,moe_67b_a2b_d2560_ep1_rep8_bs8192_seq8192_sw2k_v4_2048_muon_resume15k_v2_10T
75272,1.3763748407363892,,,,moe_67b_a2b_d2560_ep1_rep8_bs8192_seq8192_sw2k_v4_2048_muon_resume15k_v2_10T
75277,1.373643398284912,,,,moe_67b_a2b_d2560_ep1_rep8_bs8192_seq8192_sw2k_v4_2048_muon_resume15k_v2_10T
75292,1.372999906539917,,,,moe_67b_a2b_d2560_ep1_rep8_bs8192_seq8192_sw2k_v4_2048_muon_resume15k_v2_10T
75430,1.3841339349746704,,,,moe_67b_a2b_d2560_ep1_rep8_bs8192_seq8192_sw2k_v4_2048_muon_resume15k_v2_10T
75488,1.3759995698928833,,,,moe_67b_a2b_d2560_ep1_rep8_bs8192_seq8192_sw2k_v4_2048_muon_resume15k_v2_10T
75529,1.359952688217163,,,,moe_67b_a2b_d2560_ep1_rep8_bs8192_seq8192_sw2k_v4_2048_muon_resume15k_v2_10T
75541,1.3776365518569946,,,,moe_67b_a2b_d2560_ep1_rep8_bs8192_seq8192_sw2k_v4_2048_muon_resume15k_v2_10T
75643,1.3856993913650513,,,,moe_67b_a2b_d2560_ep1_rep8_bs8192_seq8192_sw2k_v4_2048_muon_resume15k_v2_10T
75646,1.3739120960235596,,,,moe_67b_a2b_d2560_ep1_rep8_bs8192_seq8192_sw2k_v4_2048_muon_resume15k_v2_10T
75827,1.3636260032653809,,,,moe_67b_a2b_d2560_ep1_rep8_bs8192_seq8192_sw2k_v4_2048_muon_resume15k_v2_10T
75898,1.384074330329895,,,,moe_67b_a2b_d2560_ep1_rep8_bs8192_seq8192_sw2k_v4_2048_muon_resume15k_v2_10T
75931,1.3727854490280151,,,,moe_67b_a2b_d2560_ep1_rep8_bs8192_seq8192_sw2k_v4_2048_muon_resume15k_v2_10T
75958,1.3717716932296753,,,,moe_67b_a2b_d2560_ep1_rep8_bs8192_seq8192_sw2k_v4_2048_muon_resume15k_v2_10T
75973,1.3668997287750244,,,,moe_67b_a2b_d2560_ep1_rep8_bs8192_seq8192_sw2k_v4_2048_muon_resume15k_v2_10T
76109,1.3704251050949097,,,,moe_67b_a2b_d2560_ep1_rep8_bs8192_seq8192_sw2k_v4_2048_muon_resume15k_v2_10T
76156,1.371476411819458,,,,moe_67b_a2b_d2560_ep1_rep8_bs8192_seq8192_sw2k_v4_2048_muon_resume15k_v2_10T
76262,1.378922462463379,,,,moe_67b_a2b_d2560_ep1_rep8_bs8192_seq8192_sw2k_v4_2048_muon_resume15k_v2_10T
76429,1.368040680885315,,,,moe_67b_a2b_d2560_ep1_rep8_bs8192_seq8192_sw2k_v4_2048_muon_resume15k_v2_10T
76432,1.370970368385315,,,,moe_67b_a2b_d2560_ep1_rep8_bs8192_seq8192_sw2k_v4_2048_muon_resume15k_v2_10T
76480,1.3650909662246704,,,,moe_67b_a2b_d2560_ep1_rep8_bs8192_seq8192_sw2k_v4_2048_muon_resume15k_v2_10T
76484,1.3470097780227661,,,,moe_67b_a2b_d2560_ep1_rep8_bs8192_seq8192_sw2k_v4_2048_muon_resume15k_v2_10T
76531,1.3641208410263062,,,,moe_67b_a2b_d2560_ep1_rep8_bs8192_seq8192_sw2k_v4_2048_muon_resume15k_v2_10T
76539,1.3719139099121094,,,,moe_67b_a2b_d2560_ep1_rep8_bs8192_seq8192_sw2k_v4_2048_muon_resume15k_v2_10T
76715,1.3580152988433838,,,,moe_67b_a2b_d2560_ep1_rep8_bs8192_seq8192_sw2k_v4_2048_muon_resume15k_v2_10T
76728,1.3753341436386108,,,,moe_67b_a2b_d2560_ep1_rep8_bs8192_seq8192_sw2k_v4_2048_muon_resume15k_v2_10T
76884,1.3646034002304077,,,,moe_67b_a2b_d2560_ep1_rep8_bs8192_seq8192_sw2k_v4_2048_muon_resume15k_v2_10T
76887,1.3678045272827148,,,,moe_67b_a2b_d2560_ep1_rep8_bs8192_seq8192_sw2k_v4_2048_muon_resume15k_v2_10T
76914,1.3709888458251953,,,,moe_67b_a2b_d2560_ep1_rep8_bs8192_seq8192_sw2k_v4_2048_muon_resume15k_v2_10T
76944,1.3771941661834717,,,,moe_67b_a2b_d2560_ep1_rep8_bs8192_seq8192_sw2k_v4_2048_muon_resume15k_v2_10T
76951,1.3803192377090454,,,,moe_67b_a2b_d2560_ep1_rep8_bs8192_seq8192_sw2k_v4_2048_muon_resume15k_v2_10T
76965,1.375756859779358,,,,moe_67b_a2b_d2560_ep1_rep8_bs8192_seq8192_sw2k_v4_2048_muon_resume15k_v2_10T
76993,1.3856449127197266,,,,moe_67b_a2b_d2560_ep1_rep8_bs8192_seq8192_sw2k_v4_2048_muon_resume15k_v2_10T
77033,1.3812453746795654,,,,moe_67b_a2b_d2560_ep1_rep8_bs8192_seq8192_sw2k_v4_2048_muon_resume15k_v2_10T
77114,1.3647648096084595,,,,moe_67b_a2b_d2560_ep1_rep8_bs8192_seq8192_sw2k_v4_2048_muon_resume15k_v2_10T
77128,1.3507248163223267,,,,moe_67b_a2b_d2560_ep1_rep8_bs8192_seq8192_sw2k_v4_2048_muon_resume15k_v2_10T
77332,1.3577964305877686,,,,moe_67b_a2b_d2560_ep1_rep8_bs8192_seq8192_sw2k_v4_2048_muon_resume15k_v2_10T
77344,1.3702534437179565,,,,moe_67b_a2b_d2560_ep1_rep8_bs8192_seq8192_sw2k_v4_2048_muon_resume15k_v2_10T
77381,1.3596837520599365,,,,moe_67b_a2b_d2560_ep1_rep8_bs8192_seq8192_sw2k_v4_2048_muon_resume15k_v2_10T
77398,1.3693355321884155,,,,moe_67b_a2b_d2560_ep1_rep8_bs8192_seq8192_sw2k_v4_2048_muon_resume15k_v2_10T
77432,1.3717093467712402,,,,moe_67b_a2b_d2560_ep1_rep8_bs8192_seq8192_sw2k_v4_2048_muon_resume15k_v2_10T
77436,1.3832051753997803,,,,moe_67b_a2b_d2560_ep1_rep8_bs8192_seq8192_sw2k_v4_2048_muon_resume15k_v2_10T
77638,1.3557257652282715,,,,moe_67b_a2b_d2560_ep1_rep8_bs8192_seq8192_sw2k_v4_2048_muon_resume15k_v2_10T
77641,1.370877981185913,,,,moe_67b_a2b_d2560_ep1_rep8_bs8192_seq8192_sw2k_v4_2048_muon_resume15k_v2_10T
77666,1.367354154586792,,,,moe_67b_a2b_d2560_ep1_rep8_bs8192_seq8192_sw2k_v4_2048_muon_resume15k_v2_10T
77772,1.3845903873443604,,,,moe_67b_a2b_d2560_ep1_rep8_bs8192_seq8192_sw2k_v4_2048_muon_resume15k_v2_10T
77804,1.3652222156524658,,,,moe_67b_a2b_d2560_ep1_rep8_bs8192_seq8192_sw2k_v4_2048_muon_resume15k_v2_10T
77847,1.369912028312683,,,,moe_67b_a2b_d2560_ep1_rep8_bs8192_seq8192_sw2k_v4_2048_muon_resume15k_v2_10T
77856,1.3669326305389404,,,,moe_67b_a2b_d2560_ep1_rep8_bs8192_seq8192_sw2k_v4_2048_muon_resume15k_v2_10T
78000,,2.4086103439331055,2.0288188457489014,2.1719412803649902,moe_67b_a2b_d2560_ep1_rep8_bs8192_seq8192_sw2k_v4_2048_muon_resume15k_v2_10T
78156,1.372494101524353,,,,moe_67b_a2b_d2560_ep1_rep8_bs8192_seq8192_sw2k_v4_2048_muon_resume15k_v2_10T
78391,1.382006287574768,,,,moe_67b_a2b_d2560_ep1_rep8_bs8192_seq8192_sw2k_v4_2048_muon_resume15k_v2_10T
78392,1.3739899396896362,,,,moe_67b_a2b_d2560_ep1_rep8_bs8192_seq8192_sw2k_v4_2048_muon_resume15k_v2_10T
78429,1.3696238994598389,,,,moe_67b_a2b_d2560_ep1_rep8_bs8192_seq8192_sw2k_v4_2048_muon_resume15k_v2_10T
78544,1.3651145696640015,,,,moe_67b_a2b_d2560_ep1_rep8_bs8192_seq8192_sw2k_v4_2048_muon_resume15k_v2_10T
78566,1.374889850616455,,,,moe_67b_a2b_d2560_ep1_rep8_bs8192_seq8192_sw2k_v4_2048_muon_resume15k_v2_10T
78573,1.3691880702972412,,,,moe_67b_a2b_d2560_ep1_rep8_bs8192_seq8192_sw2k_v4_2048_muon_resume15k_v2_10T
78587,1.3660101890563965,,,,moe_67b_a2b_d2560_ep1_rep8_bs8192_seq8192_sw2k_v4_2048_muon_resume15k_v2_10T
78607,1.3733830451965332,,,,moe_67b_a2b_d2560_ep1_rep8_bs8192_seq8192_sw2k_v4_2048_muon_resume15k_v2_10T
78628,1.3521208763122559,,,,moe_67b_a2b_d2560_ep1_rep8_bs8192_seq8192_sw2k_v4_2048_muon_resume15k_v2_10T
78633,1.3740850687026978,,,,moe_67b_a2b_d2560_ep1_rep8_bs8192_seq8192_sw2k_v4_2048_muon_resume15k_v2_10T
78680,1.3870677947998047,,,,moe_67b_a2b_d2560_ep1_rep8_bs8192_seq8192_sw2k_v4_2048_muon_resume15k_v2_10T
78722,1.3730779886245728,,,,moe_67b_a2b_d2560_ep1_rep8_bs8192_seq8192_sw2k_v4_2048_muon_resume15k_v2_10T
78760,1.3762118816375732,,,,moe_67b_a2b_d2560_ep1_rep8_bs8192_seq8192_sw2k_v4_2048_muon_resume15k_v2_10T
78775,1.372623085975647,,,,moe_67b_a2b_d2560_ep1_rep8_bs8192_seq8192_sw2k_v4_2048_muon_resume15k_v2_10T
78975,1.3615036010742188,,,,moe_67b_a2b_d2560_ep1_rep8_bs8192_seq8192_sw2k_v4_2048_muon_resume15k_v2_10T
79172,1.3730814456939697,,,,moe_67b_a2b_d2560_ep1_rep8_bs8192_seq8192_sw2k_v4_2048_muon_resume15k_v2_10T
79369,1.3716099262237549,,,,moe_67b_a2b_d2560_ep1_rep8_bs8192_seq8192_sw2k_v4_2048_muon_resume15k_v2_10T
79437,1.3611176013946533,,,,moe_67b_a2b_d2560_ep1_rep8_bs8192_seq8192_sw2k_v4_2048_muon_resume15k_v2_10T
79547,1.3684085607528687,,,,moe_67b_a2b_d2560_ep1_rep8_bs8192_seq8192_sw2k_v4_2048_muon_resume15k_v2_10T
79602,1.3565717935562134,,,,moe_67b_a2b_d2560_ep1_rep8_bs8192_seq8192_sw2k_v4_2048_muon_resume15k_v2_10T
79644,1.3751461505889893,,,,moe_67b_a2b_d2560_ep1_rep8_bs8192_seq8192_sw2k_v4_2048_muon_resume15k_v2_10T
79671,1.358399510383606,,,,moe_67b_a2b_d2560_ep1_rep8_bs8192_seq8192_sw2k_v4_2048_muon_resume15k_v2_10T
79739,1.3537194728851318,,,,moe_67b_a2b_d2560_ep1_rep8_bs8192_seq8192_sw2k_v4_2048_muon_resume15k_v2_10T
79758,1.3550859689712524,,,,moe_67b_a2b_d2560_ep1_rep8_bs8192_seq8192_sw2k_v4_2048_muon_resume15k_v2_10T
79888,1.364835262298584,,,,moe_67b_a2b_d2560_ep1_rep8_bs8192_seq8192_sw2k_v4_2048_muon_resume15k_v2_10T
79892,1.3613712787628174,,,,moe_67b_a2b_d2560_ep1_rep8_bs8192_seq8192_sw2k_v4_2048_muon_resume15k_v2_10T
79899,1.3669153451919556,,,,moe_67b_a2b_d2560_ep1_rep8_bs8192_seq8192_sw2k_v4_2048_muon_resume15k_v2_10T
79938,1.3583519458770752,,,,moe_67b_a2b_d2560_ep1_rep8_bs8192_seq8192_sw2k_v4_2048_muon_resume15k_v2_10T
79996,1.3511568307876587,,,,moe_67b_a2b_d2560_ep1_rep8_bs8192_seq8192_sw2k_v4_2048_muon_resume15k_v2_10T
80000,1.3628071546554565,,,,moe_67b_a2b_d2560_ep1_rep8_bs8192_seq8192_sw2k_v4_2048_muon_resume15k_v2_10T
80120,1.3553253412246704,,,,moe_67b_a2b_d2560_ep1_rep8_bs8192_seq8192_sw2k_v4_2048_muon_resume15k_v2_10T
80165,1.3612771034240723,,,,moe_67b_a2b_d2560_ep1_rep8_bs8192_seq8192_sw2k_v4_2048_muon_resume15k_v2_10T
80294,1.3760929107666016,,,,moe_67b_a2b_d2560_ep1_rep8_bs8192_seq8192_sw2k_v4_2048_muon_resume15k_v2_10T
80299,1.3646806478500366,,,,moe_67b_a2b_d2560_ep1_rep8_bs8192_seq8192_sw2k_v4_2048_muon_resume15k_v2_10T
80364,1.3810064792633057,,,,moe_67b_a2b_d2560_ep1_rep8_bs8192_seq8192_sw2k_v4_2048_muon_resume15k_v2_10T
80402,1.3760548830032349,,,,moe_67b_a2b_d2560_ep1_rep8_bs8192_seq8192_sw2k_v4_2048_muon_resume15k_v2_10T
80481,1.374179482460022,,,,moe_67b_a2b_d2560_ep1_rep8_bs8192_seq8192_sw2k_v4_2048_muon_resume15k_v2_10T
80532,1.3689762353897095,,,,moe_67b_a2b_d2560_ep1_rep8_bs8192_seq8192_sw2k_v4_2048_muon_resume15k_v2_10T
80549,1.3618639707565308,,,,moe_67b_a2b_d2560_ep1_rep8_bs8192_seq8192_sw2k_v4_2048_muon_resume15k_v2_10T
80595,1.3611838817596436,,,,moe_67b_a2b_d2560_ep1_rep8_bs8192_seq8192_sw2k_v4_2048_muon_resume15k_v2_10T
80607,1.3614494800567627,,,,moe_67b_a2b_d2560_ep1_rep8_bs8192_seq8192_sw2k_v4_2048_muon_resume15k_v2_10T
80772,1.3826165199279785,,,,moe_67b_a2b_d2560_ep1_rep8_bs8192_seq8192_sw2k_v4_2048_muon_resume15k_v2_10T
80794,1.3747851848602295,,,,moe_67b_a2b_d2560_ep1_rep8_bs8192_seq8192_sw2k_v4_2048_muon_resume15k_v2_10T
80843,1.3625372648239136,,,,moe_67b_a2b_d2560_ep1_rep8_bs8192_seq8192_sw2k_v4_2048_muon_resume15k_v2_10T
80953,1.3691786527633667,,,,moe_67b_a2b_d2560_ep1_rep8_bs8192_seq8192_sw2k_v4_2048_muon_resume15k_v2_10T
81000,,2.4031341075897217,2.0259180068969727,2.1691789627075195,moe_67b_a2b_d2560_ep1_rep8_bs8192_seq8192_sw2k_v4_2048_muon_resume15k_v2_10T
81006,1.3615130186080933,,,,moe_67b_a2b_d2560_ep1_rep8_bs8192_seq8192_sw2k_v4_2048_muon_resume15k_v2_10T
81038,1.3623982667922974,,,,moe_67b_a2b_d2560_ep1_rep8_bs8192_seq8192_sw2k_v4_2048_muon_resume15k_v2_10T
81125,1.366966724395752,,,,moe_67b_a2b_d2560_ep1_rep8_bs8192_seq8192_sw2k_v4_2048_muon_resume15k_v2_10T
81334,1.3669703006744385,,,,moe_67b_a2b_d2560_ep1_rep8_bs8192_seq8192_sw2k_v4_2048_muon_resume15k_v2_10T
81422,1.365005373954773,,,,moe_67b_a2b_d2560_ep1_rep8_bs8192_seq8192_sw2k_v4_2048_muon_resume15k_v2_10T
81450,1.3712732791900635,,,,moe_67b_a2b_d2560_ep1_rep8_bs8192_seq8192_sw2k_v4_2048_muon_resume15k_v2_10T
81526,1.3806135654449463,,,,moe_67b_a2b_d2560_ep1_rep8_bs8192_seq8192_sw2k_v4_2048_muon_resume15k_v2_10T
81629,1.3688896894454956,,,,moe_67b_a2b_d2560_ep1_rep8_bs8192_seq8192_sw2k_v4_2048_muon_resume15k_v2_10T
81637,1.3684872388839722,,,,moe_67b_a2b_d2560_ep1_rep8_bs8192_seq8192_sw2k_v4_2048_muon_resume15k_v2_10T
81664,1.367676019668579,,,,moe_67b_a2b_d2560_ep1_rep8_bs8192_seq8192_sw2k_v4_2048_muon_resume15k_v2_10T
81693,1.3519012928009033,,,,moe_67b_a2b_d2560_ep1_rep8_bs8192_seq8192_sw2k_v4_2048_muon_resume15k_v2_10T
81730,1.3727834224700928,,,,moe_67b_a2b_d2560_ep1_rep8_bs8192_seq8192_sw2k_v4_2048_muon_resume15k_v2_10T
84520,1.377326250076294,,,,moe_67b_a2b_d2560_ep1_rep8_bs8192_seq8192_sw2k_v4_2048_muon_resume15k_v2_10T
84549,1.369570016860962,,,,moe_67b_a2b_d2560_ep1_rep8_bs8192_seq8192_sw2k_v4_2048_muon_resume15k_v2_10T
84705,1.3639923334121704,,,,moe_67b_a2b_d2560_ep1_rep8_bs8192_seq8192_sw2k_v4_2048_muon_resume15k_v2_10T
84744,1.3505080938339233,,,,moe_67b_a2b_d2560_ep1_rep8_bs8192_seq8192_sw2k_v4_2048_muon_resume15k_v2_10T
84778,1.3430227041244507,,,,moe_67b_a2b_d2560_ep1_rep8_bs8192_seq8192_sw2k_v4_2048_muon_resume15k_v2_10T
84824,1.357113242149353,,,,moe_67b_a2b_d2560_ep1_rep8_bs8192_seq8192_sw2k_v4_2048_muon_resume15k_v2_10T
84899,1.3622020483016968,,,,moe_67b_a2b_d2560_ep1_rep8_bs8192_seq8192_sw2k_v4_2048_muon_resume15k_v2_10T
85023,1.370424509048462,,,,moe_67b_a2b_d2560_ep1_rep8_bs8192_seq8192_sw2k_v4_2048_muon_resume15k_v2_10T
85026,1.3534886837005615,,,,moe_67b_a2b_d2560_ep1_rep8_bs8192_seq8192_sw2k_v4_2048_muon_resume15k_v2_10T
85134,1.346845269203186,,,,moe_67b_a2b_d2560_ep1_rep8_bs8192_seq8192_sw2k_v4_2048_muon_resume15k_v2_10T
85193,1.3417550325393677,,,,moe_67b_a2b_d2560_ep1_rep8_bs8192_seq8192_sw2k_v4_2048_muon_resume15k_v2_10T
85237,1.3664485216140747,,,,moe_67b_a2b_d2560_ep1_rep8_bs8192_seq8192_sw2k_v4_2048_muon_resume15k_v2_10T
85296,1.3550366163253784,,,,moe_67b_a2b_d2560_ep1_rep8_bs8192_seq8192_sw2k_v4_2048_muon_resume15k_v2_10T
85315,1.3608969449996948,,,,moe_67b_a2b_d2560_ep1_rep8_bs8192_seq8192_sw2k_v4_2048_muon_resume15k_v2_10T
85711,1.3604398965835571,,,,moe_67b_a2b_d2560_ep1_rep8_bs8192_seq8192_sw2k_v4_2048_muon_resume15k_v2_10T
85934,1.359220027923584,,,,moe_67b_a2b_d2560_ep1_rep8_bs8192_seq8192_sw2k_v4_2048_muon_resume15k_v2_10T
85997,1.350511074066162,,,,moe_67b_a2b_d2560_ep1_rep8_bs8192_seq8192_sw2k_v4_2048_muon_resume15k_v2_10T
86027,1.355438470840454,,,,moe_67b_a2b_d2560_ep1_rep8_bs8192_seq8192_sw2k_v4_2048_muon_resume15k_v2_10T
86151,1.3661118745803833,,,,moe_67b_a2b_d2560_ep1_rep8_bs8192_seq8192_sw2k_v4_2048_muon_resume15k_v2_10T
86333,1.3751295804977417,,,,moe_67b_a2b_d2560_ep1_rep8_bs8192_seq8192_sw2k_v4_2048_muon_resume15k_v2_10T
86378,1.36378014087677,,,,moe_67b_a2b_d2560_ep1_rep8_bs8192_seq8192_sw2k_v4_2048_muon_resume15k_v2_10T
86830,1.3498705625534058,,,,moe_67b_a2b_d2560_ep1_rep8_bs8192_seq8192_sw2k_v4_2048_muon_resume15k_v2_10T
87000,,2.3949084281921387,2.0186727046966553,2.1620571613311768,moe_67b_a2b_d2560_ep1_rep8_bs8192_seq8192_sw2k_v4_2048_muon_resume15k_v2_10T
87008,1.3547261953353882,,,,moe_67b_a2b_d2560_ep1_rep8_bs8192_seq8192_sw2k_v4_2048_muon_resume15k_v2_10T
87109,1.3669450283050537,,,,moe_67b_a2b_d2560_ep1_rep8_bs8192_seq8192_sw2k_v4_2048_muon_resume15k_v2_10T
87169,1.358006477355957,,,,moe_67b_a2b_d2560_ep1_rep8_bs8192_seq8192_sw2k_v4_2048_muon_resume15k_v2_10T
87180,1.3574256896972656,,,,moe_67b_a2b_d2560_ep1_rep8_bs8192_seq8192_sw2k_v4_2048_muon_resume15k_v2_10T
87181,1.3596421480178833,,,,moe_67b_a2b_d2560_ep1_rep8_bs8192_seq8192_sw2k_v4_2048_muon_resume15k_v2_10T
87229,1.3481121063232422,,,,moe_67b_a2b_d2560_ep1_rep8_bs8192_seq8192_sw2k_v4_2048_muon_resume15k_v2_10T
87311,1.3421895503997803,,,,moe_67b_a2b_d2560_ep1_rep8_bs8192_seq8192_sw2k_v4_2048_muon_resume15k_v2_10T
87342,1.3568286895751953,,,,moe_67b_a2b_d2560_ep1_rep8_bs8192_seq8192_sw2k_v4_2048_muon_resume15k_v2_10T
87397,1.3510340452194214,,,,moe_67b_a2b_d2560_ep1_rep8_bs8192_seq8192_sw2k_v4_2048_muon_resume15k_v2_10T
87479,1.3446701765060425,,,,moe_67b_a2b_d2560_ep1_rep8_bs8192_seq8192_sw2k_v4_2048_muon_resume15k_v2_10T
87550,1.336612343788147,,,,moe_67b_a2b_d2560_ep1_rep8_bs8192_seq8192_sw2k_v4_2048_muon_resume15k_v2_10T
87695,1.3443715572357178,,,,moe_67b_a2b_d2560_ep1_rep8_bs8192_seq8192_sw2k_v4_2048_muon_resume15k_v2_10T
87860,1.344673991203308,,,,moe_67b_a2b_d2560_ep1_rep8_bs8192_seq8192_sw2k_v4_2048_muon_resume15k_v2_10T
87901,1.3544262647628784,,,,moe_67b_a2b_d2560_ep1_rep8_bs8192_seq8192_sw2k_v4_2048_muon_resume15k_v2_10T
87965,1.3516018390655518,,,,moe_67b_a2b_d2560_ep1_rep8_bs8192_seq8192_sw2k_v4_2048_muon_resume15k_v2_10T
88045,1.348799228668213,,,,moe_67b_a2b_d2560_ep1_rep8_bs8192_seq8192_sw2k_v4_2048_muon_resume15k_v2_10T
88369,1.3642061948776245,,,,moe_67b_a2b_d2560_ep1_rep8_bs8192_seq8192_sw2k_v4_2048_muon_resume15k_v2_10T
88436,1.352350115776062,,,,moe_67b_a2b_d2560_ep1_rep8_bs8192_seq8192_sw2k_v4_2048_muon_resume15k_v2_10T
88486,1.347764253616333,,,,moe_67b_a2b_d2560_ep1_rep8_bs8192_seq8192_sw2k_v4_2048_muon_resume15k_v2_10T
88488,1.3705335855484009,,,,moe_67b_a2b_d2560_ep1_rep8_bs8192_seq8192_sw2k_v4_2048_muon_resume15k_v2_10T
88583,1.3515956401824951,,,,moe_67b_a2b_d2560_ep1_rep8_bs8192_seq8192_sw2k_v4_2048_muon_resume15k_v2_10T
88632,1.3477184772491455,,,,moe_67b_a2b_d2560_ep1_rep8_bs8192_seq8192_sw2k_v4_2048_muon_resume15k_v2_10T
88653,1.3607851266860962,,,,moe_67b_a2b_d2560_ep1_rep8_bs8192_seq8192_sw2k_v4_2048_muon_resume15k_v2_10T
88768,1.3463101387023926,,,,moe_67b_a2b_d2560_ep1_rep8_bs8192_seq8192_sw2k_v4_2048_muon_resume15k_v2_10T
88849,1.34719717502594,,,,moe_67b_a2b_d2560_ep1_rep8_bs8192_seq8192_sw2k_v4_2048_muon_resume15k_v2_10T
89003,1.3413478136062622,,,,moe_67b_a2b_d2560_ep1_rep8_bs8192_seq8192_sw2k_v4_2048_muon_resume15k_v2_10T
89049,1.3516058921813965,,,,moe_67b_a2b_d2560_ep1_rep8_bs8192_seq8192_sw2k_v4_2048_muon_resume15k_v2_10T
89222,1.3511050939559937,,,,moe_67b_a2b_d2560_ep1_rep8_bs8192_seq8192_sw2k_v4_2048_muon_resume15k_v2_10T
89299,1.3409298658370972,,,,moe_67b_a2b_d2560_ep1_rep8_bs8192_seq8192_sw2k_v4_2048_muon_resume15k_v2_10T
89892,1.3359801769256592,,,,moe_67b_a2b_d2560_ep1_rep8_bs8192_seq8192_sw2k_v4_2048_muon_resume15k_v2_10T
89904,1.3621423244476318,,,,moe_67b_a2b_d2560_ep1_rep8_bs8192_seq8192_sw2k_v4_2048_muon_resume15k_v2_10T
89971,1.3449311256408691,,,,moe_67b_a2b_d2560_ep1_rep8_bs8192_seq8192_sw2k_v4_2048_muon_resume15k_v2_10T
90000,,2.3890511989593506,2.013660192489624,2.1564862728118896,moe_67b_a2b_d2560_ep1_rep8_bs8192_seq8192_sw2k_v4_2048_muon_resume15k_v2_10T
90206,1.3598120212554932,,,,moe_67b_a2b_d2560_ep1_rep8_bs8192_seq8192_sw2k_v4_2048_muon_resume15k_v2_10T
90250,1.3616015911102295,,,,moe_67b_a2b_d2560_ep1_rep8_bs8192_seq8192_sw2k_v4_2048_muon_resume15k_v2_10T
90341,1.3510328531265259,,,,moe_67b_a2b_d2560_ep1_rep8_bs8192_seq8192_sw2k_v4_2048_muon_resume15k_v2_10T
90354,1.3673861026763916,,,,moe_67b_a2b_d2560_ep1_rep8_bs8192_seq8192_sw2k_v4_2048_muon_resume15k_v2_10T
90415,1.3459298610687256,,,,moe_67b_a2b_d2560_ep1_rep8_bs8192_seq8192_sw2k_v4_2048_muon_resume15k_v2_10T
90479,1.357593059539795,,,,moe_67b_a2b_d2560_ep1_rep8_bs8192_seq8192_sw2k_v4_2048_muon_resume15k_v2_10T
90521,1.348533034324646,,,,moe_67b_a2b_d2560_ep1_rep8_bs8192_seq8192_sw2k_v4_2048_muon_resume15k_v2_10T
90525,1.348500370979309,,,,moe_67b_a2b_d2560_ep1_rep8_bs8192_seq8192_sw2k_v4_2048_muon_resume15k_v2_10T
90536,1.3582476377487183,,,,moe_67b_a2b_d2560_ep1_rep8_bs8192_seq8192_sw2k_v4_2048_muon_resume15k_v2_10T
90546,1.369599461555481,,,,moe_67b_a2b_d2560_ep1_rep8_bs8192_seq8192_sw2k_v4_2048_muon_resume15k_v2_10T
90705,1.3315964937210083,,,,moe_67b_a2b_d2560_ep1_rep8_bs8192_seq8192_sw2k_v4_2048_muon_resume15k_v2_10T
90818,1.3497748374938965,,,,moe_67b_a2b_d2560_ep1_rep8_bs8192_seq8192_sw2k_v4_2048_muon_resume15k_v2_10T
90915,1.3598482608795166,,,,moe_67b_a2b_d2560_ep1_rep8_bs8192_seq8192_sw2k_v4_2048_muon_resume15k_v2_10T
91028,1.3541486263275146,,,,moe_67b_a2b_d2560_ep1_rep8_bs8192_seq8192_sw2k_v4_2048_muon_resume15k_v2_10T
91067,1.3428717851638794,,,,moe_67b_a2b_d2560_ep1_rep8_bs8192_seq8192_sw2k_v4_2048_muon_resume15k_v2_10T
91145,1.364237904548645,,,,moe_67b_a2b_d2560_ep1_rep8_bs8192_seq8192_sw2k_v4_2048_muon_resume15k_v2_10T
91199,1.3437716960906982,,,,moe_67b_a2b_d2560_ep1_rep8_bs8192_seq8192_sw2k_v4_2048_muon_resume15k_v2_10T
91232,1.3344485759735107,,,,moe_67b_a2b_d2560_ep1_rep8_bs8192_seq8192_sw2k_v4_2048_muon_resume15k_v2_10T
91399,1.342509150505066,,,,moe_67b_a2b_d2560_ep1_rep8_bs8192_seq8192_sw2k_v4_2048_muon_resume15k_v2_10T
91714,1.3488478660583496,,,,moe_67b_a2b_d2560_ep1_rep8_bs8192_seq8192_sw2k_v4_2048_muon_resume15k_v2_10T
91839,1.3592510223388672,,,,moe_67b_a2b_d2560_ep1_rep8_bs8192_seq8192_sw2k_v4_2048_muon_resume15k_v2_10T
92035,1.3405901193618774,,,,moe_67b_a2b_d2560_ep1_rep8_bs8192_seq8192_sw2k_v4_2048_muon_resume15k_v2_10T
92038,1.3589508533477783,,,,moe_67b_a2b_d2560_ep1_rep8_bs8192_seq8192_sw2k_v4_2048_muon_resume15k_v2_10T
92065,1.3412872552871704,,,,moe_67b_a2b_d2560_ep1_rep8_bs8192_seq8192_sw2k_v4_2048_muon_resume15k_v2_10T
92143,1.3503252267837524,,,,moe_67b_a2b_d2560_ep1_rep8_bs8192_seq8192_sw2k_v4_2048_muon_resume15k_v2_10T
92224,1.3288031816482544,,,,moe_67b_a2b_d2560_ep1_rep8_bs8192_seq8192_sw2k_v4_2048_muon_resume15k_v2_10T
92237,1.3379857540130615,,,,moe_67b_a2b_d2560_ep1_rep8_bs8192_seq8192_sw2k_v4_2048_muon_resume15k_v2_10T
92311,1.3555107116699219,,,,moe_67b_a2b_d2560_ep1_rep8_bs8192_seq8192_sw2k_v4_2048_muon_resume15k_v2_10T
92417,1.364678978919983,,,,moe_67b_a2b_d2560_ep1_rep8_bs8192_seq8192_sw2k_v4_2048_muon_resume15k_v2_10T
92451,1.3454360961914062,,,,moe_67b_a2b_d2560_ep1_rep8_bs8192_seq8192_sw2k_v4_2048_muon_resume15k_v2_10T
92457,1.3580024242401123,,,,moe_67b_a2b_d2560_ep1_rep8_bs8192_seq8192_sw2k_v4_2048_muon_resume15k_v2_10T
92623,1.362210750579834,,,,moe_67b_a2b_d2560_ep1_rep8_bs8192_seq8192_sw2k_v4_2048_muon_resume15k_v2_10T
92685,1.3468847274780273,,,,moe_67b_a2b_d2560_ep1_rep8_bs8192_seq8192_sw2k_v4_2048_muon_resume15k_v2_10T
92833,1.3407243490219116,,,,moe_67b_a2b_d2560_ep1_rep8_bs8192_seq8192_sw2k_v4_2048_muon_resume15k_v2_10T
92846,1.347187876701355,,,,moe_67b_a2b_d2560_ep1_rep8_bs8192_seq8192_sw2k_v4_2048_muon_resume15k_v2_10T
92857,1.3512930870056152,,,,moe_67b_a2b_d2560_ep1_rep8_bs8192_seq8192_sw2k_v4_2048_muon_resume15k_v2_10T
93000,,2.3858819007873535,2.011261224746704,2.155526876449585,moe_67b_a2b_d2560_ep1_rep8_bs8192_seq8192_sw2k_v4_2048_muon_resume15k_v2_10T
93021,1.3392771482467651,,,,moe_67b_a2b_d2560_ep1_rep8_bs8192_seq8192_sw2k_v4_2048_muon_resume15k_v2_10T
93099,1.3352627754211426,,,,moe_67b_a2b_d2560_ep1_rep8_bs8192_seq8192_sw2k_v4_2048_muon_resume15k_v2_10T
93218,1.33778715133667,,,,moe_67b_a2b_d2560_ep1_rep8_bs8192_seq8192_sw2k_v4_2048_muon_resume15k_v2_10T
93328,1.351442575454712,,,,moe_67b_a2b_d2560_ep1_rep8_bs8192_seq8192_sw2k_v4_2048_muon_resume15k_v2_10T
93388,1.344221830368042,,,,moe_67b_a2b_d2560_ep1_rep8_bs8192_seq8192_sw2k_v4_2048_muon_resume15k_v2_10T
93575,1.35484778881073,,,,moe_67b_a2b_d2560_ep1_rep8_bs8192_seq8192_sw2k_v4_2048_muon_resume15k_v2_10T
93620,1.343197226524353,,,,moe_67b_a2b_d2560_ep1_rep8_bs8192_seq8192_sw2k_v4_2048_muon_resume15k_v2_10T
93706,1.3565856218338013,,,,moe_67b_a2b_d2560_ep1_rep8_bs8192_seq8192_sw2k_v4_2048_muon_resume15k_v2_10T
93818,1.3487287759780884,,,,moe_67b_a2b_d2560_ep1_rep8_bs8192_seq8192_sw2k_v4_2048_muon_resume15k_v2_10T
93848,1.3631049394607544,,,,moe_67b_a2b_d2560_ep1_rep8_bs8192_seq8192_sw2k_v4_2048_muon_resume15k_v2_10T
93866,1.3323312997817993,,,,moe_67b_a2b_d2560_ep1_rep8_bs8192_seq8192_sw2k_v4_2048_muon_resume15k_v2_10T
94102,1.3405860662460327,,,,moe_67b_a2b_d2560_ep1_rep8_bs8192_seq8192_sw2k_v4_2048_muon_resume15k_v2_10T
94363,1.337004542350769,,,,moe_67b_a2b_d2560_ep1_rep8_bs8192_seq8192_sw2k_v4_2048_muon_resume15k_v2_10T
94483,1.3599934577941895,,,,moe_67b_a2b_d2560_ep1_rep8_bs8192_seq8192_sw2k_v4_2048_muon_resume15k_v2_10T
94508,1.3502144813537598,,,,moe_67b_a2b_d2560_ep1_rep8_bs8192_seq8192_sw2k_v4_2048_muon_resume15k_v2_10T
94511,1.3438156843185425,,,,moe_67b_a2b_d2560_ep1_rep8_bs8192_seq8192_sw2k_v4_2048_muon_resume15k_v2_10T
94566,1.3349436521530151,,,,moe_67b_a2b_d2560_ep1_rep8_bs8192_seq8192_sw2k_v4_2048_muon_resume15k_v2_10T
94657,1.328577995300293,,,,moe_67b_a2b_d2560_ep1_rep8_bs8192_seq8192_sw2k_v4_2048_muon_resume15k_v2_10T
94692,1.3376023769378662,,,,moe_67b_a2b_d2560_ep1_rep8_bs8192_seq8192_sw2k_v4_2048_muon_resume15k_v2_10T
94771,1.3351086378097534,,,,moe_67b_a2b_d2560_ep1_rep8_bs8192_seq8192_sw2k_v4_2048_muon_resume15k_v2_10T
94797,1.3499927520751953,,,,moe_67b_a2b_d2560_ep1_rep8_bs8192_seq8192_sw2k_v4_2048_muon_resume15k_v2_10T
94907,1.3405336141586304,,,,moe_67b_a2b_d2560_ep1_rep8_bs8192_seq8192_sw2k_v4_2048_muon_resume15k_v2_10T
94919,1.3376679420471191,,,,moe_67b_a2b_d2560_ep1_rep8_bs8192_seq8192_sw2k_v4_2048_muon_resume15k_v2_10T
94969,1.3433817625045776,,,,moe_67b_a2b_d2560_ep1_rep8_bs8192_seq8192_sw2k_v4_2048_muon_resume15k_v2_10T
95104,1.3246066570281982,,,,moe_67b_a2b_d2560_ep1_rep8_bs8192_seq8192_sw2k_v4_2048_muon_resume15k_v2_10T
95335,1.339672327041626,,,,moe_67b_a2b_d2560_ep1_rep8_bs8192_seq8192_sw2k_v4_2048_muon_resume15k_v2_10T
95342,1.3389703035354614,,,,moe_67b_a2b_d2560_ep1_rep8_bs8192_seq8192_sw2k_v4_2048_muon_resume15k_v2_10T
95384,1.344522476196289,,,,moe_67b_a2b_d2560_ep1_rep8_bs8192_seq8192_sw2k_v4_2048_muon_resume15k_v2_10T
95445,1.3275152444839478,,,,moe_67b_a2b_d2560_ep1_rep8_bs8192_seq8192_sw2k_v4_2048_muon_resume15k_v2_10T
95451,1.348516583442688,,,,moe_67b_a2b_d2560_ep1_rep8_bs8192_seq8192_sw2k_v4_2048_muon_resume15k_v2_10T
95538,1.3272734880447388,,,,moe_67b_a2b_d2560_ep1_rep8_bs8192_seq8192_sw2k_v4_2048_muon_resume15k_v2_10T
95561,1.3584446907043457,,,,moe_67b_a2b_d2560_ep1_rep8_bs8192_seq8192_sw2k_v4_2048_muon_resume15k_v2_10T
95791,1.3395342826843262,,,,moe_67b_a2b_d2560_ep1_rep8_bs8192_seq8192_sw2k_v4_2048_muon_resume15k_v2_10T
95859,1.339289903640747,,,,moe_67b_a2b_d2560_ep1_rep8_bs8192_seq8192_sw2k_v4_2048_muon_resume15k_v2_10T
96000,,2.3795738220214844,2.0067906379699707,2.1495277881622314,moe_67b_a2b_d2560_ep1_rep8_bs8192_seq8192_sw2k_v4_2048_muon_resume15k_v2_10T
96091,1.350406289100647,,,,moe_67b_a2b_d2560_ep1_rep8_bs8192_seq8192_sw2k_v4_2048_muon_resume15k_v2_10T
96113,1.3409184217453003,,,,moe_67b_a2b_d2560_ep1_rep8_bs8192_seq8192_sw2k_v4_2048_muon_resume15k_v2_10T
96154,1.3461991548538208,,,,moe_67b_a2b_d2560_ep1_rep8_bs8192_seq8192_sw2k_v4_2048_muon_resume15k_v2_10T
96169,1.3304383754730225,,,,moe_67b_a2b_d2560_ep1_rep8_bs8192_seq8192_sw2k_v4_2048_muon_resume15k_v2_10T
96188,1.3535704612731934,,,,moe_67b_a2b_d2560_ep1_rep8_bs8192_seq8192_sw2k_v4_2048_muon_resume15k_v2_10T
96304,1.3374124765396118,,,,moe_67b_a2b_d2560_ep1_rep8_bs8192_seq8192_sw2k_v4_2048_muon_resume15k_v2_10T
96433,1.344828486442566,,,,moe_67b_a2b_d2560_ep1_rep8_bs8192_seq8192_sw2k_v4_2048_muon_resume15k_v2_10T
96451,1.3453624248504639,,,,moe_67b_a2b_d2560_ep1_rep8_bs8192_seq8192_sw2k_v4_2048_muon_resume15k_v2_10T
96462,1.3399637937545776,,,,moe_67b_a2b_d2560_ep1_rep8_bs8192_seq8192_sw2k_v4_2048_muon_resume15k_v2_10T
96494,1.3412052392959595,,,,moe_67b_a2b_d2560_ep1_rep8_bs8192_seq8192_sw2k_v4_2048_muon_resume15k_v2_10T
96614,1.3318982124328613,,,,moe_67b_a2b_d2560_ep1_rep8_bs8192_seq8192_sw2k_v4_2048_muon_resume15k_v2_10T
96748,1.3414264917373657,,,,moe_67b_a2b_d2560_ep1_rep8_bs8192_seq8192_sw2k_v4_2048_muon_resume15k_v2_10T
96755,1.3221676349639893,,,,moe_67b_a2b_d2560_ep1_rep8_bs8192_seq8192_sw2k_v4_2048_muon_resume15k_v2_10T
96854,1.3481589555740356,,,,moe_67b_a2b_d2560_ep1_rep8_bs8192_seq8192_sw2k_v4_2048_muon_resume15k_v2_10T
96988,1.3515996932983398,,,,moe_67b_a2b_d2560_ep1_rep8_bs8192_seq8192_sw2k_v4_2048_muon_resume15k_v2_10T
97033,1.324395775794983,,,,moe_67b_a2b_d2560_ep1_rep8_bs8192_seq8192_sw2k_v4_2048_muon_resume15k_v2_10T
97187,1.3492025136947632,,,,moe_67b_a2b_d2560_ep1_rep8_bs8192_seq8192_sw2k_v4_2048_muon_resume15k_v2_10T
97323,1.3436133861541748,,,,moe_67b_a2b_d2560_ep1_rep8_bs8192_seq8192_sw2k_v4_2048_muon_resume15k_v2_10T
97395,1.3330684900283813,,,,moe_67b_a2b_d2560_ep1_rep8_bs8192_seq8192_sw2k_v4_2048_muon_resume15k_v2_10T
97445,1.3259323835372925,,,,moe_67b_a2b_d2560_ep1_rep8_bs8192_seq8192_sw2k_v4_2048_muon_resume15k_v2_10T
97503,1.339680790901184,,,,moe_67b_a2b_d2560_ep1_rep8_bs8192_seq8192_sw2k_v4_2048_muon_resume15k_v2_10T
97898,1.3469830751419067,,,,moe_67b_a2b_d2560_ep1_rep8_bs8192_seq8192_sw2k_v4_2048_muon_resume15k_v2_10T
98168,1.3327606916427612,,,,moe_67b_a2b_d2560_ep1_rep8_bs8192_seq8192_sw2k_v4_2048_muon_resume15k_v2_10T
98228,1.3591647148132324,,,,moe_67b_a2b_d2560_ep1_rep8_bs8192_seq8192_sw2k_v4_2048_muon_resume15k_v2_10T
98249,1.3372169733047485,,,,moe_67b_a2b_d2560_ep1_rep8_bs8192_seq8192_sw2k_v4_2048_muon_resume15k_v2_10T
98561,1.3340082168579102,,,,moe_67b_a2b_d2560_ep1_rep8_bs8192_seq8192_sw2k_v4_2048_muon_resume15k_v2_10T
98650,1.3408758640289307,,,,moe_67b_a2b_d2560_ep1_rep8_bs8192_seq8192_sw2k_v4_2048_muon_resume15k_v2_10T
98746,1.3313883543014526,,,,moe_67b_a2b_d2560_ep1_rep8_bs8192_seq8192_sw2k_v4_2048_muon_resume15k_v2_10T
98753,1.345136046409607,,,,moe_67b_a2b_d2560_ep1_rep8_bs8192_seq8192_sw2k_v4_2048_muon_resume15k_v2_10T
98815,1.3598289489746094,,,,moe_67b_a2b_d2560_ep1_rep8_bs8192_seq8192_sw2k_v4_2048_muon_resume15k_v2_10T
98850,1.3472710847854614,,,,moe_67b_a2b_d2560_ep1_rep8_bs8192_seq8192_sw2k_v4_2048_muon_resume15k_v2_10T
99000,,2.376603841781616,2.0029854774475098,2.1465086936950684,moe_67b_a2b_d2560_ep1_rep8_bs8192_seq8192_sw2k_v4_2048_muon_resume15k_v2_10T
99077,1.3277133703231812,,,,moe_67b_a2b_d2560_ep1_rep8_bs8192_seq8192_sw2k_v4_2048_muon_resume15k_v2_10T
99087,1.3304752111434937,,,,moe_67b_a2b_d2560_ep1_rep8_bs8192_seq8192_sw2k_v4_2048_muon_resume15k_v2_10T
99271,1.3492451906204224,,,,moe_67b_a2b_d2560_ep1_rep8_bs8192_seq8192_sw2k_v4_2048_muon_resume15k_v2_10T
99406,1.345281720161438,,,,moe_67b_a2b_d2560_ep1_rep8_bs8192_seq8192_sw2k_v4_2048_muon_resume15k_v2_10T
99441,1.3370567560195923,,,,moe_67b_a2b_d2560_ep1_rep8_bs8192_seq8192_sw2k_v4_2048_muon_resume15k_v2_10T
99505,1.3464397192001343,,,,moe_67b_a2b_d2560_ep1_rep8_bs8192_seq8192_sw2k_v4_2048_muon_resume15k_v2_10T
99708,1.3318164348602295,,,,moe_67b_a2b_d2560_ep1_rep8_bs8192_seq8192_sw2k_v4_2048_muon_resume15k_v2_10T
99783,1.3566452264785767,,,,moe_67b_a2b_d2560_ep1_rep8_bs8192_seq8192_sw2k_v4_2048_muon_resume15k_v2_10T
99859,1.3330774307250977,,,,moe_67b_a2b_d2560_ep1_rep8_bs8192_seq8192_sw2k_v4_2048_muon_resume15k_v2_10T
99936,1.3359365463256836,,,,moe_67b_a2b_d2560_ep1_rep8_bs8192_seq8192_sw2k_v4_2048_muon_resume15k_v2_10T
100204,1.3422110080718994,,,,moe_67b_a2b_d2560_ep1_rep8_bs8192_seq8192_sw2k_v4_2048_muon_resume15k_v2_10T
100532,1.341260313987732,,,,moe_67b_a2b_d2560_ep1_rep8_bs8192_seq8192_sw2k_v4_2048_muon_resume15k_v2_10T
100536,1.3344959020614624,,,,moe_67b_a2b_d2560_ep1_rep8_bs8192_seq8192_sw2k_v4_2048_muon_resume15k_v2_10T
100612,1.3395839929580688,,,,moe_67b_a2b_d2560_ep1_rep8_bs8192_seq8192_sw2k_v4_2048_muon_resume15k_v2_10T
100702,1.3473039865493774,,,,moe_67b_a2b_d2560_ep1_rep8_bs8192_seq8192_sw2k_v4_2048_muon_resume15k_v2_10T
100896,1.3202102184295654,,,,moe_67b_a2b_d2560_ep1_rep8_bs8192_seq8192_sw2k_v4_2048_muon_resume15k_v2_10T
100908,1.3468091487884521,,,,moe_67b_a2b_d2560_ep1_rep8_bs8192_seq8192_sw2k_v4_2048_muon_resume15k_v2_10T
101069,1.34415864944458,,,,moe_67b_a2b_d2560_ep1_rep8_bs8192_seq8192_sw2k_v4_2048_muon_resume15k_v2_10T
101144,1.3156911134719849,,,,moe_67b_a2b_d2560_ep1_rep8_bs8192_seq8192_sw2k_v4_2048_muon_resume15k_v2_10T
101280,1.3441810607910156,,,,moe_67b_a2b_d2560_ep1_rep8_bs8192_seq8192_sw2k_v4_2048_muon_resume15k_v2_10T
101288,1.3524724245071411,,,,moe_67b_a2b_d2560_ep1_rep8_bs8192_seq8192_sw2k_v4_2048_muon_resume15k_v2_10T
101328,1.3362791538238525,,,,moe_67b_a2b_d2560_ep1_rep8_bs8192_seq8192_sw2k_v4_2048_muon_resume15k_v2_10T
101386,1.343508243560791,,,,moe_67b_a2b_d2560_ep1_rep8_bs8192_seq8192_sw2k_v4_2048_muon_resume15k_v2_10T
101461,1.3349107503890991,,,,moe_67b_a2b_d2560_ep1_rep8_bs8192_seq8192_sw2k_v4_2048_muon_resume15k_v2_10T
101508,1.337645411491394,,,,moe_67b_a2b_d2560_ep1_rep8_bs8192_seq8192_sw2k_v4_2048_muon_resume15k_v2_10T
101715,1.34547758102417,,,,moe_67b_a2b_d2560_ep1_rep8_bs8192_seq8192_sw2k_v4_2048_muon_resume15k_v2_10T
101871,1.3314465284347534,,,,moe_67b_a2b_d2560_ep1_rep8_bs8192_seq8192_sw2k_v4_2048_muon_resume15k_v2_10T
102000,,2.3698110580444336,1.9963732957839966,2.1386873722076416,moe_67b_a2b_d2560_ep1_rep8_bs8192_seq8192_sw2k_v4_2048_muon_resume15k_v2_10T
102008,1.349162220954895,,,,moe_67b_a2b_d2560_ep1_rep8_bs8192_seq8192_sw2k_v4_2048_muon_resume15k_v2_10T
102033,1.331967830657959,,,,moe_67b_a2b_d2560_ep1_rep8_bs8192_seq8192_sw2k_v4_2048_muon_resume15k_v2_10T
102050,1.3301335573196411,,,,moe_67b_a2b_d2560_ep1_rep8_bs8192_seq8192_sw2k_v4_2048_muon_resume15k_v2_10T
102092,1.3305561542510986,,,,moe_67b_a2b_d2560_ep1_rep8_bs8192_seq8192_sw2k_v4_2048_muon_resume15k_v2_10T
102319,1.3664511442184448,,,,moe_67b_a2b_d2560_ep1_rep8_bs8192_seq8192_sw2k_v4_2048_muon_resume15k_v2_10T
102361,1.3501893281936646,,,,moe_67b_a2b_d2560_ep1_rep8_bs8192_seq8192_sw2k_v4_2048_muon_resume15k_v2_10T
102546,1.3393006324768066,,,,moe_67b_a2b_d2560_ep1_rep8_bs8192_seq8192_sw2k_v4_2048_muon_resume15k_v2_10T
102619,1.3172467947006226,,,,moe_67b_a2b_d2560_ep1_rep8_bs8192_seq8192_sw2k_v4_2048_muon_resume15k_v2_10T
102624,1.328913927078247,,,,moe_67b_a2b_d2560_ep1_rep8_bs8192_seq8192_sw2k_v4_2048_muon_resume15k_v2_10T
102745,1.33855402469635,,,,moe_67b_a2b_d2560_ep1_rep8_bs8192_seq8192_sw2k_v4_2048_muon_resume15k_v2_10T
102800,1.3399975299835205,,,,moe_67b_a2b_d2560_ep1_rep8_bs8192_seq8192_sw2k_v4_2048_muon_resume15k_v2_10T
102840,1.320306420326233,,,,moe_67b_a2b_d2560_ep1_rep8_bs8192_seq8192_sw2k_v4_2048_muon_resume15k_v2_10T
102846,1.3395678997039795,,,,moe_67b_a2b_d2560_ep1_rep8_bs8192_seq8192_sw2k_v4_2048_muon_resume15k_v2_10T
102885,1.330207109451294,,,,moe_67b_a2b_d2560_ep1_rep8_bs8192_seq8192_sw2k_v4_2048_muon_resume15k_v2_10T
103023,1.3306591510772705,,,,moe_67b_a2b_d2560_ep1_rep8_bs8192_seq8192_sw2k_v4_2048_muon_resume15k_v2_10T
103082,1.3328286409378052,,,,moe_67b_a2b_d2560_ep1_rep8_bs8192_seq8192_sw2k_v4_2048_muon_resume15k_v2_10T
103231,1.3230055570602417,,,,moe_67b_a2b_d2560_ep1_rep8_bs8192_seq8192_sw2k_v4_2048_muon_resume15k_v2_10T
103312,1.332280158996582,,,,moe_67b_a2b_d2560_ep1_rep8_bs8192_seq8192_sw2k_v4_2048_muon_resume15k_v2_10T
103438,1.3418028354644775,,,,moe_67b_a2b_d2560_ep1_rep8_bs8192_seq8192_sw2k_v4_2048_muon_resume15k_v2_10T
103453,1.3159348964691162,,,,moe_67b_a2b_d2560_ep1_rep8_bs8192_seq8192_sw2k_v4_2048_muon_resume15k_v2_10T
103454,1.3479251861572266,,,,moe_67b_a2b_d2560_ep1_rep8_bs8192_seq8192_sw2k_v4_2048_muon_resume15k_v2_10T
103476,1.341980218887329,,,,moe_67b_a2b_d2560_ep1_rep8_bs8192_seq8192_sw2k_v4_2048_muon_resume15k_v2_10T
103498,1.3329015970230103,,,,moe_67b_a2b_d2560_ep1_rep8_bs8192_seq8192_sw2k_v4_2048_muon_resume15k_v2_10T
103762,1.347701907157898,,,,moe_67b_a2b_d2560_ep1_rep8_bs8192_seq8192_sw2k_v4_2048_muon_resume15k_v2_10T
103897,1.325812578201294,,,,moe_67b_a2b_d2560_ep1_rep8_bs8192_seq8192_sw2k_v4_2048_muon_resume15k_v2_10T
103926,1.3375107049942017,,,,moe_67b_a2b_d2560_ep1_rep8_bs8192_seq8192_sw2k_v4_2048_muon_resume15k_v2_10T
104060,1.349472999572754,,,,moe_67b_a2b_d2560_ep1_rep8_bs8192_seq8192_sw2k_v4_2048_muon_resume15k_v2_10T
104107,1.3374042510986328,,,,moe_67b_a2b_d2560_ep1_rep8_bs8192_seq8192_sw2k_v4_2048_muon_resume15k_v2_10T
104203,1.3420872688293457,,,,moe_67b_a2b_d2560_ep1_rep8_bs8192_seq8192_sw2k_v4_2048_muon_resume15k_v2_10T
104295,1.3435429334640503,,,,moe_67b_a2b_d2560_ep1_rep8_bs8192_seq8192_sw2k_v4_2048_muon_resume15k_v2_10T
104434,1.331255555152893,,,,moe_67b_a2b_d2560_ep1_rep8_bs8192_seq8192_sw2k_v4_2048_muon_resume15k_v2_10T
104524,1.3231359720230103,,,,moe_67b_a2b_d2560_ep1_rep8_bs8192_seq8192_sw2k_v4_2048_muon_resume15k_v2_10T
104556,1.3162600994110107,,,,moe_67b_a2b_d2560_ep1_rep8_bs8192_seq8192_sw2k_v4_2048_muon_resume15k_v2_10T
104588,1.3225699663162231,,,,moe_67b_a2b_d2560_ep1_rep8_bs8192_seq8192_sw2k_v4_2048_muon_resume15k_v2_10T
104605,1.335123896598816,,,,moe_67b_a2b_d2560_ep1_rep8_bs8192_seq8192_sw2k_v4_2048_muon_resume15k_v2_10T
104754,1.321586012840271,,,,moe_67b_a2b_d2560_ep1_rep8_bs8192_seq8192_sw2k_v4_2048_muon_resume15k_v2_10T
104777,1.3291932344436646,,,,moe_67b_a2b_d2560_ep1_rep8_bs8192_seq8192_sw2k_v4_2048_muon_resume15k_v2_10T
104900,1.3323895931243896,,,,moe_67b_a2b_d2560_ep1_rep8_bs8192_seq8192_sw2k_v4_2048_muon_resume15k_v2_10T
104944,1.325116515159607,,,,moe_67b_a2b_d2560_ep1_rep8_bs8192_seq8192_sw2k_v4_2048_muon_resume15k_v2_10T
105000,,2.36608624458313,1.992845058441162,2.1350831985473633,moe_67b_a2b_d2560_ep1_rep8_bs8192_seq8192_sw2k_v4_2048_muon_resume15k_v2_10T
105150,1.337707757949829,,,,moe_67b_a2b_d2560_ep1_rep8_bs8192_seq8192_sw2k_v4_2048_muon_resume15k_v2_10T
105163,1.338861346244812,,,,moe_67b_a2b_d2560_ep1_rep8_bs8192_seq8192_sw2k_v4_2048_muon_resume15k_v2_10T
105166,1.3365916013717651,,,,moe_67b_a2b_d2560_ep1_rep8_bs8192_seq8192_sw2k_v4_2048_muon_resume15k_v2_10T
105195,1.3379552364349365,,,,moe_67b_a2b_d2560_ep1_rep8_bs8192_seq8192_sw2k_v4_2048_muon_resume15k_v2_10T
105216,1.337742567062378,,,,moe_67b_a2b_d2560_ep1_rep8_bs8192_seq8192_sw2k_v4_2048_muon_resume15k_v2_10T
105300,1.3317883014678955,,,,moe_67b_a2b_d2560_ep1_rep8_bs8192_seq8192_sw2k_v4_2048_muon_resume15k_v2_10T
105352,1.324280023574829,,,,moe_67b_a2b_d2560_ep1_rep8_bs8192_seq8192_sw2k_v4_2048_muon_resume15k_v2_10T
105391,1.3197377920150757,,,,moe_67b_a2b_d2560_ep1_rep8_bs8192_seq8192_sw2k_v4_2048_muon_resume15k_v2_10T
105654,1.3338942527770996,,,,moe_67b_a2b_d2560_ep1_rep8_bs8192_seq8192_sw2k_v4_2048_muon_resume15k_v2_10T
105670,1.3387588262557983,,,,moe_67b_a2b_d2560_ep1_rep8_bs8192_seq8192_sw2k_v4_2048_muon_resume15k_v2_10T
105807,1.3408361673355103,,,,moe_67b_a2b_d2560_ep1_rep8_bs8192_seq8192_sw2k_v4_2048_muon_resume15k_v2_10T
105854,1.3306961059570312,,,,moe_67b_a2b_d2560_ep1_rep8_bs8192_seq8192_sw2k_v4_2048_muon_resume15k_v2_10T
105954,1.3265608549118042,,,,moe_67b_a2b_d2560_ep1_rep8_bs8192_seq8192_sw2k_v4_2048_muon_resume15k_v2_10T
106028,1.3430355787277222,,,,moe_67b_a2b_d2560_ep1_rep8_bs8192_seq8192_sw2k_v4_2048_muon_resume15k_v2_10T
106163,1.31899094581604,,,,moe_67b_a2b_d2560_ep1_rep8_bs8192_seq8192_sw2k_v4_2048_muon_resume15k_v2_10T
106411,1.3388150930404663,,,,moe_67b_a2b_d2560_ep1_rep8_bs8192_seq8192_sw2k_v4_2048_muon_resume15k_v2_10T
106469,1.330319881439209,,,,moe_67b_a2b_d2560_ep1_rep8_bs8192_seq8192_sw2k_v4_2048_muon_resume15k_v2_10T
106576,1.3366230726242065,,,,moe_67b_a2b_d2560_ep1_rep8_bs8192_seq8192_sw2k_v4_2048_muon_resume15k_v2_10T
106650,1.3287991285324097,,,,moe_67b_a2b_d2560_ep1_rep8_bs8192_seq8192_sw2k_v4_2048_muon_resume15k_v2_10T
106834,1.3225537538528442,,,,moe_67b_a2b_d2560_ep1_rep8_bs8192_seq8192_sw2k_v4_2048_muon_resume15k_v2_10T
106901,1.3338472843170166,,,,moe_67b_a2b_d2560_ep1_rep8_bs8192_seq8192_sw2k_v4_2048_muon_resume15k_v2_10T
106962,1.3321937322616577,,,,moe_67b_a2b_d2560_ep1_rep8_bs8192_seq8192_sw2k_v4_2048_muon_resume15k_v2_10T
106965,1.3341755867004395,,,,moe_67b_a2b_d2560_ep1_rep8_bs8192_seq8192_sw2k_v4_2048_muon_resume15k_v2_10T
107020,1.3380653858184814,,,,moe_67b_a2b_d2560_ep1_rep8_bs8192_seq8192_sw2k_v4_2048_muon_resume15k_v2_10T
107039,1.3379523754119873,,,,moe_67b_a2b_d2560_ep1_rep8_bs8192_seq8192_sw2k_v4_2048_muon_resume15k_v2_10T
107101,1.3368042707443237,,,,moe_67b_a2b_d2560_ep1_rep8_bs8192_seq8192_sw2k_v4_2048_muon_resume15k_v2_10T
107454,1.3330479860305786,,,,moe_67b_a2b_d2560_ep1_rep8_bs8192_seq8192_sw2k_v4_2048_muon_resume15k_v2_10T
107584,1.324860692024231,,,,moe_67b_a2b_d2560_ep1_rep8_bs8192_seq8192_sw2k_v4_2048_muon_resume15k_v2_10T
107766,1.3351075649261475,,,,moe_67b_a2b_d2560_ep1_rep8_bs8192_seq8192_sw2k_v4_2048_muon_resume15k_v2_10T
107814,1.3232897520065308,,,,moe_67b_a2b_d2560_ep1_rep8_bs8192_seq8192_sw2k_v4_2048_muon_resume15k_v2_10T
107848,1.3244991302490234,,,,moe_67b_a2b_d2560_ep1_rep8_bs8192_seq8192_sw2k_v4_2048_muon_resume15k_v2_10T
107956,1.3232154846191406,,,,moe_67b_a2b_d2560_ep1_rep8_bs8192_seq8192_sw2k_v4_2048_muon_resume15k_v2_10T
107966,1.3325111865997314,,,,moe_67b_a2b_d2560_ep1_rep8_bs8192_seq8192_sw2k_v4_2048_muon_resume15k_v2_10T
108000,,2.3611948490142822,1.988891363143921,2.1318817138671875,moe_67b_a2b_d2560_ep1_rep8_bs8192_seq8192_sw2k_v4_2048_muon_resume15k_v2_10T
108080,1.3117841482162476,,,,moe_67b_a2b_d2560_ep1_rep8_bs8192_seq8192_sw2k_v4_2048_muon_resume15k_v2_10T
108190,1.357665777206421,,,,moe_67b_a2b_d2560_ep1_rep8_bs8192_seq8192_sw2k_v4_2048_muon_resume15k_v2_10T
108405,1.3400225639343262,,,,moe_67b_a2b_d2560_ep1_rep8_bs8192_seq8192_sw2k_v4_2048_muon_resume15k_v2_10T
108427,1.3380237817764282,,,,moe_67b_a2b_d2560_ep1_rep8_bs8192_seq8192_sw2k_v4_2048_muon_resume15k_v2_10T
108577,1.3442692756652832,,,,moe_67b_a2b_d2560_ep1_rep8_bs8192_seq8192_sw2k_v4_2048_muon_resume15k_v2_10T
108861,1.337707757949829,,,,moe_67b_a2b_d2560_ep1_rep8_bs8192_seq8192_sw2k_v4_2048_muon_resume15k_v2_10T
108937,1.3403620719909668,,,,moe_67b_a2b_d2560_ep1_rep8_bs8192_seq8192_sw2k_v4_2048_muon_resume15k_v2_10T
108980,1.3151413202285767,,,,moe_67b_a2b_d2560_ep1_rep8_bs8192_seq8192_sw2k_v4_2048_muon_resume15k_v2_10T
109015,1.3330565690994263,,,,moe_67b_a2b_d2560_ep1_rep8_bs8192_seq8192_sw2k_v4_2048_muon_resume15k_v2_10T
109105,1.318701148033142,,,,moe_67b_a2b_d2560_ep1_rep8_bs8192_seq8192_sw2k_v4_2048_muon_resume15k_v2_10T
109157,1.3201591968536377,,,,moe_67b_a2b_d2560_ep1_rep8_bs8192_seq8192_sw2k_v4_2048_muon_resume15k_v2_10T
109167,1.3196544647216797,,,,moe_67b_a2b_d2560_ep1_rep8_bs8192_seq8192_sw2k_v4_2048_muon_resume15k_v2_10T
109193,1.306096076965332,,,,moe_67b_a2b_d2560_ep1_rep8_bs8192_seq8192_sw2k_v4_2048_muon_resume15k_v2_10T
109289,1.325894832611084,,,,moe_67b_a2b_d2560_ep1_rep8_bs8192_seq8192_sw2k_v4_2048_muon_resume15k_v2_10T
109319,1.3275513648986816,,,,moe_67b_a2b_d2560_ep1_rep8_bs8192_seq8192_sw2k_v4_2048_muon_resume15k_v2_10T
109367,1.3158438205718994,,,,moe_67b_a2b_d2560_ep1_rep8_bs8192_seq8192_sw2k_v4_2048_muon_resume15k_v2_10T
109406,1.3146454095840454,,,,moe_67b_a2b_d2560_ep1_rep8_bs8192_seq8192_sw2k_v4_2048_muon_resume15k_v2_10T
109515,1.3317946195602417,,,,moe_67b_a2b_d2560_ep1_rep8_bs8192_seq8192_sw2k_v4_2048_muon_resume15k_v2_10T
109523,1.3348841667175293,,,,moe_67b_a2b_d2560_ep1_rep8_bs8192_seq8192_sw2k_v4_2048_muon_resume15k_v2_10T
109714,1.3197299242019653,,,,moe_67b_a2b_d2560_ep1_rep8_bs8192_seq8192_sw2k_v4_2048_muon_resume15k_v2_10T
109856,1.3097262382507324,,,,moe_67b_a2b_d2560_ep1_rep8_bs8192_seq8192_sw2k_v4_2048_muon_resume15k_v2_10T
110131,1.3358485698699951,,,,moe_67b_a2b_d2560_ep1_rep8_bs8192_seq8192_sw2k_v4_2048_muon_resume15k_v2_10T
110252,1.3280344009399414,,,,moe_67b_a2b_d2560_ep1_rep8_bs8192_seq8192_sw2k_v4_2048_muon_resume15k_v2_10T
110384,1.3254190683364868,,,,moe_67b_a2b_d2560_ep1_rep8_bs8192_seq8192_sw2k_v4_2048_muon_resume15k_v2_10T
110578,1.3188694715499878,,,,moe_67b_a2b_d2560_ep1_rep8_bs8192_seq8192_sw2k_v4_2048_muon_resume15k_v2_10T
110952,1.3276714086532593,,,,moe_67b_a2b_d2560_ep1_rep8_bs8192_seq8192_sw2k_v4_2048_muon_resume15k_v2_10T
111000,,2.3574302196502686,1.9844603538513184,2.126856565475464,moe_67b_a2b_d2560_ep1_rep8_bs8192_seq8192_sw2k_v4_2048_muon_resume15k_v2_10T
111303,1.3233140707015991,,,,moe_67b_a2b_d2560_ep1_rep8_bs8192_seq8192_sw2k_v4_2048_muon_resume15k_v2_10T
111357,1.3152564764022827,,,,moe_67b_a2b_d2560_ep1_rep8_bs8192_seq8192_sw2k_v4_2048_muon_resume15k_v2_10T
111409,1.3087332248687744,,,,moe_67b_a2b_d2560_ep1_rep8_bs8192_seq8192_sw2k_v4_2048_muon_resume15k_v2_10T
111540,1.3244562149047852,,,,moe_67b_a2b_d2560_ep1_rep8_bs8192_seq8192_sw2k_v4_2048_muon_resume15k_v2_10T
111549,1.306475043296814,,,,moe_67b_a2b_d2560_ep1_rep8_bs8192_seq8192_sw2k_v4_2048_muon_resume15k_v2_10T
111567,1.3450685739517212,,,,moe_67b_a2b_d2560_ep1_rep8_bs8192_seq8192_sw2k_v4_2048_muon_resume15k_v2_10T
111649,1.3159658908843994,,,,moe_67b_a2b_d2560_ep1_rep8_bs8192_seq8192_sw2k_v4_2048_muon_resume15k_v2_10T
111712,1.3028286695480347,,,,moe_67b_a2b_d2560_ep1_rep8_bs8192_seq8192_sw2k_v4_2048_muon_resume15k_v2_10T
111848,1.3145825862884521,,,,moe_67b_a2b_d2560_ep1_rep8_bs8192_seq8192_sw2k_v4_2048_muon_resume15k_v2_10T
112018,1.3183374404907227,,,,moe_67b_a2b_d2560_ep1_rep8_bs8192_seq8192_sw2k_v4_2048_muon_resume15k_v2_10T
112138,1.309084177017212,,,,moe_67b_a2b_d2560_ep1_rep8_bs8192_seq8192_sw2k_v4_2048_muon_resume15k_v2_10T
112216,1.3293853998184204,,,,moe_67b_a2b_d2560_ep1_rep8_bs8192_seq8192_sw2k_v4_2048_muon_resume15k_v2_10T
112336,1.3312715291976929,,,,moe_67b_a2b_d2560_ep1_rep8_bs8192_seq8192_sw2k_v4_2048_muon_resume15k_v2_10T
112454,1.3194364309310913,,,,moe_67b_a2b_d2560_ep1_rep8_bs8192_seq8192_sw2k_v4_2048_muon_resume15k_v2_10T
112464,1.3160759210586548,,,,moe_67b_a2b_d2560_ep1_rep8_bs8192_seq8192_sw2k_v4_2048_muon_resume15k_v2_10T
112620,1.315416693687439,,,,moe_67b_a2b_d2560_ep1_rep8_bs8192_seq8192_sw2k_v4_2048_muon_resume15k_v2_10T
112627,1.3134413957595825,,,,moe_67b_a2b_d2560_ep1_rep8_bs8192_seq8192_sw2k_v4_2048_muon_resume15k_v2_10T
112631,1.3332176208496094,,,,moe_67b_a2b_d2560_ep1_rep8_bs8192_seq8192_sw2k_v4_2048_muon_resume15k_v2_10T
112668,1.3230448961257935,,,,moe_67b_a2b_d2560_ep1_rep8_bs8192_seq8192_sw2k_v4_2048_muon_resume15k_v2_10T
112673,1.3189256191253662,,,,moe_67b_a2b_d2560_ep1_rep8_bs8192_seq8192_sw2k_v4_2048_muon_resume15k_v2_10T
112752,1.302465558052063,,,,moe_67b_a2b_d2560_ep1_rep8_bs8192_seq8192_sw2k_v4_2048_muon_resume15k_v2_10T
112754,1.3249262571334839,,,,moe_67b_a2b_d2560_ep1_rep8_bs8192_seq8192_sw2k_v4_2048_muon_resume15k_v2_10T
112790,1.331575870513916,,,,moe_67b_a2b_d2560_ep1_rep8_bs8192_seq8192_sw2k_v4_2048_muon_resume15k_v2_10T
112866,1.3271914720535278,,,,moe_67b_a2b_d2560_ep1_rep8_bs8192_seq8192_sw2k_v4_2048_muon_resume15k_v2_10T
113218,1.3090511560440063,,,,moe_67b_a2b_d2560_ep1_rep8_bs8192_seq8192_sw2k_v4_2048_muon_resume15k_v2_10T
113399,1.3255003690719604,,,,moe_67b_a2b_d2560_ep1_rep8_bs8192_seq8192_sw2k_v4_2048_muon_resume15k_v2_10T
113475,1.317471981048584,,,,moe_67b_a2b_d2560_ep1_rep8_bs8192_seq8192_sw2k_v4_2048_muon_resume15k_v2_10T
113484,1.30618417263031,,,,moe_67b_a2b_d2560_ep1_rep8_bs8192_seq8192_sw2k_v4_2048_muon_resume15k_v2_10T
113536,1.3121010065078735,,,,moe_67b_a2b_d2560_ep1_rep8_bs8192_seq8192_sw2k_v4_2048_muon_resume15k_v2_10T
113588,1.3133186101913452,,,,moe_67b_a2b_d2560_ep1_rep8_bs8192_seq8192_sw2k_v4_2048_muon_resume15k_v2_10T
113667,1.3272128105163574,,,,moe_67b_a2b_d2560_ep1_rep8_bs8192_seq8192_sw2k_v4_2048_muon_resume15k_v2_10T
113728,1.3111839294433594,,,,moe_67b_a2b_d2560_ep1_rep8_bs8192_seq8192_sw2k_v4_2048_muon_resume15k_v2_10T
113850,1.30934476852417,,,,moe_67b_a2b_d2560_ep1_rep8_bs8192_seq8192_sw2k_v4_2048_muon_resume15k_v2_10T
113900,1.3045110702514648,,,,moe_67b_a2b_d2560_ep1_rep8_bs8192_seq8192_sw2k_v4_2048_muon_resume15k_v2_10T
113996,1.3297889232635498,,,,moe_67b_a2b_d2560_ep1_rep8_bs8192_seq8192_sw2k_v4_2048_muon_resume15k_v2_10T
114000,,2.350283145904541,1.9798638820648193,2.1232917308807373,moe_67b_a2b_d2560_ep1_rep8_bs8192_seq8192_sw2k_v4_2048_muon_resume15k_v2_10T
114037,1.3112889528274536,,,,moe_67b_a2b_d2560_ep1_rep8_bs8192_seq8192_sw2k_v4_2048_muon_resume15k_v2_10T
114142,1.3168286085128784,,,,moe_67b_a2b_d2560_ep1_rep8_bs8192_seq8192_sw2k_v4_2048_muon_resume15k_v2_10T
114217,1.306685209274292,,,,moe_67b_a2b_d2560_ep1_rep8_bs8192_seq8192_sw2k_v4_2048_muon_resume15k_v2_10T
114231,1.3199516534805298,,,,moe_67b_a2b_d2560_ep1_rep8_bs8192_seq8192_sw2k_v4_2048_muon_resume15k_v2_10T
114361,1.323891043663025,,,,moe_67b_a2b_d2560_ep1_rep8_bs8192_seq8192_sw2k_v4_2048_muon_resume15k_v2_10T
114393,1.3250995874404907,,,,moe_67b_a2b_d2560_ep1_rep8_bs8192_seq8192_sw2k_v4_2048_muon_resume15k_v2_10T
114431,1.323498249053955,,,,moe_67b_a2b_d2560_ep1_rep8_bs8192_seq8192_sw2k_v4_2048_muon_resume15k_v2_10T
114654,1.3220279216766357,,,,moe_67b_a2b_d2560_ep1_rep8_bs8192_seq8192_sw2k_v4_2048_muon_resume15k_v2_10T
114716,1.304215431213379,,,,moe_67b_a2b_d2560_ep1_rep8_bs8192_seq8192_sw2k_v4_2048_muon_resume15k_v2_10T
114744,1.3237336874008179,,,,moe_67b_a2b_d2560_ep1_rep8_bs8192_seq8192_sw2k_v4_2048_muon_resume15k_v2_10T
114848,1.3327239751815796,,,,moe_67b_a2b_d2560_ep1_rep8_bs8192_seq8192_sw2k_v4_2048_muon_resume15k_v2_10T
115025,1.3142359256744385,,,,moe_67b_a2b_d2560_ep1_rep8_bs8192_seq8192_sw2k_v4_2048_muon_resume15k_v2_10T
115039,1.3105576038360596,,,,moe_67b_a2b_d2560_ep1_rep8_bs8192_seq8192_sw2k_v4_2048_muon_resume15k_v2_10T
115140,1.302929162979126,,,,moe_67b_a2b_d2560_ep1_rep8_bs8192_seq8192_sw2k_v4_2048_muon_resume15k_v2_10T
115407,1.3157154321670532,,,,moe_67b_a2b_d2560_ep1_rep8_bs8192_seq8192_sw2k_v4_2048_muon_resume15k_v2_10T
115515,1.310401201248169,,,,moe_67b_a2b_d2560_ep1_rep8_bs8192_seq8192_sw2k_v4_2048_muon_resume15k_v2_10T
115540,1.310503602027893,,,,moe_67b_a2b_d2560_ep1_rep8_bs8192_seq8192_sw2k_v4_2048_muon_resume15k_v2_10T
115565,1.307989239692688,,,,moe_67b_a2b_d2560_ep1_rep8_bs8192_seq8192_sw2k_v4_2048_muon_resume15k_v2_10T
115728,1.2952091693878174,,,,moe_67b_a2b_d2560_ep1_rep8_bs8192_seq8192_sw2k_v4_2048_muon_resume15k_v2_10T
115823,1.3106818199157715,,,,moe_67b_a2b_d2560_ep1_rep8_bs8192_seq8192_sw2k_v4_2048_muon_resume15k_v2_10T
115827,1.3110649585723877,,,,moe_67b_a2b_d2560_ep1_rep8_bs8192_seq8192_sw2k_v4_2048_muon_resume15k_v2_10T
115841,1.3136099576950073,,,,moe_67b_a2b_d2560_ep1_rep8_bs8192_seq8192_sw2k_v4_2048_muon_resume15k_v2_10T
116094,1.3180737495422363,,,,moe_67b_a2b_d2560_ep1_rep8_bs8192_seq8192_sw2k_v4_2048_muon_resume15k_v2_10T
116146,1.309912085533142,,,,moe_67b_a2b_d2560_ep1_rep8_bs8192_seq8192_sw2k_v4_2048_muon_resume15k_v2_10T
116235,1.318295955657959,,,,moe_67b_a2b_d2560_ep1_rep8_bs8192_seq8192_sw2k_v4_2048_muon_resume15k_v2_10T
116335,1.3162078857421875,,,,moe_67b_a2b_d2560_ep1_rep8_bs8192_seq8192_sw2k_v4_2048_muon_resume15k_v2_10T
116527,1.3195297718048096,,,,moe_67b_a2b_d2560_ep1_rep8_bs8192_seq8192_sw2k_v4_2048_muon_resume15k_v2_10T
116553,1.3160654306411743,,,,moe_67b_a2b_d2560_ep1_rep8_bs8192_seq8192_sw2k_v4_2048_muon_resume15k_v2_10T
116832,1.3253449201583862,,,,moe_67b_a2b_d2560_ep1_rep8_bs8192_seq8192_sw2k_v4_2048_muon_resume15k_v2_10T
116919,1.3158100843429565,,,,moe_67b_a2b_d2560_ep1_rep8_bs8192_seq8192_sw2k_v4_2048_muon_resume15k_v2_10T
117000,,2.345813274383545,1.9745041131973267,2.1158430576324463,moe_67b_a2b_d2560_ep1_rep8_bs8192_seq8192_sw2k_v4_2048_muon_resume15k_v2_10T
117026,1.3151170015335083,,,,moe_67b_a2b_d2560_ep1_rep8_bs8192_seq8192_sw2k_v4_2048_muon_resume15k_v2_10T
117084,1.3130905628204346,,,,moe_67b_a2b_d2560_ep1_rep8_bs8192_seq8192_sw2k_v4_2048_muon_resume15k_v2_10T
117118,1.3112472295761108,,,,moe_67b_a2b_d2560_ep1_rep8_bs8192_seq8192_sw2k_v4_2048_muon_resume15k_v2_10T
117173,1.2995868921279907,,,,moe_67b_a2b_d2560_ep1_rep8_bs8192_seq8192_sw2k_v4_2048_muon_resume15k_v2_10T
117194,1.30100679397583,,,,moe_67b_a2b_d2560_ep1_rep8_bs8192_seq8192_sw2k_v4_2048_muon_resume15k_v2_10T
117301,1.3073811531066895,,,,moe_67b_a2b_d2560_ep1_rep8_bs8192_seq8192_sw2k_v4_2048_muon_resume15k_v2_10T
117432,1.3185343742370605,,,,moe_67b_a2b_d2560_ep1_rep8_bs8192_seq8192_sw2k_v4_2048_muon_resume15k_v2_10T
117648,1.3138974905014038,,,,moe_67b_a2b_d2560_ep1_rep8_bs8192_seq8192_sw2k_v4_2048_muon_resume15k_v2_10T
117860,1.306396245956421,,,,moe_67b_a2b_d2560_ep1_rep8_bs8192_seq8192_sw2k_v4_2048_muon_resume15k_v2_10T
117955,1.3084728717803955,,,,moe_67b_a2b_d2560_ep1_rep8_bs8192_seq8192_sw2k_v4_2048_muon_resume15k_v2_10T
117959,1.314818263053894,,,,moe_67b_a2b_d2560_ep1_rep8_bs8192_seq8192_sw2k_v4_2048_muon_resume15k_v2_10T
117971,1.3228367567062378,,,,moe_67b_a2b_d2560_ep1_rep8_bs8192_seq8192_sw2k_v4_2048_muon_resume15k_v2_10T
117981,1.3129024505615234,,,,moe_67b_a2b_d2560_ep1_rep8_bs8192_seq8192_sw2k_v4_2048_muon_resume15k_v2_10T
118107,1.3154585361480713,,,,moe_67b_a2b_d2560_ep1_rep8_bs8192_seq8192_sw2k_v4_2048_muon_resume15k_v2_10T
118122,1.3009612560272217,,,,moe_67b_a2b_d2560_ep1_rep8_bs8192_seq8192_sw2k_v4_2048_muon_resume15k_v2_10T
118498,1.326458215713501,,,,moe_67b_a2b_d2560_ep1_rep8_bs8192_seq8192_sw2k_v4_2048_muon_resume15k_v2_10T
118611,1.3340317010879517,,,,moe_67b_a2b_d2560_ep1_rep8_bs8192_seq8192_sw2k_v4_2048_muon_resume15k_v2_10T
118749,1.3067848682403564,,,,moe_67b_a2b_d2560_ep1_rep8_bs8192_seq8192_sw2k_v4_2048_muon_resume15k_v2_10T
118777,1.3114641904830933,,,,moe_67b_a2b_d2560_ep1_rep8_bs8192_seq8192_sw2k_v4_2048_muon_resume15k_v2_10T
118848,1.3086401224136353,,,,moe_67b_a2b_d2560_ep1_rep8_bs8192_seq8192_sw2k_v4_2048_muon_resume15k_v2_10T
119036,1.3049142360687256,,,,moe_67b_a2b_d2560_ep1_rep8_bs8192_seq8192_sw2k_v4_2048_muon_resume15k_v2_10T
119051,1.3004124164581299,,,,moe_67b_a2b_d2560_ep1_rep8_bs8192_seq8192_sw2k_v4_2048_muon_resume15k_v2_10T
119460,1.3196293115615845,,,,moe_67b_a2b_d2560_ep1_rep8_bs8192_seq8192_sw2k_v4_2048_muon_resume15k_v2_10T
119559,1.3120418787002563,,,,moe_67b_a2b_d2560_ep1_rep8_bs8192_seq8192_sw2k_v4_2048_muon_resume15k_v2_10T
119629,1.30324125289917,,,,moe_67b_a2b_d2560_ep1_rep8_bs8192_seq8192_sw2k_v4_2048_muon_resume15k_v2_10T
119660,1.3259605169296265,,,,moe_67b_a2b_d2560_ep1_rep8_bs8192_seq8192_sw2k_v4_2048_muon_resume15k_v2_10T
119684,1.3089563846588135,,,,moe_67b_a2b_d2560_ep1_rep8_bs8192_seq8192_sw2k_v4_2048_muon_resume15k_v2_10T
119716,1.3184404373168945,,,,moe_67b_a2b_d2560_ep1_rep8_bs8192_seq8192_sw2k_v4_2048_muon_resume15k_v2_10T
119747,1.3139541149139404,,,,moe_67b_a2b_d2560_ep1_rep8_bs8192_seq8192_sw2k_v4_2048_muon_resume15k_v2_10T
119787,1.3075003623962402,,,,moe_67b_a2b_d2560_ep1_rep8_bs8192_seq8192_sw2k_v4_2048_muon_resume15k_v2_10T
119850,1.3162965774536133,,,,moe_67b_a2b_d2560_ep1_rep8_bs8192_seq8192_sw2k_v4_2048_muon_resume15k_v2_10T
119911,1.3089525699615479,,,,moe_67b_a2b_d2560_ep1_rep8_bs8192_seq8192_sw2k_v4_2048_muon_resume15k_v2_10T
119962,1.3159853219985962,,,,moe_67b_a2b_d2560_ep1_rep8_bs8192_seq8192_sw2k_v4_2048_muon_resume15k_v2_10T
119966,1.31409752368927,,,,moe_67b_a2b_d2560_ep1_rep8_bs8192_seq8192_sw2k_v4_2048_muon_resume15k_v2_10T
119992,1.3108646869659424,,,,moe_67b_a2b_d2560_ep1_rep8_bs8192_seq8192_sw2k_v4_2048_muon_resume15k_v2_10T
120000,,2.3401060104370117,1.9700223207473755,2.111100673675537,moe_67b_a2b_d2560_ep1_rep8_bs8192_seq8192_sw2k_v4_2048_muon_resume15k_v2_10T
120029,1.3006945848464966,,,,moe_67b_a2b_d2560_ep1_rep8_bs8192_seq8192_sw2k_v4_2048_muon_resume15k_v2_10T
120079,1.3156918287277222,,,,moe_67b_a2b_d2560_ep1_rep8_bs8192_seq8192_sw2k_v4_2048_muon_resume15k_v2_10T
120083,1.3196502923965454,,,,moe_67b_a2b_d2560_ep1_rep8_bs8192_seq8192_sw2k_v4_2048_muon_resume15k_v2_10T
120096,1.3113973140716553,,,,moe_67b_a2b_d2560_ep1_rep8_bs8192_seq8192_sw2k_v4_2048_muon_resume15k_v2_10T
120181,1.3138538599014282,,,,moe_67b_a2b_d2560_ep1_rep8_bs8192_seq8192_sw2k_v4_2048_muon_resume15k_v2_10T
120262,1.3200619220733643,,,,moe_67b_a2b_d2560_ep1_rep8_bs8192_seq8192_sw2k_v4_2048_muon_resume15k_v2_10T
120471,1.3119269609451294,,,,moe_67b_a2b_d2560_ep1_rep8_bs8192_seq8192_sw2k_v4_2048_muon_resume15k_v2_10T
120597,1.2946982383728027,,,,moe_67b_a2b_d2560_ep1_rep8_bs8192_seq8192_sw2k_v4_2048_muon_resume15k_v2_10T
120600,1.3152801990509033,,,,moe_67b_a2b_d2560_ep1_rep8_bs8192_seq8192_sw2k_v4_2048_muon_resume15k_v2_10T
120708,1.3059266805648804,,,,moe_67b_a2b_d2560_ep1_rep8_bs8192_seq8192_sw2k_v4_2048_muon_resume15k_v2_10T
120989,1.2994941473007202,,,,moe_67b_a2b_d2560_ep1_rep8_bs8192_seq8192_sw2k_v4_2048_muon_resume15k_v2_10T
121103,1.3178688287734985,,,,moe_67b_a2b_d2560_ep1_rep8_bs8192_seq8192_sw2k_v4_2048_muon_resume15k_v2_10T
121188,1.3032004833221436,,,,moe_67b_a2b_d2560_ep1_rep8_bs8192_seq8192_sw2k_v4_2048_muon_resume15k_v2_10T
121261,1.3138047456741333,,,,moe_67b_a2b_d2560_ep1_rep8_bs8192_seq8192_sw2k_v4_2048_muon_resume15k_v2_10T
121385,1.3090072870254517,,,,moe_67b_a2b_d2560_ep1_rep8_bs8192_seq8192_sw2k_v4_2048_muon_resume15k_v2_10T
121486,1.2944165468215942,,,,moe_67b_a2b_d2560_ep1_rep8_bs8192_seq8192_sw2k_v4_2048_muon_resume15k_v2_10T
121501,1.2989808320999146,,,,moe_67b_a2b_d2560_ep1_rep8_bs8192_seq8192_sw2k_v4_2048_muon_resume15k_v2_10T
121549,1.303529143333435,,,,moe_67b_a2b_d2560_ep1_rep8_bs8192_seq8192_sw2k_v4_2048_muon_resume15k_v2_10T
121582,1.2973718643188477,,,,moe_67b_a2b_d2560_ep1_rep8_bs8192_seq8192_sw2k_v4_2048_muon_resume15k_v2_10T
121598,1.3146419525146484,,,,moe_67b_a2b_d2560_ep1_rep8_bs8192_seq8192_sw2k_v4_2048_muon_resume15k_v2_10T
121605,1.3106348514556885,,,,moe_67b_a2b_d2560_ep1_rep8_bs8192_seq8192_sw2k_v4_2048_muon_resume15k_v2_10T
121637,1.3235424757003784,,,,moe_67b_a2b_d2560_ep1_rep8_bs8192_seq8192_sw2k_v4_2048_muon_resume15k_v2_10T
121651,1.3039990663528442,,,,moe_67b_a2b_d2560_ep1_rep8_bs8192_seq8192_sw2k_v4_2048_muon_resume15k_v2_10T
121652,1.3053627014160156,,,,moe_67b_a2b_d2560_ep1_rep8_bs8192_seq8192_sw2k_v4_2048_muon_resume15k_v2_10T
121684,1.3063979148864746,,,,moe_67b_a2b_d2560_ep1_rep8_bs8192_seq8192_sw2k_v4_2048_muon_resume15k_v2_10T
121753,1.304701328277588,,,,moe_67b_a2b_d2560_ep1_rep8_bs8192_seq8192_sw2k_v4_2048_muon_resume15k_v2_10T
121832,1.294552206993103,,,,moe_67b_a2b_d2560_ep1_rep8_bs8192_seq8192_sw2k_v4_2048_muon_resume15k_v2_10T
121917,1.3117849826812744,,,,moe_67b_a2b_d2560_ep1_rep8_bs8192_seq8192_sw2k_v4_2048_muon_resume15k_v2_10T
121931,1.30628502368927,,,,moe_67b_a2b_d2560_ep1_rep8_bs8192_seq8192_sw2k_v4_2048_muon_resume15k_v2_10T
121958,1.3136988878250122,,,,moe_67b_a2b_d2560_ep1_rep8_bs8192_seq8192_sw2k_v4_2048_muon_resume15k_v2_10T
122057,1.3127546310424805,,,,moe_67b_a2b_d2560_ep1_rep8_bs8192_seq8192_sw2k_v4_2048_muon_resume15k_v2_10T
122224,1.3151723146438599,,,,moe_67b_a2b_d2560_ep1_rep8_bs8192_seq8192_sw2k_v4_2048_muon_resume15k_v2_10T
122370,1.3055533170700073,,,,moe_67b_a2b_d2560_ep1_rep8_bs8192_seq8192_sw2k_v4_2048_muon_resume15k_v2_10T
122389,1.3109867572784424,,,,moe_67b_a2b_d2560_ep1_rep8_bs8192_seq8192_sw2k_v4_2048_muon_resume15k_v2_10T
122484,1.311002492904663,,,,moe_67b_a2b_d2560_ep1_rep8_bs8192_seq8192_sw2k_v4_2048_muon_resume15k_v2_10T
122493,1.2959297895431519,,,,moe_67b_a2b_d2560_ep1_rep8_bs8192_seq8192_sw2k_v4_2048_muon_resume15k_v2_10T
122680,1.2946839332580566,,,,moe_67b_a2b_d2560_ep1_rep8_bs8192_seq8192_sw2k_v4_2048_muon_resume15k_v2_10T
123000,,2.3344714641571045,1.966102123260498,2.1084468364715576,moe_67b_a2b_d2560_ep1_rep8_bs8192_seq8192_sw2k_v4_2048_muon_resume15k_v2_10T
123052,1.315567135810852,,,,moe_67b_a2b_d2560_ep1_rep8_bs8192_seq8192_sw2k_v4_2048_muon_resume15k_v2_10T
123217,1.3116220235824585,,,,moe_67b_a2b_d2560_ep1_rep8_bs8192_seq8192_sw2k_v4_2048_muon_resume15k_v2_10T
123345,1.2947173118591309,,,,moe_67b_a2b_d2560_ep1_rep8_bs8192_seq8192_sw2k_v4_2048_muon_resume15k_v2_10T
123493,1.3130648136138916,,,,moe_67b_a2b_d2560_ep1_rep8_bs8192_seq8192_sw2k_v4_2048_muon_resume15k_v2_10T
123590,1.2927148342132568,,,,moe_67b_a2b_d2560_ep1_rep8_bs8192_seq8192_sw2k_v4_2048_muon_resume15k_v2_10T
123593,1.2975623607635498,,,,moe_67b_a2b_d2560_ep1_rep8_bs8192_seq8192_sw2k_v4_2048_muon_resume15k_v2_10T
123599,1.309685468673706,,,,moe_67b_a2b_d2560_ep1_rep8_bs8192_seq8192_sw2k_v4_2048_muon_resume15k_v2_10T
123660,1.3073960542678833,,,,moe_67b_a2b_d2560_ep1_rep8_bs8192_seq8192_sw2k_v4_2048_muon_resume15k_v2_10T
123721,1.2994422912597656,,,,moe_67b_a2b_d2560_ep1_rep8_bs8192_seq8192_sw2k_v4_2048_muon_resume15k_v2_10T
123784,1.3063642978668213,,,,moe_67b_a2b_d2560_ep1_rep8_bs8192_seq8192_sw2k_v4_2048_muon_resume15k_v2_10T
123826,1.3095234632492065,,,,moe_67b_a2b_d2560_ep1_rep8_bs8192_seq8192_sw2k_v4_2048_muon_resume15k_v2_10T
123834,1.3248008489608765,,,,moe_67b_a2b_d2560_ep1_rep8_bs8192_seq8192_sw2k_v4_2048_muon_resume15k_v2_10T
123928,1.2887018918991089,,,,moe_67b_a2b_d2560_ep1_rep8_bs8192_seq8192_sw2k_v4_2048_muon_resume15k_v2_10T
124328,1.3178054094314575,,,,moe_67b_a2b_d2560_ep1_rep8_bs8192_seq8192_sw2k_v4_2048_muon_resume15k_v2_10T
124361,1.308762788772583,,,,moe_67b_a2b_d2560_ep1_rep8_bs8192_seq8192_sw2k_v4_2048_muon_resume15k_v2_10T
124376,1.3141109943389893,,,,moe_67b_a2b_d2560_ep1_rep8_bs8192_seq8192_sw2k_v4_2048_muon_resume15k_v2_10T
124397,1.3112229108810425,,,,moe_67b_a2b_d2560_ep1_rep8_bs8192_seq8192_sw2k_v4_2048_muon_resume15k_v2_10T
124470,1.303056001663208,,,,moe_67b_a2b_d2560_ep1_rep8_bs8192_seq8192_sw2k_v4_2048_muon_resume15k_v2_10T
124520,1.2961705923080444,,,,moe_67b_a2b_d2560_ep1_rep8_bs8192_seq8192_sw2k_v4_2048_muon_resume15k_v2_10T
124668,1.3242963552474976,,,,moe_67b_a2b_d2560_ep1_rep8_bs8192_seq8192_sw2k_v4_2048_muon_resume15k_v2_10T
124698,1.3019540309906006,,,,moe_67b_a2b_d2560_ep1_rep8_bs8192_seq8192_sw2k_v4_2048_muon_resume15k_v2_10T
124824,1.3123500347137451,,,,moe_67b_a2b_d2560_ep1_rep8_bs8192_seq8192_sw2k_v4_2048_muon_resume15k_v2_10T
125102,1.296199083328247,,,,moe_67b_a2b_d2560_ep1_rep8_bs8192_seq8192_sw2k_v4_2048_muon_resume15k_v2_10T
125133,1.3017486333847046,,,,moe_67b_a2b_d2560_ep1_rep8_bs8192_seq8192_sw2k_v4_2048_muon_resume15k_v2_10T
125344,1.3059779405593872,,,,moe_67b_a2b_d2560_ep1_rep8_bs8192_seq8192_sw2k_v4_2048_muon_resume15k_v2_10T
125364,1.2967867851257324,,,,moe_67b_a2b_d2560_ep1_rep8_bs8192_seq8192_sw2k_v4_2048_muon_resume15k_v2_10T
125478,1.3021079301834106,,,,moe_67b_a2b_d2560_ep1_rep8_bs8192_seq8192_sw2k_v4_2048_muon_resume15k_v2_10T
125534,1.3107540607452393,,,,moe_67b_a2b_d2560_ep1_rep8_bs8192_seq8192_sw2k_v4_2048_muon_resume15k_v2_10T
125551,1.3018158674240112,,,,moe_67b_a2b_d2560_ep1_rep8_bs8192_seq8192_sw2k_v4_2048_muon_resume15k_v2_10T
125565,1.3095622062683105,,,,moe_67b_a2b_d2560_ep1_rep8_bs8192_seq8192_sw2k_v4_2048_muon_resume15k_v2_10T
125672,1.29131019115448,,,,moe_67b_a2b_d2560_ep1_rep8_bs8192_seq8192_sw2k_v4_2048_muon_resume15k_v2_10T
125795,1.3125373125076294,,,,moe_67b_a2b_d2560_ep1_rep8_bs8192_seq8192_sw2k_v4_2048_muon_resume15k_v2_10T
126000,,2.3286428451538086,1.9607983827590942,2.1025431156158447,moe_67b_a2b_d2560_ep1_rep8_bs8192_seq8192_sw2k_v4_2048_muon_resume15k_v2_10T
126050,1.3119515180587769,,,,moe_67b_a2b_d2560_ep1_rep8_bs8192_seq8192_sw2k_v4_2048_muon_resume15k_v2_10T
126111,1.292758584022522,,,,moe_67b_a2b_d2560_ep1_rep8_bs8192_seq8192_sw2k_v4_2048_muon_resume15k_v2_10T
126175,1.2998067140579224,,,,moe_67b_a2b_d2560_ep1_rep8_bs8192_seq8192_sw2k_v4_2048_muon_resume15k_v2_10T
126230,1.2915968894958496,,,,moe_67b_a2b_d2560_ep1_rep8_bs8192_seq8192_sw2k_v4_2048_muon_resume15k_v2_10T
126465,1.3021130561828613,,,,moe_67b_a2b_d2560_ep1_rep8_bs8192_seq8192_sw2k_v4_2048_muon_resume15k_v2_10T
126655,1.293976902961731,,,,moe_67b_a2b_d2560_ep1_rep8_bs8192_seq8192_sw2k_v4_2048_muon_resume15k_v2_10T
126713,1.3048937320709229,,,,moe_67b_a2b_d2560_ep1_rep8_bs8192_seq8192_sw2k_v4_2048_muon_resume15k_v2_10T
126880,1.2975302934646606,,,,moe_67b_a2b_d2560_ep1_rep8_bs8192_seq8192_sw2k_v4_2048_muon_resume15k_v2_10T
126884,1.3057515621185303,,,,moe_67b_a2b_d2560_ep1_rep8_bs8192_seq8192_sw2k_v4_2048_muon_resume15k_v2_10T
126891,1.2992284297943115,,,,moe_67b_a2b_d2560_ep1_rep8_bs8192_seq8192_sw2k_v4_2048_muon_resume15k_v2_10T
127364,1.303909420967102,,,,moe_67b_a2b_d2560_ep1_rep8_bs8192_seq8192_sw2k_v4_2048_muon_resume15k_v2_10T
127481,1.313157081604004,,,,moe_67b_a2b_d2560_ep1_rep8_bs8192_seq8192_sw2k_v4_2048_muon_resume15k_v2_10T
127500,,2.324906587600708,1.9570497274398804,2.098156213760376,moe_67b_a2b_d2560_ep1_rep8_bs8192_seq8192_sw2k_v4_2048_muon_resume15k_v2_10T
127604,1.3482604026794434,,,,moe_67b_a2b_d2560_ep1_rep8_bs8192_seq8192_sw2k_v4_2048_muon_resume15k_v2_10T
127627,1.3472236394882202,,,,moe_67b_a2b_d2560_ep1_rep8_bs8192_seq8192_sw2k_v4_2048_muon_resume15k_v2_10T
127934,1.355414628982544,,,,moe_67b_a2b_d2560_ep1_rep8_bs8192_seq8192_sw2k_v4_2048_muon_resume15k_v2_10T
127996,1.3624311685562134,,,,moe_67b_a2b_d2560_ep1_rep8_bs8192_seq8192_sw2k_v4_2048_muon_resume15k_v2_10T
128162,1.3499751091003418,,,,moe_67b_a2b_d2560_ep1_rep8_bs8192_seq8192_sw2k_v4_2048_muon_resume15k_v2_10T
128221,1.3586115837097168,,,,moe_67b_a2b_d2560_ep1_rep8_bs8192_seq8192_sw2k_v4_2048_muon_resume15k_v2_10T
128374,1.3640681505203247,,,,moe_67b_a2b_d2560_ep1_rep8_bs8192_seq8192_sw2k_v4_2048_muon_resume15k_v2_10T
128417,1.346570611000061,,,,moe_67b_a2b_d2560_ep1_rep8_bs8192_seq8192_sw2k_v4_2048_muon_resume15k_v2_10T
128546,1.3369089365005493,,,,moe_67b_a2b_d2560_ep1_rep8_bs8192_seq8192_sw2k_v4_2048_muon_resume15k_v2_10T
128616,1.3483185768127441,,,,moe_67b_a2b_d2560_ep1_rep8_bs8192_seq8192_sw2k_v4_2048_muon_resume15k_v2_10T
128753,1.3457826375961304,,,,moe_67b_a2b_d2560_ep1_rep8_bs8192_seq8192_sw2k_v4_2048_muon_resume15k_v2_10T
128801,1.3690897226333618,,,,moe_67b_a2b_d2560_ep1_rep8_bs8192_seq8192_sw2k_v4_2048_muon_resume15k_v2_10T
128802,1.3618357181549072,,,,moe_67b_a2b_d2560_ep1_rep8_bs8192_seq8192_sw2k_v4_2048_muon_resume15k_v2_10T
128886,1.3487778902053833,,,,moe_67b_a2b_d2560_ep1_rep8_bs8192_seq8192_sw2k_v4_2048_muon_resume15k_v2_10T
128948,1.3370875120162964,,,,moe_67b_a2b_d2560_ep1_rep8_bs8192_seq8192_sw2k_v4_2048_muon_resume15k_v2_10T
128983,1.346983790397644,,,,moe_67b_a2b_d2560_ep1_rep8_bs8192_seq8192_sw2k_v4_2048_muon_resume15k_v2_10T
128988,1.3513879776000977,,,,moe_67b_a2b_d2560_ep1_rep8_bs8192_seq8192_sw2k_v4_2048_muon_resume15k_v2_10T
129000,,2.3216402530670166,1.9524240493774414,2.0917179584503174,moe_67b_a2b_d2560_ep1_rep8_bs8192_seq8192_sw2k_v4_2048_muon_resume15k_v2_10T
129008,1.3356693983078003,,,,moe_67b_a2b_d2560_ep1_rep8_bs8192_seq8192_sw2k_v4_2048_muon_resume15k_v2_10T
129132,1.3575021028518677,,,,moe_67b_a2b_d2560_ep1_rep8_bs8192_seq8192_sw2k_v4_2048_muon_resume15k_v2_10T
129137,1.3469367027282715,,,,moe_67b_a2b_d2560_ep1_rep8_bs8192_seq8192_sw2k_v4_2048_muon_resume15k_v2_10T
129322,1.34048330783844,,,,moe_67b_a2b_d2560_ep1_rep8_bs8192_seq8192_sw2k_v4_2048_muon_resume15k_v2_10T
129357,1.347719669342041,,,,moe_67b_a2b_d2560_ep1_rep8_bs8192_seq8192_sw2k_v4_2048_muon_resume15k_v2_10T
129376,1.35667884349823,,,,moe_67b_a2b_d2560_ep1_rep8_bs8192_seq8192_sw2k_v4_2048_muon_resume15k_v2_10T
129430,1.3411380052566528,,,,moe_67b_a2b_d2560_ep1_rep8_bs8192_seq8192_sw2k_v4_2048_muon_resume15k_v2_10T
129586,1.3533072471618652,,,,moe_67b_a2b_d2560_ep1_rep8_bs8192_seq8192_sw2k_v4_2048_muon_resume15k_v2_10T
129732,1.3615097999572754,,,,moe_67b_a2b_d2560_ep1_rep8_bs8192_seq8192_sw2k_v4_2048_muon_resume15k_v2_10T
129739,1.3354008197784424,,,,moe_67b_a2b_d2560_ep1_rep8_bs8192_seq8192_sw2k_v4_2048_muon_resume15k_v2_10T
129744,1.3401472568511963,,,,moe_67b_a2b_d2560_ep1_rep8_bs8192_seq8192_sw2k_v4_2048_muon_resume15k_v2_10T
129831,1.3536919355392456,,,,moe_67b_a2b_d2560_ep1_rep8_bs8192_seq8192_sw2k_v4_2048_muon_resume15k_v2_10T
129863,1.3520655632019043,,,,moe_67b_a2b_d2560_ep1_rep8_bs8192_seq8192_sw2k_v4_2048_muon_resume15k_v2_10T
129896,1.3515512943267822,,,,moe_67b_a2b_d2560_ep1_rep8_bs8192_seq8192_sw2k_v4_2048_muon_resume15k_v2_10T
129961,1.3405779600143433,,,,moe_67b_a2b_d2560_ep1_rep8_bs8192_seq8192_sw2k_v4_2048_muon_resume15k_v2_10T
130014,1.3426083326339722,,,,moe_67b_a2b_d2560_ep1_rep8_bs8192_seq8192_sw2k_v4_2048_muon_resume15k_v2_10T
130081,1.3416361808776855,,,,moe_67b_a2b_d2560_ep1_rep8_bs8192_seq8192_sw2k_v4_2048_muon_resume15k_v2_10T
130204,1.3519628047943115,,,,moe_67b_a2b_d2560_ep1_rep8_bs8192_seq8192_sw2k_v4_2048_muon_resume15k_v2_10T
130329,1.3430601358413696,,,,moe_67b_a2b_d2560_ep1_rep8_bs8192_seq8192_sw2k_v4_2048_muon_resume15k_v2_10T
130394,1.3471076488494873,,,,moe_67b_a2b_d2560_ep1_rep8_bs8192_seq8192_sw2k_v4_2048_muon_resume15k_v2_10T
130402,1.349768042564392,,,,moe_67b_a2b_d2560_ep1_rep8_bs8192_seq8192_sw2k_v4_2048_muon_resume15k_v2_10T
130465,1.3454653024673462,,,,moe_67b_a2b_d2560_ep1_rep8_bs8192_seq8192_sw2k_v4_2048_muon_resume15k_v2_10T
130512,1.3468825817108154,,,,moe_67b_a2b_d2560_ep1_rep8_bs8192_seq8192_sw2k_v4_2048_muon_resume15k_v2_10T
130528,1.3492060899734497,,,,moe_67b_a2b_d2560_ep1_rep8_bs8192_seq8192_sw2k_v4_2048_muon_resume15k_v2_10T
130786,1.3521177768707275,,,,moe_67b_a2b_d2560_ep1_rep8_bs8192_seq8192_sw2k_v4_2048_muon_resume15k_v2_10T
130824,1.3470712900161743,,,,moe_67b_a2b_d2560_ep1_rep8_bs8192_seq8192_sw2k_v4_2048_muon_resume15k_v2_10T
130838,1.3536800146102905,,,,moe_67b_a2b_d2560_ep1_rep8_bs8192_seq8192_sw2k_v4_2048_muon_resume15k_v2_10T
130891,1.336844801902771,,,,moe_67b_a2b_d2560_ep1_rep8_bs8192_seq8192_sw2k_v4_2048_muon_resume15k_v2_10T
131067,1.342343807220459,,,,moe_67b_a2b_d2560_ep1_rep8_bs8192_seq8192_sw2k_v4_2048_muon_resume15k_v2_10T
131109,1.353877067565918,,,,moe_67b_a2b_d2560_ep1_rep8_bs8192_seq8192_sw2k_v4_2048_muon_resume15k_v2_10T
131112,1.3521907329559326,,,,moe_67b_a2b_d2560_ep1_rep8_bs8192_seq8192_sw2k_v4_2048_muon_resume15k_v2_10T
131119,1.3464624881744385,,,,moe_67b_a2b_d2560_ep1_rep8_bs8192_seq8192_sw2k_v4_2048_muon_resume15k_v2_10T
131163,1.3347997665405273,,,,moe_67b_a2b_d2560_ep1_rep8_bs8192_seq8192_sw2k_v4_2048_muon_resume15k_v2_10T
131274,1.3332887887954712,,,,moe_67b_a2b_d2560_ep1_rep8_bs8192_seq8192_sw2k_v4_2048_muon_resume15k_v2_10T
131288,1.3411844968795776,,,,moe_67b_a2b_d2560_ep1_rep8_bs8192_seq8192_sw2k_v4_2048_muon_resume15k_v2_10T
131336,1.3351765871047974,,,,moe_67b_a2b_d2560_ep1_rep8_bs8192_seq8192_sw2k_v4_2048_muon_resume15k_v2_10T
131513,1.3338472843170166,,,,moe_67b_a2b_d2560_ep1_rep8_bs8192_seq8192_sw2k_v4_2048_muon_resume15k_v2_10T
131748,1.335137963294983,,,,moe_67b_a2b_d2560_ep1_rep8_bs8192_seq8192_sw2k_v4_2048_muon_resume15k_v2_10T
131885,1.3463634252548218,,,,moe_67b_a2b_d2560_ep1_rep8_bs8192_seq8192_sw2k_v4_2048_muon_resume15k_v2_10T
131968,1.339545488357544,,,,moe_67b_a2b_d2560_ep1_rep8_bs8192_seq8192_sw2k_v4_2048_muon_resume15k_v2_10T
132000,,2.3158986568450928,1.9460279941558838,2.084312915802002,moe_67b_a2b_d2560_ep1_rep8_bs8192_seq8192_sw2k_v4_2048_muon_resume15k_v2_10T
132016,1.3476765155792236,,,,moe_67b_a2b_d2560_ep1_rep8_bs8192_seq8192_sw2k_v4_2048_muon_resume15k_v2_10T
132058,1.3568826913833618,,,,moe_67b_a2b_d2560_ep1_rep8_bs8192_seq8192_sw2k_v4_2048_muon_resume15k_v2_10T
132076,1.3331245183944702,,,,moe_67b_a2b_d2560_ep1_rep8_bs8192_seq8192_sw2k_v4_2048_muon_resume15k_v2_10T
132079,1.3548598289489746,,,,moe_67b_a2b_d2560_ep1_rep8_bs8192_seq8192_sw2k_v4_2048_muon_resume15k_v2_10T
132133,1.341837763786316,,,,moe_67b_a2b_d2560_ep1_rep8_bs8192_seq8192_sw2k_v4_2048_muon_resume15k_v2_10T
132153,1.346641182899475,,,,moe_67b_a2b_d2560_ep1_rep8_bs8192_seq8192_sw2k_v4_2048_muon_resume15k_v2_10T
132175,1.3344922065734863,,,,moe_67b_a2b_d2560_ep1_rep8_bs8192_seq8192_sw2k_v4_2048_muon_resume15k_v2_10T
132197,1.3392513990402222,,,,moe_67b_a2b_d2560_ep1_rep8_bs8192_seq8192_sw2k_v4_2048_muon_resume15k_v2_10T
132221,1.3430875539779663,,,,moe_67b_a2b_d2560_ep1_rep8_bs8192_seq8192_sw2k_v4_2048_muon_resume15k_v2_10T
132234,1.3496896028518677,,,,moe_67b_a2b_d2560_ep1_rep8_bs8192_seq8192_sw2k_v4_2048_muon_resume15k_v2_10T
132270,1.338360071182251,,,,moe_67b_a2b_d2560_ep1_rep8_bs8192_seq8192_sw2k_v4_2048_muon_resume15k_v2_10T
132283,1.3393808603286743,,,,moe_67b_a2b_d2560_ep1_rep8_bs8192_seq8192_sw2k_v4_2048_muon_resume15k_v2_10T
132302,1.3470479249954224,,,,moe_67b_a2b_d2560_ep1_rep8_bs8192_seq8192_sw2k_v4_2048_muon_resume15k_v2_10T
132470,1.3289947509765625,,,,moe_67b_a2b_d2560_ep1_rep8_bs8192_seq8192_sw2k_v4_2048_muon_resume15k_v2_10T
132487,1.3352755308151245,,,,moe_67b_a2b_d2560_ep1_rep8_bs8192_seq8192_sw2k_v4_2048_muon_resume15k_v2_10T
132792,1.3507808446884155,,,,moe_67b_a2b_d2560_ep1_rep8_bs8192_seq8192_sw2k_v4_2048_muon_resume15k_v2_10T
132815,1.339755892753601,,,,moe_67b_a2b_d2560_ep1_rep8_bs8192_seq8192_sw2k_v4_2048_muon_resume15k_v2_10T
132901,1.331202507019043,,,,moe_67b_a2b_d2560_ep1_rep8_bs8192_seq8192_sw2k_v4_2048_muon_resume15k_v2_10T
132904,1.3480937480926514,,,,moe_67b_a2b_d2560_ep1_rep8_bs8192_seq8192_sw2k_v4_2048_muon_resume15k_v2_10T
132929,1.3148167133331299,,,,moe_67b_a2b_d2560_ep1_rep8_bs8192_seq8192_sw2k_v4_2048_muon_resume15k_v2_10T
132984,1.3195828199386597,,,,moe_67b_a2b_d2560_ep1_rep8_bs8192_seq8192_sw2k_v4_2048_muon_resume15k_v2_10T
133040,1.3431469202041626,,,,moe_67b_a2b_d2560_ep1_rep8_bs8192_seq8192_sw2k_v4_2048_muon_resume15k_v2_10T
133106,1.3338873386383057,,,,moe_67b_a2b_d2560_ep1_rep8_bs8192_seq8192_sw2k_v4_2048_muon_resume15k_v2_10T
133190,1.3461475372314453,,,,moe_67b_a2b_d2560_ep1_rep8_bs8192_seq8192_sw2k_v4_2048_muon_resume15k_v2_10T
133260,1.336146354675293,,,,moe_67b_a2b_d2560_ep1_rep8_bs8192_seq8192_sw2k_v4_2048_muon_resume15k_v2_10T
133303,1.3277626037597656,,,,moe_67b_a2b_d2560_ep1_rep8_bs8192_seq8192_sw2k_v4_2048_muon_resume15k_v2_10T
133335,1.3453811407089233,,,,moe_67b_a2b_d2560_ep1_rep8_bs8192_seq8192_sw2k_v4_2048_muon_resume15k_v2_10T
133370,1.3336573839187622,,,,moe_67b_a2b_d2560_ep1_rep8_bs8192_seq8192_sw2k_v4_2048_muon_resume15k_v2_10T
133654,1.3405057191848755,,,,moe_67b_a2b_d2560_ep1_rep8_bs8192_seq8192_sw2k_v4_2048_muon_resume15k_v2_10T
133703,1.349033236503601,,,,moe_67b_a2b_d2560_ep1_rep8_bs8192_seq8192_sw2k_v4_2048_muon_resume15k_v2_10T
133838,1.34975266456604,,,,moe_67b_a2b_d2560_ep1_rep8_bs8192_seq8192_sw2k_v4_2048_muon_resume15k_v2_10T
133928,1.336310863494873,,,,moe_67b_a2b_d2560_ep1_rep8_bs8192_seq8192_sw2k_v4_2048_muon_resume15k_v2_10T
134020,1.3259730339050293,,,,moe_67b_a2b_d2560_ep1_rep8_bs8192_seq8192_sw2k_v4_2048_muon_resume15k_v2_10T
134104,1.3177831172943115,,,,moe_67b_a2b_d2560_ep1_rep8_bs8192_seq8192_sw2k_v4_2048_muon_resume15k_v2_10T
134243,1.334333896636963,,,,moe_67b_a2b_d2560_ep1_rep8_bs8192_seq8192_sw2k_v4_2048_muon_resume15k_v2_10T
134301,1.3522529602050781,,,,moe_67b_a2b_d2560_ep1_rep8_bs8192_seq8192_sw2k_v4_2048_muon_resume15k_v2_10T
134411,1.3438057899475098,,,,moe_67b_a2b_d2560_ep1_rep8_bs8192_seq8192_sw2k_v4_2048_muon_resume15k_v2_10T
134427,1.3388546705245972,,,,moe_67b_a2b_d2560_ep1_rep8_bs8192_seq8192_sw2k_v4_2048_muon_resume15k_v2_10T
134457,1.3446053266525269,,,,moe_67b_a2b_d2560_ep1_rep8_bs8192_seq8192_sw2k_v4_2048_muon_resume15k_v2_10T
134491,1.343386173248291,,,,moe_67b_a2b_d2560_ep1_rep8_bs8192_seq8192_sw2k_v4_2048_muon_resume15k_v2_10T
134522,1.342219352722168,,,,moe_67b_a2b_d2560_ep1_rep8_bs8192_seq8192_sw2k_v4_2048_muon_resume15k_v2_10T
134540,1.3309597969055176,,,,moe_67b_a2b_d2560_ep1_rep8_bs8192_seq8192_sw2k_v4_2048_muon_resume15k_v2_10T
134545,1.3487437963485718,,,,moe_67b_a2b_d2560_ep1_rep8_bs8192_seq8192_sw2k_v4_2048_muon_resume15k_v2_10T
134614,1.3483668565750122,,,,moe_67b_a2b_d2560_ep1_rep8_bs8192_seq8192_sw2k_v4_2048_muon_resume15k_v2_10T
134650,1.3356142044067383,,,,moe_67b_a2b_d2560_ep1_rep8_bs8192_seq8192_sw2k_v4_2048_muon_resume15k_v2_10T
134730,1.3245891332626343,,,,moe_67b_a2b_d2560_ep1_rep8_bs8192_seq8192_sw2k_v4_2048_muon_resume15k_v2_10T
134822,1.3503239154815674,,,,moe_67b_a2b_d2560_ep1_rep8_bs8192_seq8192_sw2k_v4_2048_muon_resume15k_v2_10T
134918,1.3188319206237793,,,,moe_67b_a2b_d2560_ep1_rep8_bs8192_seq8192_sw2k_v4_2048_muon_resume15k_v2_10T
134933,1.3223612308502197,,,,moe_67b_a2b_d2560_ep1_rep8_bs8192_seq8192_sw2k_v4_2048_muon_resume15k_v2_10T
135000,,2.3096914291381836,1.940755009651184,2.079460859298706,moe_67b_a2b_d2560_ep1_rep8_bs8192_seq8192_sw2k_v4_2048_muon_resume15k_v2_10T
135069,1.3503316640853882,,,,moe_67b_a2b_d2560_ep1_rep8_bs8192_seq8192_sw2k_v4_2048_muon_resume15k_v2_10T
135157,1.3290241956710815,,,,moe_67b_a2b_d2560_ep1_rep8_bs8192_seq8192_sw2k_v4_2048_muon_resume15k_v2_10T
135211,1.3400306701660156,,,,moe_67b_a2b_d2560_ep1_rep8_bs8192_seq8192_sw2k_v4_2048_muon_resume15k_v2_10T
135306,1.3411883115768433,,,,moe_67b_a2b_d2560_ep1_rep8_bs8192_seq8192_sw2k_v4_2048_muon_resume15k_v2_10T
135308,1.3413676023483276,,,,moe_67b_a2b_d2560_ep1_rep8_bs8192_seq8192_sw2k_v4_2048_muon_resume15k_v2_10T
135309,1.3295730352401733,,,,moe_67b_a2b_d2560_ep1_rep8_bs8192_seq8192_sw2k_v4_2048_muon_resume15k_v2_10T
135317,1.3244669437408447,,,,moe_67b_a2b_d2560_ep1_rep8_bs8192_seq8192_sw2k_v4_2048_muon_resume15k_v2_10T
135444,1.3492461442947388,,,,moe_67b_a2b_d2560_ep1_rep8_bs8192_seq8192_sw2k_v4_2048_muon_resume15k_v2_10T
135565,1.3425971269607544,,,,moe_67b_a2b_d2560_ep1_rep8_bs8192_seq8192_sw2k_v4_2048_muon_resume15k_v2_10T
135566,1.3353735208511353,,,,moe_67b_a2b_d2560_ep1_rep8_bs8192_seq8192_sw2k_v4_2048_muon_resume15k_v2_10T
135614,1.3463588953018188,,,,moe_67b_a2b_d2560_ep1_rep8_bs8192_seq8192_sw2k_v4_2048_muon_resume15k_v2_10T
135697,1.3378963470458984,,,,moe_67b_a2b_d2560_ep1_rep8_bs8192_seq8192_sw2k_v4_2048_muon_resume15k_v2_10T
135709,1.3456010818481445,,,,moe_67b_a2b_d2560_ep1_rep8_bs8192_seq8192_sw2k_v4_2048_muon_resume15k_v2_10T
135816,1.3429008722305298,,,,moe_67b_a2b_d2560_ep1_rep8_bs8192_seq8192_sw2k_v4_2048_muon_resume15k_v2_10T
135822,1.3350526094436646,,,,moe_67b_a2b_d2560_ep1_rep8_bs8192_seq8192_sw2k_v4_2048_muon_resume15k_v2_10T
135965,1.329262614250183,,,,moe_67b_a2b_d2560_ep1_rep8_bs8192_seq8192_sw2k_v4_2048_muon_resume15k_v2_10T
136080,1.3328230381011963,,,,moe_67b_a2b_d2560_ep1_rep8_bs8192_seq8192_sw2k_v4_2048_muon_resume15k_v2_10T
136257,1.3284541368484497,,,,moe_67b_a2b_d2560_ep1_rep8_bs8192_seq8192_sw2k_v4_2048_muon_resume15k_v2_10T
136272,1.3267700672149658,,,,moe_67b_a2b_d2560_ep1_rep8_bs8192_seq8192_sw2k_v4_2048_muon_resume15k_v2_10T
136293,1.3315469026565552,,,,moe_67b_a2b_d2560_ep1_rep8_bs8192_seq8192_sw2k_v4_2048_muon_resume15k_v2_10T
136459,1.3398021459579468,,,,moe_67b_a2b_d2560_ep1_rep8_bs8192_seq8192_sw2k_v4_2048_muon_resume15k_v2_10T
136731,1.3342928886413574,,,,moe_67b_a2b_d2560_ep1_rep8_bs8192_seq8192_sw2k_v4_2048_muon_resume15k_v2_10T
136883,1.3196007013320923,,,,moe_67b_a2b_d2560_ep1_rep8_bs8192_seq8192_sw2k_v4_2048_muon_resume15k_v2_10T
136884,1.3318688869476318,,,,moe_67b_a2b_d2560_ep1_rep8_bs8192_seq8192_sw2k_v4_2048_muon_resume15k_v2_10T
136983,1.3358429670333862,,,,moe_67b_a2b_d2560_ep1_rep8_bs8192_seq8192_sw2k_v4_2048_muon_resume15k_v2_10T
137007,1.339072585105896,,,,moe_67b_a2b_d2560_ep1_rep8_bs8192_seq8192_sw2k_v4_2048_muon_resume15k_v2_10T
137010,1.322101354598999,,,,moe_67b_a2b_d2560_ep1_rep8_bs8192_seq8192_sw2k_v4_2048_muon_resume15k_v2_10T
137254,1.3422954082489014,,,,moe_67b_a2b_d2560_ep1_rep8_bs8192_seq8192_sw2k_v4_2048_muon_resume15k_v2_10T
137373,1.3282692432403564,,,,moe_67b_a2b_d2560_ep1_rep8_bs8192_seq8192_sw2k_v4_2048_muon_resume15k_v2_10T
137384,1.3275846242904663,,,,moe_67b_a2b_d2560_ep1_rep8_bs8192_seq8192_sw2k_v4_2048_muon_resume15k_v2_10T
137527,1.3335574865341187,,,,moe_67b_a2b_d2560_ep1_rep8_bs8192_seq8192_sw2k_v4_2048_muon_resume15k_v2_10T
137645,1.3316189050674438,,,,moe_67b_a2b_d2560_ep1_rep8_bs8192_seq8192_sw2k_v4_2048_muon_resume15k_v2_10T
137651,1.334894061088562,,,,moe_67b_a2b_d2560_ep1_rep8_bs8192_seq8192_sw2k_v4_2048_muon_resume15k_v2_10T
137743,1.3331378698349,,,,moe_67b_a2b_d2560_ep1_rep8_bs8192_seq8192_sw2k_v4_2048_muon_resume15k_v2_10T
137800,1.3237696886062622,,,,moe_67b_a2b_d2560_ep1_rep8_bs8192_seq8192_sw2k_v4_2048_muon_resume15k_v2_10T
137903,1.3330882787704468,,,,moe_67b_a2b_d2560_ep1_rep8_bs8192_seq8192_sw2k_v4_2048_muon_resume15k_v2_10T
138000,,2.3039350509643555,1.935124397277832,2.0707287788391113,moe_67b_a2b_d2560_ep1_rep8_bs8192_seq8192_sw2k_v4_2048_muon_resume15k_v2_10T
138027,1.322462797164917,,,,moe_67b_a2b_d2560_ep1_rep8_bs8192_seq8192_sw2k_v4_2048_muon_resume15k_v2_10T
138043,1.3333884477615356,,,,moe_67b_a2b_d2560_ep1_rep8_bs8192_seq8192_sw2k_v4_2048_muon_resume15k_v2_10T
138154,1.3372317552566528,,,,moe_67b_a2b_d2560_ep1_rep8_bs8192_seq8192_sw2k_v4_2048_muon_resume15k_v2_10T
138155,1.315773606300354,,,,moe_67b_a2b_d2560_ep1_rep8_bs8192_seq8192_sw2k_v4_2048_muon_resume15k_v2_10T
138160,1.3175116777420044,,,,moe_67b_a2b_d2560_ep1_rep8_bs8192_seq8192_sw2k_v4_2048_muon_resume15k_v2_10T
138216,1.3276245594024658,,,,moe_67b_a2b_d2560_ep1_rep8_bs8192_seq8192_sw2k_v4_2048_muon_resume15k_v2_10T
138268,1.3144521713256836,,,,moe_67b_a2b_d2560_ep1_rep8_bs8192_seq8192_sw2k_v4_2048_muon_resume15k_v2_10T
138283,1.327123999595642,,,,moe_67b_a2b_d2560_ep1_rep8_bs8192_seq8192_sw2k_v4_2048_muon_resume15k_v2_10T
138330,1.328170657157898,,,,moe_67b_a2b_d2560_ep1_rep8_bs8192_seq8192_sw2k_v4_2048_muon_resume15k_v2_10T
138370,1.3432615995407104,,,,moe_67b_a2b_d2560_ep1_rep8_bs8192_seq8192_sw2k_v4_2048_muon_resume15k_v2_10T
138389,1.3317019939422607,,,,moe_67b_a2b_d2560_ep1_rep8_bs8192_seq8192_sw2k_v4_2048_muon_resume15k_v2_10T
138498,1.3339054584503174,,,,moe_67b_a2b_d2560_ep1_rep8_bs8192_seq8192_sw2k_v4_2048_muon_resume15k_v2_10T
138581,1.3259823322296143,,,,moe_67b_a2b_d2560_ep1_rep8_bs8192_seq8192_sw2k_v4_2048_muon_resume15k_v2_10T
138668,1.3303985595703125,,,,moe_67b_a2b_d2560_ep1_rep8_bs8192_seq8192_sw2k_v4_2048_muon_resume15k_v2_10T
138927,1.3343567848205566,,,,moe_67b_a2b_d2560_ep1_rep8_bs8192_seq8192_sw2k_v4_2048_muon_resume15k_v2_10T
138973,1.337192416191101,,,,moe_67b_a2b_d2560_ep1_rep8_bs8192_seq8192_sw2k_v4_2048_muon_resume15k_v2_10T
138994,1.3194750547409058,,,,moe_67b_a2b_d2560_ep1_rep8_bs8192_seq8192_sw2k_v4_2048_muon_resume15k_v2_10T
139030,1.3160831928253174,,,,moe_67b_a2b_d2560_ep1_rep8_bs8192_seq8192_sw2k_v4_2048_muon_resume15k_v2_10T
139093,1.3302892446517944,,,,moe_67b_a2b_d2560_ep1_rep8_bs8192_seq8192_sw2k_v4_2048_muon_resume15k_v2_10T
139343,1.339174747467041,,,,moe_67b_a2b_d2560_ep1_rep8_bs8192_seq8192_sw2k_v4_2048_muon_resume15k_v2_10T
139354,1.3264436721801758,,,,moe_67b_a2b_d2560_ep1_rep8_bs8192_seq8192_sw2k_v4_2048_muon_resume15k_v2_10T
139460,1.3261702060699463,,,,moe_67b_a2b_d2560_ep1_rep8_bs8192_seq8192_sw2k_v4_2048_muon_resume15k_v2_10T
139518,1.3280091285705566,,,,moe_67b_a2b_d2560_ep1_rep8_bs8192_seq8192_sw2k_v4_2048_muon_resume15k_v2_10T
139590,1.3309937715530396,,,,moe_67b_a2b_d2560_ep1_rep8_bs8192_seq8192_sw2k_v4_2048_muon_resume15k_v2_10T
139593,1.3359568119049072,,,,moe_67b_a2b_d2560_ep1_rep8_bs8192_seq8192_sw2k_v4_2048_muon_resume15k_v2_10T
139616,1.330837607383728,,,,moe_67b_a2b_d2560_ep1_rep8_bs8192_seq8192_sw2k_v4_2048_muon_resume15k_v2_10T
139693,1.329095721244812,,,,moe_67b_a2b_d2560_ep1_rep8_bs8192_seq8192_sw2k_v4_2048_muon_resume15k_v2_10T
139921,1.3229268789291382,,,,moe_67b_a2b_d2560_ep1_rep8_bs8192_seq8192_sw2k_v4_2048_muon_resume15k_v2_10T
140057,1.330688714981079,,,,moe_67b_a2b_d2560_ep1_rep8_bs8192_seq8192_sw2k_v4_2048_muon_resume15k_v2_10T
140071,1.3332746028900146,,,,moe_67b_a2b_d2560_ep1_rep8_bs8192_seq8192_sw2k_v4_2048_muon_resume15k_v2_10T
140076,1.3140207529067993,,,,moe_67b_a2b_d2560_ep1_rep8_bs8192_seq8192_sw2k_v4_2048_muon_resume15k_v2_10T
140110,1.3330672979354858,,,,moe_67b_a2b_d2560_ep1_rep8_bs8192_seq8192_sw2k_v4_2048_muon_resume15k_v2_10T
140112,1.325880765914917,,,,moe_67b_a2b_d2560_ep1_rep8_bs8192_seq8192_sw2k_v4_2048_muon_resume15k_v2_10T
140180,1.317368984222412,,,,moe_67b_a2b_d2560_ep1_rep8_bs8192_seq8192_sw2k_v4_2048_muon_resume15k_v2_10T
140272,1.3369084596633911,,,,moe_67b_a2b_d2560_ep1_rep8_bs8192_seq8192_sw2k_v4_2048_muon_resume15k_v2_10T
140292,1.3297175168991089,,,,moe_67b_a2b_d2560_ep1_rep8_bs8192_seq8192_sw2k_v4_2048_muon_resume15k_v2_10T
140359,1.306802749633789,,,,moe_67b_a2b_d2560_ep1_rep8_bs8192_seq8192_sw2k_v4_2048_muon_resume15k_v2_10T
140518,1.3402494192123413,,,,moe_67b_a2b_d2560_ep1_rep8_bs8192_seq8192_sw2k_v4_2048_muon_resume15k_v2_10T
140635,1.320300817489624,,,,moe_67b_a2b_d2560_ep1_rep8_bs8192_seq8192_sw2k_v4_2048_muon_resume15k_v2_10T
140682,1.3149394989013672,,,,moe_67b_a2b_d2560_ep1_rep8_bs8192_seq8192_sw2k_v4_2048_muon_resume15k_v2_10T
140701,1.320519208908081,,,,moe_67b_a2b_d2560_ep1_rep8_bs8192_seq8192_sw2k_v4_2048_muon_resume15k_v2_10T
141000,,2.300213575363159,1.9247714281082153,2.0640933513641357,moe_67b_a2b_d2560_ep1_rep8_bs1024_seq65536_sw2k_v4_2048_muon_cooldown_step141k
141000,,2.2973239421844482,1.9295967817306519,2.066572427749634,moe_67b_a2b_d2560_ep1_rep8_bs8192_seq8192_sw2k_v4_2048_muon_resume15k_v2_10T
141001,1.3018536567687988,,,,moe_67b_a2b_d2560_ep1_rep8_bs1024_seq65536_sw2k_v4_2048_muon_cooldown_step141k
141018,1.3145735263824463,,,,moe_67b_a2b_d2560_ep1_rep8_bs1024_seq65536_sw2k_v4_2048_muon_cooldown_step141k
141030,1.3241143226623535,,,,moe_67b_a2b_d2560_ep1_rep8_bs1024_seq65536_sw2k_v4_2048_muon_cooldown_step141k
141054,1.296435832977295,,,,moe_67b_a2b_d2560_ep1_rep8_bs1024_seq65536_sw2k_v4_2048_muon_cooldown_step141k
141055,1.3321359157562256,,,,moe_67b_a2b_d2560_ep1_rep8_bs1024_seq65536_sw2k_v4_2048_muon_cooldown_step141k
141060,1.3009780645370483,,,,moe_67b_a2b_d2560_ep1_rep8_bs1024_seq65536_sw2k_v4_2048_muon_cooldown_step141k
141062,1.2861313819885254,,,,moe_67b_a2b_d2560_ep1_rep8_bs1024_seq65536_sw2k_v4_2048_muon_cooldown_step141k
141073,1.30667245388031,,,,moe_67b_a2b_d2560_ep1_rep8_bs1024_seq65536_sw2k_v4_2048_muon_cooldown_step141k
141087,1.3254423141479492,,,,moe_67b_a2b_d2560_ep1_rep8_bs1024_seq65536_sw2k_v4_2048_muon_cooldown_step141k
141116,1.3458287715911865,,,,moe_67b_a2b_d2560_ep1_rep8_bs1024_seq65536_sw2k_v4_2048_muon_cooldown_step141k
141129,1.2856281995773315,,,,moe_67b_a2b_d2560_ep1_rep8_bs1024_seq65536_sw2k_v4_2048_muon_cooldown_step141k
141151,1.3103229999542236,,,,moe_67b_a2b_d2560_ep1_rep8_bs1024_seq65536_sw2k_v4_2048_muon_cooldown_step141k
141159,1.2532563209533691,,,,moe_67b_a2b_d2560_ep1_rep8_bs1024_seq65536_sw2k_v4_2048_muon_cooldown_step141k
141176,1.2656941413879395,,,,moe_67b_a2b_d2560_ep1_rep8_bs1024_seq65536_sw2k_v4_2048_muon_cooldown_step141k
141181,1.2647879123687744,,,,moe_67b_a2b_d2560_ep1_rep8_bs1024_seq65536_sw2k_v4_2048_muon_cooldown_step141k
141183,1.3068301677703857,,,,moe_67b_a2b_d2560_ep1_rep8_bs1024_seq65536_sw2k_v4_2048_muon_cooldown_step141k
141184,1.3119876384735107,,,,moe_67b_a2b_d2560_ep1_rep8_bs1024_seq65536_sw2k_v4_2048_muon_cooldown_step141k
141188,1.306108832359314,,,,moe_67b_a2b_d2560_ep1_rep8_bs1024_seq65536_sw2k_v4_2048_muon_cooldown_step141k
141199,1.296659231185913,,,,moe_67b_a2b_d2560_ep1_rep8_bs1024_seq65536_sw2k_v4_2048_muon_cooldown_step141k
141223,1.2552306652069092,,,,moe_67b_a2b_d2560_ep1_rep8_bs1024_seq65536_sw2k_v4_2048_muon_cooldown_step141k
141227,1.2826454639434814,,,,moe_67b_a2b_d2560_ep1_rep8_bs1024_seq65536_sw2k_v4_2048_muon_cooldown_step141k
141257,1.3328630924224854,,,,moe_67b_a2b_d2560_ep1_rep8_bs1024_seq65536_sw2k_v4_2048_muon_cooldown_step141k
141261,1.324251413345337,,,,moe_67b_a2b_d2560_ep1_rep8_bs1024_seq65536_sw2k_v4_2048_muon_cooldown_step141k
141269,1.3171632289886475,,,,moe_67b_a2b_d2560_ep1_rep8_bs1024_seq65536_sw2k_v4_2048_muon_cooldown_step141k
141273,1.2775514125823975,,,,moe_67b_a2b_d2560_ep1_rep8_bs1024_seq65536_sw2k_v4_2048_muon_cooldown_step141k
141279,1.3389761447906494,,,,moe_67b_a2b_d2560_ep1_rep8_bs1024_seq65536_sw2k_v4_2048_muon_cooldown_step141k
141281,1.317578911781311,,,,moe_67b_a2b_d2560_ep1_rep8_bs1024_seq65536_sw2k_v4_2048_muon_cooldown_step141k
141283,1.2736419439315796,,,,moe_67b_a2b_d2560_ep1_rep8_bs1024_seq65536_sw2k_v4_2048_muon_cooldown_step141k
141290,1.319402813911438,,,,moe_67b_a2b_d2560_ep1_rep8_bs1024_seq65536_sw2k_v4_2048_muon_cooldown_step141k
141294,1.269675374031067,,,,moe_67b_a2b_d2560_ep1_rep8_bs1024_seq65536_sw2k_v4_2048_muon_cooldown_step141k
141302,1.3290307521820068,,,,moe_67b_a2b_d2560_ep1_rep8_bs1024_seq65536_sw2k_v4_2048_muon_cooldown_step141k
141313,1.3079196214675903,,,,moe_67b_a2b_d2560_ep1_rep8_bs1024_seq65536_sw2k_v4_2048_muon_cooldown_step141k
141316,1.316033124923706,,,,moe_67b_a2b_d2560_ep1_rep8_bs1024_seq65536_sw2k_v4_2048_muon_cooldown_step141k
141321,1.2683225870132446,,,,moe_67b_a2b_d2560_ep1_rep8_bs1024_seq65536_sw2k_v4_2048_muon_cooldown_step141k
141322,1.328492522239685,,,,moe_67b_a2b_d2560_ep1_rep8_bs1024_seq65536_sw2k_v4_2048_muon_cooldown_step141k
141330,1.3040986061096191,,,,moe_67b_a2b_d2560_ep1_rep8_bs1024_seq65536_sw2k_v4_2048_muon_cooldown_step141k
141331,1.2766505479812622,,,,moe_67b_a2b_d2560_ep1_rep8_bs1024_seq65536_sw2k_v4_2048_muon_cooldown_step141k
141343,1.2748757600784302,,,,moe_67b_a2b_d2560_ep1_rep8_bs1024_seq65536_sw2k_v4_2048_muon_cooldown_step141k
141352,1.301735520362854,,,,moe_67b_a2b_d2560_ep1_rep8_bs1024_seq65536_sw2k_v4_2048_muon_cooldown_step141k
141360,1.3076658248901367,,,,moe_67b_a2b_d2560_ep1_rep8_bs1024_seq65536_sw2k_v4_2048_muon_cooldown_step141k
141370,1.2372276782989502,,,,moe_67b_a2b_d2560_ep1_rep8_bs1024_seq65536_sw2k_v4_2048_muon_cooldown_step141k
141377,1.2930998802185059,,,,moe_67b_a2b_d2560_ep1_rep8_bs1024_seq65536_sw2k_v4_2048_muon_cooldown_step141k
141396,1.2537384033203125,,,,moe_67b_a2b_d2560_ep1_rep8_bs1024_seq65536_sw2k_v4_2048_muon_cooldown_step141k
141424,1.3136253356933594,,,,moe_67b_a2b_d2560_ep1_rep8_bs1024_seq65536_sw2k_v4_2048_muon_cooldown_step141k
141428,1.2573109865188599,,,,moe_67b_a2b_d2560_ep1_rep8_bs1024_seq65536_sw2k_v4_2048_muon_cooldown_step141k
141429,1.2973802089691162,,,,moe_67b_a2b_d2560_ep1_rep8_bs1024_seq65536_sw2k_v4_2048_muon_cooldown_step141k
141444,1.2906960248947144,,,,moe_67b_a2b_d2560_ep1_rep8_bs1024_seq65536_sw2k_v4_2048_muon_cooldown_step141k
141445,1.267446517944336,,,,moe_67b_a2b_d2560_ep1_rep8_bs1024_seq65536_sw2k_v4_2048_muon_cooldown_step141k
141468,1.2946181297302246,,,,moe_67b_a2b_d2560_ep1_rep8_bs1024_seq65536_sw2k_v4_2048_muon_cooldown_step141k
141479,1.2794723510742188,,,,moe_67b_a2b_d2560_ep1_rep8_bs1024_seq65536_sw2k_v4_2048_muon_cooldown_step141k
141492,1.2658320665359497,,,,moe_67b_a2b_d2560_ep1_rep8_bs1024_seq65536_sw2k_v4_2048_muon_cooldown_step141k
141501,1.2949790954589844,,,,moe_67b_a2b_d2560_ep1_rep8_bs1024_seq65536_sw2k_v4_2048_muon_cooldown_step141k
141518,1.3179365396499634,,,,moe_67b_a2b_d2560_ep1_rep8_bs1024_seq65536_sw2k_v4_2048_muon_cooldown_step141k
141523,1.2968418598175049,,,,moe_67b_a2b_d2560_ep1_rep8_bs1024_seq65536_sw2k_v4_2048_muon_cooldown_step141k
141541,1.3085726499557495,,,,moe_67b_a2b_d2560_ep1_rep8_bs1024_seq65536_sw2k_v4_2048_muon_cooldown_step141k
141547,1.3152382373809814,,,,moe_67b_a2b_d2560_ep1_rep8_bs1024_seq65536_sw2k_v4_2048_muon_cooldown_step141k
141564,1.3481422662734985,,,,moe_67b_a2b_d2560_ep1_rep8_bs1024_seq65536_sw2k_v4_2048_muon_cooldown_step141k
141570,1.2986780405044556,,,,moe_67b_a2b_d2560_ep1_rep8_bs1024_seq65536_sw2k_v4_2048_muon_cooldown_step141k
141611,1.2945520877838135,,,,moe_67b_a2b_d2560_ep1_rep8_bs1024_seq65536_sw2k_v4_2048_muon_cooldown_step141k
141613,1.2729169130325317,,,,moe_67b_a2b_d2560_ep1_rep8_bs1024_seq65536_sw2k_v4_2048_muon_cooldown_step141k
141622,1.2915040254592896,,,,moe_67b_a2b_d2560_ep1_rep8_bs1024_seq65536_sw2k_v4_2048_muon_cooldown_step141k
141637,1.2848975658416748,,,,moe_67b_a2b_d2560_ep1_rep8_bs1024_seq65536_sw2k_v4_2048_muon_cooldown_step141k
141642,1.273117184638977,,,,moe_67b_a2b_d2560_ep1_rep8_bs1024_seq65536_sw2k_v4_2048_muon_cooldown_step141k
141643,1.3085079193115234,,,,moe_67b_a2b_d2560_ep1_rep8_bs1024_seq65536_sw2k_v4_2048_muon_cooldown_step141k
141649,1.3210901021957397,,,,moe_67b_a2b_d2560_ep1_rep8_bs1024_seq65536_sw2k_v4_2048_muon_cooldown_step141k
141653,1.3081464767456055,,,,moe_67b_a2b_d2560_ep1_rep8_bs1024_seq65536_sw2k_v4_2048_muon_cooldown_step141k
141680,1.272550106048584,,,,moe_67b_a2b_d2560_ep1_rep8_bs1024_seq65536_sw2k_v4_2048_muon_cooldown_step141k
141692,1.3178833723068237,,,,moe_67b_a2b_d2560_ep1_rep8_bs1024_seq65536_sw2k_v4_2048_muon_cooldown_step141k
141698,1.3080967664718628,,,,moe_67b_a2b_d2560_ep1_rep8_bs1024_seq65536_sw2k_v4_2048_muon_cooldown_step141k
141707,1.2634801864624023,,,,moe_67b_a2b_d2560_ep1_rep8_bs1024_seq65536_sw2k_v4_2048_muon_cooldown_step141k
141720,1.3167532682418823,,,,moe_67b_a2b_d2560_ep1_rep8_bs1024_seq65536_sw2k_v4_2048_muon_cooldown_step141k
141729,1.3033007383346558,,,,moe_67b_a2b_d2560_ep1_rep8_bs1024_seq65536_sw2k_v4_2048_muon_cooldown_step141k
141733,1.2620954513549805,,,,moe_67b_a2b_d2560_ep1_rep8_bs1024_seq65536_sw2k_v4_2048_muon_cooldown_step141k
141751,1.294501543045044,,,,moe_67b_a2b_d2560_ep1_rep8_bs1024_seq65536_sw2k_v4_2048_muon_cooldown_step141k
141756,1.3296867609024048,,,,moe_67b_a2b_d2560_ep1_rep8_bs1024_seq65536_sw2k_v4_2048_muon_cooldown_step141k
141768,1.2814186811447144,,,,moe_67b_a2b_d2560_ep1_rep8_bs1024_seq65536_sw2k_v4_2048_muon_cooldown_step141k
141790,1.309352993965149,,,,moe_67b_a2b_d2560_ep1_rep8_bs1024_seq65536_sw2k_v4_2048_muon_cooldown_step141k
141802,1.3159040212631226,,,,moe_67b_a2b_d2560_ep1_rep8_bs1024_seq65536_sw2k_v4_2048_muon_cooldown_step141k
141836,1.2670013904571533,,,,moe_67b_a2b_d2560_ep1_rep8_bs1024_seq65536_sw2k_v4_2048_muon_cooldown_step141k
141838,1.3014558553695679,,,,moe_67b_a2b_d2560_ep1_rep8_bs1024_seq65536_sw2k_v4_2048_muon_cooldown_step141k
141840,1.3299322128295898,,,,moe_67b_a2b_d2560_ep1_rep8_bs1024_seq65536_sw2k_v4_2048_muon_cooldown_step141k
141846,1.2856377363204956,,,,moe_67b_a2b_d2560_ep1_rep8_bs1024_seq65536_sw2k_v4_2048_muon_cooldown_step141k
141867,1.2566078901290894,,,,moe_67b_a2b_d2560_ep1_rep8_bs1024_seq65536_sw2k_v4_2048_muon_cooldown_step141k
141876,1.29102623462677,,,,moe_67b_a2b_d2560_ep1_rep8_bs1024_seq65536_sw2k_v4_2048_muon_cooldown_step141k
141883,1.2613328695297241,,,,moe_67b_a2b_d2560_ep1_rep8_bs1024_seq65536_sw2k_v4_2048_muon_cooldown_step141k
141884,1.2637866735458374,,,,moe_67b_a2b_d2560_ep1_rep8_bs1024_seq65536_sw2k_v4_2048_muon_cooldown_step141k
141904,1.2907181978225708,,,,moe_67b_a2b_d2560_ep1_rep8_bs1024_seq65536_sw2k_v4_2048_muon_cooldown_step141k
141909,1.3482166528701782,,,,moe_67b_a2b_d2560_ep1_rep8_bs1024_seq65536_sw2k_v4_2048_muon_cooldown_step141k
141911,1.27428138256073,,,,moe_67b_a2b_d2560_ep1_rep8_bs1024_seq65536_sw2k_v4_2048_muon_cooldown_step141k
141919,1.2723811864852905,,,,moe_67b_a2b_d2560_ep1_rep8_bs1024_seq65536_sw2k_v4_2048_muon_cooldown_step141k
141921,1.3154901266098022,,,,moe_67b_a2b_d2560_ep1_rep8_bs1024_seq65536_sw2k_v4_2048_muon_cooldown_step141k
141924,1.310225009918213,,,,moe_67b_a2b_d2560_ep1_rep8_bs1024_seq65536_sw2k_v4_2048_muon_cooldown_step141k
141927,1.2974064350128174,,,,moe_67b_a2b_d2560_ep1_rep8_bs1024_seq65536_sw2k_v4_2048_muon_cooldown_step141k
141939,1.2857619524002075,,,,moe_67b_a2b_d2560_ep1_rep8_bs1024_seq65536_sw2k_v4_2048_muon_cooldown_step141k
141971,1.2517136335372925,,,,moe_67b_a2b_d2560_ep1_rep8_bs1024_seq65536_sw2k_v4_2048_muon_cooldown_step141k
142000,1.2911485433578491,,,,moe_67b_a2b_d2560_ep1_rep8_bs1024_seq65536_sw2k_v4_2048_muon_cooldown_step141k
142033,1.2558144330978394,,,,moe_67b_a2b_d2560_ep1_rep8_bs1024_seq65536_sw2k_v4_2048_muon_cooldown_step141k
142034,1.3679966926574707,,,,moe_67b_a2b_d2560_ep1_rep8_bs1024_seq65536_sw2k_v4_2048_muon_cooldown_step141k
142036,1.3034149408340454,,,,moe_67b_a2b_d2560_ep1_rep8_bs1024_seq65536_sw2k_v4_2048_muon_cooldown_step141k
142042,1.3386420011520386,,,,moe_67b_a2b_d2560_ep1_rep8_bs1024_seq65536_sw2k_v4_2048_muon_cooldown_step141k
142048,1.3181343078613281,,,,moe_67b_a2b_d2560_ep1_rep8_bs1024_seq65536_sw2k_v4_2048_muon_cooldown_step141k
142055,1.2872594594955444,,,,moe_67b_a2b_d2560_ep1_rep8_bs1024_seq65536_sw2k_v4_2048_muon_cooldown_step141k
142067,1.2653148174285889,,,,moe_67b_a2b_d2560_ep1_rep8_bs1024_seq65536_sw2k_v4_2048_muon_cooldown_step141k
142072,1.2894030809402466,,,,moe_67b_a2b_d2560_ep1_rep8_bs1024_seq65536_sw2k_v4_2048_muon_cooldown_step141k
142075,1.2769321203231812,,,,moe_67b_a2b_d2560_ep1_rep8_bs1024_seq65536_sw2k_v4_2048_muon_cooldown_step141k
142083,1.3197879791259766,,,,moe_67b_a2b_d2560_ep1_rep8_bs1024_seq65536_sw2k_v4_2048_muon_cooldown_step141k
142100,1.28177011013031,,,,moe_67b_a2b_d2560_ep1_rep8_bs1024_seq65536_sw2k_v4_2048_muon_cooldown_step141k
142129,1.2958791255950928,,,,moe_67b_a2b_d2560_ep1_rep8_bs1024_seq65536_sw2k_v4_2048_muon_cooldown_step141k
142133,1.2770026922225952,,,,moe_67b_a2b_d2560_ep1_rep8_bs1024_seq65536_sw2k_v4_2048_muon_cooldown_step141k
142142,1.2763493061065674,,,,moe_67b_a2b_d2560_ep1_rep8_bs1024_seq65536_sw2k_v4_2048_muon_cooldown_step141k
142150,1.236282467842102,,,,moe_67b_a2b_d2560_ep1_rep8_bs1024_seq65536_sw2k_v4_2048_muon_cooldown_step141k
142152,1.2878214120864868,,,,moe_67b_a2b_d2560_ep1_rep8_bs1024_seq65536_sw2k_v4_2048_muon_cooldown_step141k
142154,1.305005669593811,,,,moe_67b_a2b_d2560_ep1_rep8_bs1024_seq65536_sw2k_v4_2048_muon_cooldown_step141k
142164,1.3181631565093994,,,,moe_67b_a2b_d2560_ep1_rep8_bs1024_seq65536_sw2k_v4_2048_muon_cooldown_step141k
142170,1.263700008392334,,,,moe_67b_a2b_d2560_ep1_rep8_bs1024_seq65536_sw2k_v4_2048_muon_cooldown_step141k
142182,1.2576494216918945,,,,moe_67b_a2b_d2560_ep1_rep8_bs1024_seq65536_sw2k_v4_2048_muon_cooldown_step141k
142207,1.2743369340896606,,,,moe_67b_a2b_d2560_ep1_rep8_bs1024_seq65536_sw2k_v4_2048_muon_cooldown_step141k
142209,1.313661813735962,,,,moe_67b_a2b_d2560_ep1_rep8_bs1024_seq65536_sw2k_v4_2048_muon_cooldown_step141k
142212,1.3021160364151,,,,moe_67b_a2b_d2560_ep1_rep8_bs1024_seq65536_sw2k_v4_2048_muon_cooldown_step141k
142213,1.3140959739685059,,,,moe_67b_a2b_d2560_ep1_rep8_bs1024_seq65536_sw2k_v4_2048_muon_cooldown_step141k
142219,1.266075849533081,,,,moe_67b_a2b_d2560_ep1_rep8_bs1024_seq65536_sw2k_v4_2048_muon_cooldown_step141k
142263,1.2854145765304565,,,,moe_67b_a2b_d2560_ep1_rep8_bs1024_seq65536_sw2k_v4_2048_muon_cooldown_step141k
142265,1.2507169246673584,,,,moe_67b_a2b_d2560_ep1_rep8_bs1024_seq65536_sw2k_v4_2048_muon_cooldown_step141k
142279,1.273053526878357,,,,moe_67b_a2b_d2560_ep1_rep8_bs1024_seq65536_sw2k_v4_2048_muon_cooldown_step141k
142327,1.2983285188674927,,,,moe_67b_a2b_d2560_ep1_rep8_bs1024_seq65536_sw2k_v4_2048_muon_cooldown_step141k
142370,1.2648941278457642,,,,moe_67b_a2b_d2560_ep1_rep8_bs1024_seq65536_sw2k_v4_2048_muon_cooldown_step141k
142371,1.3248698711395264,,,,moe_67b_a2b_d2560_ep1_rep8_bs1024_seq65536_sw2k_v4_2048_muon_cooldown_step141k
142381,1.3369172811508179,,,,moe_67b_a2b_d2560_ep1_rep8_bs1024_seq65536_sw2k_v4_2048_muon_cooldown_step141k
142399,1.2708252668380737,,,,moe_67b_a2b_d2560_ep1_rep8_bs1024_seq65536_sw2k_v4_2048_muon_cooldown_step141k
142412,1.2846438884735107,,,,moe_67b_a2b_d2560_ep1_rep8_bs1024_seq65536_sw2k_v4_2048_muon_cooldown_step141k
142425,1.2907179594039917,,,,moe_67b_a2b_d2560_ep1_rep8_bs1024_seq65536_sw2k_v4_2048_muon_cooldown_step141k
142432,1.2569597959518433,,,,moe_67b_a2b_d2560_ep1_rep8_bs1024_seq65536_sw2k_v4_2048_muon_cooldown_step141k
142442,1.3051410913467407,,,,moe_67b_a2b_d2560_ep1_rep8_bs1024_seq65536_sw2k_v4_2048_muon_cooldown_step141k
142446,1.339877724647522,,,,moe_67b_a2b_d2560_ep1_rep8_bs1024_seq65536_sw2k_v4_2048_muon_cooldown_step141k
142453,1.2969648838043213,,,,moe_67b_a2b_d2560_ep1_rep8_bs1024_seq65536_sw2k_v4_2048_muon_cooldown_step141k
142457,1.2960782051086426,,,,moe_67b_a2b_d2560_ep1_rep8_bs1024_seq65536_sw2k_v4_2048_muon_cooldown_step141k
142471,1.2919777631759644,,,,moe_67b_a2b_d2560_ep1_rep8_bs1024_seq65536_sw2k_v4_2048_muon_cooldown_step141k
142483,1.2866641283035278,,,,moe_67b_a2b_d2560_ep1_rep8_bs1024_seq65536_sw2k_v4_2048_muon_cooldown_step141k
142485,1.2824207544326782,,,,moe_67b_a2b_d2560_ep1_rep8_bs1024_seq65536_sw2k_v4_2048_muon_cooldown_step141k
142490,1.2954046726226807,,,,moe_67b_a2b_d2560_ep1_rep8_bs1024_seq65536_sw2k_v4_2048_muon_cooldown_step141k
142500,,2.290372133255005,1.9020439386367798,2.0514090061187744,moe_67b_a2b_d2560_ep1_rep8_bs1024_seq65536_sw2k_v4_2048_muon_cooldown_step141k
142504,1.2430992126464844,,,,moe_67b_a2b_d2560_ep1_rep8_bs1024_seq65536_sw2k_v4_2048_muon_cooldown_step141k
142513,1.285521149635315,,,,moe_67b_a2b_d2560_ep1_rep8_bs1024_seq65536_sw2k_v4_2048_muon_cooldown_step141k
142527,1.2889254093170166,,,,moe_67b_a2b_d2560_ep1_rep8_bs1024_seq65536_sw2k_v4_2048_muon_cooldown_step141k
142530,1.2941685914993286,,,,moe_67b_a2b_d2560_ep1_rep8_bs1024_seq65536_sw2k_v4_2048_muon_cooldown_step141k
142531,1.281722068786621,,,,moe_67b_a2b_d2560_ep1_rep8_bs1024_seq65536_sw2k_v4_2048_muon_cooldown_step141k
142532,1.322203516960144,,,,moe_67b_a2b_d2560_ep1_rep8_bs1024_seq65536_sw2k_v4_2048_muon_cooldown_step141k
142542,1.2751764059066772,,,,moe_67b_a2b_d2560_ep1_rep8_bs1024_seq65536_sw2k_v4_2048_muon_cooldown_step141k
142547,1.2979984283447266,,,,moe_67b_a2b_d2560_ep1_rep8_bs1024_seq65536_sw2k_v4_2048_muon_cooldown_step141k
142563,1.276294231414795,,,,moe_67b_a2b_d2560_ep1_rep8_bs1024_seq65536_sw2k_v4_2048_muon_cooldown_step141k
142577,1.2823362350463867,,,,moe_67b_a2b_d2560_ep1_rep8_bs1024_seq65536_sw2k_v4_2048_muon_cooldown_step141k
142587,1.2915011644363403,,,,moe_67b_a2b_d2560_ep1_rep8_bs1024_seq65536_sw2k_v4_2048_muon_cooldown_step141k
142598,1.272092580795288,,,,moe_67b_a2b_d2560_ep1_rep8_bs1024_seq65536_sw2k_v4_2048_muon_cooldown_step141k
142606,1.294144868850708,,,,moe_67b_a2b_d2560_ep1_rep8_bs1024_seq65536_sw2k_v4_2048_muon_cooldown_step141k
142608,1.2718223333358765,,,,moe_67b_a2b_d2560_ep1_rep8_bs1024_seq65536_sw2k_v4_2048_muon_cooldown_step141k
142623,1.2967060804367065,,,,moe_67b_a2b_d2560_ep1_rep8_bs1024_seq65536_sw2k_v4_2048_muon_cooldown_step141k
142640,1.3255313634872437,,,,moe_67b_a2b_d2560_ep1_rep8_bs1024_seq65536_sw2k_v4_2048_muon_cooldown_step141k
142652,1.273216962814331,,,,moe_67b_a2b_d2560_ep1_rep8_bs1024_seq65536_sw2k_v4_2048_muon_cooldown_step141k
142668,1.3246996402740479,,,,moe_67b_a2b_d2560_ep1_rep8_bs1024_seq65536_sw2k_v4_2048_muon_cooldown_step141k
142680,1.3063868284225464,,,,moe_67b_a2b_d2560_ep1_rep8_bs1024_seq65536_sw2k_v4_2048_muon_cooldown_step141k
142681,1.2844080924987793,,,,moe_67b_a2b_d2560_ep1_rep8_bs1024_seq65536_sw2k_v4_2048_muon_cooldown_step141k
142684,1.2781580686569214,,,,moe_67b_a2b_d2560_ep1_rep8_bs1024_seq65536_sw2k_v4_2048_muon_cooldown_step141k
142693,1.3169306516647339,,,,moe_67b_a2b_d2560_ep1_rep8_bs1024_seq65536_sw2k_v4_2048_muon_cooldown_step141k
142696,1.2974909543991089,,,,moe_67b_a2b_d2560_ep1_rep8_bs1024_seq65536_sw2k_v4_2048_muon_cooldown_step141k
142701,1.2433732748031616,,,,moe_67b_a2b_d2560_ep1_rep8_bs1024_seq65536_sw2k_v4_2048_muon_cooldown_step141k
142709,1.3074067831039429,,,,moe_67b_a2b_d2560_ep1_rep8_bs1024_seq65536_sw2k_v4_2048_muon_cooldown_step141k
142720,1.3073605298995972,,,,moe_67b_a2b_d2560_ep1_rep8_bs1024_seq65536_sw2k_v4_2048_muon_cooldown_step141k
142724,1.2654935121536255,,,,moe_67b_a2b_d2560_ep1_rep8_bs1024_seq65536_sw2k_v4_2048_muon_cooldown_step141k
142731,1.3082724809646606,,,,moe_67b_a2b_d2560_ep1_rep8_bs1024_seq65536_sw2k_v4_2048_muon_cooldown_step141k
142737,1.2826664447784424,,,,moe_67b_a2b_d2560_ep1_rep8_bs1024_seq65536_sw2k_v4_2048_muon_cooldown_step141k
142740,1.2431998252868652,,,,moe_67b_a2b_d2560_ep1_rep8_bs1024_seq65536_sw2k_v4_2048_muon_cooldown_step141k
142754,1.3085355758666992,,,,moe_67b_a2b_d2560_ep1_rep8_bs1024_seq65536_sw2k_v4_2048_muon_cooldown_step141k
142759,1.3116015195846558,,,,moe_67b_a2b_d2560_ep1_rep8_bs1024_seq65536_sw2k_v4_2048_muon_cooldown_step141k
142769,1.2999889850616455,,,,moe_67b_a2b_d2560_ep1_rep8_bs1024_seq65536_sw2k_v4_2048_muon_cooldown_step141k
142795,1.2586559057235718,,,,moe_67b_a2b_d2560_ep1_rep8_bs1024_seq65536_sw2k_v4_2048_muon_cooldown_step141k
142796,1.3039706945419312,,,,moe_67b_a2b_d2560_ep1_rep8_bs1024_seq65536_sw2k_v4_2048_muon_cooldown_step141k
142820,1.2649199962615967,,,,moe_67b_a2b_d2560_ep1_rep8_bs1024_seq65536_sw2k_v4_2048_muon_cooldown_step141k
142842,1.281121015548706,,,,moe_67b_a2b_d2560_ep1_rep8_bs1024_seq65536_sw2k_v4_2048_muon_cooldown_step141k
142843,1.307953953742981,,,,moe_67b_a2b_d2560_ep1_rep8_bs1024_seq65536_sw2k_v4_2048_muon_cooldown_step141k
142857,1.2983269691467285,,,,moe_67b_a2b_d2560_ep1_rep8_bs1024_seq65536_sw2k_v4_2048_muon_cooldown_step141k
142859,1.314530611038208,,,,moe_67b_a2b_d2560_ep1_rep8_bs1024_seq65536_sw2k_v4_2048_muon_cooldown_step141k
142874,1.2766892910003662,,,,moe_67b_a2b_d2560_ep1_rep8_bs1024_seq65536_sw2k_v4_2048_muon_cooldown_step141k
142903,1.2841233015060425,,,,moe_67b_a2b_d2560_ep1_rep8_bs1024_seq65536_sw2k_v4_2048_muon_cooldown_step141k
142909,1.2635910511016846,,,,moe_67b_a2b_d2560_ep1_rep8_bs1024_seq65536_sw2k_v4_2048_muon_cooldown_step141k
142913,1.29506516456604,,,,moe_67b_a2b_d2560_ep1_rep8_bs1024_seq65536_sw2k_v4_2048_muon_cooldown_step141k
142916,1.2683587074279785,,,,moe_67b_a2b_d2560_ep1_rep8_bs1024_seq65536_sw2k_v4_2048_muon_cooldown_step141k
142920,1.281204342842102,,,,moe_67b_a2b_d2560_ep1_rep8_bs1024_seq65536_sw2k_v4_2048_muon_cooldown_step141k
142923,1.2835066318511963,,,,moe_67b_a2b_d2560_ep1_rep8_bs1024_seq65536_sw2k_v4_2048_muon_cooldown_step141k
142925,1.2753247022628784,,,,moe_67b_a2b_d2560_ep1_rep8_bs1024_seq65536_sw2k_v4_2048_muon_cooldown_step141k
142944,1.2534048557281494,,,,moe_67b_a2b_d2560_ep1_rep8_bs1024_seq65536_sw2k_v4_2048_muon_cooldown_step141k
142956,1.3044623136520386,,,,moe_67b_a2b_d2560_ep1_rep8_bs1024_seq65536_sw2k_v4_2048_muon_cooldown_step141k
142960,1.3058630228042603,,,,moe_67b_a2b_d2560_ep1_rep8_bs1024_seq65536_sw2k_v4_2048_muon_cooldown_step141k
142968,1.3074277639389038,,,,moe_67b_a2b_d2560_ep1_rep8_bs1024_seq65536_sw2k_v4_2048_muon_cooldown_step141k
142994,1.305134654045105,,,,moe_67b_a2b_d2560_ep1_rep8_bs1024_seq65536_sw2k_v4_2048_muon_cooldown_step141k
143001,1.2649738788604736,,,,moe_67b_a2b_d2560_ep1_rep8_bs1024_seq65536_sw2k_v4_2048_muon_cooldown_step141k
143008,1.3036624193191528,,,,moe_67b_a2b_d2560_ep1_rep8_bs1024_seq65536_sw2k_v4_2048_muon_cooldown_step141k
143028,1.2886987924575806,,,,moe_67b_a2b_d2560_ep1_rep8_bs1024_seq65536_sw2k_v4_2048_muon_cooldown_step141k
143034,1.2883309125900269,,,,moe_67b_a2b_d2560_ep1_rep8_bs1024_seq65536_sw2k_v4_2048_muon_cooldown_step141k
143035,1.324695110321045,,,,moe_67b_a2b_d2560_ep1_rep8_bs1024_seq65536_sw2k_v4_2048_muon_cooldown_step141k
143056,1.3197674751281738,,,,moe_67b_a2b_d2560_ep1_rep8_bs1024_seq65536_sw2k_v4_2048_muon_cooldown_step141k
143058,1.31260347366333,,,,moe_67b_a2b_d2560_ep1_rep8_bs1024_seq65536_sw2k_v4_2048_muon_cooldown_step141k
143072,1.2995525598526,,,,moe_67b_a2b_d2560_ep1_rep8_bs1024_seq65536_sw2k_v4_2048_muon_cooldown_step141k
143079,1.2908443212509155,,,,moe_67b_a2b_d2560_ep1_rep8_bs1024_seq65536_sw2k_v4_2048_muon_cooldown_step141k
143083,1.2798614501953125,,,,moe_67b_a2b_d2560_ep1_rep8_bs1024_seq65536_sw2k_v4_2048_muon_cooldown_step141k
143108,1.2404476404190063,,,,moe_67b_a2b_d2560_ep1_rep8_bs1024_seq65536_sw2k_v4_2048_muon_cooldown_step141k
143109,1.2917605638504028,,,,moe_67b_a2b_d2560_ep1_rep8_bs1024_seq65536_sw2k_v4_2048_muon_cooldown_step141k
143126,1.2791407108306885,,,,moe_67b_a2b_d2560_ep1_rep8_bs1024_seq65536_sw2k_v4_2048_muon_cooldown_step141k
143132,1.298109769821167,,,,moe_67b_a2b_d2560_ep1_rep8_bs1024_seq65536_sw2k_v4_2048_muon_cooldown_step141k
143137,1.2877525091171265,,,,moe_67b_a2b_d2560_ep1_rep8_bs1024_seq65536_sw2k_v4_2048_muon_cooldown_step141k
143140,1.3127564191818237,,,,moe_67b_a2b_d2560_ep1_rep8_bs1024_seq65536_sw2k_v4_2048_muon_cooldown_step141k
143145,1.2617826461791992,,,,moe_67b_a2b_d2560_ep1_rep8_bs1024_seq65536_sw2k_v4_2048_muon_cooldown_step141k
143153,1.2851678133010864,,,,moe_67b_a2b_d2560_ep1_rep8_bs1024_seq65536_sw2k_v4_2048_muon_cooldown_step141k
143167,1.292284607887268,,,,moe_67b_a2b_d2560_ep1_rep8_bs1024_seq65536_sw2k_v4_2048_muon_cooldown_step141k
143173,1.2757576704025269,,,,moe_67b_a2b_d2560_ep1_rep8_bs1024_seq65536_sw2k_v4_2048_muon_cooldown_step141k
143183,1.3010069131851196,,,,moe_67b_a2b_d2560_ep1_rep8_bs1024_seq65536_sw2k_v4_2048_muon_cooldown_step141k
143190,1.2568870782852173,,,,moe_67b_a2b_d2560_ep1_rep8_bs1024_seq65536_sw2k_v4_2048_muon_cooldown_step141k
143198,1.2938705682754517,,,,moe_67b_a2b_d2560_ep1_rep8_bs1024_seq65536_sw2k_v4_2048_muon_cooldown_step141k
143201,1.2724121809005737,,,,moe_67b_a2b_d2560_ep1_rep8_bs1024_seq65536_sw2k_v4_2048_muon_cooldown_step141k
143209,1.272623062133789,,,,moe_67b_a2b_d2560_ep1_rep8_bs1024_seq65536_sw2k_v4_2048_muon_cooldown_step141k
143215,1.2830636501312256,,,,moe_67b_a2b_d2560_ep1_rep8_bs1024_seq65536_sw2k_v4_2048_muon_cooldown_step141k
143245,1.2902368307113647,,,,moe_67b_a2b_d2560_ep1_rep8_bs1024_seq65536_sw2k_v4_2048_muon_cooldown_step141k
143260,1.2982025146484375,,,,moe_67b_a2b_d2560_ep1_rep8_bs1024_seq65536_sw2k_v4_2048_muon_cooldown_step141k
143266,1.3051704168319702,,,,moe_67b_a2b_d2560_ep1_rep8_bs1024_seq65536_sw2k_v4_2048_muon_cooldown_step141k
143271,1.2643041610717773,,,,moe_67b_a2b_d2560_ep1_rep8_bs1024_seq65536_sw2k_v4_2048_muon_cooldown_step141k
143314,1.2745932340621948,,,,moe_67b_a2b_d2560_ep1_rep8_bs1024_seq65536_sw2k_v4_2048_muon_cooldown_step141k
143326,1.2825825214385986,,,,moe_67b_a2b_d2560_ep1_rep8_bs1024_seq65536_sw2k_v4_2048_muon_cooldown_step141k
143338,1.3073312044143677,,,,moe_67b_a2b_d2560_ep1_rep8_bs1024_seq65536_sw2k_v4_2048_muon_cooldown_step141k
143367,1.2884469032287598,,,,moe_67b_a2b_d2560_ep1_rep8_bs1024_seq65536_sw2k_v4_2048_muon_cooldown_step141k
143374,1.330446720123291,,,,moe_67b_a2b_d2560_ep1_rep8_bs1024_seq65536_sw2k_v4_2048_muon_cooldown_step141k
143375,1.3563990592956543,,,,moe_67b_a2b_d2560_ep1_rep8_bs1024_seq65536_sw2k_v4_2048_muon_cooldown_step141k
143377,1.2722820043563843,,,,moe_67b_a2b_d2560_ep1_rep8_bs1024_seq65536_sw2k_v4_2048_muon_cooldown_step141k
143384,1.296158790588379,,,,moe_67b_a2b_d2560_ep1_rep8_bs1024_seq65536_sw2k_v4_2048_muon_cooldown_step141k
143388,1.2496552467346191,,,,moe_67b_a2b_d2560_ep1_rep8_bs1024_seq65536_sw2k_v4_2048_muon_cooldown_step141k
143404,1.291339635848999,,,,moe_67b_a2b_d2560_ep1_rep8_bs1024_seq65536_sw2k_v4_2048_muon_cooldown_step141k
143406,1.2957267761230469,,,,moe_67b_a2b_d2560_ep1_rep8_bs1024_seq65536_sw2k_v4_2048_muon_cooldown_step141k
143413,1.2779597043991089,,,,moe_67b_a2b_d2560_ep1_rep8_bs1024_seq65536_sw2k_v4_2048_muon_cooldown_step141k
143417,1.2818948030471802,,,,moe_67b_a2b_d2560_ep1_rep8_bs1024_seq65536_sw2k_v4_2048_muon_cooldown_step141k
143433,1.3034441471099854,,,,moe_67b_a2b_d2560_ep1_rep8_bs1024_seq65536_sw2k_v4_2048_muon_cooldown_step141k
143445,1.3356603384017944,,,,moe_67b_a2b_d2560_ep1_rep8_bs1024_seq65536_sw2k_v4_2048_muon_cooldown_step141k
143452,1.2874513864517212,,,,moe_67b_a2b_d2560_ep1_rep8_bs1024_seq65536_sw2k_v4_2048_muon_cooldown_step141k
143455,1.311242699623108,,,,moe_67b_a2b_d2560_ep1_rep8_bs1024_seq65536_sw2k_v4_2048_muon_cooldown_step141k
143457,1.3206658363342285,,,,moe_67b_a2b_d2560_ep1_rep8_bs1024_seq65536_sw2k_v4_2048_muon_cooldown_step141k
143459,1.326409101486206,,,,moe_67b_a2b_d2560_ep1_rep8_bs1024_seq65536_sw2k_v4_2048_muon_cooldown_step141k
143461,1.32511568069458,,,,moe_67b_a2b_d2560_ep1_rep8_bs1024_seq65536_sw2k_v4_2048_muon_cooldown_step141k
143463,1.302283525466919,,,,moe_67b_a2b_d2560_ep1_rep8_bs1024_seq65536_sw2k_v4_2048_muon_cooldown_step141k
143464,1.2634413242340088,,,,moe_67b_a2b_d2560_ep1_rep8_bs1024_seq65536_sw2k_v4_2048_muon_cooldown_step141k
143473,1.2831522226333618,,,,moe_67b_a2b_d2560_ep1_rep8_bs1024_seq65536_sw2k_v4_2048_muon_cooldown_step141k
143477,1.2983089685440063,,,,moe_67b_a2b_d2560_ep1_rep8_bs1024_seq65536_sw2k_v4_2048_muon_cooldown_step141k
143485,1.3143454790115356,,,,moe_67b_a2b_d2560_ep1_rep8_bs1024_seq65536_sw2k_v4_2048_muon_cooldown_step141k
143500,1.2840895652770996,,,,moe_67b_a2b_d2560_ep1_rep8_bs1024_seq65536_sw2k_v4_2048_muon_cooldown_step141k
143507,1.30351722240448,,,,moe_67b_a2b_d2560_ep1_rep8_bs1024_seq65536_sw2k_v4_2048_muon_cooldown_step141k
143515,1.2644050121307373,,,,moe_67b_a2b_d2560_ep1_rep8_bs1024_seq65536_sw2k_v4_2048_muon_cooldown_step141k
143518,1.3243221044540405,,,,moe_67b_a2b_d2560_ep1_rep8_bs1024_seq65536_sw2k_v4_2048_muon_cooldown_step141k
143554,1.2780572175979614,,,,moe_67b_a2b_d2560_ep1_rep8_bs1024_seq65536_sw2k_v4_2048_muon_cooldown_step141k
143557,1.3233129978179932,,,,moe_67b_a2b_d2560_ep1_rep8_bs1024_seq65536_sw2k_v4_2048_muon_cooldown_step141k
143580,1.2955901622772217,,,,moe_67b_a2b_d2560_ep1_rep8_bs1024_seq65536_sw2k_v4_2048_muon_cooldown_step141k
143588,1.3294026851654053,,,,moe_67b_a2b_d2560_ep1_rep8_bs1024_seq65536_sw2k_v4_2048_muon_cooldown_step141k
143606,1.2823615074157715,,,,moe_67b_a2b_d2560_ep1_rep8_bs1024_seq65536_sw2k_v4_2048_muon_cooldown_step141k
143609,1.3141601085662842,,,,moe_67b_a2b_d2560_ep1_rep8_bs1024_seq65536_sw2k_v4_2048_muon_cooldown_step141k
143611,1.3159860372543335,,,,moe_67b_a2b_d2560_ep1_rep8_bs1024_seq65536_sw2k_v4_2048_muon_cooldown_step141k
143615,1.2947056293487549,,,,moe_67b_a2b_d2560_ep1_rep8_bs1024_seq65536_sw2k_v4_2048_muon_cooldown_step141k
143620,1.2976725101470947,,,,moe_67b_a2b_d2560_ep1_rep8_bs1024_seq65536_sw2k_v4_2048_muon_cooldown_step141k
143634,1.3194700479507446,,,,moe_67b_a2b_d2560_ep1_rep8_bs1024_seq65536_sw2k_v4_2048_muon_cooldown_step141k
143635,1.3142420053482056,,,,moe_67b_a2b_d2560_ep1_rep8_bs1024_seq65536_sw2k_v4_2048_muon_cooldown_step141k
143654,1.2854734659194946,,,,moe_67b_a2b_d2560_ep1_rep8_bs1024_seq65536_sw2k_v4_2048_muon_cooldown_step141k
143678,1.304701566696167,,,,moe_67b_a2b_d2560_ep1_rep8_bs1024_seq65536_sw2k_v4_2048_muon_cooldown_step141k
143701,1.2926229238510132,,,,moe_67b_a2b_d2560_ep1_rep8_bs1024_seq65536_sw2k_v4_2048_muon_cooldown_step141k
143722,1.2785816192626953,,,,moe_67b_a2b_d2560_ep1_rep8_bs1024_seq65536_sw2k_v4_2048_muon_cooldown_step141k
143724,1.3162322044372559,,,,moe_67b_a2b_d2560_ep1_rep8_bs1024_seq65536_sw2k_v4_2048_muon_cooldown_step141k
143748,1.3192503452301025,,,,moe_67b_a2b_d2560_ep1_rep8_bs1024_seq65536_sw2k_v4_2048_muon_cooldown_step141k
143755,1.3219799995422363,,,,moe_67b_a2b_d2560_ep1_rep8_bs1024_seq65536_sw2k_v4_2048_muon_cooldown_step141k
143766,1.2936017513275146,,,,moe_67b_a2b_d2560_ep1_rep8_bs1024_seq65536_sw2k_v4_2048_muon_cooldown_step141k
143777,1.3060274124145508,,,,moe_67b_a2b_d2560_ep1_rep8_bs1024_seq65536_sw2k_v4_2048_muon_cooldown_step141k
143778,1.308929681777954,,,,moe_67b_a2b_d2560_ep1_rep8_bs1024_seq65536_sw2k_v4_2048_muon_cooldown_step141k
143785,1.281636357307434,,,,moe_67b_a2b_d2560_ep1_rep8_bs1024_seq65536_sw2k_v4_2048_muon_cooldown_step141k
143786,1.287279486656189,,,,moe_67b_a2b_d2560_ep1_rep8_bs1024_seq65536_sw2k_v4_2048_muon_cooldown_step141k
143787,1.3134863376617432,,,,moe_67b_a2b_d2560_ep1_rep8_bs1024_seq65536_sw2k_v4_2048_muon_cooldown_step141k
143795,1.3339380025863647,,,,moe_67b_a2b_d2560_ep1_rep8_bs1024_seq65536_sw2k_v4_2048_muon_cooldown_step141k
143824,1.275850772857666,,,,moe_67b_a2b_d2560_ep1_rep8_bs1024_seq65536_sw2k_v4_2048_muon_cooldown_step141k
143836,1.3021405935287476,,,,moe_67b_a2b_d2560_ep1_rep8_bs1024_seq65536_sw2k_v4_2048_muon_cooldown_step141k
143844,1.2555691003799438,,,,moe_67b_a2b_d2560_ep1_rep8_bs1024_seq65536_sw2k_v4_2048_muon_cooldown_step141k
143847,1.3178642988204956,,,,moe_67b_a2b_d2560_ep1_rep8_bs1024_seq65536_sw2k_v4_2048_muon_cooldown_step141k
143858,1.2938621044158936,,,,moe_67b_a2b_d2560_ep1_rep8_bs1024_seq65536_sw2k_v4_2048_muon_cooldown_step141k
143863,1.3196378946304321,,,,moe_67b_a2b_d2560_ep1_rep8_bs1024_seq65536_sw2k_v4_2048_muon_cooldown_step141k
143908,1.280639886856079,,,,moe_67b_a2b_d2560_ep1_rep8_bs1024_seq65536_sw2k_v4_2048_muon_cooldown_step141k
143922,1.2871164083480835,,,,moe_67b_a2b_d2560_ep1_rep8_bs1024_seq65536_sw2k_v4_2048_muon_cooldown_step141k
143975,1.3221474885940552,,,,moe_67b_a2b_d2560_ep1_rep8_bs1024_seq65536_sw2k_v4_2048_muon_cooldown_step141k
143984,1.2959063053131104,,,,moe_67b_a2b_d2560_ep1_rep8_bs1024_seq65536_sw2k_v4_2048_muon_cooldown_step141k
144000,,2.2863175868988037,1.8984107971191406,2.0479376316070557,moe_67b_a2b_d2560_ep1_rep8_bs1024_seq65536_sw2k_v4_2048_muon_cooldown_step141k
144006,1.307644009590149,,,,moe_67b_a2b_d2560_ep1_rep8_bs1024_seq65536_sw2k_v4_2048_muon_cooldown_step141k
144035,1.3608149290084839,,,,moe_67b_a2b_d2560_ep1_rep8_bs1024_seq65536_sw2k_v4_2048_muon_cooldown_step141k
144045,1.2833192348480225,,,,moe_67b_a2b_d2560_ep1_rep8_bs1024_seq65536_sw2k_v4_2048_muon_cooldown_step141k
144062,1.3038073778152466,,,,moe_67b_a2b_d2560_ep1_rep8_bs1024_seq65536_sw2k_v4_2048_muon_cooldown_step141k
144070,1.2922043800354004,,,,moe_67b_a2b_d2560_ep1_rep8_bs1024_seq65536_sw2k_v4_2048_muon_cooldown_step141k
144076,1.3350870609283447,,,,moe_67b_a2b_d2560_ep1_rep8_bs1024_seq65536_sw2k_v4_2048_muon_cooldown_step141k
144091,1.2898070812225342,,,,moe_67b_a2b_d2560_ep1_rep8_bs1024_seq65536_sw2k_v4_2048_muon_cooldown_step141k
144092,1.2480493783950806,,,,moe_67b_a2b_d2560_ep1_rep8_bs1024_seq65536_sw2k_v4_2048_muon_cooldown_step141k
144103,1.2480896711349487,,,,moe_67b_a2b_d2560_ep1_rep8_bs1024_seq65536_sw2k_v4_2048_muon_cooldown_step141k
144122,1.2759753465652466,,,,moe_67b_a2b_d2560_ep1_rep8_bs1024_seq65536_sw2k_v4_2048_muon_cooldown_step141k
144156,1.314911127090454,,,,moe_67b_a2b_d2560_ep1_rep8_bs1024_seq65536_sw2k_v4_2048_muon_cooldown_step141k
144180,1.2741714715957642,,,,moe_67b_a2b_d2560_ep1_rep8_bs1024_seq65536_sw2k_v4_2048_muon_cooldown_step141k
144184,1.3093907833099365,,,,moe_67b_a2b_d2560_ep1_rep8_bs1024_seq65536_sw2k_v4_2048_muon_cooldown_step141k
144188,1.2660943269729614,,,,moe_67b_a2b_d2560_ep1_rep8_bs1024_seq65536_sw2k_v4_2048_muon_cooldown_step141k
144198,1.2842280864715576,,,,moe_67b_a2b_d2560_ep1_rep8_bs1024_seq65536_sw2k_v4_2048_muon_cooldown_step141k
144200,1.281280279159546,,,,moe_67b_a2b_d2560_ep1_rep8_bs1024_seq65536_sw2k_v4_2048_muon_cooldown_step141k
144220,1.2719658613204956,,,,moe_67b_a2b_d2560_ep1_rep8_bs1024_seq65536_sw2k_v4_2048_muon_cooldown_step141k
144240,1.3183789253234863,,,,moe_67b_a2b_d2560_ep1_rep8_bs1024_seq65536_sw2k_v4_2048_muon_cooldown_step141k
144254,1.304720401763916,,,,moe_67b_a2b_d2560_ep1_rep8_bs1024_seq65536_sw2k_v4_2048_muon_cooldown_step141k
144271,1.2676695585250854,,,,moe_67b_a2b_d2560_ep1_rep8_bs1024_seq65536_sw2k_v4_2048_muon_cooldown_step141k
144280,1.2705572843551636,,,,moe_67b_a2b_d2560_ep1_rep8_bs1024_seq65536_sw2k_v4_2048_muon_cooldown_step141k
144289,1.30158269405365,,,,moe_67b_a2b_d2560_ep1_rep8_bs1024_seq65536_sw2k_v4_2048_muon_cooldown_step141k
144293,1.2817773818969727,,,,moe_67b_a2b_d2560_ep1_rep8_bs1024_seq65536_sw2k_v4_2048_muon_cooldown_step141k
144298,1.3270891904830933,,,,moe_67b_a2b_d2560_ep1_rep8_bs1024_seq65536_sw2k_v4_2048_muon_cooldown_step141k
144317,1.2623039484024048,,,,moe_67b_a2b_d2560_ep1_rep8_bs1024_seq65536_sw2k_v4_2048_muon_cooldown_step141k
144320,1.2871277332305908,,,,moe_67b_a2b_d2560_ep1_rep8_bs1024_seq65536_sw2k_v4_2048_muon_cooldown_step141k
144328,1.332635760307312,,,,moe_67b_a2b_d2560_ep1_rep8_bs1024_seq65536_sw2k_v4_2048_muon_cooldown_step141k
144332,1.2294893264770508,,,,moe_67b_a2b_d2560_ep1_rep8_bs1024_seq65536_sw2k_v4_2048_muon_cooldown_step141k
144335,1.2920180559158325,,,,moe_67b_a2b_d2560_ep1_rep8_bs1024_seq65536_sw2k_v4_2048_muon_cooldown_step141k
144337,1.2843996286392212,,,,moe_67b_a2b_d2560_ep1_rep8_bs1024_seq65536_sw2k_v4_2048_muon_cooldown_step141k
144340,1.2970072031021118,,,,moe_67b_a2b_d2560_ep1_rep8_bs1024_seq65536_sw2k_v4_2048_muon_cooldown_step141k
144349,1.281416893005371,,,,moe_67b_a2b_d2560_ep1_rep8_bs1024_seq65536_sw2k_v4_2048_muon_cooldown_step141k
144372,1.2640643119812012,,,,moe_67b_a2b_d2560_ep1_rep8_bs1024_seq65536_sw2k_v4_2048_muon_cooldown_step141k
144373,1.2883223295211792,,,,moe_67b_a2b_d2560_ep1_rep8_bs1024_seq65536_sw2k_v4_2048_muon_cooldown_step141k
144391,1.2934186458587646,,,,moe_67b_a2b_d2560_ep1_rep8_bs1024_seq65536_sw2k_v4_2048_muon_cooldown_step141k
144398,1.3119322061538696,,,,moe_67b_a2b_d2560_ep1_rep8_bs1024_seq65536_sw2k_v4_2048_muon_cooldown_step141k
144407,1.3007440567016602,,,,moe_67b_a2b_d2560_ep1_rep8_bs1024_seq65536_sw2k_v4_2048_muon_cooldown_step141k
144424,1.2184975147247314,,,,moe_67b_a2b_d2560_ep1_rep8_bs1024_seq65536_sw2k_v4_2048_muon_cooldown_step141k
144425,1.307347297668457,,,,moe_67b_a2b_d2560_ep1_rep8_bs1024_seq65536_sw2k_v4_2048_muon_cooldown_step141k
144439,1.2978031635284424,,,,moe_67b_a2b_d2560_ep1_rep8_bs1024_seq65536_sw2k_v4_2048_muon_cooldown_step141k
144441,1.223873257637024,,,,moe_67b_a2b_d2560_ep1_rep8_bs1024_seq65536_sw2k_v4_2048_muon_cooldown_step141k
144447,1.292596697807312,,,,moe_67b_a2b_d2560_ep1_rep8_bs1024_seq65536_sw2k_v4_2048_muon_cooldown_step141k
144505,1.2927976846694946,,,,moe_67b_a2b_d2560_ep1_rep8_bs1024_seq65536_sw2k_v4_2048_muon_cooldown_step141k
144511,1.3338357210159302,,,,moe_67b_a2b_d2560_ep1_rep8_bs1024_seq65536_sw2k_v4_2048_muon_cooldown_step141k
144558,1.309746503829956,,,,moe_67b_a2b_d2560_ep1_rep8_bs1024_seq65536_sw2k_v4_2048_muon_cooldown_step141k
144561,1.2933813333511353,,,,moe_67b_a2b_d2560_ep1_rep8_bs1024_seq65536_sw2k_v4_2048_muon_cooldown_step141k
144562,1.282352328300476,,,,moe_67b_a2b_d2560_ep1_rep8_bs1024_seq65536_sw2k_v4_2048_muon_cooldown_step141k
144573,1.2643773555755615,,,,moe_67b_a2b_d2560_ep1_rep8_bs1024_seq65536_sw2k_v4_2048_muon_cooldown_step141k
144575,1.2618331909179688,,,,moe_67b_a2b_d2560_ep1_rep8_bs1024_seq65536_sw2k_v4_2048_muon_cooldown_step141k
144609,1.2452794313430786,,,,moe_67b_a2b_d2560_ep1_rep8_bs1024_seq65536_sw2k_v4_2048_muon_cooldown_step141k
144610,1.316135287284851,,,,moe_67b_a2b_d2560_ep1_rep8_bs1024_seq65536_sw2k_v4_2048_muon_cooldown_step141k
144627,1.2646814584732056,,,,moe_67b_a2b_d2560_ep1_rep8_bs1024_seq65536_sw2k_v4_2048_muon_cooldown_step141k
144637,1.2947819232940674,,,,moe_67b_a2b_d2560_ep1_rep8_bs1024_seq65536_sw2k_v4_2048_muon_cooldown_step141k
144656,1.3262640237808228,,,,moe_67b_a2b_d2560_ep1_rep8_bs1024_seq65536_sw2k_v4_2048_muon_cooldown_step141k
144657,1.2888168096542358,,,,moe_67b_a2b_d2560_ep1_rep8_bs1024_seq65536_sw2k_v4_2048_muon_cooldown_step141k
144668,1.2924431562423706,,,,moe_67b_a2b_d2560_ep1_rep8_bs1024_seq65536_sw2k_v4_2048_muon_cooldown_step141k
144674,1.3211990594863892,,,,moe_67b_a2b_d2560_ep1_rep8_bs1024_seq65536_sw2k_v4_2048_muon_cooldown_step141k
144689,1.3109064102172852,,,,moe_67b_a2b_d2560_ep1_rep8_bs1024_seq65536_sw2k_v4_2048_muon_cooldown_step141k
144698,1.2860418558120728,,,,moe_67b_a2b_d2560_ep1_rep8_bs1024_seq65536_sw2k_v4_2048_muon_cooldown_step141k
144702,1.2779285907745361,,,,moe_67b_a2b_d2560_ep1_rep8_bs1024_seq65536_sw2k_v4_2048_muon_cooldown_step141k
144705,1.2870630025863647,,,,moe_67b_a2b_d2560_ep1_rep8_bs1024_seq65536_sw2k_v4_2048_muon_cooldown_step141k
144708,1.2489694356918335,,,,moe_67b_a2b_d2560_ep1_rep8_bs1024_seq65536_sw2k_v4_2048_muon_cooldown_step141k
144732,1.257292628288269,,,,moe_67b_a2b_d2560_ep1_rep8_bs1024_seq65536_sw2k_v4_2048_muon_cooldown_step141k
144746,1.29314124584198,,,,moe_67b_a2b_d2560_ep1_rep8_bs1024_seq65536_sw2k_v4_2048_muon_cooldown_step141k
144760,1.2904266119003296,,,,moe_67b_a2b_d2560_ep1_rep8_bs1024_seq65536_sw2k_v4_2048_muon_cooldown_step141k
144787,1.3152767419815063,,,,moe_67b_a2b_d2560_ep1_rep8_bs1024_seq65536_sw2k_v4_2048_muon_cooldown_step141k
144801,1.3221765756607056,,,,moe_67b_a2b_d2560_ep1_rep8_bs1024_seq65536_sw2k_v4_2048_muon_cooldown_step141k
144813,1.2864035367965698,,,,moe_67b_a2b_d2560_ep1_rep8_bs1024_seq65536_sw2k_v4_2048_muon_cooldown_step141k
144815,1.307102084159851,,,,moe_67b_a2b_d2560_ep1_rep8_bs1024_seq65536_sw2k_v4_2048_muon_cooldown_step141k
144829,1.275981068611145,,,,moe_67b_a2b_d2560_ep1_rep8_bs1024_seq65536_sw2k_v4_2048_muon_cooldown_step141k
144833,1.3179539442062378,,,,moe_67b_a2b_d2560_ep1_rep8_bs1024_seq65536_sw2k_v4_2048_muon_cooldown_step141k
144848,1.3071701526641846,,,,moe_67b_a2b_d2560_ep1_rep8_bs1024_seq65536_sw2k_v4_2048_muon_cooldown_step141k
144868,1.3352583646774292,,,,moe_67b_a2b_d2560_ep1_rep8_bs1024_seq65536_sw2k_v4_2048_muon_cooldown_step141k
144871,1.3199914693832397,,,,moe_67b_a2b_d2560_ep1_rep8_bs1024_seq65536_sw2k_v4_2048_muon_cooldown_step141k
144879,1.2658116817474365,,,,moe_67b_a2b_d2560_ep1_rep8_bs1024_seq65536_sw2k_v4_2048_muon_cooldown_step141k
144889,1.2877498865127563,,,,moe_67b_a2b_d2560_ep1_rep8_bs1024_seq65536_sw2k_v4_2048_muon_cooldown_step141k
144896,1.3538997173309326,,,,moe_67b_a2b_d2560_ep1_rep8_bs1024_seq65536_sw2k_v4_2048_muon_cooldown_step141k
144901,1.301406979560852,,,,moe_67b_a2b_d2560_ep1_rep8_bs1024_seq65536_sw2k_v4_2048_muon_cooldown_step141k
144903,1.3387600183486938,,,,moe_67b_a2b_d2560_ep1_rep8_bs1024_seq65536_sw2k_v4_2048_muon_cooldown_step141k
144906,1.3033174276351929,,,,moe_67b_a2b_d2560_ep1_rep8_bs1024_seq65536_sw2k_v4_2048_muon_cooldown_step141k
144912,1.3172825574874878,,,,moe_67b_a2b_d2560_ep1_rep8_bs1024_seq65536_sw2k_v4_2048_muon_cooldown_step141k
144925,1.2863829135894775,,,,moe_67b_a2b_d2560_ep1_rep8_bs1024_seq65536_sw2k_v4_2048_muon_cooldown_step141k
144936,1.3180782794952393,,,,moe_67b_a2b_d2560_ep1_rep8_bs1024_seq65536_sw2k_v4_2048_muon_cooldown_step141k
144954,1.3051551580429077,,,,moe_67b_a2b_d2560_ep1_rep8_bs1024_seq65536_sw2k_v4_2048_muon_cooldown_step141k
144963,1.2823556661605835,,,,moe_67b_a2b_d2560_ep1_rep8_bs1024_seq65536_sw2k_v4_2048_muon_cooldown_step141k
144964,1.2848578691482544,,,,moe_67b_a2b_d2560_ep1_rep8_bs1024_seq65536_sw2k_v4_2048_muon_cooldown_step141k
144970,1.3146142959594727,,,,moe_67b_a2b_d2560_ep1_rep8_bs1024_seq65536_sw2k_v4_2048_muon_cooldown_step141k
144979,1.3232496976852417,,,,moe_67b_a2b_d2560_ep1_rep8_bs1024_seq65536_sw2k_v4_2048_muon_cooldown_step141k
145000,1.3003013134002686,,,,moe_67b_a2b_d2560_ep1_rep8_bs1024_seq65536_sw2k_v4_2048_muon_cooldown_step141k
145016,1.2896968126296997,,,,moe_67b_a2b_d2560_ep1_rep8_bs1024_seq65536_sw2k_v4_2048_muon_cooldown_step141k
145022,1.2766965627670288,,,,moe_67b_a2b_d2560_ep1_rep8_bs1024_seq65536_sw2k_v4_2048_muon_cooldown_step141k
145039,1.331977128982544,,,,moe_67b_a2b_d2560_ep1_rep8_bs1024_seq65536_sw2k_v4_2048_muon_cooldown_step141k
145064,1.2973402738571167,,,,moe_67b_a2b_d2560_ep1_rep8_bs1024_seq65536_sw2k_v4_2048_muon_cooldown_step141k
145080,1.2967770099639893,,,,moe_67b_a2b_d2560_ep1_rep8_bs1024_seq65536_sw2k_v4_2048_muon_cooldown_step141k
145087,1.2349146604537964,,,,moe_67b_a2b_d2560_ep1_rep8_bs1024_seq65536_sw2k_v4_2048_muon_cooldown_step141k
145098,1.2830896377563477,,,,moe_67b_a2b_d2560_ep1_rep8_bs1024_seq65536_sw2k_v4_2048_muon_cooldown_step141k
145099,1.2828681468963623,,,,moe_67b_a2b_d2560_ep1_rep8_bs1024_seq65536_sw2k_v4_2048_muon_cooldown_step141k
145101,1.2455257177352905,,,,moe_67b_a2b_d2560_ep1_rep8_bs1024_seq65536_sw2k_v4_2048_muon_cooldown_step141k
145121,1.2409473657608032,,,,moe_67b_a2b_d2560_ep1_rep8_bs1024_seq65536_sw2k_v4_2048_muon_cooldown_step141k
145127,1.3265039920806885,,,,moe_67b_a2b_d2560_ep1_rep8_bs1024_seq65536_sw2k_v4_2048_muon_cooldown_step141k
145146,1.2811129093170166,,,,moe_67b_a2b_d2560_ep1_rep8_bs1024_seq65536_sw2k_v4_2048_muon_cooldown_step141k
145163,1.2933892011642456,,,,moe_67b_a2b_d2560_ep1_rep8_bs1024_seq65536_sw2k_v4_2048_muon_cooldown_step141k
145165,1.3181439638137817,,,,moe_67b_a2b_d2560_ep1_rep8_bs1024_seq65536_sw2k_v4_2048_muon_cooldown_step141k
145167,1.278472661972046,,,,moe_67b_a2b_d2560_ep1_rep8_bs1024_seq65536_sw2k_v4_2048_muon_cooldown_step141k
145168,1.2876490354537964,,,,moe_67b_a2b_d2560_ep1_rep8_bs1024_seq65536_sw2k_v4_2048_muon_cooldown_step141k
145170,1.2955747842788696,,,,moe_67b_a2b_d2560_ep1_rep8_bs1024_seq65536_sw2k_v4_2048_muon_cooldown_step141k
145175,1.2653529644012451,,,,moe_67b_a2b_d2560_ep1_rep8_bs1024_seq65536_sw2k_v4_2048_muon_cooldown_step141k
145181,1.271915078163147,,,,moe_67b_a2b_d2560_ep1_rep8_bs1024_seq65536_sw2k_v4_2048_muon_cooldown_step141k
145221,1.3280479907989502,,,,moe_67b_a2b_d2560_ep1_rep8_bs1024_seq65536_sw2k_v4_2048_muon_cooldown_step141k
145229,1.3048754930496216,,,,moe_67b_a2b_d2560_ep1_rep8_bs1024_seq65536_sw2k_v4_2048_muon_cooldown_step141k
145236,1.2883762121200562,,,,moe_67b_a2b_d2560_ep1_rep8_bs1024_seq65536_sw2k_v4_2048_muon_cooldown_step141k
145242,1.2699153423309326,,,,moe_67b_a2b_d2560_ep1_rep8_bs1024_seq65536_sw2k_v4_2048_muon_cooldown_step141k
145247,1.2787377834320068,,,,moe_67b_a2b_d2560_ep1_rep8_bs1024_seq65536_sw2k_v4_2048_muon_cooldown_step141k
145252,1.2840256690979004,,,,moe_67b_a2b_d2560_ep1_rep8_bs1024_seq65536_sw2k_v4_2048_muon_cooldown_step141k
145310,1.2968719005584717,,,,moe_67b_a2b_d2560_ep1_rep8_bs1024_seq65536_sw2k_v4_2048_muon_cooldown_step141k
145333,1.2723361253738403,,,,moe_67b_a2b_d2560_ep1_rep8_bs1024_seq65536_sw2k_v4_2048_muon_cooldown_step141k
145335,1.3082292079925537,,,,moe_67b_a2b_d2560_ep1_rep8_bs1024_seq65536_sw2k_v4_2048_muon_cooldown_step141k
145343,1.28654944896698,,,,moe_67b_a2b_d2560_ep1_rep8_bs1024_seq65536_sw2k_v4_2048_muon_cooldown_step141k
145355,1.2554227113723755,,,,moe_67b_a2b_d2560_ep1_rep8_bs1024_seq65536_sw2k_v4_2048_muon_cooldown_step141k
145364,1.2732658386230469,,,,moe_67b_a2b_d2560_ep1_rep8_bs1024_seq65536_sw2k_v4_2048_muon_cooldown_step141k
145376,1.272788166999817,,,,moe_67b_a2b_d2560_ep1_rep8_bs1024_seq65536_sw2k_v4_2048_muon_cooldown_step141k
145383,1.2539196014404297,,,,moe_67b_a2b_d2560_ep1_rep8_bs1024_seq65536_sw2k_v4_2048_muon_cooldown_step141k
145390,1.3014034032821655,,,,moe_67b_a2b_d2560_ep1_rep8_bs1024_seq65536_sw2k_v4_2048_muon_cooldown_step141k
145394,1.2673089504241943,,,,moe_67b_a2b_d2560_ep1_rep8_bs1024_seq65536_sw2k_v4_2048_muon_cooldown_step141k
145396,1.3420004844665527,,,,moe_67b_a2b_d2560_ep1_rep8_bs1024_seq65536_sw2k_v4_2048_muon_cooldown_step141k
145403,1.285518765449524,,,,moe_67b_a2b_d2560_ep1_rep8_bs1024_seq65536_sw2k_v4_2048_muon_cooldown_step141k
145442,1.2883973121643066,,,,moe_67b_a2b_d2560_ep1_rep8_bs1024_seq65536_sw2k_v4_2048_muon_cooldown_step141k
145472,1.3061143159866333,,,,moe_67b_a2b_d2560_ep1_rep8_bs1024_seq65536_sw2k_v4_2048_muon_cooldown_step141k
145489,1.2758387327194214,,,,moe_67b_a2b_d2560_ep1_rep8_bs1024_seq65536_sw2k_v4_2048_muon_cooldown_step141k
145500,1.315643310546875,2.2829887866973877,1.895513653755188,2.0448672771453857,moe_67b_a2b_d2560_ep1_rep8_bs1024_seq65536_sw2k_v4_2048_muon_cooldown_step141k
145509,1.287690281867981,,,,moe_67b_a2b_d2560_ep1_rep8_bs1024_seq65536_sw2k_v4_2048_muon_cooldown_step141k
145513,1.2907004356384277,,,,moe_67b_a2b_d2560_ep1_rep8_bs1024_seq65536_sw2k_v4_2048_muon_cooldown_step141k
145519,1.2833836078643799,,,,moe_67b_a2b_d2560_ep1_rep8_bs1024_seq65536_sw2k_v4_2048_muon_cooldown_step141k
145530,1.266169548034668,,,,moe_67b_a2b_d2560_ep1_rep8_bs1024_seq65536_sw2k_v4_2048_muon_cooldown_step141k
145537,1.2569499015808105,,,,moe_67b_a2b_d2560_ep1_rep8_bs1024_seq65536_sw2k_v4_2048_muon_cooldown_step141k
145544,1.2508676052093506,,,,moe_67b_a2b_d2560_ep1_rep8_bs1024_seq65536_sw2k_v4_2048_muon_cooldown_step141k
145547,1.2715270519256592,,,,moe_67b_a2b_d2560_ep1_rep8_bs1024_seq65536_sw2k_v4_2048_muon_cooldown_step141k
145549,1.2530174255371094,,,,moe_67b_a2b_d2560_ep1_rep8_bs1024_seq65536_sw2k_v4_2048_muon_cooldown_step141k
145565,1.3179551362991333,,,,moe_67b_a2b_d2560_ep1_rep8_bs1024_seq65536_sw2k_v4_2048_muon_cooldown_step141k
145567,1.2687056064605713,,,,moe_67b_a2b_d2560_ep1_rep8_bs1024_seq65536_sw2k_v4_2048_muon_cooldown_step141k
145576,1.263989806175232,,,,moe_67b_a2b_d2560_ep1_rep8_bs1024_seq65536_sw2k_v4_2048_muon_cooldown_step141k
145590,1.2570058107376099,,,,moe_67b_a2b_d2560_ep1_rep8_bs1024_seq65536_sw2k_v4_2048_muon_cooldown_step141k
145596,1.2886947393417358,,,,moe_67b_a2b_d2560_ep1_rep8_bs1024_seq65536_sw2k_v4_2048_muon_cooldown_step141k
145601,1.2989565134048462,,,,moe_67b_a2b_d2560_ep1_rep8_bs1024_seq65536_sw2k_v4_2048_muon_cooldown_step141k
145603,1.2767208814620972,,,,moe_67b_a2b_d2560_ep1_rep8_bs1024_seq65536_sw2k_v4_2048_muon_cooldown_step141k
145607,1.2787450551986694,,,,moe_67b_a2b_d2560_ep1_rep8_bs1024_seq65536_sw2k_v4_2048_muon_cooldown_step141k
145608,1.3168383836746216,,,,moe_67b_a2b_d2560_ep1_rep8_bs1024_seq65536_sw2k_v4_2048_muon_cooldown_step141k
145615,1.2692267894744873,,,,moe_67b_a2b_d2560_ep1_rep8_bs1024_seq65536_sw2k_v4_2048_muon_cooldown_step141k
145623,1.2843959331512451,,,,moe_67b_a2b_d2560_ep1_rep8_bs1024_seq65536_sw2k_v4_2048_muon_cooldown_step141k
145636,1.3166762590408325,,,,moe_67b_a2b_d2560_ep1_rep8_bs1024_seq65536_sw2k_v4_2048_muon_cooldown_step141k
145648,1.3208922147750854,,,,moe_67b_a2b_d2560_ep1_rep8_bs1024_seq65536_sw2k_v4_2048_muon_cooldown_step141k
145670,1.2774285078048706,,,,moe_67b_a2b_d2560_ep1_rep8_bs1024_seq65536_sw2k_v4_2048_muon_cooldown_step141k
145672,1.259318232536316,,,,moe_67b_a2b_d2560_ep1_rep8_bs1024_seq65536_sw2k_v4_2048_muon_cooldown_step141k
145675,1.3300065994262695,,,,moe_67b_a2b_d2560_ep1_rep8_bs1024_seq65536_sw2k_v4_2048_muon_cooldown_step141k
145708,1.3364382982254028,,,,moe_67b_a2b_d2560_ep1_rep8_bs1024_seq65536_sw2k_v4_2048_muon_cooldown_step141k
145722,1.2686805725097656,,,,moe_67b_a2b_d2560_ep1_rep8_bs1024_seq65536_sw2k_v4_2048_muon_cooldown_step141k
145732,1.278633952140808,,,,moe_67b_a2b_d2560_ep1_rep8_bs1024_seq65536_sw2k_v4_2048_muon_cooldown_step141k
145741,1.2858742475509644,,,,moe_67b_a2b_d2560_ep1_rep8_bs1024_seq65536_sw2k_v4_2048_muon_cooldown_step141k
145751,1.3146854639053345,,,,moe_67b_a2b_d2560_ep1_rep8_bs1024_seq65536_sw2k_v4_2048_muon_cooldown_step141k
145759,1.30746328830719,,,,moe_67b_a2b_d2560_ep1_rep8_bs1024_seq65536_sw2k_v4_2048_muon_cooldown_step141k
145764,1.303362250328064,,,,moe_67b_a2b_d2560_ep1_rep8_bs1024_seq65536_sw2k_v4_2048_muon_cooldown_step141k
145776,1.2821733951568604,,,,moe_67b_a2b_d2560_ep1_rep8_bs1024_seq65536_sw2k_v4_2048_muon_cooldown_step141k
145806,1.2998027801513672,,,,moe_67b_a2b_d2560_ep1_rep8_bs1024_seq65536_sw2k_v4_2048_muon_cooldown_step141k
145811,1.2957768440246582,,,,moe_67b_a2b_d2560_ep1_rep8_bs1024_seq65536_sw2k_v4_2048_muon_cooldown_step141k
145821,1.2960577011108398,,,,moe_67b_a2b_d2560_ep1_rep8_bs1024_seq65536_sw2k_v4_2048_muon_cooldown_step141k
145825,1.3077068328857422,,,,moe_67b_a2b_d2560_ep1_rep8_bs1024_seq65536_sw2k_v4_2048_muon_cooldown_step141k
145843,1.3243179321289062,,,,moe_67b_a2b_d2560_ep1_rep8_bs1024_seq65536_sw2k_v4_2048_muon_cooldown_step141k
145851,1.347983956336975,,,,moe_67b_a2b_d2560_ep1_rep8_bs1024_seq65536_sw2k_v4_2048_muon_cooldown_step141k
145853,1.2826284170150757,,,,moe_67b_a2b_d2560_ep1_rep8_bs1024_seq65536_sw2k_v4_2048_muon_cooldown_step141k
145865,1.2868911027908325,,,,moe_67b_a2b_d2560_ep1_rep8_bs1024_seq65536_sw2k_v4_2048_muon_cooldown_step141k
145866,1.2780125141143799,,,,moe_67b_a2b_d2560_ep1_rep8_bs1024_seq65536_sw2k_v4_2048_muon_cooldown_step141k
145871,1.2509567737579346,,,,moe_67b_a2b_d2560_ep1_rep8_bs1024_seq65536_sw2k_v4_2048_muon_cooldown_step141k
145875,1.2843650579452515,,,,moe_67b_a2b_d2560_ep1_rep8_bs1024_seq65536_sw2k_v4_2048_muon_cooldown_step141k
145882,1.295602560043335,,,,moe_67b_a2b_d2560_ep1_rep8_bs1024_seq65536_sw2k_v4_2048_muon_cooldown_step141k
145885,1.3041962385177612,,,,moe_67b_a2b_d2560_ep1_rep8_bs1024_seq65536_sw2k_v4_2048_muon_cooldown_step141k
145909,1.2729929685592651,,,,moe_67b_a2b_d2560_ep1_rep8_bs1024_seq65536_sw2k_v4_2048_muon_cooldown_step141k
145926,1.2981234788894653,,,,moe_67b_a2b_d2560_ep1_rep8_bs1024_seq65536_sw2k_v4_2048_muon_cooldown_step141k
145945,1.2490954399108887,,,,moe_67b_a2b_d2560_ep1_rep8_bs1024_seq65536_sw2k_v4_2048_muon_cooldown_step141k
145946,1.2711083889007568,,,,moe_67b_a2b_d2560_ep1_rep8_bs1024_seq65536_sw2k_v4_2048_muon_cooldown_step141k
145954,1.3040450811386108,,,,moe_67b_a2b_d2560_ep1_rep8_bs1024_seq65536_sw2k_v4_2048_muon_cooldown_step141k
145974,1.3188377618789673,,,,moe_67b_a2b_d2560_ep1_rep8_bs1024_seq65536_sw2k_v4_2048_muon_cooldown_step141k
145995,1.3089232444763184,,,,moe_67b_a2b_d2560_ep1_rep8_bs1024_seq65536_sw2k_v4_2048_muon_cooldown_step141k
145996,1.2996995449066162,,,,moe_67b_a2b_d2560_ep1_rep8_bs1024_seq65536_sw2k_v4_2048_muon_cooldown_step141k
146036,1.2713309526443481,,,,moe_67b_a2b_d2560_ep1_rep8_bs1024_seq65536_sw2k_v4_2048_muon_cooldown_step141k
146042,1.256524920463562,,,,moe_67b_a2b_d2560_ep1_rep8_bs1024_seq65536_sw2k_v4_2048_muon_cooldown_step141k
146047,1.2770683765411377,,,,moe_67b_a2b_d2560_ep1_rep8_bs1024_seq65536_sw2k_v4_2048_muon_cooldown_step141k
146097,1.3077056407928467,,,,moe_67b_a2b_d2560_ep1_rep8_bs1024_seq65536_sw2k_v4_2048_muon_cooldown_step141k
146121,1.3077040910720825,,,,moe_67b_a2b_d2560_ep1_rep8_bs1024_seq65536_sw2k_v4_2048_muon_cooldown_step141k
146133,1.299026370048523,,,,moe_67b_a2b_d2560_ep1_rep8_bs1024_seq65536_sw2k_v4_2048_muon_cooldown_step141k
146139,1.257947564125061,,,,moe_67b_a2b_d2560_ep1_rep8_bs1024_seq65536_sw2k_v4_2048_muon_cooldown_step141k
146147,1.3202544450759888,,,,moe_67b_a2b_d2560_ep1_rep8_bs1024_seq65536_sw2k_v4_2048_muon_cooldown_step141k
146153,1.2369403839111328,,,,moe_67b_a2b_d2560_ep1_rep8_bs1024_seq65536_sw2k_v4_2048_muon_cooldown_step141k
146154,1.3268845081329346,,,,moe_67b_a2b_d2560_ep1_rep8_bs1024_seq65536_sw2k_v4_2048_muon_cooldown_step141k
146168,1.2691266536712646,,,,moe_67b_a2b_d2560_ep1_rep8_bs1024_seq65536_sw2k_v4_2048_muon_cooldown_step141k
146173,1.2486484050750732,,,,moe_67b_a2b_d2560_ep1_rep8_bs1024_seq65536_sw2k_v4_2048_muon_cooldown_step141k
146192,1.313023328781128,,,,moe_67b_a2b_d2560_ep1_rep8_bs1024_seq65536_sw2k_v4_2048_muon_cooldown_step141k
146206,1.285049557685852,,,,moe_67b_a2b_d2560_ep1_rep8_bs1024_seq65536_sw2k_v4_2048_muon_cooldown_step141k
146219,1.321539282798767,,,,moe_67b_a2b_d2560_ep1_rep8_bs1024_seq65536_sw2k_v4_2048_muon_cooldown_step141k
146229,1.2535696029663086,,,,moe_67b_a2b_d2560_ep1_rep8_bs1024_seq65536_sw2k_v4_2048_muon_cooldown_step141k
146236,1.2709048986434937,,,,moe_67b_a2b_d2560_ep1_rep8_bs1024_seq65536_sw2k_v4_2048_muon_cooldown_step141k
146245,1.2696553468704224,,,,moe_67b_a2b_d2560_ep1_rep8_bs1024_seq65536_sw2k_v4_2048_muon_cooldown_step141k
146249,1.3052343130111694,,,,moe_67b_a2b_d2560_ep1_rep8_bs1024_seq65536_sw2k_v4_2048_muon_cooldown_step141k
146265,1.2873810529708862,,,,moe_67b_a2b_d2560_ep1_rep8_bs1024_seq65536_sw2k_v4_2048_muon_cooldown_step141k
146270,1.3052611351013184,,,,moe_67b_a2b_d2560_ep1_rep8_bs1024_seq65536_sw2k_v4_2048_muon_cooldown_step141k
146278,1.2761207818984985,,,,moe_67b_a2b_d2560_ep1_rep8_bs1024_seq65536_sw2k_v4_2048_muon_cooldown_step141k
146282,1.320162057876587,,,,moe_67b_a2b_d2560_ep1_rep8_bs1024_seq65536_sw2k_v4_2048_muon_cooldown_step141k
146307,1.3064165115356445,,,,moe_67b_a2b_d2560_ep1_rep8_bs1024_seq65536_sw2k_v4_2048_muon_cooldown_step141k
146323,1.2518396377563477,,,,moe_67b_a2b_d2560_ep1_rep8_bs1024_seq65536_sw2k_v4_2048_muon_cooldown_step141k
146333,1.2943358421325684,,,,moe_67b_a2b_d2560_ep1_rep8_bs1024_seq65536_sw2k_v4_2048_muon_cooldown_step141k
146334,1.286732792854309,,,,moe_67b_a2b_d2560_ep1_rep8_bs1024_seq65536_sw2k_v4_2048_muon_cooldown_step141k
146335,1.2890249490737915,,,,moe_67b_a2b_d2560_ep1_rep8_bs1024_seq65536_sw2k_v4_2048_muon_cooldown_step141k
146356,1.31395423412323,,,,moe_67b_a2b_d2560_ep1_rep8_bs1024_seq65536_sw2k_v4_2048_muon_cooldown_step141k
146359,1.2930119037628174,,,,moe_67b_a2b_d2560_ep1_rep8_bs1024_seq65536_sw2k_v4_2048_muon_cooldown_step141k
146387,1.2770971059799194,,,,moe_67b_a2b_d2560_ep1_rep8_bs1024_seq65536_sw2k_v4_2048_muon_cooldown_step141k
146402,1.2694973945617676,,,,moe_67b_a2b_d2560_ep1_rep8_bs1024_seq65536_sw2k_v4_2048_muon_cooldown_step141k
146406,1.306490182876587,,,,moe_67b_a2b_d2560_ep1_rep8_bs1024_seq65536_sw2k_v4_2048_muon_cooldown_step141k
146408,1.290268063545227,,,,moe_67b_a2b_d2560_ep1_rep8_bs1024_seq65536_sw2k_v4_2048_muon_cooldown_step141k
146428,1.2766504287719727,,,,moe_67b_a2b_d2560_ep1_rep8_bs1024_seq65536_sw2k_v4_2048_muon_cooldown_step141k
146450,1.2980961799621582,,,,moe_67b_a2b_d2560_ep1_rep8_bs1024_seq65536_sw2k_v4_2048_muon_cooldown_step141k
146460,1.2814304828643799,,,,moe_67b_a2b_d2560_ep1_rep8_bs1024_seq65536_sw2k_v4_2048_muon_cooldown_step141k
146465,1.3233212232589722,,,,moe_67b_a2b_d2560_ep1_rep8_bs1024_seq65536_sw2k_v4_2048_muon_cooldown_step141k
146474,1.2902328968048096,,,,moe_67b_a2b_d2560_ep1_rep8_bs1024_seq65536_sw2k_v4_2048_muon_cooldown_step141k
146488,1.2709269523620605,,,,moe_67b_a2b_d2560_ep1_rep8_bs1024_seq65536_sw2k_v4_2048_muon_cooldown_step141k
146530,1.279142141342163,,,,moe_67b_a2b_d2560_ep1_rep8_bs1024_seq65536_sw2k_v4_2048_muon_cooldown_step141k
146541,1.2770715951919556,,,,moe_67b_a2b_d2560_ep1_rep8_bs1024_seq65536_sw2k_v4_2048_muon_cooldown_step141k
146546,1.28976309299469,,,,moe_67b_a2b_d2560_ep1_rep8_bs1024_seq65536_sw2k_v4_2048_muon_cooldown_step141k
146554,1.2928603887557983,,,,moe_67b_a2b_d2560_ep1_rep8_bs1024_seq65536_sw2k_v4_2048_muon_cooldown_step141k
146555,1.2536499500274658,,,,moe_67b_a2b_d2560_ep1_rep8_bs1024_seq65536_sw2k_v4_2048_muon_cooldown_step141k
146559,1.270650029182434,,,,moe_67b_a2b_d2560_ep1_rep8_bs1024_seq65536_sw2k_v4_2048_muon_cooldown_step141k
146570,1.2836580276489258,,,,moe_67b_a2b_d2560_ep1_rep8_bs1024_seq65536_sw2k_v4_2048_muon_cooldown_step141k
146588,1.2805802822113037,,,,moe_67b_a2b_d2560_ep1_rep8_bs1024_seq65536_sw2k_v4_2048_muon_cooldown_step141k
146605,1.2624107599258423,,,,moe_67b_a2b_d2560_ep1_rep8_bs1024_seq65536_sw2k_v4_2048_muon_cooldown_step141k
146608,1.3038285970687866,,,,moe_67b_a2b_d2560_ep1_rep8_bs1024_seq65536_sw2k_v4_2048_muon_cooldown_step141k
146610,1.2560702562332153,,,,moe_67b_a2b_d2560_ep1_rep8_bs1024_seq65536_sw2k_v4_2048_muon_cooldown_step141k
146616,1.2753478288650513,,,,moe_67b_a2b_d2560_ep1_rep8_bs1024_seq65536_sw2k_v4_2048_muon_cooldown_step141k
146644,1.2425469160079956,,,,moe_67b_a2b_d2560_ep1_rep8_bs1024_seq65536_sw2k_v4_2048_muon_cooldown_step141k
146654,1.2813646793365479,,,,moe_67b_a2b_d2560_ep1_rep8_bs1024_seq65536_sw2k_v4_2048_muon_cooldown_step141k
146659,1.2783219814300537,,,,moe_67b_a2b_d2560_ep1_rep8_bs1024_seq65536_sw2k_v4_2048_muon_cooldown_step141k
146685,1.263397216796875,,,,moe_67b_a2b_d2560_ep1_rep8_bs1024_seq65536_sw2k_v4_2048_muon_cooldown_step141k
146687,1.2967512607574463,,,,moe_67b_a2b_d2560_ep1_rep8_bs1024_seq65536_sw2k_v4_2048_muon_cooldown_step141k
146704,1.2871040105819702,,,,moe_67b_a2b_d2560_ep1_rep8_bs1024_seq65536_sw2k_v4_2048_muon_cooldown_step141k
146709,1.3008173704147339,,,,moe_67b_a2b_d2560_ep1_rep8_bs1024_seq65536_sw2k_v4_2048_muon_cooldown_step141k
146710,1.312015175819397,,,,moe_67b_a2b_d2560_ep1_rep8_bs1024_seq65536_sw2k_v4_2048_muon_cooldown_step141k
146719,1.256181001663208,,,,moe_67b_a2b_d2560_ep1_rep8_bs1024_seq65536_sw2k_v4_2048_muon_cooldown_step141k
146731,1.328786849975586,,,,moe_67b_a2b_d2560_ep1_rep8_bs1024_seq65536_sw2k_v4_2048_muon_cooldown_step141k
146743,1.3208245038986206,,,,moe_67b_a2b_d2560_ep1_rep8_bs1024_seq65536_sw2k_v4_2048_muon_cooldown_step141k
146744,1.275633454322815,,,,moe_67b_a2b_d2560_ep1_rep8_bs1024_seq65536_sw2k_v4_2048_muon_cooldown_step141k
146755,1.2801775932312012,,,,moe_67b_a2b_d2560_ep1_rep8_bs1024_seq65536_sw2k_v4_2048_muon_cooldown_step141k
146758,1.3136595487594604,,,,moe_67b_a2b_d2560_ep1_rep8_bs1024_seq65536_sw2k_v4_2048_muon_cooldown_step141k
146765,1.2807071208953857,,,,moe_67b_a2b_d2560_ep1_rep8_bs1024_seq65536_sw2k_v4_2048_muon_cooldown_step141k
146789,1.2441974878311157,,,,moe_67b_a2b_d2560_ep1_rep8_bs1024_seq65536_sw2k_v4_2048_muon_cooldown_step141k
146805,1.2742725610733032,,,,moe_67b_a2b_d2560_ep1_rep8_bs1024_seq65536_sw2k_v4_2048_muon_cooldown_step141k
146813,1.3068568706512451,,,,moe_67b_a2b_d2560_ep1_rep8_bs1024_seq65536_sw2k_v4_2048_muon_cooldown_step141k
146822,1.3064149618148804,,,,moe_67b_a2b_d2560_ep1_rep8_bs1024_seq65536_sw2k_v4_2048_muon_cooldown_step141k
146824,1.3278279304504395,,,,moe_67b_a2b_d2560_ep1_rep8_bs1024_seq65536_sw2k_v4_2048_muon_cooldown_step141k
146827,1.291122555732727,,,,moe_67b_a2b_d2560_ep1_rep8_bs1024_seq65536_sw2k_v4_2048_muon_cooldown_step141k
146828,1.2794036865234375,,,,moe_67b_a2b_d2560_ep1_rep8_bs1024_seq65536_sw2k_v4_2048_muon_cooldown_step141k
146842,1.2767726182937622,,,,moe_67b_a2b_d2560_ep1_rep8_bs1024_seq65536_sw2k_v4_2048_muon_cooldown_step141k
146865,1.3098158836364746,,,,moe_67b_a2b_d2560_ep1_rep8_bs1024_seq65536_sw2k_v4_2048_muon_cooldown_step141k
146866,1.2638161182403564,,,,moe_67b_a2b_d2560_ep1_rep8_bs1024_seq65536_sw2k_v4_2048_muon_cooldown_step141k
146877,1.2654364109039307,,,,moe_67b_a2b_d2560_ep1_rep8_bs1024_seq65536_sw2k_v4_2048_muon_cooldown_step141k
146878,1.3030260801315308,,,,moe_67b_a2b_d2560_ep1_rep8_bs1024_seq65536_sw2k_v4_2048_muon_cooldown_step141k
146925,1.2862011194229126,,,,moe_67b_a2b_d2560_ep1_rep8_bs1024_seq65536_sw2k_v4_2048_muon_cooldown_step141k
146934,1.2759201526641846,,,,moe_67b_a2b_d2560_ep1_rep8_bs1024_seq65536_sw2k_v4_2048_muon_cooldown_step141k
146936,1.3408739566802979,,,,moe_67b_a2b_d2560_ep1_rep8_bs1024_seq65536_sw2k_v4_2048_muon_cooldown_step141k
146942,1.3071333169937134,,,,moe_67b_a2b_d2560_ep1_rep8_bs1024_seq65536_sw2k_v4_2048_muon_cooldown_step141k
146943,1.2750030755996704,,,,moe_67b_a2b_d2560_ep1_rep8_bs1024_seq65536_sw2k_v4_2048_muon_cooldown_step141k
146953,1.2646658420562744,,,,moe_67b_a2b_d2560_ep1_rep8_bs1024_seq65536_sw2k_v4_2048_muon_cooldown_step141k
146959,1.3197882175445557,,,,moe_67b_a2b_d2560_ep1_rep8_bs1024_seq65536_sw2k_v4_2048_muon_cooldown_step141k
146962,1.2865716218948364,,,,moe_67b_a2b_d2560_ep1_rep8_bs1024_seq65536_sw2k_v4_2048_muon_cooldown_step141k
146972,1.2950490713119507,,,,moe_67b_a2b_d2560_ep1_rep8_bs1024_seq65536_sw2k_v4_2048_muon_cooldown_step141k
146978,1.2818326950073242,,,,moe_67b_a2b_d2560_ep1_rep8_bs1024_seq65536_sw2k_v4_2048_muon_cooldown_step141k
146984,1.2873615026474,,,,moe_67b_a2b_d2560_ep1_rep8_bs1024_seq65536_sw2k_v4_2048_muon_cooldown_step141k
147000,,2.280586004257202,1.8931711912155151,2.0427169799804688,moe_67b_a2b_d2560_ep1_rep8_bs1024_seq65536_sw2k_v4_2048_muon_cooldown_step141k
147005,1.264660358428955,,,,moe_67b_a2b_d2560_ep1_rep8_bs1024_seq65536_sw2k_v4_2048_muon_cooldown_step141k
147011,1.2575584650039673,,,,moe_67b_a2b_d2560_ep1_rep8_bs1024_seq65536_sw2k_v4_2048_muon_cooldown_step141k
147025,1.2473407983779907,,,,moe_67b_a2b_d2560_ep1_rep8_bs1024_seq65536_sw2k_v4_2048_muon_cooldown_step141k
147030,1.3278968334197998,,,,moe_67b_a2b_d2560_ep1_rep8_bs1024_seq65536_sw2k_v4_2048_muon_cooldown_step141k
147032,1.2779152393341064,,,,moe_67b_a2b_d2560_ep1_rep8_bs1024_seq65536_sw2k_v4_2048_muon_cooldown_step141k
147051,1.2586647272109985,,,,moe_67b_a2b_d2560_ep1_rep8_bs1024_seq65536_sw2k_v4_2048_muon_cooldown_step141k
147066,1.345352053642273,,,,moe_67b_a2b_d2560_ep1_rep8_bs1024_seq65536_sw2k_v4_2048_muon_cooldown_step141k
147073,1.2871602773666382,,,,moe_67b_a2b_d2560_ep1_rep8_bs1024_seq65536_sw2k_v4_2048_muon_cooldown_step141k
147078,1.2499268054962158,,,,moe_67b_a2b_d2560_ep1_rep8_bs1024_seq65536_sw2k_v4_2048_muon_cooldown_step141k
147085,1.2856210470199585,,,,moe_67b_a2b_d2560_ep1_rep8_bs1024_seq65536_sw2k_v4_2048_muon_cooldown_step141k
147091,1.2947298288345337,,,,moe_67b_a2b_d2560_ep1_rep8_bs1024_seq65536_sw2k_v4_2048_muon_cooldown_step141k
147097,1.2755013704299927,,,,moe_67b_a2b_d2560_ep1_rep8_bs1024_seq65536_sw2k_v4_2048_muon_cooldown_step141k
147100,1.2856489419937134,,,,moe_67b_a2b_d2560_ep1_rep8_bs1024_seq65536_sw2k_v4_2048_muon_cooldown_step141k
147108,1.312027931213379,,,,moe_67b_a2b_d2560_ep1_rep8_bs1024_seq65536_sw2k_v4_2048_muon_cooldown_step141k
147115,1.2859498262405396,,,,moe_67b_a2b_d2560_ep1_rep8_bs1024_seq65536_sw2k_v4_2048_muon_cooldown_step141k
147124,1.279796838760376,,,,moe_67b_a2b_d2560_ep1_rep8_bs1024_seq65536_sw2k_v4_2048_muon_cooldown_step141k
147129,1.2808401584625244,,,,moe_67b_a2b_d2560_ep1_rep8_bs1024_seq65536_sw2k_v4_2048_muon_cooldown_step141k
147130,1.2680593729019165,,,,moe_67b_a2b_d2560_ep1_rep8_bs1024_seq65536_sw2k_v4_2048_muon_cooldown_step141k
147140,1.2834649085998535,,,,moe_67b_a2b_d2560_ep1_rep8_bs1024_seq65536_sw2k_v4_2048_muon_cooldown_step141k
147155,1.2863022089004517,,,,moe_67b_a2b_d2560_ep1_rep8_bs1024_seq65536_sw2k_v4_2048_muon_cooldown_step141k
147168,1.293168306350708,,,,moe_67b_a2b_d2560_ep1_rep8_bs1024_seq65536_sw2k_v4_2048_muon_cooldown_step141k
147170,1.28253173828125,,,,moe_67b_a2b_d2560_ep1_rep8_bs1024_seq65536_sw2k_v4_2048_muon_cooldown_step141k
147174,1.2606934309005737,,,,moe_67b_a2b_d2560_ep1_rep8_bs1024_seq65536_sw2k_v4_2048_muon_cooldown_step141k
147176,1.2554877996444702,,,,moe_67b_a2b_d2560_ep1_rep8_bs1024_seq65536_sw2k_v4_2048_muon_cooldown_step141k
147184,1.273875117301941,,,,moe_67b_a2b_d2560_ep1_rep8_bs1024_seq65536_sw2k_v4_2048_muon_cooldown_step141k
147192,1.323626160621643,,,,moe_67b_a2b_d2560_ep1_rep8_bs1024_seq65536_sw2k_v4_2048_muon_cooldown_step141k
147193,1.2973785400390625,,,,moe_67b_a2b_d2560_ep1_rep8_bs1024_seq65536_sw2k_v4_2048_muon_cooldown_step141k
147201,1.2691657543182373,,,,moe_67b_a2b_d2560_ep1_rep8_bs1024_seq65536_sw2k_v4_2048_muon_cooldown_step141k
147204,1.2879669666290283,,,,moe_67b_a2b_d2560_ep1_rep8_bs1024_seq65536_sw2k_v4_2048_muon_cooldown_step141k
147207,1.2655432224273682,,,,moe_67b_a2b_d2560_ep1_rep8_bs1024_seq65536_sw2k_v4_2048_muon_cooldown_step141k
147212,1.2462983131408691,,,,moe_67b_a2b_d2560_ep1_rep8_bs1024_seq65536_sw2k_v4_2048_muon_cooldown_step141k
147220,1.302913784980774,,,,moe_67b_a2b_d2560_ep1_rep8_bs1024_seq65536_sw2k_v4_2048_muon_cooldown_step141k
147257,1.3099545240402222,,,,moe_67b_a2b_d2560_ep1_rep8_bs1024_seq65536_sw2k_v4_2048_muon_cooldown_step141k
147260,1.2997164726257324,,,,moe_67b_a2b_d2560_ep1_rep8_bs1024_seq65536_sw2k_v4_2048_muon_cooldown_step141k
147270,1.2745846509933472,,,,moe_67b_a2b_d2560_ep1_rep8_bs1024_seq65536_sw2k_v4_2048_muon_cooldown_step141k
147276,1.308073878288269,,,,moe_67b_a2b_d2560_ep1_rep8_bs1024_seq65536_sw2k_v4_2048_muon_cooldown_step141k
147282,1.2599551677703857,,,,moe_67b_a2b_d2560_ep1_rep8_bs1024_seq65536_sw2k_v4_2048_muon_cooldown_step141k
147293,1.299731969833374,,,,moe_67b_a2b_d2560_ep1_rep8_bs1024_seq65536_sw2k_v4_2048_muon_cooldown_step141k
147295,1.2508139610290527,,,,moe_67b_a2b_d2560_ep1_rep8_bs1024_seq65536_sw2k_v4_2048_muon_cooldown_step141k
147355,1.2922755479812622,,,,moe_67b_a2b_d2560_ep1_rep8_bs1024_seq65536_sw2k_v4_2048_muon_cooldown_step141k
147367,1.285328984260559,,,,moe_67b_a2b_d2560_ep1_rep8_bs1024_seq65536_sw2k_v4_2048_muon_cooldown_step141k
147381,1.2752524614334106,,,,moe_67b_a2b_d2560_ep1_rep8_bs1024_seq65536_sw2k_v4_2048_muon_cooldown_step141k
147395,1.2833387851715088,,,,moe_67b_a2b_d2560_ep1_rep8_bs1024_seq65536_sw2k_v4_2048_muon_cooldown_step141k
147404,1.2888246774673462,,,,moe_67b_a2b_d2560_ep1_rep8_bs1024_seq65536_sw2k_v4_2048_muon_cooldown_step141k
147436,1.2830623388290405,,,,moe_67b_a2b_d2560_ep1_rep8_bs1024_seq65536_sw2k_v4_2048_muon_cooldown_step141k
147449,1.3041905164718628,,,,moe_67b_a2b_d2560_ep1_rep8_bs1024_seq65536_sw2k_v4_2048_muon_cooldown_step141k
147451,1.2607052326202393,,,,moe_67b_a2b_d2560_ep1_rep8_bs1024_seq65536_sw2k_v4_2048_muon_cooldown_step141k
147457,1.2564889192581177,,,,moe_67b_a2b_d2560_ep1_rep8_bs1024_seq65536_sw2k_v4_2048_muon_cooldown_step141k
147467,1.268247365951538,,,,moe_67b_a2b_d2560_ep1_rep8_bs1024_seq65536_sw2k_v4_2048_muon_cooldown_step141k
147483,1.2602044343948364,,,,moe_67b_a2b_d2560_ep1_rep8_bs1024_seq65536_sw2k_v4_2048_muon_cooldown_step141k
147511,1.3135747909545898,,,,moe_67b_a2b_d2560_ep1_rep8_bs1024_seq65536_sw2k_v4_2048_muon_cooldown_step141k
147513,1.2717785835266113,,,,moe_67b_a2b_d2560_ep1_rep8_bs1024_seq65536_sw2k_v4_2048_muon_cooldown_step141k
147515,1.3379706144332886,,,,moe_67b_a2b_d2560_ep1_rep8_bs1024_seq65536_sw2k_v4_2048_muon_cooldown_step141k
147524,1.2737358808517456,,,,moe_67b_a2b_d2560_ep1_rep8_bs1024_seq65536_sw2k_v4_2048_muon_cooldown_step141k
147534,1.3001586198806763,,,,moe_67b_a2b_d2560_ep1_rep8_bs1024_seq65536_sw2k_v4_2048_muon_cooldown_step141k
147536,1.3018250465393066,,,,moe_67b_a2b_d2560_ep1_rep8_bs1024_seq65536_sw2k_v4_2048_muon_cooldown_step141k
147553,1.3111388683319092,,,,moe_67b_a2b_d2560_ep1_rep8_bs1024_seq65536_sw2k_v4_2048_muon_cooldown_step141k
147582,1.3300061225891113,,,,moe_67b_a2b_d2560_ep1_rep8_bs1024_seq65536_sw2k_v4_2048_muon_cooldown_step141k
147591,1.323028802871704,,,,moe_67b_a2b_d2560_ep1_rep8_bs1024_seq65536_sw2k_v4_2048_muon_cooldown_step141k
147617,1.2925846576690674,,,,moe_67b_a2b_d2560_ep1_rep8_bs1024_seq65536_sw2k_v4_2048_muon_cooldown_step141k
147629,1.2831053733825684,,,,moe_67b_a2b_d2560_ep1_rep8_bs1024_seq65536_sw2k_v4_2048_muon_cooldown_step141k
147637,1.3339630365371704,,,,moe_67b_a2b_d2560_ep1_rep8_bs1024_seq65536_sw2k_v4_2048_muon_cooldown_step141k
147643,1.2878762483596802,,,,moe_67b_a2b_d2560_ep1_rep8_bs1024_seq65536_sw2k_v4_2048_muon_cooldown_step141k
147660,1.299868106842041,,,,moe_67b_a2b_d2560_ep1_rep8_bs1024_seq65536_sw2k_v4_2048_muon_cooldown_step141k
147661,1.3006467819213867,,,,moe_67b_a2b_d2560_ep1_rep8_bs1024_seq65536_sw2k_v4_2048_muon_cooldown_step141k
147667,1.2884520292282104,,,,moe_67b_a2b_d2560_ep1_rep8_bs1024_seq65536_sw2k_v4_2048_muon_cooldown_step141k
147670,1.248633623123169,,,,moe_67b_a2b_d2560_ep1_rep8_bs1024_seq65536_sw2k_v4_2048_muon_cooldown_step141k
147678,1.2668461799621582,,,,moe_67b_a2b_d2560_ep1_rep8_bs1024_seq65536_sw2k_v4_2048_muon_cooldown_step141k
147683,1.3129358291625977,,,,moe_67b_a2b_d2560_ep1_rep8_bs1024_seq65536_sw2k_v4_2048_muon_cooldown_step141k
147711,1.2815821170806885,,,,moe_67b_a2b_d2560_ep1_rep8_bs1024_seq65536_sw2k_v4_2048_muon_cooldown_step141k
147716,1.2949076890945435,,,,moe_67b_a2b_d2560_ep1_rep8_bs1024_seq65536_sw2k_v4_2048_muon_cooldown_step141k
147741,1.2804027795791626,,,,moe_67b_a2b_d2560_ep1_rep8_bs1024_seq65536_sw2k_v4_2048_muon_cooldown_step141k
147742,1.313388466835022,,,,moe_67b_a2b_d2560_ep1_rep8_bs1024_seq65536_sw2k_v4_2048_muon_cooldown_step141k
147743,1.2791111469268799,,,,moe_67b_a2b_d2560_ep1_rep8_bs1024_seq65536_sw2k_v4_2048_muon_cooldown_step141k
147744,1.290054202079773,,,,moe_67b_a2b_d2560_ep1_rep8_bs1024_seq65536_sw2k_v4_2048_muon_cooldown_step141k
147747,1.3056832551956177,,,,moe_67b_a2b_d2560_ep1_rep8_bs1024_seq65536_sw2k_v4_2048_muon_cooldown_step141k
147772,1.2930736541748047,,,,moe_67b_a2b_d2560_ep1_rep8_bs1024_seq65536_sw2k_v4_2048_muon_cooldown_step141k
147780,1.3229912519454956,,,,moe_67b_a2b_d2560_ep1_rep8_bs1024_seq65536_sw2k_v4_2048_muon_cooldown_step141k
147785,1.275225043296814,,,,moe_67b_a2b_d2560_ep1_rep8_bs1024_seq65536_sw2k_v4_2048_muon_cooldown_step141k
147806,1.313821792602539,,,,moe_67b_a2b_d2560_ep1_rep8_bs1024_seq65536_sw2k_v4_2048_muon_cooldown_step141k
147811,1.2737702131271362,,,,moe_67b_a2b_d2560_ep1_rep8_bs1024_seq65536_sw2k_v4_2048_muon_cooldown_step141k
147813,1.2454936504364014,,,,moe_67b_a2b_d2560_ep1_rep8_bs1024_seq65536_sw2k_v4_2048_muon_cooldown_step141k
147814,1.2682247161865234,,,,moe_67b_a2b_d2560_ep1_rep8_bs1024_seq65536_sw2k_v4_2048_muon_cooldown_step141k
147815,1.2864736318588257,,,,moe_67b_a2b_d2560_ep1_rep8_bs1024_seq65536_sw2k_v4_2048_muon_cooldown_step141k
147818,1.2796134948730469,,,,moe_67b_a2b_d2560_ep1_rep8_bs1024_seq65536_sw2k_v4_2048_muon_cooldown_step141k
147822,1.3402066230773926,,,,moe_67b_a2b_d2560_ep1_rep8_bs1024_seq65536_sw2k_v4_2048_muon_cooldown_step141k
147838,1.3017548322677612,,,,moe_67b_a2b_d2560_ep1_rep8_bs1024_seq65536_sw2k_v4_2048_muon_cooldown_step141k
147845,1.3003852367401123,,,,moe_67b_a2b_d2560_ep1_rep8_bs1024_seq65536_sw2k_v4_2048_muon_cooldown_step141k
147862,1.3135349750518799,,,,moe_67b_a2b_d2560_ep1_rep8_bs1024_seq65536_sw2k_v4_2048_muon_cooldown_step141k
147876,1.295013189315796,,,,moe_67b_a2b_d2560_ep1_rep8_bs1024_seq65536_sw2k_v4_2048_muon_cooldown_step141k
147877,1.2581785917282104,,,,moe_67b_a2b_d2560_ep1_rep8_bs1024_seq65536_sw2k_v4_2048_muon_cooldown_step141k
147883,1.3134832382202148,,,,moe_67b_a2b_d2560_ep1_rep8_bs1024_seq65536_sw2k_v4_2048_muon_cooldown_step141k
147904,1.2626724243164062,,,,moe_67b_a2b_d2560_ep1_rep8_bs1024_seq65536_sw2k_v4_2048_muon_cooldown_step141k
147909,1.291935920715332,,,,moe_67b_a2b_d2560_ep1_rep8_bs1024_seq65536_sw2k_v4_2048_muon_cooldown_step141k
147921,1.3142144680023193,,,,moe_67b_a2b_d2560_ep1_rep8_bs1024_seq65536_sw2k_v4_2048_muon_cooldown_step141k
147956,1.2827413082122803,,,,moe_67b_a2b_d2560_ep1_rep8_bs1024_seq65536_sw2k_v4_2048_muon_cooldown_step141k
147959,1.302590250968933,,,,moe_67b_a2b_d2560_ep1_rep8_bs1024_seq65536_sw2k_v4_2048_muon_cooldown_step141k
147975,1.2615692615509033,,,,moe_67b_a2b_d2560_ep1_rep8_bs1024_seq65536_sw2k_v4_2048_muon_cooldown_step141k
147993,1.3319587707519531,,,,moe_67b_a2b_d2560_ep1_rep8_bs1024_seq65536_sw2k_v4_2048_muon_cooldown_step141k
148026,1.2427653074264526,,,,moe_67b_a2b_d2560_ep1_rep8_bs1024_seq65536_sw2k_v4_2048_muon_cooldown_step141k
148029,1.2987890243530273,,,,moe_67b_a2b_d2560_ep1_rep8_bs1024_seq65536_sw2k_v4_2048_muon_cooldown_step141k
148030,1.2556976079940796,,,,moe_67b_a2b_d2560_ep1_rep8_bs1024_seq65536_sw2k_v4_2048_muon_cooldown_step141k
148041,1.2804893255233765,,,,moe_67b_a2b_d2560_ep1_rep8_bs1024_seq65536_sw2k_v4_2048_muon_cooldown_step141k
148070,1.3087801933288574,,,,moe_67b_a2b_d2560_ep1_rep8_bs1024_seq65536_sw2k_v4_2048_muon_cooldown_step141k
148109,1.2899247407913208,,,,moe_67b_a2b_d2560_ep1_rep8_bs1024_seq65536_sw2k_v4_2048_muon_cooldown_step141k
148120,1.3008109331130981,,,,moe_67b_a2b_d2560_ep1_rep8_bs1024_seq65536_sw2k_v4_2048_muon_cooldown_step141k
148140,1.2935700416564941,,,,moe_67b_a2b_d2560_ep1_rep8_bs1024_seq65536_sw2k_v4_2048_muon_cooldown_step141k
148145,1.2763830423355103,,,,moe_67b_a2b_d2560_ep1_rep8_bs1024_seq65536_sw2k_v4_2048_muon_cooldown_step141k
148164,1.28358793258667,,,,moe_67b_a2b_d2560_ep1_rep8_bs1024_seq65536_sw2k_v4_2048_muon_cooldown_step141k
148165,1.3110802173614502,,,,moe_67b_a2b_d2560_ep1_rep8_bs1024_seq65536_sw2k_v4_2048_muon_cooldown_step141k
148181,1.2951860427856445,,,,moe_67b_a2b_d2560_ep1_rep8_bs1024_seq65536_sw2k_v4_2048_muon_cooldown_step141k
148189,1.2552505731582642,,,,moe_67b_a2b_d2560_ep1_rep8_bs1024_seq65536_sw2k_v4_2048_muon_cooldown_step141k
148193,1.2867920398712158,,,,moe_67b_a2b_d2560_ep1_rep8_bs1024_seq65536_sw2k_v4_2048_muon_cooldown_step141k
148209,1.258604645729065,,,,moe_67b_a2b_d2560_ep1_rep8_bs1024_seq65536_sw2k_v4_2048_muon_cooldown_step141k
148222,1.302072525024414,,,,moe_67b_a2b_d2560_ep1_rep8_bs1024_seq65536_sw2k_v4_2048_muon_cooldown_step141k
148225,1.2843363285064697,,,,moe_67b_a2b_d2560_ep1_rep8_bs1024_seq65536_sw2k_v4_2048_muon_cooldown_step141k
148226,1.2841830253601074,,,,moe_67b_a2b_d2560_ep1_rep8_bs1024_seq65536_sw2k_v4_2048_muon_cooldown_step141k
148234,1.2979698181152344,,,,moe_67b_a2b_d2560_ep1_rep8_bs1024_seq65536_sw2k_v4_2048_muon_cooldown_step141k
148259,1.2752764225006104,,,,moe_67b_a2b_d2560_ep1_rep8_bs1024_seq65536_sw2k_v4_2048_muon_cooldown_step141k
148260,1.3019098043441772,,,,moe_67b_a2b_d2560_ep1_rep8_bs1024_seq65536_sw2k_v4_2048_muon_cooldown_step141k
148270,1.248788833618164,,,,moe_67b_a2b_d2560_ep1_rep8_bs1024_seq65536_sw2k_v4_2048_muon_cooldown_step141k
148290,1.282501459121704,,,,moe_67b_a2b_d2560_ep1_rep8_bs1024_seq65536_sw2k_v4_2048_muon_cooldown_step141k
148293,1.2747594118118286,,,,moe_67b_a2b_d2560_ep1_rep8_bs1024_seq65536_sw2k_v4_2048_muon_cooldown_step141k
148300,1.2547358274459839,,,,moe_67b_a2b_d2560_ep1_rep8_bs1024_seq65536_sw2k_v4_2048_muon_cooldown_step141k
148304,1.303207278251648,,,,moe_67b_a2b_d2560_ep1_rep8_bs1024_seq65536_sw2k_v4_2048_muon_cooldown_step141k
148311,1.2878626585006714,,,,moe_67b_a2b_d2560_ep1_rep8_bs1024_seq65536_sw2k_v4_2048_muon_cooldown_step141k
148319,1.2973558902740479,,,,moe_67b_a2b_d2560_ep1_rep8_bs1024_seq65536_sw2k_v4_2048_muon_cooldown_step141k
148370,1.3004775047302246,,,,moe_67b_a2b_d2560_ep1_rep8_bs1024_seq65536_sw2k_v4_2048_muon_cooldown_step141k
148374,1.2759288549423218,,,,moe_67b_a2b_d2560_ep1_rep8_bs1024_seq65536_sw2k_v4_2048_muon_cooldown_step141k
148389,1.2776628732681274,,,,moe_67b_a2b_d2560_ep1_rep8_bs1024_seq65536_sw2k_v4_2048_muon_cooldown_step141k
148395,1.2947206497192383,,,,moe_67b_a2b_d2560_ep1_rep8_bs1024_seq65536_sw2k_v4_2048_muon_cooldown_step141k
148401,1.2899987697601318,,,,moe_67b_a2b_d2560_ep1_rep8_bs1024_seq65536_sw2k_v4_2048_muon_cooldown_step141k
148409,1.3170678615570068,,,,moe_67b_a2b_d2560_ep1_rep8_bs1024_seq65536_sw2k_v4_2048_muon_cooldown_step141k
148428,1.284454345703125,,,,moe_67b_a2b_d2560_ep1_rep8_bs1024_seq65536_sw2k_v4_2048_muon_cooldown_step141k
148440,1.2693043947219849,,,,moe_67b_a2b_d2560_ep1_rep8_bs1024_seq65536_sw2k_v4_2048_muon_cooldown_step141k
148445,1.3124912977218628,,,,moe_67b_a2b_d2560_ep1_rep8_bs1024_seq65536_sw2k_v4_2048_muon_cooldown_step141k
148450,1.311434030532837,,,,moe_67b_a2b_d2560_ep1_rep8_bs1024_seq65536_sw2k_v4_2048_muon_cooldown_step141k
148462,1.2706791162490845,,,,moe_67b_a2b_d2560_ep1_rep8_bs1024_seq65536_sw2k_v4_2048_muon_cooldown_step141k
148477,1.2689026594161987,,,,moe_67b_a2b_d2560_ep1_rep8_bs1024_seq65536_sw2k_v4_2048_muon_cooldown_step141k
148484,1.302836537361145,,,,moe_67b_a2b_d2560_ep1_rep8_bs1024_seq65536_sw2k_v4_2048_muon_cooldown_step141k
148496,1.3000906705856323,,,,moe_67b_a2b_d2560_ep1_rep8_bs1024_seq65536_sw2k_v4_2048_muon_cooldown_step141k
148500,,2.277104616165161,1.8905236721038818,2.0401930809020996,moe_67b_a2b_d2560_ep1_rep8_bs1024_seq65536_sw2k_v4_2048_muon_cooldown_step141k
148503,1.2823622226715088,,,,moe_67b_a2b_d2560_ep1_rep8_bs1024_seq65536_sw2k_v4_2048_muon_cooldown_step141k
148525,1.2780158519744873,,,,moe_67b_a2b_d2560_ep1_rep8_bs1024_seq65536_sw2k_v4_2048_muon_cooldown_step141k
148526,1.2527616024017334,,,,moe_67b_a2b_d2560_ep1_rep8_bs1024_seq65536_sw2k_v4_2048_muon_cooldown_step141k
148531,1.2891355752944946,,,,moe_67b_a2b_d2560_ep1_rep8_bs1024_seq65536_sw2k_v4_2048_muon_cooldown_step141k
148534,1.311793327331543,,,,moe_67b_a2b_d2560_ep1_rep8_bs1024_seq65536_sw2k_v4_2048_muon_cooldown_step141k
148547,1.2983410358428955,,,,moe_67b_a2b_d2560_ep1_rep8_bs1024_seq65536_sw2k_v4_2048_muon_cooldown_step141k
148557,1.248060941696167,,,,moe_67b_a2b_d2560_ep1_rep8_bs1024_seq65536_sw2k_v4_2048_muon_cooldown_step141k
148564,1.2951834201812744,,,,moe_67b_a2b_d2560_ep1_rep8_bs1024_seq65536_sw2k_v4_2048_muon_cooldown_step141k
148567,1.293987512588501,,,,moe_67b_a2b_d2560_ep1_rep8_bs1024_seq65536_sw2k_v4_2048_muon_cooldown_step141k
148571,1.2973260879516602,,,,moe_67b_a2b_d2560_ep1_rep8_bs1024_seq65536_sw2k_v4_2048_muon_cooldown_step141k
148580,1.3054007291793823,,,,moe_67b_a2b_d2560_ep1_rep8_bs1024_seq65536_sw2k_v4_2048_muon_cooldown_step141k
148588,1.2827454805374146,,,,moe_67b_a2b_d2560_ep1_rep8_bs1024_seq65536_sw2k_v4_2048_muon_cooldown_step141k
148594,1.3164587020874023,,,,moe_67b_a2b_d2560_ep1_rep8_bs1024_seq65536_sw2k_v4_2048_muon_cooldown_step141k
148596,1.2717070579528809,,,,moe_67b_a2b_d2560_ep1_rep8_bs1024_seq65536_sw2k_v4_2048_muon_cooldown_step141k
148597,1.290718913078308,,,,moe_67b_a2b_d2560_ep1_rep8_bs1024_seq65536_sw2k_v4_2048_muon_cooldown_step141k
148600,1.3189384937286377,,,,moe_67b_a2b_d2560_ep1_rep8_bs1024_seq65536_sw2k_v4_2048_muon_cooldown_step141k
148601,1.2910577058792114,,,,moe_67b_a2b_d2560_ep1_rep8_bs1024_seq65536_sw2k_v4_2048_muon_cooldown_step141k
148610,1.2978711128234863,,,,moe_67b_a2b_d2560_ep1_rep8_bs1024_seq65536_sw2k_v4_2048_muon_cooldown_step141k
148626,1.244755506515503,,,,moe_67b_a2b_d2560_ep1_rep8_bs1024_seq65536_sw2k_v4_2048_muon_cooldown_step141k
148627,1.3044966459274292,,,,moe_67b_a2b_d2560_ep1_rep8_bs1024_seq65536_sw2k_v4_2048_muon_cooldown_step141k
148629,1.3216968774795532,,,,moe_67b_a2b_d2560_ep1_rep8_bs1024_seq65536_sw2k_v4_2048_muon_cooldown_step141k
148647,1.259268879890442,,,,moe_67b_a2b_d2560_ep1_rep8_bs1024_seq65536_sw2k_v4_2048_muon_cooldown_step141k
148651,1.2928191423416138,,,,moe_67b_a2b_d2560_ep1_rep8_bs1024_seq65536_sw2k_v4_2048_muon_cooldown_step141k
148656,1.327826738357544,,,,moe_67b_a2b_d2560_ep1_rep8_bs1024_seq65536_sw2k_v4_2048_muon_cooldown_step141k
148663,1.3218523263931274,,,,moe_67b_a2b_d2560_ep1_rep8_bs1024_seq65536_sw2k_v4_2048_muon_cooldown_step141k
148668,1.3000901937484741,,,,moe_67b_a2b_d2560_ep1_rep8_bs1024_seq65536_sw2k_v4_2048_muon_cooldown_step141k
148672,1.3290770053863525,,,,moe_67b_a2b_d2560_ep1_rep8_bs1024_seq65536_sw2k_v4_2048_muon_cooldown_step141k
148675,1.2695754766464233,,,,moe_67b_a2b_d2560_ep1_rep8_bs1024_seq65536_sw2k_v4_2048_muon_cooldown_step141k
148677,1.2763454914093018,,,,moe_67b_a2b_d2560_ep1_rep8_bs1024_seq65536_sw2k_v4_2048_muon_cooldown_step141k
148684,1.27397882938385,,,,moe_67b_a2b_d2560_ep1_rep8_bs1024_seq65536_sw2k_v4_2048_muon_cooldown_step141k
148704,1.321995735168457,,,,moe_67b_a2b_d2560_ep1_rep8_bs1024_seq65536_sw2k_v4_2048_muon_cooldown_step141k
148712,1.308673620223999,,,,moe_67b_a2b_d2560_ep1_rep8_bs1024_seq65536_sw2k_v4_2048_muon_cooldown_step141k
148727,1.2556041479110718,,,,moe_67b_a2b_d2560_ep1_rep8_bs1024_seq65536_sw2k_v4_2048_muon_cooldown_step141k
148730,1.3263132572174072,,,,moe_67b_a2b_d2560_ep1_rep8_bs1024_seq65536_sw2k_v4_2048_muon_cooldown_step141k
148736,1.324946641921997,,,,moe_67b_a2b_d2560_ep1_rep8_bs1024_seq65536_sw2k_v4_2048_muon_cooldown_step141k
148745,1.259132742881775,,,,moe_67b_a2b_d2560_ep1_rep8_bs1024_seq65536_sw2k_v4_2048_muon_cooldown_step141k
148752,1.3170056343078613,,,,moe_67b_a2b_d2560_ep1_rep8_bs1024_seq65536_sw2k_v4_2048_muon_cooldown_step141k
148753,1.2609978914260864,,,,moe_67b_a2b_d2560_ep1_rep8_bs1024_seq65536_sw2k_v4_2048_muon_cooldown_step141k
148762,1.2932062149047852,,,,moe_67b_a2b_d2560_ep1_rep8_bs1024_seq65536_sw2k_v4_2048_muon_cooldown_step141k
148777,1.281777262687683,,,,moe_67b_a2b_d2560_ep1_rep8_bs1024_seq65536_sw2k_v4_2048_muon_cooldown_step141k
148794,1.2549177408218384,,,,moe_67b_a2b_d2560_ep1_rep8_bs1024_seq65536_sw2k_v4_2048_muon_cooldown_step141k
148820,1.289110779762268,,,,moe_67b_a2b_d2560_ep1_rep8_bs1024_seq65536_sw2k_v4_2048_muon_cooldown_step141k
148830,1.3076680898666382,,,,moe_67b_a2b_d2560_ep1_rep8_bs1024_seq65536_sw2k_v4_2048_muon_cooldown_step141k
148832,1.3044404983520508,,,,moe_67b_a2b_d2560_ep1_rep8_bs1024_seq65536_sw2k_v4_2048_muon_cooldown_step141k
148840,1.293074607849121,,,,moe_67b_a2b_d2560_ep1_rep8_bs1024_seq65536_sw2k_v4_2048_muon_cooldown_step141k
148841,1.2894833087921143,,,,moe_67b_a2b_d2560_ep1_rep8_bs1024_seq65536_sw2k_v4_2048_muon_cooldown_step141k
148863,1.3193501234054565,,,,moe_67b_a2b_d2560_ep1_rep8_bs1024_seq65536_sw2k_v4_2048_muon_cooldown_step141k
148866,1.2592040300369263,,,,moe_67b_a2b_d2560_ep1_rep8_bs1024_seq65536_sw2k_v4_2048_muon_cooldown_step141k
148891,1.2676782608032227,,,,moe_67b_a2b_d2560_ep1_rep8_bs1024_seq65536_sw2k_v4_2048_muon_cooldown_step141k
148898,1.3280583620071411,,,,moe_67b_a2b_d2560_ep1_rep8_bs1024_seq65536_sw2k_v4_2048_muon_cooldown_step141k
148921,1.262059211730957,,,,moe_67b_a2b_d2560_ep1_rep8_bs1024_seq65536_sw2k_v4_2048_muon_cooldown_step141k
148923,1.2533831596374512,,,,moe_67b_a2b_d2560_ep1_rep8_bs1024_seq65536_sw2k_v4_2048_muon_cooldown_step141k
148931,1.2760931253433228,,,,moe_67b_a2b_d2560_ep1_rep8_bs1024_seq65536_sw2k_v4_2048_muon_cooldown_step141k
148934,1.279146432876587,,,,moe_67b_a2b_d2560_ep1_rep8_bs1024_seq65536_sw2k_v4_2048_muon_cooldown_step141k
148935,1.2738597393035889,,,,moe_67b_a2b_d2560_ep1_rep8_bs1024_seq65536_sw2k_v4_2048_muon_cooldown_step141k
148936,1.2710429430007935,,,,moe_67b_a2b_d2560_ep1_rep8_bs1024_seq65536_sw2k_v4_2048_muon_cooldown_step141k
148942,1.2691575288772583,,,,moe_67b_a2b_d2560_ep1_rep8_bs1024_seq65536_sw2k_v4_2048_muon_cooldown_step141k
148943,1.298100233078003,,,,moe_67b_a2b_d2560_ep1_rep8_bs1024_seq65536_sw2k_v4_2048_muon_cooldown_step141k
148952,1.2671592235565186,,,,moe_67b_a2b_d2560_ep1_rep8_bs1024_seq65536_sw2k_v4_2048_muon_cooldown_step141k
148955,1.3238595724105835,,,,moe_67b_a2b_d2560_ep1_rep8_bs1024_seq65536_sw2k_v4_2048_muon_cooldown_step141k
148977,1.327459692955017,,,,moe_67b_a2b_d2560_ep1_rep8_bs1024_seq65536_sw2k_v4_2048_muon_cooldown_step141k
148994,1.2993526458740234,,,,moe_67b_a2b_d2560_ep1_rep8_bs1024_seq65536_sw2k_v4_2048_muon_cooldown_step141k
148995,1.3050378561019897,,,,moe_67b_a2b_d2560_ep1_rep8_bs1024_seq65536_sw2k_v4_2048_muon_cooldown_step141k
149003,1.2991282939910889,,,,moe_67b_a2b_d2560_ep1_rep8_bs1024_seq65536_sw2k_v4_2048_muon_cooldown_step141k
149007,1.2749340534210205,,,,moe_67b_a2b_d2560_ep1_rep8_bs1024_seq65536_sw2k_v4_2048_muon_cooldown_step141k
149014,1.286622166633606,,,,moe_67b_a2b_d2560_ep1_rep8_bs1024_seq65536_sw2k_v4_2048_muon_cooldown_step141k
149017,1.2837934494018555,,,,moe_67b_a2b_d2560_ep1_rep8_bs1024_seq65536_sw2k_v4_2048_muon_cooldown_step141k
149035,1.2666444778442383,,,,moe_67b_a2b_d2560_ep1_rep8_bs1024_seq65536_sw2k_v4_2048_muon_cooldown_step141k
149042,1.2510006427764893,,,,moe_67b_a2b_d2560_ep1_rep8_bs1024_seq65536_sw2k_v4_2048_muon_cooldown_step141k
149056,1.289223551750183,,,,moe_67b_a2b_d2560_ep1_rep8_bs1024_seq65536_sw2k_v4_2048_muon_cooldown_step141k
149090,1.2345433235168457,,,,moe_67b_a2b_d2560_ep1_rep8_bs1024_seq65536_sw2k_v4_2048_muon_cooldown_step141k
149119,1.3170826435089111,,,,moe_67b_a2b_d2560_ep1_rep8_bs1024_seq65536_sw2k_v4_2048_muon_cooldown_step141k
149148,1.24631667137146,,,,moe_67b_a2b_d2560_ep1_rep8_bs1024_seq65536_sw2k_v4_2048_muon_cooldown_step141k
149168,1.2436491250991821,,,,moe_67b_a2b_d2560_ep1_rep8_bs1024_seq65536_sw2k_v4_2048_muon_cooldown_step141k
149169,1.2782927751541138,,,,moe_67b_a2b_d2560_ep1_rep8_bs1024_seq65536_sw2k_v4_2048_muon_cooldown_step141k
149178,1.2766562700271606,,,,moe_67b_a2b_d2560_ep1_rep8_bs1024_seq65536_sw2k_v4_2048_muon_cooldown_step141k
149181,1.2960755825042725,,,,moe_67b_a2b_d2560_ep1_rep8_bs1024_seq65536_sw2k_v4_2048_muon_cooldown_step141k
149195,1.3070317506790161,,,,moe_67b_a2b_d2560_ep1_rep8_bs1024_seq65536_sw2k_v4_2048_muon_cooldown_step141k
149201,1.2897545099258423,,,,moe_67b_a2b_d2560_ep1_rep8_bs1024_seq65536_sw2k_v4_2048_muon_cooldown_step141k
149213,1.2996363639831543,,,,moe_67b_a2b_d2560_ep1_rep8_bs1024_seq65536_sw2k_v4_2048_muon_cooldown_step141k
149221,1.278149127960205,,,,moe_67b_a2b_d2560_ep1_rep8_bs1024_seq65536_sw2k_v4_2048_muon_cooldown_step141k
149234,1.3048971891403198,,,,moe_67b_a2b_d2560_ep1_rep8_bs1024_seq65536_sw2k_v4_2048_muon_cooldown_step141k
149239,1.2748101949691772,,,,moe_67b_a2b_d2560_ep1_rep8_bs1024_seq65536_sw2k_v4_2048_muon_cooldown_step141k
149247,1.242332100868225,,,,moe_67b_a2b_d2560_ep1_rep8_bs1024_seq65536_sw2k_v4_2048_muon_cooldown_step141k
149256,1.2911189794540405,,,,moe_67b_a2b_d2560_ep1_rep8_bs1024_seq65536_sw2k_v4_2048_muon_cooldown_step141k
149267,1.2782829999923706,,,,moe_67b_a2b_d2560_ep1_rep8_bs1024_seq65536_sw2k_v4_2048_muon_cooldown_step141k
149269,1.2686011791229248,,,,moe_67b_a2b_d2560_ep1_rep8_bs1024_seq65536_sw2k_v4_2048_muon_cooldown_step141k
149278,1.2899829149246216,,,,moe_67b_a2b_d2560_ep1_rep8_bs1024_seq65536_sw2k_v4_2048_muon_cooldown_step141k
149289,1.2584822177886963,,,,moe_67b_a2b_d2560_ep1_rep8_bs1024_seq65536_sw2k_v4_2048_muon_cooldown_step141k
149305,1.3025542497634888,,,,moe_67b_a2b_d2560_ep1_rep8_bs1024_seq65536_sw2k_v4_2048_muon_cooldown_step141k
149324,1.275936245918274,,,,moe_67b_a2b_d2560_ep1_rep8_bs1024_seq65536_sw2k_v4_2048_muon_cooldown_step141k
149354,1.2895971536636353,,,,moe_67b_a2b_d2560_ep1_rep8_bs1024_seq65536_sw2k_v4_2048_muon_cooldown_step141k
149363,1.2498046159744263,,,,moe_67b_a2b_d2560_ep1_rep8_bs1024_seq65536_sw2k_v4_2048_muon_cooldown_step141k
149373,1.2986700534820557,,,,moe_67b_a2b_d2560_ep1_rep8_bs1024_seq65536_sw2k_v4_2048_muon_cooldown_step141k
149377,1.3237175941467285,,,,moe_67b_a2b_d2560_ep1_rep8_bs1024_seq65536_sw2k_v4_2048_muon_cooldown_step141k
149380,1.2558306455612183,,,,moe_67b_a2b_d2560_ep1_rep8_bs1024_seq65536_sw2k_v4_2048_muon_cooldown_step141k
149407,1.2452670335769653,,,,moe_67b_a2b_d2560_ep1_rep8_bs1024_seq65536_sw2k_v4_2048_muon_cooldown_step141k
149409,1.3027864694595337,,,,moe_67b_a2b_d2560_ep1_rep8_bs1024_seq65536_sw2k_v4_2048_muon_cooldown_step141k
149416,1.289969801902771,,,,moe_67b_a2b_d2560_ep1_rep8_bs1024_seq65536_sw2k_v4_2048_muon_cooldown_step141k
149424,1.2739639282226562,,,,moe_67b_a2b_d2560_ep1_rep8_bs1024_seq65536_sw2k_v4_2048_muon_cooldown_step141k
149441,1.2911790609359741,,,,moe_67b_a2b_d2560_ep1_rep8_bs1024_seq65536_sw2k_v4_2048_muon_cooldown_step141k
149444,1.2763561010360718,,,,moe_67b_a2b_d2560_ep1_rep8_bs1024_seq65536_sw2k_v4_2048_muon_cooldown_step141k
149445,1.3208445310592651,,,,moe_67b_a2b_d2560_ep1_rep8_bs1024_seq65536_sw2k_v4_2048_muon_cooldown_step141k
149447,1.2738138437271118,,,,moe_67b_a2b_d2560_ep1_rep8_bs1024_seq65536_sw2k_v4_2048_muon_cooldown_step141k
149465,1.2972707748413086,,,,moe_67b_a2b_d2560_ep1_rep8_bs1024_seq65536_sw2k_v4_2048_muon_cooldown_step141k
149475,1.3132216930389404,,,,moe_67b_a2b_d2560_ep1_rep8_bs1024_seq65536_sw2k_v4_2048_muon_cooldown_step141k
149484,1.2694166898727417,,,,moe_67b_a2b_d2560_ep1_rep8_bs1024_seq65536_sw2k_v4_2048_muon_cooldown_step141k
149492,1.2852869033813477,,,,moe_67b_a2b_d2560_ep1_rep8_bs1024_seq65536_sw2k_v4_2048_muon_cooldown_step141k
149496,1.2351332902908325,,,,moe_67b_a2b_d2560_ep1_rep8_bs1024_seq65536_sw2k_v4_2048_muon_cooldown_step141k
149500,1.32085382938385,,,,moe_67b_a2b_d2560_ep1_rep8_bs1024_seq65536_sw2k_v4_2048_muon_cooldown_step141k
149507,1.2761026620864868,,,,moe_67b_a2b_d2560_ep1_rep8_bs1024_seq65536_sw2k_v4_2048_muon_cooldown_step141k
149513,1.2575968503952026,,,,moe_67b_a2b_d2560_ep1_rep8_bs1024_seq65536_sw2k_v4_2048_muon_cooldown_step141k
149516,1.2904330492019653,,,,moe_67b_a2b_d2560_ep1_rep8_bs1024_seq65536_sw2k_v4_2048_muon_cooldown_step141k
149520,1.2934671640396118,,,,moe_67b_a2b_d2560_ep1_rep8_bs1024_seq65536_sw2k_v4_2048_muon_cooldown_step141k
149527,1.2867308855056763,,,,moe_67b_a2b_d2560_ep1_rep8_bs1024_seq65536_sw2k_v4_2048_muon_cooldown_step141k
149535,1.2874789237976074,,,,moe_67b_a2b_d2560_ep1_rep8_bs1024_seq65536_sw2k_v4_2048_muon_cooldown_step141k
149550,1.2682417631149292,,,,moe_67b_a2b_d2560_ep1_rep8_bs1024_seq65536_sw2k_v4_2048_muon_cooldown_step141k
149554,1.2855783700942993,,,,moe_67b_a2b_d2560_ep1_rep8_bs1024_seq65536_sw2k_v4_2048_muon_cooldown_step141k
149555,1.3035913705825806,,,,moe_67b_a2b_d2560_ep1_rep8_bs1024_seq65536_sw2k_v4_2048_muon_cooldown_step141k
149560,1.2933270931243896,,,,moe_67b_a2b_d2560_ep1_rep8_bs1024_seq65536_sw2k_v4_2048_muon_cooldown_step141k
149566,1.2876194715499878,,,,moe_67b_a2b_d2560_ep1_rep8_bs1024_seq65536_sw2k_v4_2048_muon_cooldown_step141k
149573,1.2981082201004028,,,,moe_67b_a2b_d2560_ep1_rep8_bs1024_seq65536_sw2k_v4_2048_muon_cooldown_step141k
149576,1.287659764289856,,,,moe_67b_a2b_d2560_ep1_rep8_bs1024_seq65536_sw2k_v4_2048_muon_cooldown_step141k
149578,1.287410855293274,,,,moe_67b_a2b_d2560_ep1_rep8_bs1024_seq65536_sw2k_v4_2048_muon_cooldown_step141k
149597,1.2804181575775146,,,,moe_67b_a2b_d2560_ep1_rep8_bs1024_seq65536_sw2k_v4_2048_muon_cooldown_step141k
149621,1.2726024389266968,,,,moe_67b_a2b_d2560_ep1_rep8_bs1024_seq65536_sw2k_v4_2048_muon_cooldown_step141k
149638,1.2978477478027344,,,,moe_67b_a2b_d2560_ep1_rep8_bs1024_seq65536_sw2k_v4_2048_muon_cooldown_step141k
149656,1.268789291381836,,,,moe_67b_a2b_d2560_ep1_rep8_bs1024_seq65536_sw2k_v4_2048_muon_cooldown_step141k
149665,1.2757172584533691,,,,moe_67b_a2b_d2560_ep1_rep8_bs1024_seq65536_sw2k_v4_2048_muon_cooldown_step141k
149669,1.3131271600723267,,,,moe_67b_a2b_d2560_ep1_rep8_bs1024_seq65536_sw2k_v4_2048_muon_cooldown_step141k
149673,1.300805926322937,,,,moe_67b_a2b_d2560_ep1_rep8_bs1024_seq65536_sw2k_v4_2048_muon_cooldown_step141k
149684,1.2593992948532104,,,,moe_67b_a2b_d2560_ep1_rep8_bs1024_seq65536_sw2k_v4_2048_muon_cooldown_step141k
149687,1.2580760717391968,,,,moe_67b_a2b_d2560_ep1_rep8_bs1024_seq65536_sw2k_v4_2048_muon_cooldown_step141k
149694,1.2828947305679321,,,,moe_67b_a2b_d2560_ep1_rep8_bs1024_seq65536_sw2k_v4_2048_muon_cooldown_step141k
149695,1.343285083770752,,,,moe_67b_a2b_d2560_ep1_rep8_bs1024_seq65536_sw2k_v4_2048_muon_cooldown_step141k
149700,1.2918545007705688,,,,moe_67b_a2b_d2560_ep1_rep8_bs1024_seq65536_sw2k_v4_2048_muon_cooldown_step141k
149707,1.3102831840515137,,,,moe_67b_a2b_d2560_ep1_rep8_bs1024_seq65536_sw2k_v4_2048_muon_cooldown_step141k
149709,1.2718781232833862,,,,moe_67b_a2b_d2560_ep1_rep8_bs1024_seq65536_sw2k_v4_2048_muon_cooldown_step141k
149719,1.2407513856887817,,,,moe_67b_a2b_d2560_ep1_rep8_bs1024_seq65536_sw2k_v4_2048_muon_cooldown_step141k
149724,1.2928072214126587,,,,moe_67b_a2b_d2560_ep1_rep8_bs1024_seq65536_sw2k_v4_2048_muon_cooldown_step141k
149749,1.2871118783950806,,,,moe_67b_a2b_d2560_ep1_rep8_bs1024_seq65536_sw2k_v4_2048_muon_cooldown_step141k
149751,1.2852307558059692,,,,moe_67b_a2b_d2560_ep1_rep8_bs1024_seq65536_sw2k_v4_2048_muon_cooldown_step141k
149756,1.274811029434204,,,,moe_67b_a2b_d2560_ep1_rep8_bs1024_seq65536_sw2k_v4_2048_muon_cooldown_step141k
149762,1.2896124124526978,,,,moe_67b_a2b_d2560_ep1_rep8_bs1024_seq65536_sw2k_v4_2048_muon_cooldown_step141k
149763,1.2726796865463257,,,,moe_67b_a2b_d2560_ep1_rep8_bs1024_seq65536_sw2k_v4_2048_muon_cooldown_step141k
149767,1.322330355644226,,,,moe_67b_a2b_d2560_ep1_rep8_bs1024_seq65536_sw2k_v4_2048_muon_cooldown_step141k
149781,1.3016996383666992,,,,moe_67b_a2b_d2560_ep1_rep8_bs1024_seq65536_sw2k_v4_2048_muon_cooldown_step141k
149788,1.2612112760543823,,,,moe_67b_a2b_d2560_ep1_rep8_bs1024_seq65536_sw2k_v4_2048_muon_cooldown_step141k
149791,1.2968733310699463,,,,moe_67b_a2b_d2560_ep1_rep8_bs1024_seq65536_sw2k_v4_2048_muon_cooldown_step141k
149798,1.2666528224945068,,,,moe_67b_a2b_d2560_ep1_rep8_bs1024_seq65536_sw2k_v4_2048_muon_cooldown_step141k
149801,1.3293612003326416,,,,moe_67b_a2b_d2560_ep1_rep8_bs1024_seq65536_sw2k_v4_2048_muon_cooldown_step141k
149804,1.284977674484253,,,,moe_67b_a2b_d2560_ep1_rep8_bs1024_seq65536_sw2k_v4_2048_muon_cooldown_step141k
149805,1.3134137392044067,,,,moe_67b_a2b_d2560_ep1_rep8_bs1024_seq65536_sw2k_v4_2048_muon_cooldown_step141k
149825,1.2886900901794434,,,,moe_67b_a2b_d2560_ep1_rep8_bs1024_seq65536_sw2k_v4_2048_muon_cooldown_step141k
149830,1.2634544372558594,,,,moe_67b_a2b_d2560_ep1_rep8_bs1024_seq65536_sw2k_v4_2048_muon_cooldown_step141k
149848,1.2912051677703857,,,,moe_67b_a2b_d2560_ep1_rep8_bs1024_seq65536_sw2k_v4_2048_muon_cooldown_step141k
149850,1.3103013038635254,,,,moe_67b_a2b_d2560_ep1_rep8_bs1024_seq65536_sw2k_v4_2048_muon_cooldown_step141k
149854,1.2838423252105713,,,,moe_67b_a2b_d2560_ep1_rep8_bs1024_seq65536_sw2k_v4_2048_muon_cooldown_step141k
149869,1.2574142217636108,,,,moe_67b_a2b_d2560_ep1_rep8_bs1024_seq65536_sw2k_v4_2048_muon_cooldown_step141k
149880,1.2865910530090332,,,,moe_67b_a2b_d2560_ep1_rep8_bs1024_seq65536_sw2k_v4_2048_muon_cooldown_step141k
149885,1.2803622484207153,,,,moe_67b_a2b_d2560_ep1_rep8_bs1024_seq65536_sw2k_v4_2048_muon_cooldown_step141k
149892,1.2957786321640015,,,,moe_67b_a2b_d2560_ep1_rep8_bs1024_seq65536_sw2k_v4_2048_muon_cooldown_step141k
149899,1.2718364000320435,,,,moe_67b_a2b_d2560_ep1_rep8_bs1024_seq65536_sw2k_v4_2048_muon_cooldown_step141k
149904,1.3131662607192993,,,,moe_67b_a2b_d2560_ep1_rep8_bs1024_seq65536_sw2k_v4_2048_muon_cooldown_step141k
149925,1.3179525136947632,,,,moe_67b_a2b_d2560_ep1_rep8_bs1024_seq65536_sw2k_v4_2048_muon_cooldown_step141k
149934,1.2685515880584717,,,,moe_67b_a2b_d2560_ep1_rep8_bs1024_seq65536_sw2k_v4_2048_muon_cooldown_step141k
149935,1.287800669670105,,,,moe_67b_a2b_d2560_ep1_rep8_bs1024_seq65536_sw2k_v4_2048_muon_cooldown_step141k
149940,1.270417332649231,,,,moe_67b_a2b_d2560_ep1_rep8_bs1024_seq65536_sw2k_v4_2048_muon_cooldown_step141k
149942,1.3095141649246216,,,,moe_67b_a2b_d2560_ep1_rep8_bs1024_seq65536_sw2k_v4_2048_muon_cooldown_step141k
149944,1.2300012111663818,,,,moe_67b_a2b_d2560_ep1_rep8_bs1024_seq65536_sw2k_v4_2048_muon_cooldown_step141k
149949,1.287427306175232,,,,moe_67b_a2b_d2560_ep1_rep8_bs1024_seq65536_sw2k_v4_2048_muon_cooldown_step141k
149957,1.2763288021087646,,,,moe_67b_a2b_d2560_ep1_rep8_bs1024_seq65536_sw2k_v4_2048_muon_cooldown_step141k
149970,1.2885544300079346,,,,moe_67b_a2b_d2560_ep1_rep8_bs1024_seq65536_sw2k_v4_2048_muon_cooldown_step141k
149976,1.290639042854309,,,,moe_67b_a2b_d2560_ep1_rep8_bs1024_seq65536_sw2k_v4_2048_muon_cooldown_step141k
149978,1.2700906991958618,,,,moe_67b_a2b_d2560_ep1_rep8_bs1024_seq65536_sw2k_v4_2048_muon_cooldown_step141k
149980,1.291871190071106,,,,moe_67b_a2b_d2560_ep1_rep8_bs1024_seq65536_sw2k_v4_2048_muon_cooldown_step141k
149982,1.2784814834594727,,,,moe_67b_a2b_d2560_ep1_rep8_bs1024_seq65536_sw2k_v4_2048_muon_cooldown_step141k
149992,1.2516599893569946,,,,moe_67b_a2b_d2560_ep1_rep8_bs1024_seq65536_sw2k_v4_2048_muon_cooldown_step141k
150000,,2.2736003398895264,1.886930227279663,2.035534381866455,moe_67b_a2b_d2560_ep1_rep8_bs1024_seq65536_sw2k_v4_2048_muon_cooldown_step141k
150020,1.267286777496338,,,,moe_67b_a2b_d2560_ep1_rep8_bs1024_seq65536_sw2k_v4_2048_muon_cooldown_step141k
150034,1.2368779182434082,,,,moe_67b_a2b_d2560_ep1_rep8_bs1024_seq65536_sw2k_v4_2048_muon_cooldown_step141k
150041,1.28316330909729,,,,moe_67b_a2b_d2560_ep1_rep8_bs1024_seq65536_sw2k_v4_2048_muon_cooldown_step141k
150043,1.262279748916626,,,,moe_67b_a2b_d2560_ep1_rep8_bs1024_seq65536_sw2k_v4_2048_muon_cooldown_step141k
150044,1.2985700368881226,,,,moe_67b_a2b_d2560_ep1_rep8_bs1024_seq65536_sw2k_v4_2048_muon_cooldown_step141k
150045,1.2913299798965454,,,,moe_67b_a2b_d2560_ep1_rep8_bs1024_seq65536_sw2k_v4_2048_muon_cooldown_step141k
150050,1.3062182664871216,,,,moe_67b_a2b_d2560_ep1_rep8_bs1024_seq65536_sw2k_v4_2048_muon_cooldown_step141k
150060,1.2930266857147217,,,,moe_67b_a2b_d2560_ep1_rep8_bs1024_seq65536_sw2k_v4_2048_muon_cooldown_step141k
150065,1.2994980812072754,,,,moe_67b_a2b_d2560_ep1_rep8_bs1024_seq65536_sw2k_v4_2048_muon_cooldown_step141k
150088,1.2635139226913452,,,,moe_67b_a2b_d2560_ep1_rep8_bs1024_seq65536_sw2k_v4_2048_muon_cooldown_step141k
150089,1.2714964151382446,,,,moe_67b_a2b_d2560_ep1_rep8_bs1024_seq65536_sw2k_v4_2048_muon_cooldown_step141k
150102,1.2794251441955566,,,,moe_67b_a2b_d2560_ep1_rep8_bs1024_seq65536_sw2k_v4_2048_muon_cooldown_step141k
150103,1.2742708921432495,,,,moe_67b_a2b_d2560_ep1_rep8_bs1024_seq65536_sw2k_v4_2048_muon_cooldown_step141k
150119,1.3074753284454346,,,,moe_67b_a2b_d2560_ep1_rep8_bs1024_seq65536_sw2k_v4_2048_muon_cooldown_step141k
150122,1.2726854085922241,,,,moe_67b_a2b_d2560_ep1_rep8_bs1024_seq65536_sw2k_v4_2048_muon_cooldown_step141k
150123,1.2751092910766602,,,,moe_67b_a2b_d2560_ep1_rep8_bs1024_seq65536_sw2k_v4_2048_muon_cooldown_step141k
150127,1.2949106693267822,,,,moe_67b_a2b_d2560_ep1_rep8_bs1024_seq65536_sw2k_v4_2048_muon_cooldown_step141k
150136,1.2450090646743774,,,,moe_67b_a2b_d2560_ep1_rep8_bs1024_seq65536_sw2k_v4_2048_muon_cooldown_step141k
150140,1.3122119903564453,,,,moe_67b_a2b_d2560_ep1_rep8_bs1024_seq65536_sw2k_v4_2048_muon_cooldown_step141k
150155,1.2751730680465698,,,,moe_67b_a2b_d2560_ep1_rep8_bs1024_seq65536_sw2k_v4_2048_muon_cooldown_step141k
150160,1.296081781387329,,,,moe_67b_a2b_d2560_ep1_rep8_bs1024_seq65536_sw2k_v4_2048_muon_cooldown_step141k
150164,1.2566899061203003,,,,moe_67b_a2b_d2560_ep1_rep8_bs1024_seq65536_sw2k_v4_2048_muon_cooldown_step141k
150182,1.3014596700668335,,,,moe_67b_a2b_d2560_ep1_rep8_bs1024_seq65536_sw2k_v4_2048_muon_cooldown_step141k
150185,1.281874656677246,,,,moe_67b_a2b_d2560_ep1_rep8_bs1024_seq65536_sw2k_v4_2048_muon_cooldown_step141k
150232,1.3096811771392822,,,,moe_67b_a2b_d2560_ep1_rep8_bs1024_seq65536_sw2k_v4_2048_muon_cooldown_step141k
150241,1.2745656967163086,,,,moe_67b_a2b_d2560_ep1_rep8_bs1024_seq65536_sw2k_v4_2048_muon_cooldown_step141k
150259,1.2520244121551514,,,,moe_67b_a2b_d2560_ep1_rep8_bs1024_seq65536_sw2k_v4_2048_muon_cooldown_step141k
150273,1.3017654418945312,,,,moe_67b_a2b_d2560_ep1_rep8_bs1024_seq65536_sw2k_v4_2048_muon_cooldown_step141k
150281,1.2576467990875244,,,,moe_67b_a2b_d2560_ep1_rep8_bs1024_seq65536_sw2k_v4_2048_muon_cooldown_step141k
150305,1.262573003768921,,,,moe_67b_a2b_d2560_ep1_rep8_bs1024_seq65536_sw2k_v4_2048_muon_cooldown_step141k
150308,1.2810344696044922,,,,moe_67b_a2b_d2560_ep1_rep8_bs1024_seq65536_sw2k_v4_2048_muon_cooldown_step141k
150310,1.2853680849075317,,,,moe_67b_a2b_d2560_ep1_rep8_bs1024_seq65536_sw2k_v4_2048_muon_cooldown_step141k
150315,1.2707968950271606,,,,moe_67b_a2b_d2560_ep1_rep8_bs1024_seq65536_sw2k_v4_2048_muon_cooldown_step141k
150324,1.3208101987838745,,,,moe_67b_a2b_d2560_ep1_rep8_bs1024_seq65536_sw2k_v4_2048_muon_cooldown_step141k
150329,1.2892882823944092,,,,moe_67b_a2b_d2560_ep1_rep8_bs1024_seq65536_sw2k_v4_2048_muon_cooldown_step141k
150330,1.2831779718399048,,,,moe_67b_a2b_d2560_ep1_rep8_bs1024_seq65536_sw2k_v4_2048_muon_cooldown_step141k
150333,1.3701684474945068,,,,moe_67b_a2b_d2560_ep1_rep8_bs1024_seq65536_sw2k_v4_2048_muon_cooldown_step141k
150365,1.2484421730041504,,,,moe_67b_a2b_d2560_ep1_rep8_bs1024_seq65536_sw2k_v4_2048_muon_cooldown_step141k
150372,1.2888474464416504,,,,moe_67b_a2b_d2560_ep1_rep8_bs1024_seq65536_sw2k_v4_2048_muon_cooldown_step141k
150381,1.3090133666992188,,,,moe_67b_a2b_d2560_ep1_rep8_bs1024_seq65536_sw2k_v4_2048_muon_cooldown_step141k
150383,1.2862313985824585,,,,moe_67b_a2b_d2560_ep1_rep8_bs1024_seq65536_sw2k_v4_2048_muon_cooldown_step141k
150429,1.294094443321228,,,,moe_67b_a2b_d2560_ep1_rep8_bs1024_seq65536_sw2k_v4_2048_muon_cooldown_step141k
150439,1.295949935913086,,,,moe_67b_a2b_d2560_ep1_rep8_bs1024_seq65536_sw2k_v4_2048_muon_cooldown_step141k
150443,1.276802897453308,,,,moe_67b_a2b_d2560_ep1_rep8_bs1024_seq65536_sw2k_v4_2048_muon_cooldown_step141k
150444,1.2965564727783203,,,,moe_67b_a2b_d2560_ep1_rep8_bs1024_seq65536_sw2k_v4_2048_muon_cooldown_step141k
150453,1.2601548433303833,,,,moe_67b_a2b_d2560_ep1_rep8_bs1024_seq65536_sw2k_v4_2048_muon_cooldown_step141k
150464,1.2967097759246826,,,,moe_67b_a2b_d2560_ep1_rep8_bs1024_seq65536_sw2k_v4_2048_muon_cooldown_step141k
150480,1.3040097951889038,,,,moe_67b_a2b_d2560_ep1_rep8_bs1024_seq65536_sw2k_v4_2048_muon_cooldown_step141k
150493,1.2783094644546509,,,,moe_67b_a2b_d2560_ep1_rep8_bs1024_seq65536_sw2k_v4_2048_muon_cooldown_step141k
150501,1.2935870885849,,,,moe_67b_a2b_d2560_ep1_rep8_bs1024_seq65536_sw2k_v4_2048_muon_cooldown_step141k
150512,1.242024540901184,,,,moe_67b_a2b_d2560_ep1_rep8_bs1024_seq65536_sw2k_v4_2048_muon_cooldown_step141k
150530,1.2946799993515015,,,,moe_67b_a2b_d2560_ep1_rep8_bs1024_seq65536_sw2k_v4_2048_muon_cooldown_step141k
150532,1.2526792287826538,,,,moe_67b_a2b_d2560_ep1_rep8_bs1024_seq65536_sw2k_v4_2048_muon_cooldown_step141k
150542,1.280654788017273,,,,moe_67b_a2b_d2560_ep1_rep8_bs1024_seq65536_sw2k_v4_2048_muon_cooldown_step141k
150580,1.33026921749115,,,,moe_67b_a2b_d2560_ep1_rep8_bs1024_seq65536_sw2k_v4_2048_muon_cooldown_step141k
150585,1.2618821859359741,,,,moe_67b_a2b_d2560_ep1_rep8_bs1024_seq65536_sw2k_v4_2048_muon_cooldown_step141k
150616,1.2839443683624268,,,,moe_67b_a2b_d2560_ep1_rep8_bs1024_seq65536_sw2k_v4_2048_muon_cooldown_step141k
150618,1.3058074712753296,,,,moe_67b_a2b_d2560_ep1_rep8_bs1024_seq65536_sw2k_v4_2048_muon_cooldown_step141k
150623,1.2779353857040405,,,,moe_67b_a2b_d2560_ep1_rep8_bs1024_seq65536_sw2k_v4_2048_muon_cooldown_step141k
150635,1.2847137451171875,,,,moe_67b_a2b_d2560_ep1_rep8_bs1024_seq65536_sw2k_v4_2048_muon_cooldown_step141k
150655,1.3045543432235718,,,,moe_67b_a2b_d2560_ep1_rep8_bs1024_seq65536_sw2k_v4_2048_muon_cooldown_step141k
150664,1.2607486248016357,,,,moe_67b_a2b_d2560_ep1_rep8_bs1024_seq65536_sw2k_v4_2048_muon_cooldown_step141k
150665,1.2454689741134644,,,,moe_67b_a2b_d2560_ep1_rep8_bs1024_seq65536_sw2k_v4_2048_muon_cooldown_step141k
150673,1.2774724960327148,,,,moe_67b_a2b_d2560_ep1_rep8_bs1024_seq65536_sw2k_v4_2048_muon_cooldown_step141k
150674,1.2928322553634644,,,,moe_67b_a2b_d2560_ep1_rep8_bs1024_seq65536_sw2k_v4_2048_muon_cooldown_step141k
150677,1.2575253248214722,,,,moe_67b_a2b_d2560_ep1_rep8_bs1024_seq65536_sw2k_v4_2048_muon_cooldown_step141k
150686,1.2759627103805542,,,,moe_67b_a2b_d2560_ep1_rep8_bs1024_seq65536_sw2k_v4_2048_muon_cooldown_step141k
150702,1.2468085289001465,,,,moe_67b_a2b_d2560_ep1_rep8_bs1024_seq65536_sw2k_v4_2048_muon_cooldown_step141k
150709,1.2572609186172485,,,,moe_67b_a2b_d2560_ep1_rep8_bs1024_seq65536_sw2k_v4_2048_muon_cooldown_step141k
150711,1.2750157117843628,,,,moe_67b_a2b_d2560_ep1_rep8_bs1024_seq65536_sw2k_v4_2048_muon_cooldown_step141k
150713,1.2757821083068848,,,,moe_67b_a2b_d2560_ep1_rep8_bs1024_seq65536_sw2k_v4_2048_muon_cooldown_step141k
150714,1.2696386575698853,,,,moe_67b_a2b_d2560_ep1_rep8_bs1024_seq65536_sw2k_v4_2048_muon_cooldown_step141k
150729,1.2782931327819824,,,,moe_67b_a2b_d2560_ep1_rep8_bs1024_seq65536_sw2k_v4_2048_muon_cooldown_step141k
150734,1.2926862239837646,,,,moe_67b_a2b_d2560_ep1_rep8_bs1024_seq65536_sw2k_v4_2048_muon_cooldown_step141k
150737,1.2581243515014648,,,,moe_67b_a2b_d2560_ep1_rep8_bs1024_seq65536_sw2k_v4_2048_muon_cooldown_step141k
150740,1.2792508602142334,,,,moe_67b_a2b_d2560_ep1_rep8_bs1024_seq65536_sw2k_v4_2048_muon_cooldown_step141k
150781,1.292729377746582,,,,moe_67b_a2b_d2560_ep1_rep8_bs1024_seq65536_sw2k_v4_2048_muon_cooldown_step141k
150786,1.2944587469100952,,,,moe_67b_a2b_d2560_ep1_rep8_bs1024_seq65536_sw2k_v4_2048_muon_cooldown_step141k
150791,1.2893918752670288,,,,moe_67b_a2b_d2560_ep1_rep8_bs1024_seq65536_sw2k_v4_2048_muon_cooldown_step141k
150798,1.28000807762146,,,,moe_67b_a2b_d2560_ep1_rep8_bs1024_seq65536_sw2k_v4_2048_muon_cooldown_step141k
150811,1.278831958770752,,,,moe_67b_a2b_d2560_ep1_rep8_bs1024_seq65536_sw2k_v4_2048_muon_cooldown_step141k
150821,1.2755779027938843,,,,moe_67b_a2b_d2560_ep1_rep8_bs1024_seq65536_sw2k_v4_2048_muon_cooldown_step141k
150841,1.2613424062728882,,,,moe_67b_a2b_d2560_ep1_rep8_bs1024_seq65536_sw2k_v4_2048_muon_cooldown_step141k
150842,1.2574483156204224,,,,moe_67b_a2b_d2560_ep1_rep8_bs1024_seq65536_sw2k_v4_2048_muon_cooldown_step141k
150874,1.2704415321350098,,,,moe_67b_a2b_d2560_ep1_rep8_bs1024_seq65536_sw2k_v4_2048_muon_cooldown_step141k
150877,1.3085075616836548,,,,moe_67b_a2b_d2560_ep1_rep8_bs1024_seq65536_sw2k_v4_2048_muon_cooldown_step141k
150878,1.2984751462936401,,,,moe_67b_a2b_d2560_ep1_rep8_bs1024_seq65536_sw2k_v4_2048_muon_cooldown_step141k
150879,1.2787821292877197,,,,moe_67b_a2b_d2560_ep1_rep8_bs1024_seq65536_sw2k_v4_2048_muon_cooldown_step141k
150898,1.3036292791366577,,,,moe_67b_a2b_d2560_ep1_rep8_bs1024_seq65536_sw2k_v4_2048_muon_cooldown_step141k
150899,1.2254489660263062,,,,moe_67b_a2b_d2560_ep1_rep8_bs1024_seq65536_sw2k_v4_2048_muon_cooldown_step141k
150916,1.237515926361084,,,,moe_67b_a2b_d2560_ep1_rep8_bs1024_seq65536_sw2k_v4_2048_muon_cooldown_step141k
150923,1.296051025390625,,,,moe_67b_a2b_d2560_ep1_rep8_bs1024_seq65536_sw2k_v4_2048_muon_cooldown_step141k
150941,1.2524044513702393,,,,moe_67b_a2b_d2560_ep1_rep8_bs1024_seq65536_sw2k_v4_2048_muon_cooldown_step141k
150956,1.2516984939575195,,,,moe_67b_a2b_d2560_ep1_rep8_bs1024_seq65536_sw2k_v4_2048_muon_cooldown_step141k
150963,1.2909489870071411,,,,moe_67b_a2b_d2560_ep1_rep8_bs1024_seq65536_sw2k_v4_2048_muon_cooldown_step141k
150975,1.293668508529663,,,,moe_67b_a2b_d2560_ep1_rep8_bs1024_seq65536_sw2k_v4_2048_muon_cooldown_step141k
150986,1.2780681848526,,,,moe_67b_a2b_d2560_ep1_rep8_bs1024_seq65536_sw2k_v4_2048_muon_cooldown_step141k
151005,1.3206526041030884,,,,moe_67b_a2b_d2560_ep1_rep8_bs1024_seq65536_sw2k_v4_2048_muon_cooldown_step141k
151016,1.3132002353668213,,,,moe_67b_a2b_d2560_ep1_rep8_bs1024_seq65536_sw2k_v4_2048_muon_cooldown_step141k
151018,1.2660118341445923,,,,moe_67b_a2b_d2560_ep1_rep8_bs1024_seq65536_sw2k_v4_2048_muon_cooldown_step141k
151034,1.2651164531707764,,,,moe_67b_a2b_d2560_ep1_rep8_bs1024_seq65536_sw2k_v4_2048_muon_cooldown_step141k
151042,1.2910040616989136,,,,moe_67b_a2b_d2560_ep1_rep8_bs1024_seq65536_sw2k_v4_2048_muon_cooldown_step141k
151047,1.254813551902771,,,,moe_67b_a2b_d2560_ep1_rep8_bs1024_seq65536_sw2k_v4_2048_muon_cooldown_step141k
151049,1.2818399667739868,,,,moe_67b_a2b_d2560_ep1_rep8_bs1024_seq65536_sw2k_v4_2048_muon_cooldown_step141k
151059,1.3217904567718506,,,,moe_67b_a2b_d2560_ep1_rep8_bs1024_seq65536_sw2k_v4_2048_muon_cooldown_step141k
151061,1.2641957998275757,,,,moe_67b_a2b_d2560_ep1_rep8_bs1024_seq65536_sw2k_v4_2048_muon_cooldown_step141k
151065,1.2719405889511108,,,,moe_67b_a2b_d2560_ep1_rep8_bs1024_seq65536_sw2k_v4_2048_muon_cooldown_step141k
151071,1.2873774766921997,,,,moe_67b_a2b_d2560_ep1_rep8_bs1024_seq65536_sw2k_v4_2048_muon_cooldown_step141k
151078,1.2958896160125732,,,,moe_67b_a2b_d2560_ep1_rep8_bs1024_seq65536_sw2k_v4_2048_muon_cooldown_step141k
151079,1.3000587224960327,,,,moe_67b_a2b_d2560_ep1_rep8_bs1024_seq65536_sw2k_v4_2048_muon_cooldown_step141k
151113,1.29122793674469,,,,moe_67b_a2b_d2560_ep1_rep8_bs1024_seq65536_sw2k_v4_2048_muon_cooldown_step141k
151123,1.2792197465896606,,,,moe_67b_a2b_d2560_ep1_rep8_bs1024_seq65536_sw2k_v4_2048_muon_cooldown_step141k
151131,1.3082515001296997,,,,moe_67b_a2b_d2560_ep1_rep8_bs1024_seq65536_sw2k_v4_2048_muon_cooldown_step141k
151137,1.2904919385910034,,,,moe_67b_a2b_d2560_ep1_rep8_bs1024_seq65536_sw2k_v4_2048_muon_cooldown_step141k
151150,1.274013638496399,,,,moe_67b_a2b_d2560_ep1_rep8_bs1024_seq65536_sw2k_v4_2048_muon_cooldown_step141k
151159,1.282576084136963,,,,moe_67b_a2b_d2560_ep1_rep8_bs1024_seq65536_sw2k_v4_2048_muon_cooldown_step141k
151175,1.2505624294281006,,,,moe_67b_a2b_d2560_ep1_rep8_bs1024_seq65536_sw2k_v4_2048_muon_cooldown_step141k
151196,1.297318458557129,,,,moe_67b_a2b_d2560_ep1_rep8_bs1024_seq65536_sw2k_v4_2048_muon_cooldown_step141k
151202,1.2464630603790283,,,,moe_67b_a2b_d2560_ep1_rep8_bs1024_seq65536_sw2k_v4_2048_muon_cooldown_step141k
151203,1.2605727910995483,,,,moe_67b_a2b_d2560_ep1_rep8_bs1024_seq65536_sw2k_v4_2048_muon_cooldown_step141k
151223,1.2921055555343628,,,,moe_67b_a2b_d2560_ep1_rep8_bs1024_seq65536_sw2k_v4_2048_muon_cooldown_step141k
151224,1.3075799942016602,,,,moe_67b_a2b_d2560_ep1_rep8_bs1024_seq65536_sw2k_v4_2048_muon_cooldown_step141k
151233,1.2716543674468994,,,,moe_67b_a2b_d2560_ep1_rep8_bs1024_seq65536_sw2k_v4_2048_muon_cooldown_step141k
151240,1.2760525941848755,,,,moe_67b_a2b_d2560_ep1_rep8_bs1024_seq65536_sw2k_v4_2048_muon_cooldown_step141k
151253,1.27098548412323,,,,moe_67b_a2b_d2560_ep1_rep8_bs1024_seq65536_sw2k_v4_2048_muon_cooldown_step141k
151256,1.3043779134750366,,,,moe_67b_a2b_d2560_ep1_rep8_bs1024_seq65536_sw2k_v4_2048_muon_cooldown_step141k
151261,1.2567366361618042,,,,moe_67b_a2b_d2560_ep1_rep8_bs1024_seq65536_sw2k_v4_2048_muon_cooldown_step141k
151264,1.2629945278167725,,,,moe_67b_a2b_d2560_ep1_rep8_bs1024_seq65536_sw2k_v4_2048_muon_cooldown_step141k
151265,1.2322306632995605,,,,moe_67b_a2b_d2560_ep1_rep8_bs1024_seq65536_sw2k_v4_2048_muon_cooldown_step141k
151266,1.2524986267089844,,,,moe_67b_a2b_d2560_ep1_rep8_bs1024_seq65536_sw2k_v4_2048_muon_cooldown_step141k
151278,1.2741904258728027,,,,moe_67b_a2b_d2560_ep1_rep8_bs1024_seq65536_sw2k_v4_2048_muon_cooldown_step141k
151281,1.296616554260254,,,,moe_67b_a2b_d2560_ep1_rep8_bs1024_seq65536_sw2k_v4_2048_muon_cooldown_step141k
151282,1.3020528554916382,,,,moe_67b_a2b_d2560_ep1_rep8_bs1024_seq65536_sw2k_v4_2048_muon_cooldown_step141k
151287,1.3153235912322998,,,,moe_67b_a2b_d2560_ep1_rep8_bs1024_seq65536_sw2k_v4_2048_muon_cooldown_step141k
151296,1.2380549907684326,,,,moe_67b_a2b_d2560_ep1_rep8_bs1024_seq65536_sw2k_v4_2048_muon_cooldown_step141k
151303,1.2326979637145996,,,,moe_67b_a2b_d2560_ep1_rep8_bs1024_seq65536_sw2k_v4_2048_muon_cooldown_step141k
151304,1.3098100423812866,,,,moe_67b_a2b_d2560_ep1_rep8_bs1024_seq65536_sw2k_v4_2048_muon_cooldown_step141k
151308,1.2751539945602417,,,,moe_67b_a2b_d2560_ep1_rep8_bs1024_seq65536_sw2k_v4_2048_muon_cooldown_step141k
151323,1.274890661239624,,,,moe_67b_a2b_d2560_ep1_rep8_bs1024_seq65536_sw2k_v4_2048_muon_cooldown_step141k
151340,1.2947502136230469,,,,moe_67b_a2b_d2560_ep1_rep8_bs1024_seq65536_sw2k_v4_2048_muon_cooldown_step141k
151345,1.2804510593414307,,,,moe_67b_a2b_d2560_ep1_rep8_bs1024_seq65536_sw2k_v4_2048_muon_cooldown_step141k
151362,1.2429405450820923,,,,moe_67b_a2b_d2560_ep1_rep8_bs1024_seq65536_sw2k_v4_2048_muon_cooldown_step141k
151369,1.272896647453308,,,,moe_67b_a2b_d2560_ep1_rep8_bs1024_seq65536_sw2k_v4_2048_muon_cooldown_step141k
151372,1.2846953868865967,,,,moe_67b_a2b_d2560_ep1_rep8_bs1024_seq65536_sw2k_v4_2048_muon_cooldown_step141k
151382,1.2533459663391113,,,,moe_67b_a2b_d2560_ep1_rep8_bs1024_seq65536_sw2k_v4_2048_muon_cooldown_step141k
151395,1.3052544593811035,,,,moe_67b_a2b_d2560_ep1_rep8_bs1024_seq65536_sw2k_v4_2048_muon_cooldown_step141k
151415,1.2817023992538452,,,,moe_67b_a2b_d2560_ep1_rep8_bs1024_seq65536_sw2k_v4_2048_muon_cooldown_step141k
151438,1.3196849822998047,,,,moe_67b_a2b_d2560_ep1_rep8_bs1024_seq65536_sw2k_v4_2048_muon_cooldown_step141k
151440,1.2812659740447998,,,,moe_67b_a2b_d2560_ep1_rep8_bs1024_seq65536_sw2k_v4_2048_muon_cooldown_step141k
151449,1.2770551443099976,,,,moe_67b_a2b_d2560_ep1_rep8_bs1024_seq65536_sw2k_v4_2048_muon_cooldown_step141k
151466,1.274372935295105,,,,moe_67b_a2b_d2560_ep1_rep8_bs1024_seq65536_sw2k_v4_2048_muon_cooldown_step141k
151489,1.2839603424072266,,,,moe_67b_a2b_d2560_ep1_rep8_bs1024_seq65536_sw2k_v4_2048_muon_cooldown_step141k
151491,1.25101637840271,,,,moe_67b_a2b_d2560_ep1_rep8_bs1024_seq65536_sw2k_v4_2048_muon_cooldown_step141k
151500,,2.270336389541626,1.884642243385315,2.0326972007751465,moe_67b_a2b_d2560_ep1_rep8_bs1024_seq65536_sw2k_v4_2048_muon_cooldown_step141k
151515,1.313772439956665,,,,moe_67b_a2b_d2560_ep1_rep8_bs1024_seq65536_sw2k_v4_2048_muon_cooldown_step141k
151516,1.29422128200531,,,,moe_67b_a2b_d2560_ep1_rep8_bs1024_seq65536_sw2k_v4_2048_muon_cooldown_step141k
151526,1.2769447565078735,,,,moe_67b_a2b_d2560_ep1_rep8_bs1024_seq65536_sw2k_v4_2048_muon_cooldown_step141k
151558,1.2833640575408936,,,,moe_67b_a2b_d2560_ep1_rep8_bs1024_seq65536_sw2k_v4_2048_muon_cooldown_step141k
151574,1.315441370010376,,,,moe_67b_a2b_d2560_ep1_rep8_bs1024_seq65536_sw2k_v4_2048_muon_cooldown_step141k
151631,1.2852810621261597,,,,moe_67b_a2b_d2560_ep1_rep8_bs1024_seq65536_sw2k_v4_2048_muon_cooldown_step141k
151633,1.3222811222076416,,,,moe_67b_a2b_d2560_ep1_rep8_bs1024_seq65536_sw2k_v4_2048_muon_cooldown_step141k
151642,1.2492852210998535,,,,moe_67b_a2b_d2560_ep1_rep8_bs1024_seq65536_sw2k_v4_2048_muon_cooldown_step141k
151653,1.2875062227249146,,,,moe_67b_a2b_d2560_ep1_rep8_bs1024_seq65536_sw2k_v4_2048_muon_cooldown_step141k
151662,1.2644495964050293,,,,moe_67b_a2b_d2560_ep1_rep8_bs1024_seq65536_sw2k_v4_2048_muon_cooldown_step141k
151667,1.2869948148727417,,,,moe_67b_a2b_d2560_ep1_rep8_bs1024_seq65536_sw2k_v4_2048_muon_cooldown_step141k
151671,1.289965271949768,,,,moe_67b_a2b_d2560_ep1_rep8_bs1024_seq65536_sw2k_v4_2048_muon_cooldown_step141k
151705,1.2916876077651978,,,,moe_67b_a2b_d2560_ep1_rep8_bs1024_seq65536_sw2k_v4_2048_muon_cooldown_step141k
151717,1.2647926807403564,,,,moe_67b_a2b_d2560_ep1_rep8_bs1024_seq65536_sw2k_v4_2048_muon_cooldown_step141k
151739,1.2638843059539795,,,,moe_67b_a2b_d2560_ep1_rep8_bs1024_seq65536_sw2k_v4_2048_muon_cooldown_step141k
151755,1.297825574874878,,,,moe_67b_a2b_d2560_ep1_rep8_bs1024_seq65536_sw2k_v4_2048_muon_cooldown_step141k
151758,1.262850284576416,,,,moe_67b_a2b_d2560_ep1_rep8_bs1024_seq65536_sw2k_v4_2048_muon_cooldown_step141k
151776,1.2950048446655273,,,,moe_67b_a2b_d2560_ep1_rep8_bs1024_seq65536_sw2k_v4_2048_muon_cooldown_step141k
151780,1.2763441801071167,,,,moe_67b_a2b_d2560_ep1_rep8_bs1024_seq65536_sw2k_v4_2048_muon_cooldown_step141k
151782,1.2745522260665894,,,,moe_67b_a2b_d2560_ep1_rep8_bs1024_seq65536_sw2k_v4_2048_muon_cooldown_step141k
151813,1.2832257747650146,,,,moe_67b_a2b_d2560_ep1_rep8_bs1024_seq65536_sw2k_v4_2048_muon_cooldown_step141k
151817,1.2447174787521362,,,,moe_67b_a2b_d2560_ep1_rep8_bs1024_seq65536_sw2k_v4_2048_muon_cooldown_step141k
151833,1.297884464263916,,,,moe_67b_a2b_d2560_ep1_rep8_bs1024_seq65536_sw2k_v4_2048_muon_cooldown_step141k
151851,1.2594513893127441,,,,moe_67b_a2b_d2560_ep1_rep8_bs1024_seq65536_sw2k_v4_2048_muon_cooldown_step141k
151856,1.2701009511947632,,,,moe_67b_a2b_d2560_ep1_rep8_bs1024_seq65536_sw2k_v4_2048_muon_cooldown_step141k
151857,1.257792592048645,,,,moe_67b_a2b_d2560_ep1_rep8_bs1024_seq65536_sw2k_v4_2048_muon_cooldown_step141k
151868,1.2985343933105469,,,,moe_67b_a2b_d2560_ep1_rep8_bs1024_seq65536_sw2k_v4_2048_muon_cooldown_step141k
151870,1.302397608757019,,,,moe_67b_a2b_d2560_ep1_rep8_bs1024_seq65536_sw2k_v4_2048_muon_cooldown_step141k
151885,1.2758526802062988,,,,moe_67b_a2b_d2560_ep1_rep8_bs1024_seq65536_sw2k_v4_2048_muon_cooldown_step141k
151895,1.2631651163101196,,,,moe_67b_a2b_d2560_ep1_rep8_bs1024_seq65536_sw2k_v4_2048_muon_cooldown_step141k
151908,1.2895841598510742,,,,moe_67b_a2b_d2560_ep1_rep8_bs1024_seq65536_sw2k_v4_2048_muon_cooldown_step141k
151921,1.2732723951339722,,,,moe_67b_a2b_d2560_ep1_rep8_bs1024_seq65536_sw2k_v4_2048_muon_cooldown_step141k
151926,1.2938774824142456,,,,moe_67b_a2b_d2560_ep1_rep8_bs1024_seq65536_sw2k_v4_2048_muon_cooldown_step141k
151941,1.3109418153762817,,,,moe_67b_a2b_d2560_ep1_rep8_bs1024_seq65536_sw2k_v4_2048_muon_cooldown_step141k
151954,1.295245885848999,,,,moe_67b_a2b_d2560_ep1_rep8_bs1024_seq65536_sw2k_v4_2048_muon_cooldown_step141k
151964,1.2628545761108398,,,,moe_67b_a2b_d2560_ep1_rep8_bs1024_seq65536_sw2k_v4_2048_muon_cooldown_step141k
151966,1.2762844562530518,,,,moe_67b_a2b_d2560_ep1_rep8_bs1024_seq65536_sw2k_v4_2048_muon_cooldown_step141k
151969,1.270738959312439,,,,moe_67b_a2b_d2560_ep1_rep8_bs1024_seq65536_sw2k_v4_2048_muon_cooldown_step141k
151983,1.2809574604034424,,,,moe_67b_a2b_d2560_ep1_rep8_bs1024_seq65536_sw2k_v4_2048_muon_cooldown_step141k
151984,1.2537355422973633,,,,moe_67b_a2b_d2560_ep1_rep8_bs1024_seq65536_sw2k_v4_2048_muon_cooldown_step141k
151985,1.2758218050003052,,,,moe_67b_a2b_d2560_ep1_rep8_bs1024_seq65536_sw2k_v4_2048_muon_cooldown_step141k
151998,1.250357985496521,,,,moe_67b_a2b_d2560_ep1_rep8_bs1024_seq65536_sw2k_v4_2048_muon_cooldown_step141k
152016,1.2453901767730713,,,,moe_67b_a2b_d2560_ep1_rep8_bs1024_seq65536_sw2k_v4_2048_muon_cooldown_step141k
152018,1.3152408599853516,,,,moe_67b_a2b_d2560_ep1_rep8_bs1024_seq65536_sw2k_v4_2048_muon_cooldown_step141k
152024,1.2581713199615479,,,,moe_67b_a2b_d2560_ep1_rep8_bs1024_seq65536_sw2k_v4_2048_muon_cooldown_step141k
152036,1.296325922012329,,,,moe_67b_a2b_d2560_ep1_rep8_bs1024_seq65536_sw2k_v4_2048_muon_cooldown_step141k
152047,1.2915685176849365,,,,moe_67b_a2b_d2560_ep1_rep8_bs1024_seq65536_sw2k_v4_2048_muon_cooldown_step141k
152049,1.2617179155349731,,,,moe_67b_a2b_d2560_ep1_rep8_bs1024_seq65536_sw2k_v4_2048_muon_cooldown_step141k
152058,1.2774789333343506,,,,moe_67b_a2b_d2560_ep1_rep8_bs1024_seq65536_sw2k_v4_2048_muon_cooldown_step141k
152072,1.3017966747283936,,,,moe_67b_a2b_d2560_ep1_rep8_bs1024_seq65536_sw2k_v4_2048_muon_cooldown_step141k
152076,1.2956435680389404,,,,moe_67b_a2b_d2560_ep1_rep8_bs1024_seq65536_sw2k_v4_2048_muon_cooldown_step141k
152077,1.2620673179626465,,,,moe_67b_a2b_d2560_ep1_rep8_bs1024_seq65536_sw2k_v4_2048_muon_cooldown_step141k
152085,1.3012632131576538,,,,moe_67b_a2b_d2560_ep1_rep8_bs1024_seq65536_sw2k_v4_2048_muon_cooldown_step141k
152107,1.2913466691970825,,,,moe_67b_a2b_d2560_ep1_rep8_bs1024_seq65536_sw2k_v4_2048_muon_cooldown_step141k
152109,1.2672080993652344,,,,moe_67b_a2b_d2560_ep1_rep8_bs1024_seq65536_sw2k_v4_2048_muon_cooldown_step141k
152115,1.2664761543273926,,,,moe_67b_a2b_d2560_ep1_rep8_bs1024_seq65536_sw2k_v4_2048_muon_cooldown_step141k
152119,1.2446767091751099,,,,moe_67b_a2b_d2560_ep1_rep8_bs1024_seq65536_sw2k_v4_2048_muon_cooldown_step141k
152122,1.2979047298431396,,,,moe_67b_a2b_d2560_ep1_rep8_bs1024_seq65536_sw2k_v4_2048_muon_cooldown_step141k
152139,1.2743054628372192,,,,moe_67b_a2b_d2560_ep1_rep8_bs1024_seq65536_sw2k_v4_2048_muon_cooldown_step141k
152140,1.2817264795303345,,,,moe_67b_a2b_d2560_ep1_rep8_bs1024_seq65536_sw2k_v4_2048_muon_cooldown_step141k
152146,1.2848215103149414,,,,moe_67b_a2b_d2560_ep1_rep8_bs1024_seq65536_sw2k_v4_2048_muon_cooldown_step141k
152168,1.2415059804916382,,,,moe_67b_a2b_d2560_ep1_rep8_bs1024_seq65536_sw2k_v4_2048_muon_cooldown_step141k
152169,1.2610148191452026,,,,moe_67b_a2b_d2560_ep1_rep8_bs1024_seq65536_sw2k_v4_2048_muon_cooldown_step141k
152180,1.2601069211959839,,,,moe_67b_a2b_d2560_ep1_rep8_bs1024_seq65536_sw2k_v4_2048_muon_cooldown_step141k
152189,1.245795726776123,,,,moe_67b_a2b_d2560_ep1_rep8_bs1024_seq65536_sw2k_v4_2048_muon_cooldown_step141k
152205,1.2842344045639038,,,,moe_67b_a2b_d2560_ep1_rep8_bs1024_seq65536_sw2k_v4_2048_muon_cooldown_step141k
152212,1.2552820444107056,,,,moe_67b_a2b_d2560_ep1_rep8_bs1024_seq65536_sw2k_v4_2048_muon_cooldown_step141k
152221,1.2952167987823486,,,,moe_67b_a2b_d2560_ep1_rep8_bs1024_seq65536_sw2k_v4_2048_muon_cooldown_step141k
152235,1.2933988571166992,,,,moe_67b_a2b_d2560_ep1_rep8_bs1024_seq65536_sw2k_v4_2048_muon_cooldown_step141k
152238,1.2695069313049316,,,,moe_67b_a2b_d2560_ep1_rep8_bs1024_seq65536_sw2k_v4_2048_muon_cooldown_step141k
152241,1.286839246749878,,,,moe_67b_a2b_d2560_ep1_rep8_bs1024_seq65536_sw2k_v4_2048_muon_cooldown_step141k
152242,1.2912660837173462,,,,moe_67b_a2b_d2560_ep1_rep8_bs1024_seq65536_sw2k_v4_2048_muon_cooldown_step141k
152244,1.25119948387146,,,,moe_67b_a2b_d2560_ep1_rep8_bs1024_seq65536_sw2k_v4_2048_muon_cooldown_step141k
152251,1.310908555984497,,,,moe_67b_a2b_d2560_ep1_rep8_bs1024_seq65536_sw2k_v4_2048_muon_cooldown_step141k
152259,1.2604849338531494,,,,moe_67b_a2b_d2560_ep1_rep8_bs1024_seq65536_sw2k_v4_2048_muon_cooldown_step141k
152266,1.2641205787658691,,,,moe_67b_a2b_d2560_ep1_rep8_bs1024_seq65536_sw2k_v4_2048_muon_cooldown_step141k
152277,1.2605754137039185,,,,moe_67b_a2b_d2560_ep1_rep8_bs1024_seq65536_sw2k_v4_2048_muon_cooldown_step141k
152286,1.2971060276031494,,,,moe_67b_a2b_d2560_ep1_rep8_bs1024_seq65536_sw2k_v4_2048_muon_cooldown_step141k
152297,1.288106918334961,,,,moe_67b_a2b_d2560_ep1_rep8_bs1024_seq65536_sw2k_v4_2048_muon_cooldown_step141k
152298,1.2634199857711792,,,,moe_67b_a2b_d2560_ep1_rep8_bs1024_seq65536_sw2k_v4_2048_muon_cooldown_step141k
152304,1.270635724067688,,,,moe_67b_a2b_d2560_ep1_rep8_bs1024_seq65536_sw2k_v4_2048_muon_cooldown_step141k
152307,1.28891122341156,,,,moe_67b_a2b_d2560_ep1_rep8_bs1024_seq65536_sw2k_v4_2048_muon_cooldown_step141k
152309,1.2596107721328735,,,,moe_67b_a2b_d2560_ep1_rep8_bs1024_seq65536_sw2k_v4_2048_muon_cooldown_step141k
152315,1.317283034324646,,,,moe_67b_a2b_d2560_ep1_rep8_bs1024_seq65536_sw2k_v4_2048_muon_cooldown_step141k
152320,1.2770211696624756,,,,moe_67b_a2b_d2560_ep1_rep8_bs1024_seq65536_sw2k_v4_2048_muon_cooldown_step141k
152321,1.3120384216308594,,,,moe_67b_a2b_d2560_ep1_rep8_bs1024_seq65536_sw2k_v4_2048_muon_cooldown_step141k
152326,1.2747093439102173,,,,moe_67b_a2b_d2560_ep1_rep8_bs1024_seq65536_sw2k_v4_2048_muon_cooldown_step141k
152339,1.2658684253692627,,,,moe_67b_a2b_d2560_ep1_rep8_bs1024_seq65536_sw2k_v4_2048_muon_cooldown_step141k
152347,1.327019453048706,,,,moe_67b_a2b_d2560_ep1_rep8_bs1024_seq65536_sw2k_v4_2048_muon_cooldown_step141k
152352,1.2686572074890137,,,,moe_67b_a2b_d2560_ep1_rep8_bs1024_seq65536_sw2k_v4_2048_muon_cooldown_step141k
152368,1.2706712484359741,,,,moe_67b_a2b_d2560_ep1_rep8_bs1024_seq65536_sw2k_v4_2048_muon_cooldown_step141k
152395,1.3093341588974,,,,moe_67b_a2b_d2560_ep1_rep8_bs1024_seq65536_sw2k_v4_2048_muon_cooldown_step141k
152400,1.2883743047714233,,,,moe_67b_a2b_d2560_ep1_rep8_bs1024_seq65536_sw2k_v4_2048_muon_cooldown_step141k
152401,1.2766650915145874,,,,moe_67b_a2b_d2560_ep1_rep8_bs1024_seq65536_sw2k_v4_2048_muon_cooldown_step141k
152402,1.2561897039413452,,,,moe_67b_a2b_d2560_ep1_rep8_bs1024_seq65536_sw2k_v4_2048_muon_cooldown_step141k
152407,1.3022209405899048,,,,moe_67b_a2b_d2560_ep1_rep8_bs1024_seq65536_sw2k_v4_2048_muon_cooldown_step141k
152423,1.292090892791748,,,,moe_67b_a2b_d2560_ep1_rep8_bs1024_seq65536_sw2k_v4_2048_muon_cooldown_step141k
152430,1.275160312652588,,,,moe_67b_a2b_d2560_ep1_rep8_bs1024_seq65536_sw2k_v4_2048_muon_cooldown_step141k
152432,1.2845146656036377,,,,moe_67b_a2b_d2560_ep1_rep8_bs1024_seq65536_sw2k_v4_2048_muon_cooldown_step141k
152433,1.2958157062530518,,,,moe_67b_a2b_d2560_ep1_rep8_bs1024_seq65536_sw2k_v4_2048_muon_cooldown_step141k
152460,1.2663276195526123,,,,moe_67b_a2b_d2560_ep1_rep8_bs1024_seq65536_sw2k_v4_2048_muon_cooldown_step141k
152464,1.248104453086853,,,,moe_67b_a2b_d2560_ep1_rep8_bs1024_seq65536_sw2k_v4_2048_muon_cooldown_step141k
152465,1.2475601434707642,,,,moe_67b_a2b_d2560_ep1_rep8_bs1024_seq65536_sw2k_v4_2048_muon_cooldown_step141k
152469,1.2424620389938354,,,,moe_67b_a2b_d2560_ep1_rep8_bs1024_seq65536_sw2k_v4_2048_muon_cooldown_step141k
152472,1.2783430814743042,,,,moe_67b_a2b_d2560_ep1_rep8_bs1024_seq65536_sw2k_v4_2048_muon_cooldown_step141k
152475,1.2778085470199585,,,,moe_67b_a2b_d2560_ep1_rep8_bs1024_seq65536_sw2k_v4_2048_muon_cooldown_step141k
152489,1.294066071510315,,,,moe_67b_a2b_d2560_ep1_rep8_bs1024_seq65536_sw2k_v4_2048_muon_cooldown_step141k
152506,1.2901967763900757,,,,moe_67b_a2b_d2560_ep1_rep8_bs1024_seq65536_sw2k_v4_2048_muon_cooldown_step141k
152521,1.296033263206482,,,,moe_67b_a2b_d2560_ep1_rep8_bs1024_seq65536_sw2k_v4_2048_muon_cooldown_step141k
152523,1.3088009357452393,,,,moe_67b_a2b_d2560_ep1_rep8_bs1024_seq65536_sw2k_v4_2048_muon_cooldown_step141k
152525,1.3103978633880615,,,,moe_67b_a2b_d2560_ep1_rep8_bs1024_seq65536_sw2k_v4_2048_muon_cooldown_step141k
152529,1.310693621635437,,,,moe_67b_a2b_d2560_ep1_rep8_bs1024_seq65536_sw2k_v4_2048_muon_cooldown_step141k
152544,1.2684299945831299,,,,moe_67b_a2b_d2560_ep1_rep8_bs1024_seq65536_sw2k_v4_2048_muon_cooldown_step141k
152552,1.266332983970642,,,,moe_67b_a2b_d2560_ep1_rep8_bs1024_seq65536_sw2k_v4_2048_muon_cooldown_step141k
152566,1.2838754653930664,,,,moe_67b_a2b_d2560_ep1_rep8_bs1024_seq65536_sw2k_v4_2048_muon_cooldown_step141k
152581,1.2939341068267822,,,,moe_67b_a2b_d2560_ep1_rep8_bs1024_seq65536_sw2k_v4_2048_muon_cooldown_step141k
152587,1.2931712865829468,,,,moe_67b_a2b_d2560_ep1_rep8_bs1024_seq65536_sw2k_v4_2048_muon_cooldown_step141k
152607,1.2785471677780151,,,,moe_67b_a2b_d2560_ep1_rep8_bs1024_seq65536_sw2k_v4_2048_muon_cooldown_step141k
152612,1.2585208415985107,,,,moe_67b_a2b_d2560_ep1_rep8_bs1024_seq65536_sw2k_v4_2048_muon_cooldown_step141k
152619,1.2960410118103027,,,,moe_67b_a2b_d2560_ep1_rep8_bs1024_seq65536_sw2k_v4_2048_muon_cooldown_step141k
152620,1.2710622549057007,,,,moe_67b_a2b_d2560_ep1_rep8_bs1024_seq65536_sw2k_v4_2048_muon_cooldown_step141k
152629,1.3145281076431274,,,,moe_67b_a2b_d2560_ep1_rep8_bs1024_seq65536_sw2k_v4_2048_muon_cooldown_step141k
152634,1.2756673097610474,,,,moe_67b_a2b_d2560_ep1_rep8_bs1024_seq65536_sw2k_v4_2048_muon_cooldown_step141k
152641,1.2464896440505981,,,,moe_67b_a2b_d2560_ep1_rep8_bs1024_seq65536_sw2k_v4_2048_muon_cooldown_step141k
152655,1.3147145509719849,,,,moe_67b_a2b_d2560_ep1_rep8_bs1024_seq65536_sw2k_v4_2048_muon_cooldown_step141k
152656,1.2750029563903809,,,,moe_67b_a2b_d2560_ep1_rep8_bs1024_seq65536_sw2k_v4_2048_muon_cooldown_step141k
152664,1.253782033920288,,,,moe_67b_a2b_d2560_ep1_rep8_bs1024_seq65536_sw2k_v4_2048_muon_cooldown_step141k
152679,1.240244746208191,,,,moe_67b_a2b_d2560_ep1_rep8_bs1024_seq65536_sw2k_v4_2048_muon_cooldown_step141k
152684,1.305433750152588,,,,moe_67b_a2b_d2560_ep1_rep8_bs1024_seq65536_sw2k_v4_2048_muon_cooldown_step141k
152688,1.3046444654464722,,,,moe_67b_a2b_d2560_ep1_rep8_bs1024_seq65536_sw2k_v4_2048_muon_cooldown_step141k
152700,1.2423261404037476,,,,moe_67b_a2b_d2560_ep1_rep8_bs1024_seq65536_sw2k_v4_2048_muon_cooldown_step141k
152703,1.287937045097351,,,,moe_67b_a2b_d2560_ep1_rep8_bs1024_seq65536_sw2k_v4_2048_muon_cooldown_step141k
152709,1.2513072490692139,,,,moe_67b_a2b_d2560_ep1_rep8_bs1024_seq65536_sw2k_v4_2048_muon_cooldown_step141k
152716,1.277774691581726,,,,moe_67b_a2b_d2560_ep1_rep8_bs1024_seq65536_sw2k_v4_2048_muon_cooldown_step141k
152719,1.2846579551696777,,,,moe_67b_a2b_d2560_ep1_rep8_bs1024_seq65536_sw2k_v4_2048_muon_cooldown_step141k
152765,1.2816745042800903,,,,moe_67b_a2b_d2560_ep1_rep8_bs1024_seq65536_sw2k_v4_2048_muon_cooldown_step141k
152773,1.2546342611312866,,,,moe_67b_a2b_d2560_ep1_rep8_bs1024_seq65536_sw2k_v4_2048_muon_cooldown_step141k
152792,1.2624852657318115,,,,moe_67b_a2b_d2560_ep1_rep8_bs1024_seq65536_sw2k_v4_2048_muon_cooldown_step141k
152798,1.2681291103363037,,,,moe_67b_a2b_d2560_ep1_rep8_bs1024_seq65536_sw2k_v4_2048_muon_cooldown_step141k
152800,1.2999653816223145,,,,moe_67b_a2b_d2560_ep1_rep8_bs1024_seq65536_sw2k_v4_2048_muon_cooldown_step141k
152802,1.2808395624160767,,,,moe_67b_a2b_d2560_ep1_rep8_bs1024_seq65536_sw2k_v4_2048_muon_cooldown_step141k
152813,1.3126304149627686,,,,moe_67b_a2b_d2560_ep1_rep8_bs1024_seq65536_sw2k_v4_2048_muon_cooldown_step141k
152815,1.31686270236969,,,,moe_67b_a2b_d2560_ep1_rep8_bs1024_seq65536_sw2k_v4_2048_muon_cooldown_step141k
152828,1.2603416442871094,,,,moe_67b_a2b_d2560_ep1_rep8_bs1024_seq65536_sw2k_v4_2048_muon_cooldown_step141k
152829,1.2705202102661133,,,,moe_67b_a2b_d2560_ep1_rep8_bs1024_seq65536_sw2k_v4_2048_muon_cooldown_step141k
152833,1.306958556175232,,,,moe_67b_a2b_d2560_ep1_rep8_bs1024_seq65536_sw2k_v4_2048_muon_cooldown_step141k
152844,1.2968237400054932,,,,moe_67b_a2b_d2560_ep1_rep8_bs1024_seq65536_sw2k_v4_2048_muon_cooldown_step141k
152851,1.3069785833358765,,,,moe_67b_a2b_d2560_ep1_rep8_bs1024_seq65536_sw2k_v4_2048_muon_cooldown_step141k
152858,1.2642217874526978,,,,moe_67b_a2b_d2560_ep1_rep8_bs1024_seq65536_sw2k_v4_2048_muon_cooldown_step141k
152859,1.2899856567382812,,,,moe_67b_a2b_d2560_ep1_rep8_bs1024_seq65536_sw2k_v4_2048_muon_cooldown_step141k
152863,1.2718979120254517,,,,moe_67b_a2b_d2560_ep1_rep8_bs1024_seq65536_sw2k_v4_2048_muon_cooldown_step141k
152881,1.2665841579437256,,,,moe_67b_a2b_d2560_ep1_rep8_bs1024_seq65536_sw2k_v4_2048_muon_cooldown_step141k
152886,1.2688727378845215,,,,moe_67b_a2b_d2560_ep1_rep8_bs1024_seq65536_sw2k_v4_2048_muon_cooldown_step141k
152897,1.265246868133545,,,,moe_67b_a2b_d2560_ep1_rep8_bs1024_seq65536_sw2k_v4_2048_muon_cooldown_step141k
152911,1.2790086269378662,,,,moe_67b_a2b_d2560_ep1_rep8_bs1024_seq65536_sw2k_v4_2048_muon_cooldown_step141k
152918,1.2966562509536743,,,,moe_67b_a2b_d2560_ep1_rep8_bs1024_seq65536_sw2k_v4_2048_muon_cooldown_step141k
152930,1.257727026939392,,,,moe_67b_a2b_d2560_ep1_rep8_bs1024_seq65536_sw2k_v4_2048_muon_cooldown_step141k
152934,1.3425014019012451,,,,moe_67b_a2b_d2560_ep1_rep8_bs1024_seq65536_sw2k_v4_2048_muon_cooldown_step141k
152952,1.2763100862503052,,,,moe_67b_a2b_d2560_ep1_rep8_bs1024_seq65536_sw2k_v4_2048_muon_cooldown_step141k
152954,1.2979816198349,,,,moe_67b_a2b_d2560_ep1_rep8_bs1024_seq65536_sw2k_v4_2048_muon_cooldown_step141k
152961,1.2868961095809937,,,,moe_67b_a2b_d2560_ep1_rep8_bs1024_seq65536_sw2k_v4_2048_muon_cooldown_step141k
152978,1.2834930419921875,,,,moe_67b_a2b_d2560_ep1_rep8_bs1024_seq65536_sw2k_v4_2048_muon_cooldown_step141k
153000,,2.266793966293335,1.8818511962890625,2.0310842990875244,moe_67b_a2b_d2560_ep1_rep8_bs1024_seq65536_sw2k_v4_2048_muon_cooldown_step141k
153005,1.2413948774337769,,,,moe_67b_a2b_d2560_ep1_rep8_bs1024_seq65536_sw2k_v4_2048_muon_cooldown_step141k
153007,1.2652759552001953,,,,moe_67b_a2b_d2560_ep1_rep8_bs1024_seq65536_sw2k_v4_2048_muon_cooldown_step141k
153023,1.2461048364639282,,,,moe_67b_a2b_d2560_ep1_rep8_bs1024_seq65536_sw2k_v4_2048_muon_cooldown_step141k
153047,1.2861846685409546,,,,moe_67b_a2b_d2560_ep1_rep8_bs1024_seq65536_sw2k_v4_2048_muon_cooldown_step141k
153048,1.2281955480575562,,,,moe_67b_a2b_d2560_ep1_rep8_bs1024_seq65536_sw2k_v4_2048_muon_cooldown_step141k
153049,1.3032771348953247,,,,moe_67b_a2b_d2560_ep1_rep8_bs1024_seq65536_sw2k_v4_2048_muon_cooldown_step141k
153051,1.275330662727356,,,,moe_67b_a2b_d2560_ep1_rep8_bs1024_seq65536_sw2k_v4_2048_muon_cooldown_step141k
153064,1.2804925441741943,,,,moe_67b_a2b_d2560_ep1_rep8_bs1024_seq65536_sw2k_v4_2048_muon_cooldown_step141k
153075,1.2894632816314697,,,,moe_67b_a2b_d2560_ep1_rep8_bs1024_seq65536_sw2k_v4_2048_muon_cooldown_step141k
153097,1.2678546905517578,,,,moe_67b_a2b_d2560_ep1_rep8_bs1024_seq65536_sw2k_v4_2048_muon_cooldown_step141k
153106,1.301272988319397,,,,moe_67b_a2b_d2560_ep1_rep8_bs1024_seq65536_sw2k_v4_2048_muon_cooldown_step141k
153114,1.315192461013794,,,,moe_67b_a2b_d2560_ep1_rep8_bs1024_seq65536_sw2k_v4_2048_muon_cooldown_step141k
153128,1.2135130167007446,,,,moe_67b_a2b_d2560_ep1_rep8_bs1024_seq65536_sw2k_v4_2048_muon_cooldown_step141k
153143,1.2843871116638184,,,,moe_67b_a2b_d2560_ep1_rep8_bs1024_seq65536_sw2k_v4_2048_muon_cooldown_step141k
153147,1.291099190711975,,,,moe_67b_a2b_d2560_ep1_rep8_bs1024_seq65536_sw2k_v4_2048_muon_cooldown_step141k
153170,1.2669196128845215,,,,moe_67b_a2b_d2560_ep1_rep8_bs1024_seq65536_sw2k_v4_2048_muon_cooldown_step141k
153249,1.293368935585022,,,,moe_67b_a2b_d2560_ep1_rep8_bs1024_seq65536_sw2k_v4_2048_muon_cooldown_step141k
153251,1.2649052143096924,,,,moe_67b_a2b_d2560_ep1_rep8_bs1024_seq65536_sw2k_v4_2048_muon_cooldown_step141k
153275,1.3259578943252563,,,,moe_67b_a2b_d2560_ep1_rep8_bs1024_seq65536_sw2k_v4_2048_muon_cooldown_step141k
153276,1.2870968580245972,,,,moe_67b_a2b_d2560_ep1_rep8_bs1024_seq65536_sw2k_v4_2048_muon_cooldown_step141k
153291,1.269595742225647,,,,moe_67b_a2b_d2560_ep1_rep8_bs1024_seq65536_sw2k_v4_2048_muon_cooldown_step141k
153292,1.2946789264678955,,,,moe_67b_a2b_d2560_ep1_rep8_bs1024_seq65536_sw2k_v4_2048_muon_cooldown_step141k
153299,1.2728430032730103,,,,moe_67b_a2b_d2560_ep1_rep8_bs1024_seq65536_sw2k_v4_2048_muon_cooldown_step141k
153309,1.248154878616333,,,,moe_67b_a2b_d2560_ep1_rep8_bs1024_seq65536_sw2k_v4_2048_muon_cooldown_step141k
153311,1.3113290071487427,,,,moe_67b_a2b_d2560_ep1_rep8_bs1024_seq65536_sw2k_v4_2048_muon_cooldown_step141k
153323,1.2213687896728516,,,,moe_67b_a2b_d2560_ep1_rep8_bs1024_seq65536_sw2k_v4_2048_muon_cooldown_step141k
153329,1.246570110321045,,,,moe_67b_a2b_d2560_ep1_rep8_bs1024_seq65536_sw2k_v4_2048_muon_cooldown_step141k
153338,1.274523377418518,,,,moe_67b_a2b_d2560_ep1_rep8_bs1024_seq65536_sw2k_v4_2048_muon_cooldown_step141k
153345,1.231798529624939,,,,moe_67b_a2b_d2560_ep1_rep8_bs1024_seq65536_sw2k_v4_2048_muon_cooldown_step141k
153346,1.2972217798233032,,,,moe_67b_a2b_d2560_ep1_rep8_bs1024_seq65536_sw2k_v4_2048_muon_cooldown_step141k
153347,1.2959721088409424,,,,moe_67b_a2b_d2560_ep1_rep8_bs1024_seq65536_sw2k_v4_2048_muon_cooldown_step141k
153356,1.2616004943847656,,,,moe_67b_a2b_d2560_ep1_rep8_bs1024_seq65536_sw2k_v4_2048_muon_cooldown_step141k
153364,1.280608892440796,,,,moe_67b_a2b_d2560_ep1_rep8_bs1024_seq65536_sw2k_v4_2048_muon_cooldown_step141k
153367,1.2926299571990967,,,,moe_67b_a2b_d2560_ep1_rep8_bs1024_seq65536_sw2k_v4_2048_muon_cooldown_step141k
153369,1.3053869009017944,,,,moe_67b_a2b_d2560_ep1_rep8_bs1024_seq65536_sw2k_v4_2048_muon_cooldown_step141k
153377,1.2787820100784302,,,,moe_67b_a2b_d2560_ep1_rep8_bs1024_seq65536_sw2k_v4_2048_muon_cooldown_step141k
153392,1.2989578247070312,,,,moe_67b_a2b_d2560_ep1_rep8_bs1024_seq65536_sw2k_v4_2048_muon_cooldown_step141k
153404,1.3044815063476562,,,,moe_67b_a2b_d2560_ep1_rep8_bs1024_seq65536_sw2k_v4_2048_muon_cooldown_step141k
153446,1.258444905281067,,,,moe_67b_a2b_d2560_ep1_rep8_bs1024_seq65536_sw2k_v4_2048_muon_cooldown_step141k
153457,1.2829689979553223,,,,moe_67b_a2b_d2560_ep1_rep8_bs1024_seq65536_sw2k_v4_2048_muon_cooldown_step141k
153458,1.2851111888885498,,,,moe_67b_a2b_d2560_ep1_rep8_bs1024_seq65536_sw2k_v4_2048_muon_cooldown_step141k
153465,1.2841031551361084,,,,moe_67b_a2b_d2560_ep1_rep8_bs1024_seq65536_sw2k_v4_2048_muon_cooldown_step141k
153473,1.2813270092010498,,,,moe_67b_a2b_d2560_ep1_rep8_bs1024_seq65536_sw2k_v4_2048_muon_cooldown_step141k
153477,1.2728675603866577,,,,moe_67b_a2b_d2560_ep1_rep8_bs1024_seq65536_sw2k_v4_2048_muon_cooldown_step141k
153480,1.2835650444030762,,,,moe_67b_a2b_d2560_ep1_rep8_bs1024_seq65536_sw2k_v4_2048_muon_cooldown_step141k
153482,1.316893219947815,,,,moe_67b_a2b_d2560_ep1_rep8_bs1024_seq65536_sw2k_v4_2048_muon_cooldown_step141k
153525,1.3146202564239502,,,,moe_67b_a2b_d2560_ep1_rep8_bs1024_seq65536_sw2k_v4_2048_muon_cooldown_step141k
153534,1.2483292818069458,,,,moe_67b_a2b_d2560_ep1_rep8_bs1024_seq65536_sw2k_v4_2048_muon_cooldown_step141k
153540,1.2823162078857422,,,,moe_67b_a2b_d2560_ep1_rep8_bs1024_seq65536_sw2k_v4_2048_muon_cooldown_step141k
153552,1.2917207479476929,,,,moe_67b_a2b_d2560_ep1_rep8_bs1024_seq65536_sw2k_v4_2048_muon_cooldown_step141k
153573,1.266513705253601,,,,moe_67b_a2b_d2560_ep1_rep8_bs1024_seq65536_sw2k_v4_2048_muon_cooldown_step141k
153578,1.2889728546142578,,,,moe_67b_a2b_d2560_ep1_rep8_bs1024_seq65536_sw2k_v4_2048_muon_cooldown_step141k
153583,1.3179479837417603,,,,moe_67b_a2b_d2560_ep1_rep8_bs1024_seq65536_sw2k_v4_2048_muon_cooldown_step141k
153587,1.285964012145996,,,,moe_67b_a2b_d2560_ep1_rep8_bs1024_seq65536_sw2k_v4_2048_muon_cooldown_step141k
153593,1.2788053750991821,,,,moe_67b_a2b_d2560_ep1_rep8_bs1024_seq65536_sw2k_v4_2048_muon_cooldown_step141k
153596,1.2896225452423096,,,,moe_67b_a2b_d2560_ep1_rep8_bs1024_seq65536_sw2k_v4_2048_muon_cooldown_step141k
153597,1.2320787906646729,,,,moe_67b_a2b_d2560_ep1_rep8_bs1024_seq65536_sw2k_v4_2048_muon_cooldown_step141k
153610,1.2825126647949219,,,,moe_67b_a2b_d2560_ep1_rep8_bs1024_seq65536_sw2k_v4_2048_muon_cooldown_step141k
153623,1.257283329963684,,,,moe_67b_a2b_d2560_ep1_rep8_bs1024_seq65536_sw2k_v4_2048_muon_cooldown_step141k
153658,1.3019129037857056,,,,moe_67b_a2b_d2560_ep1_rep8_bs1024_seq65536_sw2k_v4_2048_muon_cooldown_step141k
153660,1.2800722122192383,,,,moe_67b_a2b_d2560_ep1_rep8_bs1024_seq65536_sw2k_v4_2048_muon_cooldown_step141k
153683,1.3190792798995972,,,,moe_67b_a2b_d2560_ep1_rep8_bs1024_seq65536_sw2k_v4_2048_muon_cooldown_step141k
153690,1.253514051437378,,,,moe_67b_a2b_d2560_ep1_rep8_bs1024_seq65536_sw2k_v4_2048_muon_cooldown_step141k
153702,1.2503703832626343,,,,moe_67b_a2b_d2560_ep1_rep8_bs1024_seq65536_sw2k_v4_2048_muon_cooldown_step141k
153703,1.2501139640808105,,,,moe_67b_a2b_d2560_ep1_rep8_bs1024_seq65536_sw2k_v4_2048_muon_cooldown_step141k
153753,1.2551873922348022,,,,moe_67b_a2b_d2560_ep1_rep8_bs1024_seq65536_sw2k_v4_2048_muon_cooldown_step141k
153774,1.3043001890182495,,,,moe_67b_a2b_d2560_ep1_rep8_bs1024_seq65536_sw2k_v4_2048_muon_cooldown_step141k
153792,1.2483305931091309,,,,moe_67b_a2b_d2560_ep1_rep8_bs1024_seq65536_sw2k_v4_2048_muon_cooldown_step141k
153795,1.2966506481170654,,,,moe_67b_a2b_d2560_ep1_rep8_bs1024_seq65536_sw2k_v4_2048_muon_cooldown_step141k
153800,1.2678375244140625,,,,moe_67b_a2b_d2560_ep1_rep8_bs1024_seq65536_sw2k_v4_2048_muon_cooldown_step141k
153805,1.2778239250183105,,,,moe_67b_a2b_d2560_ep1_rep8_bs1024_seq65536_sw2k_v4_2048_muon_cooldown_step141k
153827,1.2846261262893677,,,,moe_67b_a2b_d2560_ep1_rep8_bs1024_seq65536_sw2k_v4_2048_muon_cooldown_step141k
153833,1.2813063859939575,,,,moe_67b_a2b_d2560_ep1_rep8_bs1024_seq65536_sw2k_v4_2048_muon_cooldown_step141k
153836,1.2812981605529785,,,,moe_67b_a2b_d2560_ep1_rep8_bs1024_seq65536_sw2k_v4_2048_muon_cooldown_step141k
153839,1.3079785108566284,,,,moe_67b_a2b_d2560_ep1_rep8_bs1024_seq65536_sw2k_v4_2048_muon_cooldown_step141k
153845,1.2726678848266602,,,,moe_67b_a2b_d2560_ep1_rep8_bs1024_seq65536_sw2k_v4_2048_muon_cooldown_step141k
153873,1.2885080575942993,,,,moe_67b_a2b_d2560_ep1_rep8_bs1024_seq65536_sw2k_v4_2048_muon_cooldown_step141k
153876,1.2855511903762817,,,,moe_67b_a2b_d2560_ep1_rep8_bs1024_seq65536_sw2k_v4_2048_muon_cooldown_step141k
153893,1.2613847255706787,,,,moe_67b_a2b_d2560_ep1_rep8_bs1024_seq65536_sw2k_v4_2048_muon_cooldown_step141k
153894,1.2373863458633423,,,,moe_67b_a2b_d2560_ep1_rep8_bs1024_seq65536_sw2k_v4_2048_muon_cooldown_step141k
153910,1.2854909896850586,,,,moe_67b_a2b_d2560_ep1_rep8_bs1024_seq65536_sw2k_v4_2048_muon_cooldown_step141k
153912,1.2771540880203247,,,,moe_67b_a2b_d2560_ep1_rep8_bs1024_seq65536_sw2k_v4_2048_muon_cooldown_step141k
153922,1.262130856513977,,,,moe_67b_a2b_d2560_ep1_rep8_bs1024_seq65536_sw2k_v4_2048_muon_cooldown_step141k
153963,1.2688887119293213,,,,moe_67b_a2b_d2560_ep1_rep8_bs1024_seq65536_sw2k_v4_2048_muon_cooldown_step141k
153966,1.3384575843811035,,,,moe_67b_a2b_d2560_ep1_rep8_bs1024_seq65536_sw2k_v4_2048_muon_cooldown_step141k
153975,1.266772747039795,,,,moe_67b_a2b_d2560_ep1_rep8_bs1024_seq65536_sw2k_v4_2048_muon_cooldown_step141k
153984,1.2679065465927124,,,,moe_67b_a2b_d2560_ep1_rep8_bs1024_seq65536_sw2k_v4_2048_muon_cooldown_step141k
153989,1.3228548765182495,,,,moe_67b_a2b_d2560_ep1_rep8_bs1024_seq65536_sw2k_v4_2048_muon_cooldown_step141k
153990,1.2700663805007935,,,,moe_67b_a2b_d2560_ep1_rep8_bs1024_seq65536_sw2k_v4_2048_muon_cooldown_step141k
153999,1.2865597009658813,,,,moe_67b_a2b_d2560_ep1_rep8_bs1024_seq65536_sw2k_v4_2048_muon_cooldown_step141k
154003,1.242442011833191,,,,moe_67b_a2b_d2560_ep1_rep8_bs1024_seq65536_sw2k_v4_2048_muon_cooldown_step141k
154013,1.314208984375,,,,moe_67b_a2b_d2560_ep1_rep8_bs1024_seq65536_sw2k_v4_2048_muon_cooldown_step141k
154020,1.2708669900894165,,,,moe_67b_a2b_d2560_ep1_rep8_bs1024_seq65536_sw2k_v4_2048_muon_cooldown_step141k
154021,1.274401307106018,,,,moe_67b_a2b_d2560_ep1_rep8_bs1024_seq65536_sw2k_v4_2048_muon_cooldown_step141k
154024,1.2592917680740356,,,,moe_67b_a2b_d2560_ep1_rep8_bs1024_seq65536_sw2k_v4_2048_muon_cooldown_step141k
154033,1.2793080806732178,,,,moe_67b_a2b_d2560_ep1_rep8_bs1024_seq65536_sw2k_v4_2048_muon_cooldown_step141k
154034,1.2949824333190918,,,,moe_67b_a2b_d2560_ep1_rep8_bs1024_seq65536_sw2k_v4_2048_muon_cooldown_step141k
154041,1.2711848020553589,,,,moe_67b_a2b_d2560_ep1_rep8_bs1024_seq65536_sw2k_v4_2048_muon_cooldown_step141k
154045,1.313246488571167,,,,moe_67b_a2b_d2560_ep1_rep8_bs1024_seq65536_sw2k_v4_2048_muon_cooldown_step141k
154053,1.294675588607788,,,,moe_67b_a2b_d2560_ep1_rep8_bs1024_seq65536_sw2k_v4_2048_muon_cooldown_step141k
154080,1.3172204494476318,,,,moe_67b_a2b_d2560_ep1_rep8_bs1024_seq65536_sw2k_v4_2048_muon_cooldown_step141k
154087,1.284965991973877,,,,moe_67b_a2b_d2560_ep1_rep8_bs1024_seq65536_sw2k_v4_2048_muon_cooldown_step141k
154099,1.2648320198059082,,,,moe_67b_a2b_d2560_ep1_rep8_bs1024_seq65536_sw2k_v4_2048_muon_cooldown_step141k
154102,1.2853480577468872,,,,moe_67b_a2b_d2560_ep1_rep8_bs1024_seq65536_sw2k_v4_2048_muon_cooldown_step141k
154153,1.2990496158599854,,,,moe_67b_a2b_d2560_ep1_rep8_bs1024_seq65536_sw2k_v4_2048_muon_cooldown_step141k
154179,1.262458086013794,,,,moe_67b_a2b_d2560_ep1_rep8_bs1024_seq65536_sw2k_v4_2048_muon_cooldown_step141k
154181,1.2818703651428223,,,,moe_67b_a2b_d2560_ep1_rep8_bs1024_seq65536_sw2k_v4_2048_muon_cooldown_step141k
154212,1.2527070045471191,,,,moe_67b_a2b_d2560_ep1_rep8_bs1024_seq65536_sw2k_v4_2048_muon_cooldown_step141k
154217,1.2249009609222412,,,,moe_67b_a2b_d2560_ep1_rep8_bs1024_seq65536_sw2k_v4_2048_muon_cooldown_step141k
154231,1.2779557704925537,,,,moe_67b_a2b_d2560_ep1_rep8_bs1024_seq65536_sw2k_v4_2048_muon_cooldown_step141k
154241,1.2789075374603271,,,,moe_67b_a2b_d2560_ep1_rep8_bs1024_seq65536_sw2k_v4_2048_muon_cooldown_step141k
154243,1.2546478509902954,,,,moe_67b_a2b_d2560_ep1_rep8_bs1024_seq65536_sw2k_v4_2048_muon_cooldown_step141k
154247,1.282155990600586,,,,moe_67b_a2b_d2560_ep1_rep8_bs1024_seq65536_sw2k_v4_2048_muon_cooldown_step141k
154261,1.3112517595291138,,,,moe_67b_a2b_d2560_ep1_rep8_bs1024_seq65536_sw2k_v4_2048_muon_cooldown_step141k
154263,1.2666306495666504,,,,moe_67b_a2b_d2560_ep1_rep8_bs1024_seq65536_sw2k_v4_2048_muon_cooldown_step141k
154268,1.2732356786727905,,,,moe_67b_a2b_d2560_ep1_rep8_bs1024_seq65536_sw2k_v4_2048_muon_cooldown_step141k
154280,1.3019484281539917,,,,moe_67b_a2b_d2560_ep1_rep8_bs1024_seq65536_sw2k_v4_2048_muon_cooldown_step141k
154311,1.2637780904769897,,,,moe_67b_a2b_d2560_ep1_rep8_bs1024_seq65536_sw2k_v4_2048_muon_cooldown_step141k
154325,1.2399100065231323,,,,moe_67b_a2b_d2560_ep1_rep8_bs1024_seq65536_sw2k_v4_2048_muon_cooldown_step141k
154332,1.3045949935913086,,,,moe_67b_a2b_d2560_ep1_rep8_bs1024_seq65536_sw2k_v4_2048_muon_cooldown_step141k
154353,1.2419763803482056,,,,moe_67b_a2b_d2560_ep1_rep8_bs1024_seq65536_sw2k_v4_2048_muon_cooldown_step141k
154358,1.2774627208709717,,,,moe_67b_a2b_d2560_ep1_rep8_bs1024_seq65536_sw2k_v4_2048_muon_cooldown_step141k
154359,1.3129632472991943,,,,moe_67b_a2b_d2560_ep1_rep8_bs1024_seq65536_sw2k_v4_2048_muon_cooldown_step141k
154381,1.2920066118240356,,,,moe_67b_a2b_d2560_ep1_rep8_bs1024_seq65536_sw2k_v4_2048_muon_cooldown_step141k
154383,1.2982525825500488,,,,moe_67b_a2b_d2560_ep1_rep8_bs1024_seq65536_sw2k_v4_2048_muon_cooldown_step141k
154387,1.2917201519012451,,,,moe_67b_a2b_d2560_ep1_rep8_bs1024_seq65536_sw2k_v4_2048_muon_cooldown_step141k
154389,1.294793963432312,,,,moe_67b_a2b_d2560_ep1_rep8_bs1024_seq65536_sw2k_v4_2048_muon_cooldown_step141k
154396,1.2959187030792236,,,,moe_67b_a2b_d2560_ep1_rep8_bs1024_seq65536_sw2k_v4_2048_muon_cooldown_step141k
154399,1.2753709554672241,,,,moe_67b_a2b_d2560_ep1_rep8_bs1024_seq65536_sw2k_v4_2048_muon_cooldown_step141k
154410,1.2748514413833618,,,,moe_67b_a2b_d2560_ep1_rep8_bs1024_seq65536_sw2k_v4_2048_muon_cooldown_step141k
154422,1.2863677740097046,,,,moe_67b_a2b_d2560_ep1_rep8_bs1024_seq65536_sw2k_v4_2048_muon_cooldown_step141k
154462,1.2710413932800293,,,,moe_67b_a2b_d2560_ep1_rep8_bs1024_seq65536_sw2k_v4_2048_muon_cooldown_step141k
154466,1.2200989723205566,,,,moe_67b_a2b_d2560_ep1_rep8_bs1024_seq65536_sw2k_v4_2048_muon_cooldown_step141k
154474,1.3304569721221924,,,,moe_67b_a2b_d2560_ep1_rep8_bs1024_seq65536_sw2k_v4_2048_muon_cooldown_step141k
154488,1.2668402194976807,,,,moe_67b_a2b_d2560_ep1_rep8_bs1024_seq65536_sw2k_v4_2048_muon_cooldown_step141k
154495,1.2464942932128906,,,,moe_67b_a2b_d2560_ep1_rep8_bs1024_seq65536_sw2k_v4_2048_muon_cooldown_step141k
154496,1.3134838342666626,,,,moe_67b_a2b_d2560_ep1_rep8_bs1024_seq65536_sw2k_v4_2048_muon_cooldown_step141k
154500,,2.2631168365478516,1.879313349723816,2.028538703918457,moe_67b_a2b_d2560_ep1_rep8_bs1024_seq65536_sw2k_v4_2048_muon_cooldown_step141k
154547,1.2843847274780273,,,,moe_67b_a2b_d2560_ep1_rep8_bs1024_seq65536_sw2k_v4_2048_muon_cooldown_step141k
154559,1.279752254486084,,,,moe_67b_a2b_d2560_ep1_rep8_bs1024_seq65536_sw2k_v4_2048_muon_cooldown_step141k
154573,1.30684494972229,,,,moe_67b_a2b_d2560_ep1_rep8_bs1024_seq65536_sw2k_v4_2048_muon_cooldown_step141k
154575,1.270384430885315,,,,moe_67b_a2b_d2560_ep1_rep8_bs1024_seq65536_sw2k_v4_2048_muon_cooldown_step141k
154583,1.262831687927246,,,,moe_67b_a2b_d2560_ep1_rep8_bs1024_seq65536_sw2k_v4_2048_muon_cooldown_step141k
154588,1.248492956161499,,,,moe_67b_a2b_d2560_ep1_rep8_bs1024_seq65536_sw2k_v4_2048_muon_cooldown_step141k
154595,1.2736459970474243,,,,moe_67b_a2b_d2560_ep1_rep8_bs1024_seq65536_sw2k_v4_2048_muon_cooldown_step141k
154605,1.258208155632019,,,,moe_67b_a2b_d2560_ep1_rep8_bs1024_seq65536_sw2k_v4_2048_muon_cooldown_step141k
154620,1.284820556640625,,,,moe_67b_a2b_d2560_ep1_rep8_bs1024_seq65536_sw2k_v4_2048_muon_cooldown_step141k
154626,1.2664188146591187,,,,moe_67b_a2b_d2560_ep1_rep8_bs1024_seq65536_sw2k_v4_2048_muon_cooldown_step141k
154635,1.284074068069458,,,,moe_67b_a2b_d2560_ep1_rep8_bs1024_seq65536_sw2k_v4_2048_muon_cooldown_step141k
154636,1.2781199216842651,,,,moe_67b_a2b_d2560_ep1_rep8_bs1024_seq65536_sw2k_v4_2048_muon_cooldown_step141k
154646,1.2558975219726562,,,,moe_67b_a2b_d2560_ep1_rep8_bs1024_seq65536_sw2k_v4_2048_muon_cooldown_step141k
154649,1.235555648803711,,,,moe_67b_a2b_d2560_ep1_rep8_bs1024_seq65536_sw2k_v4_2048_muon_cooldown_step141k
154662,1.301897644996643,,,,moe_67b_a2b_d2560_ep1_rep8_bs1024_seq65536_sw2k_v4_2048_muon_cooldown_step141k
154695,1.2917829751968384,,,,moe_67b_a2b_d2560_ep1_rep8_bs1024_seq65536_sw2k_v4_2048_muon_cooldown_step141k
154697,1.2649694681167603,,,,moe_67b_a2b_d2560_ep1_rep8_bs1024_seq65536_sw2k_v4_2048_muon_cooldown_step141k
154706,1.262357234954834,,,,moe_67b_a2b_d2560_ep1_rep8_bs1024_seq65536_sw2k_v4_2048_muon_cooldown_step141k
154721,1.270568609237671,,,,moe_67b_a2b_d2560_ep1_rep8_bs1024_seq65536_sw2k_v4_2048_muon_cooldown_step141k
154722,1.2287757396697998,,,,moe_67b_a2b_d2560_ep1_rep8_bs1024_seq65536_sw2k_v4_2048_muon_cooldown_step141k
154726,1.2892930507659912,,,,moe_67b_a2b_d2560_ep1_rep8_bs1024_seq65536_sw2k_v4_2048_muon_cooldown_step141k
154738,1.2694694995880127,,,,moe_67b_a2b_d2560_ep1_rep8_bs1024_seq65536_sw2k_v4_2048_muon_cooldown_step141k
154748,1.26442289352417,,,,moe_67b_a2b_d2560_ep1_rep8_bs1024_seq65536_sw2k_v4_2048_muon_cooldown_step141k
154781,1.271093726158142,,,,moe_67b_a2b_d2560_ep1_rep8_bs1024_seq65536_sw2k_v4_2048_muon_cooldown_step141k
154790,1.2824580669403076,,,,moe_67b_a2b_d2560_ep1_rep8_bs1024_seq65536_sw2k_v4_2048_muon_cooldown_step141k
154805,1.268160104751587,,,,moe_67b_a2b_d2560_ep1_rep8_bs1024_seq65536_sw2k_v4_2048_muon_cooldown_step141k
154812,1.2287217378616333,,,,moe_67b_a2b_d2560_ep1_rep8_bs1024_seq65536_sw2k_v4_2048_muon_cooldown_step141k
154832,1.2761510610580444,,,,moe_67b_a2b_d2560_ep1_rep8_bs1024_seq65536_sw2k_v4_2048_muon_cooldown_step141k
154840,1.2902640104293823,,,,moe_67b_a2b_d2560_ep1_rep8_bs1024_seq65536_sw2k_v4_2048_muon_cooldown_step141k
154844,1.2494983673095703,,,,moe_67b_a2b_d2560_ep1_rep8_bs1024_seq65536_sw2k_v4_2048_muon_cooldown_step141k
154851,1.2710018157958984,,,,moe_67b_a2b_d2560_ep1_rep8_bs1024_seq65536_sw2k_v4_2048_muon_cooldown_step141k
154853,1.3228074312210083,,,,moe_67b_a2b_d2560_ep1_rep8_bs1024_seq65536_sw2k_v4_2048_muon_cooldown_step141k
154881,1.3141396045684814,,,,moe_67b_a2b_d2560_ep1_rep8_bs1024_seq65536_sw2k_v4_2048_muon_cooldown_step141k
154883,1.2581075429916382,,,,moe_67b_a2b_d2560_ep1_rep8_bs1024_seq65536_sw2k_v4_2048_muon_cooldown_step141k
154884,1.2991642951965332,,,,moe_67b_a2b_d2560_ep1_rep8_bs1024_seq65536_sw2k_v4_2048_muon_cooldown_step141k
154886,1.2614829540252686,,,,moe_67b_a2b_d2560_ep1_rep8_bs1024_seq65536_sw2k_v4_2048_muon_cooldown_step141k
154890,1.259283185005188,,,,moe_67b_a2b_d2560_ep1_rep8_bs1024_seq65536_sw2k_v4_2048_muon_cooldown_step141k
154926,1.2485911846160889,,,,moe_67b_a2b_d2560_ep1_rep8_bs1024_seq65536_sw2k_v4_2048_muon_cooldown_step141k
154957,1.2769949436187744,,,,moe_67b_a2b_d2560_ep1_rep8_bs1024_seq65536_sw2k_v4_2048_muon_cooldown_step141k
154975,1.2854262590408325,,,,moe_67b_a2b_d2560_ep1_rep8_bs1024_seq65536_sw2k_v4_2048_muon_cooldown_step141k
154980,1.3444256782531738,,,,moe_67b_a2b_d2560_ep1_rep8_bs1024_seq65536_sw2k_v4_2048_muon_cooldown_step141k
154990,1.2537983655929565,,,,moe_67b_a2b_d2560_ep1_rep8_bs1024_seq65536_sw2k_v4_2048_muon_cooldown_step141k
154994,1.261381983757019,,,,moe_67b_a2b_d2560_ep1_rep8_bs1024_seq65536_sw2k_v4_2048_muon_cooldown_step141k
155004,1.2630033493041992,,,,moe_67b_a2b_d2560_ep1_rep8_bs1024_seq65536_sw2k_v4_2048_muon_cooldown_step141k
155006,1.2971534729003906,,,,moe_67b_a2b_d2560_ep1_rep8_bs1024_seq65536_sw2k_v4_2048_muon_cooldown_step141k
155007,1.2878576517105103,,,,moe_67b_a2b_d2560_ep1_rep8_bs1024_seq65536_sw2k_v4_2048_muon_cooldown_step141k
155013,1.2606796026229858,,,,moe_67b_a2b_d2560_ep1_rep8_bs1024_seq65536_sw2k_v4_2048_muon_cooldown_step141k
155026,1.2705687284469604,,,,moe_67b_a2b_d2560_ep1_rep8_bs1024_seq65536_sw2k_v4_2048_muon_cooldown_step141k
155043,1.2751703262329102,,,,moe_67b_a2b_d2560_ep1_rep8_bs1024_seq65536_sw2k_v4_2048_muon_cooldown_step141k
155047,1.2853883504867554,,,,moe_67b_a2b_d2560_ep1_rep8_bs1024_seq65536_sw2k_v4_2048_muon_cooldown_step141k
155051,1.298418402671814,,,,moe_67b_a2b_d2560_ep1_rep8_bs1024_seq65536_sw2k_v4_2048_muon_cooldown_step141k
155056,1.2924243211746216,,,,moe_67b_a2b_d2560_ep1_rep8_bs1024_seq65536_sw2k_v4_2048_muon_cooldown_step141k
155068,1.2651149034500122,,,,moe_67b_a2b_d2560_ep1_rep8_bs1024_seq65536_sw2k_v4_2048_muon_cooldown_step141k
155070,1.2786097526550293,,,,moe_67b_a2b_d2560_ep1_rep8_bs1024_seq65536_sw2k_v4_2048_muon_cooldown_step141k
155088,1.3170758485794067,,,,moe_67b_a2b_d2560_ep1_rep8_bs1024_seq65536_sw2k_v4_2048_muon_cooldown_step141k
155091,1.2813282012939453,,,,moe_67b_a2b_d2560_ep1_rep8_bs1024_seq65536_sw2k_v4_2048_muon_cooldown_step141k
155098,1.2988250255584717,,,,moe_67b_a2b_d2560_ep1_rep8_bs1024_seq65536_sw2k_v4_2048_muon_cooldown_step141k
155103,1.2650002241134644,,,,moe_67b_a2b_d2560_ep1_rep8_bs1024_seq65536_sw2k_v4_2048_muon_cooldown_step141k
155104,1.212095022201538,,,,moe_67b_a2b_d2560_ep1_rep8_bs1024_seq65536_sw2k_v4_2048_muon_cooldown_step141k
155119,1.2879408597946167,,,,moe_67b_a2b_d2560_ep1_rep8_bs1024_seq65536_sw2k_v4_2048_muon_cooldown_step141k
155120,1.2804782390594482,,,,moe_67b_a2b_d2560_ep1_rep8_bs1024_seq65536_sw2k_v4_2048_muon_cooldown_step141k
155121,1.2736238241195679,,,,moe_67b_a2b_d2560_ep1_rep8_bs1024_seq65536_sw2k_v4_2048_muon_cooldown_step141k
155130,1.2875572443008423,,,,moe_67b_a2b_d2560_ep1_rep8_bs1024_seq65536_sw2k_v4_2048_muon_cooldown_step141k
155143,1.2754801511764526,,,,moe_67b_a2b_d2560_ep1_rep8_bs1024_seq65536_sw2k_v4_2048_muon_cooldown_step141k
155154,1.263437271118164,,,,moe_67b_a2b_d2560_ep1_rep8_bs1024_seq65536_sw2k_v4_2048_muon_cooldown_step141k
155155,1.2779407501220703,,,,moe_67b_a2b_d2560_ep1_rep8_bs1024_seq65536_sw2k_v4_2048_muon_cooldown_step141k
155162,1.3026155233383179,,,,moe_67b_a2b_d2560_ep1_rep8_bs1024_seq65536_sw2k_v4_2048_muon_cooldown_step141k
155166,1.2497141361236572,,,,moe_67b_a2b_d2560_ep1_rep8_bs1024_seq65536_sw2k_v4_2048_muon_cooldown_step141k
155175,1.2743943929672241,,,,moe_67b_a2b_d2560_ep1_rep8_bs1024_seq65536_sw2k_v4_2048_muon_cooldown_step141k
155179,1.3232669830322266,,,,moe_67b_a2b_d2560_ep1_rep8_bs1024_seq65536_sw2k_v4_2048_muon_cooldown_step141k
155193,1.2441045045852661,,,,moe_67b_a2b_d2560_ep1_rep8_bs1024_seq65536_sw2k_v4_2048_muon_cooldown_step141k
155196,1.2779345512390137,,,,moe_67b_a2b_d2560_ep1_rep8_bs1024_seq65536_sw2k_v4_2048_muon_cooldown_step141k
155213,1.3083668947219849,,,,moe_67b_a2b_d2560_ep1_rep8_bs1024_seq65536_sw2k_v4_2048_muon_cooldown_step141k
155250,1.3050349950790405,,,,moe_67b_a2b_d2560_ep1_rep8_bs1024_seq65536_sw2k_v4_2048_muon_cooldown_step141k
155258,1.2511885166168213,,,,moe_67b_a2b_d2560_ep1_rep8_bs1024_seq65536_sw2k_v4_2048_muon_cooldown_step141k
155259,1.2882161140441895,,,,moe_67b_a2b_d2560_ep1_rep8_bs1024_seq65536_sw2k_v4_2048_muon_cooldown_step141k
155266,1.3141391277313232,,,,moe_67b_a2b_d2560_ep1_rep8_bs1024_seq65536_sw2k_v4_2048_muon_cooldown_step141k
155267,1.2496181726455688,,,,moe_67b_a2b_d2560_ep1_rep8_bs1024_seq65536_sw2k_v4_2048_muon_cooldown_step141k
155294,1.2606450319290161,,,,moe_67b_a2b_d2560_ep1_rep8_bs1024_seq65536_sw2k_v4_2048_muon_cooldown_step141k
155308,1.2653323411941528,,,,moe_67b_a2b_d2560_ep1_rep8_bs1024_seq65536_sw2k_v4_2048_muon_cooldown_step141k
155313,1.2422393560409546,,,,moe_67b_a2b_d2560_ep1_rep8_bs1024_seq65536_sw2k_v4_2048_muon_cooldown_step141k
155316,1.2381912469863892,,,,moe_67b_a2b_d2560_ep1_rep8_bs1024_seq65536_sw2k_v4_2048_muon_cooldown_step141k
155325,1.2845203876495361,,,,moe_67b_a2b_d2560_ep1_rep8_bs1024_seq65536_sw2k_v4_2048_muon_cooldown_step141k
155328,1.258243203163147,,,,moe_67b_a2b_d2560_ep1_rep8_bs1024_seq65536_sw2k_v4_2048_muon_cooldown_step141k
155332,1.3018854856491089,,,,moe_67b_a2b_d2560_ep1_rep8_bs1024_seq65536_sw2k_v4_2048_muon_cooldown_step141k
155345,1.2776038646697998,,,,moe_67b_a2b_d2560_ep1_rep8_bs1024_seq65536_sw2k_v4_2048_muon_cooldown_step141k
155349,1.2597578763961792,,,,moe_67b_a2b_d2560_ep1_rep8_bs1024_seq65536_sw2k_v4_2048_muon_cooldown_step141k
155369,1.2699624300003052,,,,moe_67b_a2b_d2560_ep1_rep8_bs1024_seq65536_sw2k_v4_2048_muon_cooldown_step141k
155384,1.3217041492462158,,,,moe_67b_a2b_d2560_ep1_rep8_bs1024_seq65536_sw2k_v4_2048_muon_cooldown_step141k
155386,1.3041287660598755,,,,moe_67b_a2b_d2560_ep1_rep8_bs1024_seq65536_sw2k_v4_2048_muon_cooldown_step141k
155390,1.2216770648956299,,,,moe_67b_a2b_d2560_ep1_rep8_bs1024_seq65536_sw2k_v4_2048_muon_cooldown_step141k
155394,1.2456711530685425,,,,moe_67b_a2b_d2560_ep1_rep8_bs1024_seq65536_sw2k_v4_2048_muon_cooldown_step141k
155401,1.2558358907699585,,,,moe_67b_a2b_d2560_ep1_rep8_bs1024_seq65536_sw2k_v4_2048_muon_cooldown_step141k
155402,1.2885057926177979,,,,moe_67b_a2b_d2560_ep1_rep8_bs1024_seq65536_sw2k_v4_2048_muon_cooldown_step141k
155408,1.2827627658843994,,,,moe_67b_a2b_d2560_ep1_rep8_bs1024_seq65536_sw2k_v4_2048_muon_cooldown_step141k
155416,1.2433594465255737,,,,moe_67b_a2b_d2560_ep1_rep8_bs1024_seq65536_sw2k_v4_2048_muon_cooldown_step141k
155430,1.2517640590667725,,,,moe_67b_a2b_d2560_ep1_rep8_bs1024_seq65536_sw2k_v4_2048_muon_cooldown_step141k
155435,1.2740546464920044,,,,moe_67b_a2b_d2560_ep1_rep8_bs1024_seq65536_sw2k_v4_2048_muon_cooldown_step141k
155442,1.2963608503341675,,,,moe_67b_a2b_d2560_ep1_rep8_bs1024_seq65536_sw2k_v4_2048_muon_cooldown_step141k
155445,1.265115737915039,,,,moe_67b_a2b_d2560_ep1_rep8_bs1024_seq65536_sw2k_v4_2048_muon_cooldown_step141k
155446,1.2595399618148804,,,,moe_67b_a2b_d2560_ep1_rep8_bs1024_seq65536_sw2k_v4_2048_muon_cooldown_step141k
155460,1.2516894340515137,,,,moe_67b_a2b_d2560_ep1_rep8_bs1024_seq65536_sw2k_v4_2048_muon_cooldown_step141k
155466,1.290347933769226,,,,moe_67b_a2b_d2560_ep1_rep8_bs1024_seq65536_sw2k_v4_2048_muon_cooldown_step141k
155468,1.253295660018921,,,,moe_67b_a2b_d2560_ep1_rep8_bs1024_seq65536_sw2k_v4_2048_muon_cooldown_step141k
155472,1.2788591384887695,,,,moe_67b_a2b_d2560_ep1_rep8_bs1024_seq65536_sw2k_v4_2048_muon_cooldown_step141k
155476,1.2814960479736328,,,,moe_67b_a2b_d2560_ep1_rep8_bs1024_seq65536_sw2k_v4_2048_muon_cooldown_step141k
155495,1.2923446893692017,,,,moe_67b_a2b_d2560_ep1_rep8_bs1024_seq65536_sw2k_v4_2048_muon_cooldown_step141k
155497,1.2067832946777344,,,,moe_67b_a2b_d2560_ep1_rep8_bs1024_seq65536_sw2k_v4_2048_muon_cooldown_step141k
155505,1.264853835105896,,,,moe_67b_a2b_d2560_ep1_rep8_bs1024_seq65536_sw2k_v4_2048_muon_cooldown_step141k
155512,1.2636191844940186,,,,moe_67b_a2b_d2560_ep1_rep8_bs1024_seq65536_sw2k_v4_2048_muon_cooldown_step141k
155516,1.2085720300674438,,,,moe_67b_a2b_d2560_ep1_rep8_bs1024_seq65536_sw2k_v4_2048_muon_cooldown_step141k
155519,1.2978403568267822,,,,moe_67b_a2b_d2560_ep1_rep8_bs1024_seq65536_sw2k_v4_2048_muon_cooldown_step141k
155520,1.3030236959457397,,,,moe_67b_a2b_d2560_ep1_rep8_bs1024_seq65536_sw2k_v4_2048_muon_cooldown_step141k
155523,1.2683706283569336,,,,moe_67b_a2b_d2560_ep1_rep8_bs1024_seq65536_sw2k_v4_2048_muon_cooldown_step141k
155528,1.2937452793121338,,,,moe_67b_a2b_d2560_ep1_rep8_bs1024_seq65536_sw2k_v4_2048_muon_cooldown_step141k
155529,1.2755048274993896,,,,moe_67b_a2b_d2560_ep1_rep8_bs1024_seq65536_sw2k_v4_2048_muon_cooldown_step141k
155530,1.31199049949646,,,,moe_67b_a2b_d2560_ep1_rep8_bs1024_seq65536_sw2k_v4_2048_muon_cooldown_step141k
155533,1.2750592231750488,,,,moe_67b_a2b_d2560_ep1_rep8_bs1024_seq65536_sw2k_v4_2048_muon_cooldown_step141k
155536,1.300688624382019,,,,moe_67b_a2b_d2560_ep1_rep8_bs1024_seq65536_sw2k_v4_2048_muon_cooldown_step141k
155545,1.3007328510284424,,,,moe_67b_a2b_d2560_ep1_rep8_bs1024_seq65536_sw2k_v4_2048_muon_cooldown_step141k
155548,1.258018970489502,,,,moe_67b_a2b_d2560_ep1_rep8_bs1024_seq65536_sw2k_v4_2048_muon_cooldown_step141k
155562,1.294472575187683,,,,moe_67b_a2b_d2560_ep1_rep8_bs1024_seq65536_sw2k_v4_2048_muon_cooldown_step141k
155578,1.2979984283447266,,,,moe_67b_a2b_d2560_ep1_rep8_bs1024_seq65536_sw2k_v4_2048_muon_cooldown_step141k
155579,1.2732149362564087,,,,moe_67b_a2b_d2560_ep1_rep8_bs1024_seq65536_sw2k_v4_2048_muon_cooldown_step141k
155610,1.2605656385421753,,,,moe_67b_a2b_d2560_ep1_rep8_bs1024_seq65536_sw2k_v4_2048_muon_cooldown_step141k
155638,1.2439334392547607,,,,moe_67b_a2b_d2560_ep1_rep8_bs1024_seq65536_sw2k_v4_2048_muon_cooldown_step141k
155670,1.3322101831436157,,,,moe_67b_a2b_d2560_ep1_rep8_bs1024_seq65536_sw2k_v4_2048_muon_cooldown_step141k
155677,1.3045029640197754,,,,moe_67b_a2b_d2560_ep1_rep8_bs1024_seq65536_sw2k_v4_2048_muon_cooldown_step141k
155682,1.2735785245895386,,,,moe_67b_a2b_d2560_ep1_rep8_bs1024_seq65536_sw2k_v4_2048_muon_cooldown_step141k
155683,1.2621874809265137,,,,moe_67b_a2b_d2560_ep1_rep8_bs1024_seq65536_sw2k_v4_2048_muon_cooldown_step141k
155690,1.2686569690704346,,,,moe_67b_a2b_d2560_ep1_rep8_bs1024_seq65536_sw2k_v4_2048_muon_cooldown_step141k
155696,1.2666501998901367,,,,moe_67b_a2b_d2560_ep1_rep8_bs1024_seq65536_sw2k_v4_2048_muon_cooldown_step141k
155713,1.2873955965042114,,,,moe_67b_a2b_d2560_ep1_rep8_bs1024_seq65536_sw2k_v4_2048_muon_cooldown_step141k
155722,1.3094482421875,,,,moe_67b_a2b_d2560_ep1_rep8_bs1024_seq65536_sw2k_v4_2048_muon_cooldown_step141k
155729,1.2589479684829712,,,,moe_67b_a2b_d2560_ep1_rep8_bs1024_seq65536_sw2k_v4_2048_muon_cooldown_step141k
155736,1.284461498260498,,,,moe_67b_a2b_d2560_ep1_rep8_bs1024_seq65536_sw2k_v4_2048_muon_cooldown_step141k
155737,1.298382043838501,,,,moe_67b_a2b_d2560_ep1_rep8_bs1024_seq65536_sw2k_v4_2048_muon_cooldown_step141k
155744,1.2869327068328857,,,,moe_67b_a2b_d2560_ep1_rep8_bs1024_seq65536_sw2k_v4_2048_muon_cooldown_step141k
155745,1.2918444871902466,,,,moe_67b_a2b_d2560_ep1_rep8_bs1024_seq65536_sw2k_v4_2048_muon_cooldown_step141k
155755,1.2654247283935547,,,,moe_67b_a2b_d2560_ep1_rep8_bs1024_seq65536_sw2k_v4_2048_muon_cooldown_step141k
155756,1.2470136880874634,,,,moe_67b_a2b_d2560_ep1_rep8_bs1024_seq65536_sw2k_v4_2048_muon_cooldown_step141k
155772,1.2781941890716553,,,,moe_67b_a2b_d2560_ep1_rep8_bs1024_seq65536_sw2k_v4_2048_muon_cooldown_step141k
155780,1.282889485359192,,,,moe_67b_a2b_d2560_ep1_rep8_bs1024_seq65536_sw2k_v4_2048_muon_cooldown_step141k
155782,1.273659586906433,,,,moe_67b_a2b_d2560_ep1_rep8_bs1024_seq65536_sw2k_v4_2048_muon_cooldown_step141k
155792,1.2622144222259521,,,,moe_67b_a2b_d2560_ep1_rep8_bs1024_seq65536_sw2k_v4_2048_muon_cooldown_step141k
155799,1.2922760248184204,,,,moe_67b_a2b_d2560_ep1_rep8_bs1024_seq65536_sw2k_v4_2048_muon_cooldown_step141k
155801,1.306349515914917,,,,moe_67b_a2b_d2560_ep1_rep8_bs1024_seq65536_sw2k_v4_2048_muon_cooldown_step141k
155803,1.2990270853042603,,,,moe_67b_a2b_d2560_ep1_rep8_bs1024_seq65536_sw2k_v4_2048_muon_cooldown_step141k
155804,1.2646815776824951,,,,moe_67b_a2b_d2560_ep1_rep8_bs1024_seq65536_sw2k_v4_2048_muon_cooldown_step141k
155806,1.281781554222107,,,,moe_67b_a2b_d2560_ep1_rep8_bs1024_seq65536_sw2k_v4_2048_muon_cooldown_step141k
155811,1.2595781087875366,,,,moe_67b_a2b_d2560_ep1_rep8_bs1024_seq65536_sw2k_v4_2048_muon_cooldown_step141k
155816,1.2705204486846924,,,,moe_67b_a2b_d2560_ep1_rep8_bs1024_seq65536_sw2k_v4_2048_muon_cooldown_step141k
155833,1.2332677841186523,,,,moe_67b_a2b_d2560_ep1_rep8_bs1024_seq65536_sw2k_v4_2048_muon_cooldown_step141k
155851,1.268211841583252,,,,moe_67b_a2b_d2560_ep1_rep8_bs1024_seq65536_sw2k_v4_2048_muon_cooldown_step141k
155869,1.2710661888122559,,,,moe_67b_a2b_d2560_ep1_rep8_bs1024_seq65536_sw2k_v4_2048_muon_cooldown_step141k
155880,1.293567180633545,,,,moe_67b_a2b_d2560_ep1_rep8_bs1024_seq65536_sw2k_v4_2048_muon_cooldown_step141k
155882,1.2596451044082642,,,,moe_67b_a2b_d2560_ep1_rep8_bs1024_seq65536_sw2k_v4_2048_muon_cooldown_step141k
155885,1.2947055101394653,,,,moe_67b_a2b_d2560_ep1_rep8_bs1024_seq65536_sw2k_v4_2048_muon_cooldown_step141k
155901,1.2506506443023682,,,,moe_67b_a2b_d2560_ep1_rep8_bs1024_seq65536_sw2k_v4_2048_muon_cooldown_step141k
155924,1.2585610151290894,,,,moe_67b_a2b_d2560_ep1_rep8_bs1024_seq65536_sw2k_v4_2048_muon_cooldown_step141k
155927,1.2850929498672485,,,,moe_67b_a2b_d2560_ep1_rep8_bs1024_seq65536_sw2k_v4_2048_muon_cooldown_step141k
155933,1.235001802444458,,,,moe_67b_a2b_d2560_ep1_rep8_bs1024_seq65536_sw2k_v4_2048_muon_cooldown_step141k
155940,1.318325400352478,,,,moe_67b_a2b_d2560_ep1_rep8_bs1024_seq65536_sw2k_v4_2048_muon_cooldown_step141k
155949,1.319854974746704,,,,moe_67b_a2b_d2560_ep1_rep8_bs1024_seq65536_sw2k_v4_2048_muon_cooldown_step141k
155954,1.2498339414596558,,,,moe_67b_a2b_d2560_ep1_rep8_bs1024_seq65536_sw2k_v4_2048_muon_cooldown_step141k
155985,1.2701780796051025,,,,moe_67b_a2b_d2560_ep1_rep8_bs1024_seq65536_sw2k_v4_2048_muon_cooldown_step141k
155987,1.2778791189193726,,,,moe_67b_a2b_d2560_ep1_rep8_bs1024_seq65536_sw2k_v4_2048_muon_cooldown_step141k
155990,1.2981876134872437,,,,moe_67b_a2b_d2560_ep1_rep8_bs1024_seq65536_sw2k_v4_2048_muon_cooldown_step141k
155995,1.2764562368392944,,,,moe_67b_a2b_d2560_ep1_rep8_bs1024_seq65536_sw2k_v4_2048_muon_cooldown_step141k
155999,,2.2608909606933594,1.877445101737976,2.0259978771209717,moe_67b_a2b_d2560_ep1_rep8_bs1024_seq65536_sw2k_v4_2048_muon_cooldown_step141k
156000,1.2418150901794434,2.2717857360839844,1.8779016733169556,1.859261393547058,moe_67b_a2b_d2560_ep1_rep1_ctx4_bs256_seq262144_ctxext_step156k_qk157
156001,1.2825373411178589,,,,moe_67b_a2b_d2560_ep1_rep1_ctx4_bs256_seq262144_ctxext_step156k_qk157
156002,1.2580397129058838,,,,moe_67b_a2b_d2560_ep1_rep1_ctx4_bs256_seq262144_ctxext_step156k_qk157
156003,1.2584598064422607,,,,moe_67b_a2b_d2560_ep1_rep1_ctx4_bs256_seq262144_ctxext_step156k_qk157
156004,1.2540390491485596,,,,moe_67b_a2b_d2560_ep1_rep1_ctx4_bs256_seq262144_ctxext_step156k_qk157
156005,1.3223167657852173,,,,moe_67b_a2b_d2560_ep1_rep1_ctx4_bs256_seq262144_ctxext_step156k_qk157
156006,1.2254507541656494,,,,moe_67b_a2b_d2560_ep1_rep1_ctx4_bs256_seq262144_ctxext_step156k_qk157
156007,1.240318775177002,,,,moe_67b_a2b_d2560_ep1_rep1_ctx4_bs256_seq262144_ctxext_step156k_qk157
156008,1.290604829788208,,,,moe_67b_a2b_d2560_ep1_rep1_ctx4_bs256_seq262144_ctxext_step156k_qk157
156009,1.3183629512786865,,,,moe_67b_a2b_d2560_ep1_rep1_ctx4_bs256_seq262144_ctxext_step156k_qk157
156010,1.2618677616119385,,,,moe_67b_a2b_d2560_ep1_rep1_ctx4_bs256_seq262144_ctxext_step156k_qk157
156011,1.2508002519607544,,,,moe_67b_a2b_d2560_ep1_rep1_ctx4_bs256_seq262144_ctxext_step156k_qk157
156012,1.298731803894043,,,,moe_67b_a2b_d2560_ep1_rep1_ctx4_bs256_seq262144_ctxext_step156k_qk157
156013,1.2358357906341553,,,,moe_67b_a2b_d2560_ep1_rep1_ctx4_bs256_seq262144_ctxext_step156k_qk157
156014,1.292402744293213,,,,moe_67b_a2b_d2560_ep1_rep1_ctx4_bs256_seq262144_ctxext_step156k_qk157
156015,1.1760982275009155,,,,moe_67b_a2b_d2560_ep1_rep1_ctx4_bs256_seq262144_ctxext_step156k_qk157
156016,1.2137832641601562,,,,moe_67b_a2b_d2560_ep1_rep1_ctx4_bs256_seq262144_ctxext_step156k_qk157
156017,1.1323682069778442,,,,moe_67b_a2b_d2560_ep1_rep1_ctx4_bs256_seq262144_ctxext_step156k_qk157
156018,1.271814227104187,,,,moe_67b_a2b_d2560_ep1_rep1_ctx4_bs256_seq262144_ctxext_step156k_qk157
156019,1.2301615476608276,,,,moe_67b_a2b_d2560_ep1_rep1_ctx4_bs256_seq262144_ctxext_step156k_qk157
156020,1.266544222831726,,,,moe_67b_a2b_d2560_ep1_rep1_ctx4_bs256_seq262144_ctxext_step156k_qk157
156021,1.201699137687683,,,,moe_67b_a2b_d2560_ep1_rep1_ctx4_bs256_seq262144_ctxext_step156k_qk157
156022,1.2931692600250244,,,,moe_67b_a2b_d2560_ep1_rep1_ctx4_bs256_seq262144_ctxext_step156k_qk157
156023,1.2532364130020142,,,,moe_67b_a2b_d2560_ep1_rep1_ctx4_bs256_seq262144_ctxext_step156k_qk157
156024,1.2952228784561157,,,,moe_67b_a2b_d2560_ep1_rep1_ctx4_bs256_seq262144_ctxext_step156k_qk157
156025,1.2544969320297241,,,,moe_67b_a2b_d2560_ep1_rep1_ctx4_bs256_seq262144_ctxext_step156k_qk157
156026,1.2868366241455078,,,,moe_67b_a2b_d2560_ep1_rep1_ctx4_bs256_seq262144_ctxext_step156k_qk157
156027,1.2698845863342285,,,,moe_67b_a2b_d2560_ep1_rep1_ctx4_bs256_seq262144_ctxext_step156k_qk157
156028,1.2277586460113525,,,,moe_67b_a2b_d2560_ep1_rep1_ctx4_bs256_seq262144_ctxext_step156k_qk157
156029,1.2421680688858032,,,,moe_67b_a2b_d2560_ep1_rep1_ctx4_bs256_seq262144_ctxext_step156k_qk157
156030,1.2737720012664795,,,,moe_67b_a2b_d2560_ep1_rep1_ctx4_bs256_seq262144_ctxext_step156k_qk157
156031,1.2217535972595215,,,,moe_67b_a2b_d2560_ep1_rep1_ctx4_bs256_seq262144_ctxext_step156k_qk157
156032,1.173095941543579,,,,moe_67b_a2b_d2560_ep1_rep1_ctx4_bs256_seq262144_ctxext_step156k_qk157
156033,1.306361436843872,,,,moe_67b_a2b_d2560_ep1_rep1_ctx4_bs256_seq262144_ctxext_step156k_qk157
156034,1.1718738079071045,,,,moe_67b_a2b_d2560_ep1_rep1_ctx4_bs256_seq262144_ctxext_step156k_qk157
156035,1.2235654592514038,,,,moe_67b_a2b_d2560_ep1_rep1_ctx4_bs256_seq262144_ctxext_step156k_qk157
156036,1.2672187089920044,,,,moe_67b_a2b_d2560_ep1_rep1_ctx4_bs256_seq262144_ctxext_step156k_qk157
156037,1.2415345907211304,,,,moe_67b_a2b_d2560_ep1_rep1_ctx4_bs256_seq262144_ctxext_step156k_qk157
156038,1.1976633071899414,,,,moe_67b_a2b_d2560_ep1_rep1_ctx4_bs256_seq262144_ctxext_step156k_qk157
156039,1.2674782276153564,,,,moe_67b_a2b_d2560_ep1_rep1_ctx4_bs256_seq262144_ctxext_step156k_qk157
156040,1.2744078636169434,,,,moe_67b_a2b_d2560_ep1_rep1_ctx4_bs256_seq262144_ctxext_step156k_qk157
156041,1.371982455253601,,,,moe_67b_a2b_d2560_ep1_rep1_ctx4_bs256_seq262144_ctxext_step156k_qk157
156042,1.2693456411361694,,,,moe_67b_a2b_d2560_ep1_rep1_ctx4_bs256_seq262144_ctxext_step156k_qk157
156043,1.3547914028167725,,,,moe_67b_a2b_d2560_ep1_rep1_ctx4_bs256_seq262144_ctxext_step156k_qk157
156044,1.3739062547683716,,,,moe_67b_a2b_d2560_ep1_rep1_ctx4_bs256_seq262144_ctxext_step156k_qk157
156045,1.3226972818374634,,,,moe_67b_a2b_d2560_ep1_rep1_ctx4_bs256_seq262144_ctxext_step156k_qk157
156046,1.3001943826675415,,,,moe_67b_a2b_d2560_ep1_rep1_ctx4_bs256_seq262144_ctxext_step156k_qk157
156047,1.22077476978302,,,,moe_67b_a2b_d2560_ep1_rep1_ctx4_bs256_seq262144_ctxext_step156k_qk157
156048,1.236998438835144,,,,moe_67b_a2b_d2560_ep1_rep1_ctx4_bs256_seq262144_ctxext_step156k_qk157
156049,1.2925490140914917,,,,moe_67b_a2b_d2560_ep1_rep1_ctx4_bs256_seq262144_ctxext_step156k_qk157
156050,1.2049262523651123,,,,moe_67b_a2b_d2560_ep1_rep1_ctx4_bs256_seq262144_ctxext_step156k_qk157
156051,1.2786158323287964,,,,moe_67b_a2b_d2560_ep1_rep1_ctx4_bs256_seq262144_ctxext_step156k_qk157
156052,1.3388816118240356,,,,moe_67b_a2b_d2560_ep1_rep1_ctx4_bs256_seq262144_ctxext_step156k_qk157
156053,1.2032604217529297,,,,moe_67b_a2b_d2560_ep1_rep1_ctx4_bs256_seq262144_ctxext_step156k_qk157
156054,1.223312258720398,,,,moe_67b_a2b_d2560_ep1_rep1_ctx4_bs256_seq262144_ctxext_step156k_qk157
156055,1.2629810571670532,,,,moe_67b_a2b_d2560_ep1_rep1_ctx4_bs256_seq262144_ctxext_step156k_qk157
156056,1.2488869428634644,,,,moe_67b_a2b_d2560_ep1_rep1_ctx4_bs256_seq262144_ctxext_step156k_qk157
156057,1.2955505847930908,,,,moe_67b_a2b_d2560_ep1_rep1_ctx4_bs256_seq262144_ctxext_step156k_qk157
156058,1.257515549659729,,,,moe_67b_a2b_d2560_ep1_rep1_ctx4_bs256_seq262144_ctxext_step156k_qk157
156059,1.2303550243377686,,,,moe_67b_a2b_d2560_ep1_rep1_ctx4_bs256_seq262144_ctxext_step156k_qk157
156060,1.3435872793197632,,,,moe_67b_a2b_d2560_ep1_rep1_ctx4_bs256_seq262144_ctxext_step156k_qk157
156061,1.265061616897583,,,,moe_67b_a2b_d2560_ep1_rep1_ctx4_bs256_seq262144_ctxext_step156k_qk157
156062,1.3234927654266357,,,,moe_67b_a2b_d2560_ep1_rep1_ctx4_bs256_seq262144_ctxext_step156k_qk157
156063,1.4198955297470093,,,,moe_67b_a2b_d2560_ep1_rep1_ctx4_bs256_seq262144_ctxext_step156k_qk157
156064,1.258622407913208,,,,moe_67b_a2b_d2560_ep1_rep1_ctx4_bs256_seq262144_ctxext_step156k_qk157
156065,1.2931419610977173,,,,moe_67b_a2b_d2560_ep1_rep1_ctx4_bs256_seq262144_ctxext_step156k_qk157
156066,1.2488940954208374,,,,moe_67b_a2b_d2560_ep1_rep1_ctx4_bs256_seq262144_ctxext_step156k_qk157
156067,1.2900488376617432,,,,moe_67b_a2b_d2560_ep1_rep1_ctx4_bs256_seq262144_ctxext_step156k_qk157
156068,1.3001618385314941,,,,moe_67b_a2b_d2560_ep1_rep1_ctx4_bs256_seq262144_ctxext_step156k_qk157
156069,1.2208040952682495,,,,moe_67b_a2b_d2560_ep1_rep1_ctx4_bs256_seq262144_ctxext_step156k_qk157
156070,1.188302993774414,,,,moe_67b_a2b_d2560_ep1_rep1_ctx4_bs256_seq262144_ctxext_step156k_qk157
156071,1.2584431171417236,,,,moe_67b_a2b_d2560_ep1_rep1_ctx4_bs256_seq262144_ctxext_step156k_qk157
156072,1.3014273643493652,,,,moe_67b_a2b_d2560_ep1_rep1_ctx4_bs256_seq262144_ctxext_step156k_qk157
156073,1.2862718105316162,,,,moe_67b_a2b_d2560_ep1_rep1_ctx4_bs256_seq262144_ctxext_step156k_qk157
156074,1.2601840496063232,,,,moe_67b_a2b_d2560_ep1_rep1_ctx4_bs256_seq262144_ctxext_step156k_qk157
156075,1.297008752822876,,,,moe_67b_a2b_d2560_ep1_rep1_ctx4_bs256_seq262144_ctxext_step156k_qk157
156076,1.2578482627868652,,,,moe_67b_a2b_d2560_ep1_rep1_ctx4_bs256_seq262144_ctxext_step156k_qk157
156077,1.2578026056289673,,,,moe_67b_a2b_d2560_ep1_rep1_ctx4_bs256_seq262144_ctxext_step156k_qk157
156078,1.247306227684021,,,,moe_67b_a2b_d2560_ep1_rep1_ctx4_bs256_seq262144_ctxext_step156k_qk157
156079,1.1819161176681519,,,,moe_67b_a2b_d2560_ep1_rep1_ctx4_bs256_seq262144_ctxext_step156k_qk157
156080,1.2629209756851196,,,,moe_67b_a2b_d2560_ep1_rep1_ctx4_bs256_seq262144_ctxext_step156k_qk157
156081,1.3705247640609741,,,,moe_67b_a2b_d2560_ep1_rep1_ctx4_bs256_seq262144_ctxext_step156k_qk157
156082,1.3161282539367676,,,,moe_67b_a2b_d2560_ep1_rep1_ctx4_bs256_seq262144_ctxext_step156k_qk157
156083,1.239056944847107,,,,moe_67b_a2b_d2560_ep1_rep1_ctx4_bs256_seq262144_ctxext_step156k_qk157
156084,1.2244879007339478,,,,moe_67b_a2b_d2560_ep1_rep1_ctx4_bs256_seq262144_ctxext_step156k_qk157
156085,1.2479267120361328,,,,moe_67b_a2b_d2560_ep1_rep1_ctx4_bs256_seq262144_ctxext_step156k_qk157
156086,1.358654260635376,,,,moe_67b_a2b_d2560_ep1_rep1_ctx4_bs256_seq262144_ctxext_step156k_qk157
156087,1.345263123512268,,,,moe_67b_a2b_d2560_ep1_rep1_ctx4_bs256_seq262144_ctxext_step156k_qk157
156088,1.3239197731018066,,,,moe_67b_a2b_d2560_ep1_rep1_ctx4_bs256_seq262144_ctxext_step156k_qk157
156089,1.3529151678085327,,,,moe_67b_a2b_d2560_ep1_rep1_ctx4_bs256_seq262144_ctxext_step156k_qk157
156090,1.3027961254119873,,,,moe_67b_a2b_d2560_ep1_rep1_ctx4_bs256_seq262144_ctxext_step156k_qk157
156091,1.2840064764022827,,,,moe_67b_a2b_d2560_ep1_rep1_ctx4_bs256_seq262144_ctxext_step156k_qk157
156092,1.271457314491272,,,,moe_67b_a2b_d2560_ep1_rep1_ctx4_bs256_seq262144_ctxext_step156k_qk157
156093,1.369363784790039,,,,moe_67b_a2b_d2560_ep1_rep1_ctx4_bs256_seq262144_ctxext_step156k_qk157
156094,1.203733205795288,,,,moe_67b_a2b_d2560_ep1_rep1_ctx4_bs256_seq262144_ctxext_step156k_qk157
156095,1.2827906608581543,,,,moe_67b_a2b_d2560_ep1_rep1_ctx4_bs256_seq262144_ctxext_step156k_qk157
156096,1.1791924238204956,,,,moe_67b_a2b_d2560_ep1_rep1_ctx4_bs256_seq262144_ctxext_step156k_qk157
156097,1.239663004875183,,,,moe_67b_a2b_d2560_ep1_rep1_ctx4_bs256_seq262144_ctxext_step156k_qk157
156098,1.289867877960205,,,,moe_67b_a2b_d2560_ep1_rep1_ctx4_bs256_seq262144_ctxext_step156k_qk157
156099,1.249200463294983,,,,moe_67b_a2b_d2560_ep1_rep1_ctx4_bs256_seq262144_ctxext_step156k_qk157
156100,1.2696316242218018,,,,moe_67b_a2b_d2560_ep1_rep1_ctx4_bs256_seq262144_ctxext_step156k_qk157
156101,1.253987431526184,,,,moe_67b_a2b_d2560_ep1_rep1_ctx4_bs256_seq262144_ctxext_step156k_qk157
156102,1.2395522594451904,,,,moe_67b_a2b_d2560_ep1_rep1_ctx4_bs256_seq262144_ctxext_step156k_qk157
156103,1.254338026046753,,,,moe_67b_a2b_d2560_ep1_rep1_ctx4_bs256_seq262144_ctxext_step156k_qk157
156104,1.1849734783172607,,,,moe_67b_a2b_d2560_ep1_rep1_ctx4_bs256_seq262144_ctxext_step156k_qk157
156105,1.3068429231643677,,,,moe_67b_a2b_d2560_ep1_rep1_ctx4_bs256_seq262144_ctxext_step156k_qk157
156106,1.282877802848816,,,,moe_67b_a2b_d2560_ep1_rep1_ctx4_bs256_seq262144_ctxext_step156k_qk157
156107,1.2673794031143188,,,,moe_67b_a2b_d2560_ep1_rep1_ctx4_bs256_seq262144_ctxext_step156k_qk157
156108,1.3001823425292969,,,,moe_67b_a2b_d2560_ep1_rep1_ctx4_bs256_seq262144_ctxext_step156k_qk157
156109,1.2813609838485718,,,,moe_67b_a2b_d2560_ep1_rep1_ctx4_bs256_seq262144_ctxext_step156k_qk157
156110,1.3154312372207642,,,,moe_67b_a2b_d2560_ep1_rep1_ctx4_bs256_seq262144_ctxext_step156k_qk157
156111,1.2564369440078735,,,,moe_67b_a2b_d2560_ep1_rep1_ctx4_bs256_seq262144_ctxext_step156k_qk157
156112,1.332871437072754,,,,moe_67b_a2b_d2560_ep1_rep1_ctx4_bs256_seq262144_ctxext_step156k_qk157
156113,1.2436161041259766,,,,moe_67b_a2b_d2560_ep1_rep1_ctx4_bs256_seq262144_ctxext_step156k_qk157
156114,1.219773769378662,,,,moe_67b_a2b_d2560_ep1_rep1_ctx4_bs256_seq262144_ctxext_step156k_qk157
156115,1.2656716108322144,,,,moe_67b_a2b_d2560_ep1_rep1_ctx4_bs256_seq262144_ctxext_step156k_qk157
156116,1.2792164087295532,,,,moe_67b_a2b_d2560_ep1_rep1_ctx4_bs256_seq262144_ctxext_step156k_qk157
156117,1.219456672668457,,,,moe_67b_a2b_d2560_ep1_rep1_ctx4_bs256_seq262144_ctxext_step156k_qk157
156118,1.2116446495056152,,,,moe_67b_a2b_d2560_ep1_rep1_ctx4_bs256_seq262144_ctxext_step156k_qk157
156119,1.3020763397216797,,,,moe_67b_a2b_d2560_ep1_rep1_ctx4_bs256_seq262144_ctxext_step156k_qk157
156120,1.2236732244491577,,,,moe_67b_a2b_d2560_ep1_rep1_ctx4_bs256_seq262144_ctxext_step156k_qk157
156121,1.289991021156311,,,,moe_67b_a2b_d2560_ep1_rep1_ctx4_bs256_seq262144_ctxext_step156k_qk157
156122,1.2666387557983398,,,,moe_67b_a2b_d2560_ep1_rep1_ctx4_bs256_seq262144_ctxext_step156k_qk157
156123,1.3000001907348633,,,,moe_67b_a2b_d2560_ep1_rep1_ctx4_bs256_seq262144_ctxext_step156k_qk157
156124,1.298920750617981,,,,moe_67b_a2b_d2560_ep1_rep1_ctx4_bs256_seq262144_ctxext_step156k_qk157
156125,1.1981862783432007,,,,moe_67b_a2b_d2560_ep1_rep1_ctx4_bs256_seq262144_ctxext_step156k_qk157
156126,1.3294520378112793,,,,moe_67b_a2b_d2560_ep1_rep1_ctx4_bs256_seq262144_ctxext_step156k_qk157
156127,1.2583954334259033,,,,moe_67b_a2b_d2560_ep1_rep1_ctx4_bs256_seq262144_ctxext_step156k_qk157
156128,1.2903498411178589,,,,moe_67b_a2b_d2560_ep1_rep1_ctx4_bs256_seq262144_ctxext_step156k_qk157
156129,1.191340684890747,,,,moe_67b_a2b_d2560_ep1_rep1_ctx4_bs256_seq262144_ctxext_step156k_qk157
156130,1.2557966709136963,,,,moe_67b_a2b_d2560_ep1_rep1_ctx4_bs256_seq262144_ctxext_step156k_qk157
156131,1.2488404512405396,,,,moe_67b_a2b_d2560_ep1_rep1_ctx4_bs256_seq262144_ctxext_step156k_qk157
156132,1.281212329864502,,,,moe_67b_a2b_d2560_ep1_rep1_ctx4_bs256_seq262144_ctxext_step156k_qk157
156133,1.2510437965393066,,,,moe_67b_a2b_d2560_ep1_rep1_ctx4_bs256_seq262144_ctxext_step156k_qk157
156134,1.2883362770080566,,,,moe_67b_a2b_d2560_ep1_rep1_ctx4_bs256_seq262144_ctxext_step156k_qk157
156135,1.233149528503418,,,,moe_67b_a2b_d2560_ep1_rep1_ctx4_bs256_seq262144_ctxext_step156k_qk157
156136,1.2100682258605957,,,,moe_67b_a2b_d2560_ep1_rep1_ctx4_bs256_seq262144_ctxext_step156k_qk157
156137,1.3486576080322266,,,,moe_67b_a2b_d2560_ep1_rep1_ctx4_bs256_seq262144_ctxext_step156k_qk157
156138,1.2993799448013306,,,,moe_67b_a2b_d2560_ep1_rep1_ctx4_bs256_seq262144_ctxext_step156k_qk157
156139,1.3812806606292725,,,,moe_67b_a2b_d2560_ep1_rep1_ctx4_bs256_seq262144_ctxext_step156k_qk157
156140,1.2515543699264526,,,,moe_67b_a2b_d2560_ep1_rep1_ctx4_bs256_seq262144_ctxext_step156k_qk157
156141,1.2613929510116577,,,,moe_67b_a2b_d2560_ep1_rep1_ctx4_bs256_seq262144_ctxext_step156k_qk157
156142,1.2685455083847046,,,,moe_67b_a2b_d2560_ep1_rep1_ctx4_bs256_seq262144_ctxext_step156k_qk157
156143,1.3450390100479126,,,,moe_67b_a2b_d2560_ep1_rep1_ctx4_bs256_seq262144_ctxext_step156k_qk157
156144,1.286362886428833,,,,moe_67b_a2b_d2560_ep1_rep1_ctx4_bs256_seq262144_ctxext_step156k_qk157
156145,1.2229312658309937,,,,moe_67b_a2b_d2560_ep1_rep1_ctx4_bs256_seq262144_ctxext_step156k_qk157
156146,1.2844603061676025,,,,moe_67b_a2b_d2560_ep1_rep1_ctx4_bs256_seq262144_ctxext_step156k_qk157
156147,1.2468234300613403,,,,moe_67b_a2b_d2560_ep1_rep1_ctx4_bs256_seq262144_ctxext_step156k_qk157
156148,1.2989007234573364,,,,moe_67b_a2b_d2560_ep1_rep1_ctx4_bs256_seq262144_ctxext_step156k_qk157
156149,1.1938501596450806,,,,moe_67b_a2b_d2560_ep1_rep1_ctx4_bs256_seq262144_ctxext_step156k_qk157
156150,1.2077068090438843,,,,moe_67b_a2b_d2560_ep1_rep1_ctx4_bs256_seq262144_ctxext_step156k_qk157
156151,1.2773627042770386,,,,moe_67b_a2b_d2560_ep1_rep1_ctx4_bs256_seq262144_ctxext_step156k_qk157
156152,1.2112610340118408,,,,moe_67b_a2b_d2560_ep1_rep1_ctx4_bs256_seq262144_ctxext_step156k_qk157
156153,1.331946849822998,,,,moe_67b_a2b_d2560_ep1_rep1_ctx4_bs256_seq262144_ctxext_step156k_qk157
156154,1.3351287841796875,,,,moe_67b_a2b_d2560_ep1_rep1_ctx4_bs256_seq262144_ctxext_step156k_qk157
156155,1.2930607795715332,,,,moe_67b_a2b_d2560_ep1_rep1_ctx4_bs256_seq262144_ctxext_step156k_qk157
156156,1.274605393409729,,,,moe_67b_a2b_d2560_ep1_rep1_ctx4_bs256_seq262144_ctxext_step156k_qk157
156157,1.2679575681686401,,,,moe_67b_a2b_d2560_ep1_rep1_ctx4_bs256_seq262144_ctxext_step156k_qk157
156158,1.2352197170257568,,,,moe_67b_a2b_d2560_ep1_rep1_ctx4_bs256_seq262144_ctxext_step156k_qk157
156159,1.265239953994751,,,,moe_67b_a2b_d2560_ep1_rep1_ctx4_bs256_seq262144_ctxext_step156k_qk157
156160,1.2885839939117432,,,,moe_67b_a2b_d2560_ep1_rep1_ctx4_bs256_seq262144_ctxext_step156k_qk157
156161,1.2346450090408325,,,,moe_67b_a2b_d2560_ep1_rep1_ctx4_bs256_seq262144_ctxext_step156k_qk157
156162,1.3033866882324219,,,,moe_67b_a2b_d2560_ep1_rep1_ctx4_bs256_seq262144_ctxext_step156k_qk157
156163,1.2130855321884155,,,,moe_67b_a2b_d2560_ep1_rep1_ctx4_bs256_seq262144_ctxext_step156k_qk157
156164,1.3210501670837402,,,,moe_67b_a2b_d2560_ep1_rep1_ctx4_bs256_seq262144_ctxext_step156k_qk157
156165,1.3008108139038086,,,,moe_67b_a2b_d2560_ep1_rep1_ctx4_bs256_seq262144_ctxext_step156k_qk157
156166,1.2716608047485352,,,,moe_67b_a2b_d2560_ep1_rep1_ctx4_bs256_seq262144_ctxext_step156k_qk157
156167,1.1887199878692627,,,,moe_67b_a2b_d2560_ep1_rep1_ctx4_bs256_seq262144_ctxext_step156k_qk157
156168,1.2550156116485596,,,,moe_67b_a2b_d2560_ep1_rep1_ctx4_bs256_seq262144_ctxext_step156k_qk157
156169,1.2434049844741821,,,,moe_67b_a2b_d2560_ep1_rep1_ctx4_bs256_seq262144_ctxext_step156k_qk157
156170,1.2731146812438965,,,,moe_67b_a2b_d2560_ep1_rep1_ctx4_bs256_seq262144_ctxext_step156k_qk157
156171,1.3233988285064697,,,,moe_67b_a2b_d2560_ep1_rep1_ctx4_bs256_seq262144_ctxext_step156k_qk157
156172,1.2837504148483276,,,,moe_67b_a2b_d2560_ep1_rep1_ctx4_bs256_seq262144_ctxext_step156k_qk157
156173,1.2674123048782349,,,,moe_67b_a2b_d2560_ep1_rep1_ctx4_bs256_seq262144_ctxext_step156k_qk157
156174,1.2555203437805176,,,,moe_67b_a2b_d2560_ep1_rep1_ctx4_bs256_seq262144_ctxext_step156k_qk157
156175,1.2297784090042114,,,,moe_67b_a2b_d2560_ep1_rep1_ctx4_bs256_seq262144_ctxext_step156k_qk157
156176,1.2126089334487915,,,,moe_67b_a2b_d2560_ep1_rep1_ctx4_bs256_seq262144_ctxext_step156k_qk157
156177,1.2739861011505127,,,,moe_67b_a2b_d2560_ep1_rep1_ctx4_bs256_seq262144_ctxext_step156k_qk157
156178,1.2574471235275269,,,,moe_67b_a2b_d2560_ep1_rep1_ctx4_bs256_seq262144_ctxext_step156k_qk157
156179,1.25577712059021,,,,moe_67b_a2b_d2560_ep1_rep1_ctx4_bs256_seq262144_ctxext_step156k_qk157
156180,1.2525033950805664,,,,moe_67b_a2b_d2560_ep1_rep1_ctx4_bs256_seq262144_ctxext_step156k_qk157
156181,1.2296061515808105,,,,moe_67b_a2b_d2560_ep1_rep1_ctx4_bs256_seq262144_ctxext_step156k_qk157
156182,1.322170376777649,,,,moe_67b_a2b_d2560_ep1_rep1_ctx4_bs256_seq262144_ctxext_step156k_qk157
156183,1.2883620262145996,,,,moe_67b_a2b_d2560_ep1_rep1_ctx4_bs256_seq262144_ctxext_step156k_qk157
156184,1.2255650758743286,,,,moe_67b_a2b_d2560_ep1_rep1_ctx4_bs256_seq262144_ctxext_step156k_qk157
156185,1.271125316619873,,,,moe_67b_a2b_d2560_ep1_rep1_ctx4_bs256_seq262144_ctxext_step156k_qk157
156186,1.2462912797927856,,,,moe_67b_a2b_d2560_ep1_rep1_ctx4_bs256_seq262144_ctxext_step156k_qk157
156187,1.2546107769012451,,,,moe_67b_a2b_d2560_ep1_rep1_ctx4_bs256_seq262144_ctxext_step156k_qk157
156188,1.224316120147705,,,,moe_67b_a2b_d2560_ep1_rep1_ctx4_bs256_seq262144_ctxext_step156k_qk157
156189,1.2224047183990479,,,,moe_67b_a2b_d2560_ep1_rep1_ctx4_bs256_seq262144_ctxext_step156k_qk157
156190,1.2724218368530273,,,,moe_67b_a2b_d2560_ep1_rep1_ctx4_bs256_seq262144_ctxext_step156k_qk157
156191,1.2960236072540283,,,,moe_67b_a2b_d2560_ep1_rep1_ctx4_bs256_seq262144_ctxext_step156k_qk157
156192,1.27370023727417,,,,moe_67b_a2b_d2560_ep1_rep1_ctx4_bs256_seq262144_ctxext_step156k_qk157
156193,1.2562958002090454,,,,moe_67b_a2b_d2560_ep1_rep1_ctx4_bs256_seq262144_ctxext_step156k_qk157
156194,1.2787492275238037,,,,moe_67b_a2b_d2560_ep1_rep1_ctx4_bs256_seq262144_ctxext_step156k_qk157
156195,1.234377384185791,,,,moe_67b_a2b_d2560_ep1_rep1_ctx4_bs256_seq262144_ctxext_step156k_qk157
156196,1.2638342380523682,,,,moe_67b_a2b_d2560_ep1_rep1_ctx4_bs256_seq262144_ctxext_step156k_qk157
156197,1.185884714126587,,,,moe_67b_a2b_d2560_ep1_rep1_ctx4_bs256_seq262144_ctxext_step156k_qk157
156198,1.2621819972991943,,,,moe_67b_a2b_d2560_ep1_rep1_ctx4_bs256_seq262144_ctxext_step156k_qk157
156199,1.232898235321045,,,,moe_67b_a2b_d2560_ep1_rep1_ctx4_bs256_seq262144_ctxext_step156k_qk157
156200,1.241858720779419,,,,moe_67b_a2b_d2560_ep1_rep1_ctx4_bs256_seq262144_ctxext_step156k_qk157
156201,1.2195404767990112,,,,moe_67b_a2b_d2560_ep1_rep1_ctx4_bs256_seq262144_ctxext_step156k_qk157
156202,1.200544834136963,,,,moe_67b_a2b_d2560_ep1_rep1_ctx4_bs256_seq262144_ctxext_step156k_qk157
156203,1.3231028318405151,,,,moe_67b_a2b_d2560_ep1_rep1_ctx4_bs256_seq262144_ctxext_step156k_qk157
156204,1.2273615598678589,,,,moe_67b_a2b_d2560_ep1_rep1_ctx4_bs256_seq262144_ctxext_step156k_qk157
156205,1.2979766130447388,,,,moe_67b_a2b_d2560_ep1_rep1_ctx4_bs256_seq262144_ctxext_step156k_qk157
156206,1.2557032108306885,,,,moe_67b_a2b_d2560_ep1_rep1_ctx4_bs256_seq262144_ctxext_step156k_qk157
156207,1.2489086389541626,,,,moe_67b_a2b_d2560_ep1_rep1_ctx4_bs256_seq262144_ctxext_step156k_qk157
156208,1.2058802843093872,,,,moe_67b_a2b_d2560_ep1_rep1_ctx4_bs256_seq262144_ctxext_step156k_qk157
156209,1.2147818803787231,,,,moe_67b_a2b_d2560_ep1_rep1_ctx4_bs256_seq262144_ctxext_step156k_qk157
156210,1.2677067518234253,,,,moe_67b_a2b_d2560_ep1_rep1_ctx4_bs256_seq262144_ctxext_step156k_qk157
156211,1.2320046424865723,,,,moe_67b_a2b_d2560_ep1_rep1_ctx4_bs256_seq262144_ctxext_step156k_qk157
156212,1.2748147249221802,,,,moe_67b_a2b_d2560_ep1_rep1_ctx4_bs256_seq262144_ctxext_step156k_qk157
156213,1.2776613235473633,,,,moe_67b_a2b_d2560_ep1_rep1_ctx4_bs256_seq262144_ctxext_step156k_qk157
156214,1.2478352785110474,,,,moe_67b_a2b_d2560_ep1_rep1_ctx4_bs256_seq262144_ctxext_step156k_qk157
156215,1.2127825021743774,,,,moe_67b_a2b_d2560_ep1_rep1_ctx4_bs256_seq262144_ctxext_step156k_qk157
156216,1.2770460844039917,,,,moe_67b_a2b_d2560_ep1_rep1_ctx4_bs256_seq262144_ctxext_step156k_qk157
156217,1.3314989805221558,,,,moe_67b_a2b_d2560_ep1_rep1_ctx4_bs256_seq262144_ctxext_step156k_qk157
156218,1.1909594535827637,,,,moe_67b_a2b_d2560_ep1_rep1_ctx4_bs256_seq262144_ctxext_step156k_qk157
156219,1.229355812072754,,,,moe_67b_a2b_d2560_ep1_rep1_ctx4_bs256_seq262144_ctxext_step156k_qk157
156220,1.1542010307312012,,,,moe_67b_a2b_d2560_ep1_rep1_ctx4_bs256_seq262144_ctxext_step156k_qk157
156221,1.2812926769256592,,,,moe_67b_a2b_d2560_ep1_rep1_ctx4_bs256_seq262144_ctxext_step156k_qk157
156222,1.1996028423309326,,,,moe_67b_a2b_d2560_ep1_rep1_ctx4_bs256_seq262144_ctxext_step156k_qk157
156223,1.3414887189865112,,,,moe_67b_a2b_d2560_ep1_rep1_ctx4_bs256_seq262144_ctxext_step156k_qk157
156224,1.3246097564697266,,,,moe_67b_a2b_d2560_ep1_rep1_ctx4_bs256_seq262144_ctxext_step156k_qk157
156225,1.3329471349716187,,,,moe_67b_a2b_d2560_ep1_rep1_ctx4_bs256_seq262144_ctxext_step156k_qk157
156226,1.27102792263031,,,,moe_67b_a2b_d2560_ep1_rep1_ctx4_bs256_seq262144_ctxext_step156k_qk157
156227,1.2877378463745117,,,,moe_67b_a2b_d2560_ep1_rep1_ctx4_bs256_seq262144_ctxext_step156k_qk157
156228,1.1424403190612793,,,,moe_67b_a2b_d2560_ep1_rep1_ctx4_bs256_seq262144_ctxext_step156k_qk157
156229,1.337610125541687,,,,moe_67b_a2b_d2560_ep1_rep1_ctx4_bs256_seq262144_ctxext_step156k_qk157
156230,1.2108280658721924,,,,moe_67b_a2b_d2560_ep1_rep1_ctx4_bs256_seq262144_ctxext_step156k_qk157
156231,1.2940995693206787,,,,moe_67b_a2b_d2560_ep1_rep1_ctx4_bs256_seq262144_ctxext_step156k_qk157
156232,1.3055444955825806,,,,moe_67b_a2b_d2560_ep1_rep1_ctx4_bs256_seq262144_ctxext_step156k_qk157
156233,1.2271318435668945,,,,moe_67b_a2b_d2560_ep1_rep1_ctx4_bs256_seq262144_ctxext_step156k_qk157
156234,1.2406433820724487,,,,moe_67b_a2b_d2560_ep1_rep1_ctx4_bs256_seq262144_ctxext_step156k_qk157
156235,1.2287721633911133,,,,moe_67b_a2b_d2560_ep1_rep1_ctx4_bs256_seq262144_ctxext_step156k_qk157
156236,1.2663915157318115,,,,moe_67b_a2b_d2560_ep1_rep1_ctx4_bs256_seq262144_ctxext_step156k_qk157
156237,1.2996480464935303,,,,moe_67b_a2b_d2560_ep1_rep1_ctx4_bs256_seq262144_ctxext_step156k_qk157
156238,1.202319622039795,,,,moe_67b_a2b_d2560_ep1_rep1_ctx4_bs256_seq262144_ctxext_step156k_qk157
156239,1.2807209491729736,,,,moe_67b_a2b_d2560_ep1_rep1_ctx4_bs256_seq262144_ctxext_step156k_qk157
156240,1.270613193511963,,,,moe_67b_a2b_d2560_ep1_rep1_ctx4_bs256_seq262144_ctxext_step156k_qk157
156241,1.255151391029358,,,,moe_67b_a2b_d2560_ep1_rep1_ctx4_bs256_seq262144_ctxext_step156k_qk157
156242,1.3255821466445923,,,,moe_67b_a2b_d2560_ep1_rep1_ctx4_bs256_seq262144_ctxext_step156k_qk157
156243,1.263628602027893,,,,moe_67b_a2b_d2560_ep1_rep1_ctx4_bs256_seq262144_ctxext_step156k_qk157
156244,1.3254648447036743,,,,moe_67b_a2b_d2560_ep1_rep1_ctx4_bs256_seq262144_ctxext_step156k_qk157
156245,1.2781528234481812,,,,moe_67b_a2b_d2560_ep1_rep1_ctx4_bs256_seq262144_ctxext_step156k_qk157
156246,1.304540991783142,,,,moe_67b_a2b_d2560_ep1_rep1_ctx4_bs256_seq262144_ctxext_step156k_qk157
156247,1.3322157859802246,,,,moe_67b_a2b_d2560_ep1_rep1_ctx4_bs256_seq262144_ctxext_step156k_qk157
156248,1.187352180480957,,,,moe_67b_a2b_d2560_ep1_rep1_ctx4_bs256_seq262144_ctxext_step156k_qk157
156249,1.2215943336486816,,,,moe_67b_a2b_d2560_ep1_rep1_ctx4_bs256_seq262144_ctxext_step156k_qk157
156250,1.288733959197998,2.2703967094421387,1.8724347352981567,1.857334852218628,moe_67b_a2b_d2560_ep1_rep1_ctx4_bs256_seq262144_ctxext_step156k_qk157
156251,1.2401643991470337,,,,moe_67b_a2b_d2560_ep1_rep1_ctx4_bs256_seq262144_ctxext_step156k_qk157
156252,1.2562720775604248,,,,moe_67b_a2b_d2560_ep1_rep1_ctx4_bs256_seq262144_ctxext_step156k_qk157
156253,1.3406983613967896,,,,moe_67b_a2b_d2560_ep1_rep1_ctx4_bs256_seq262144_ctxext_step156k_qk157
156254,1.33638596534729,,,,moe_67b_a2b_d2560_ep1_rep1_ctx4_bs256_seq262144_ctxext_step156k_qk157
156255,1.2458840608596802,,,,moe_67b_a2b_d2560_ep1_rep1_ctx4_bs256_seq262144_ctxext_step156k_qk157
156256,1.2560341358184814,,,,moe_67b_a2b_d2560_ep1_rep1_ctx4_bs256_seq262144_ctxext_step156k_qk157
156257,1.2920341491699219,,,,moe_67b_a2b_d2560_ep1_rep1_ctx4_bs256_seq262144_ctxext_step156k_qk157
156258,1.2944977283477783,,,,moe_67b_a2b_d2560_ep1_rep1_ctx4_bs256_seq262144_ctxext_step156k_qk157
156259,1.2790640592575073,,,,moe_67b_a2b_d2560_ep1_rep1_ctx4_bs256_seq262144_ctxext_step156k_qk157
156260,1.2394981384277344,,,,moe_67b_a2b_d2560_ep1_rep1_ctx4_bs256_seq262144_ctxext_step156k_qk157
156261,1.2527399063110352,,,,moe_67b_a2b_d2560_ep1_rep1_ctx4_bs256_seq262144_ctxext_step156k_qk157
156262,1.2903163433074951,,,,moe_67b_a2b_d2560_ep1_rep1_ctx4_bs256_seq262144_ctxext_step156k_qk157
156263,1.3032177686691284,,,,moe_67b_a2b_d2560_ep1_rep1_ctx4_bs256_seq262144_ctxext_step156k_qk157
156264,1.318225622177124,,,,moe_67b_a2b_d2560_ep1_rep1_ctx4_bs256_seq262144_ctxext_step156k_qk157
156265,1.22651207447052,,,,moe_67b_a2b_d2560_ep1_rep1_ctx4_bs256_seq262144_ctxext_step156k_qk157
156266,1.3057842254638672,,,,moe_67b_a2b_d2560_ep1_rep1_ctx4_bs256_seq262144_ctxext_step156k_qk157
156267,1.2737386226654053,,,,moe_67b_a2b_d2560_ep1_rep1_ctx4_bs256_seq262144_ctxext_step156k_qk157
156268,1.2722373008728027,,,,moe_67b_a2b_d2560_ep1_rep1_ctx4_bs256_seq262144_ctxext_step156k_qk157
156269,1.4105395078659058,,,,moe_67b_a2b_d2560_ep1_rep1_ctx4_bs256_seq262144_ctxext_step156k_qk157
156270,1.270700454711914,,,,moe_67b_a2b_d2560_ep1_rep1_ctx4_bs256_seq262144_ctxext_step156k_qk157
156271,1.259387493133545,,,,moe_67b_a2b_d2560_ep1_rep1_ctx4_bs256_seq262144_ctxext_step156k_qk157
156272,1.1707391738891602,,,,moe_67b_a2b_d2560_ep1_rep1_ctx4_bs256_seq262144_ctxext_step156k_qk157
156273,1.2949495315551758,,,,moe_67b_a2b_d2560_ep1_rep1_ctx4_bs256_seq262144_ctxext_step156k_qk157
156274,1.238464117050171,,,,moe_67b_a2b_d2560_ep1_rep1_ctx4_bs256_seq262144_ctxext_step156k_qk157
156275,1.2947736978530884,,,,moe_67b_a2b_d2560_ep1_rep1_ctx4_bs256_seq262144_ctxext_step156k_qk157
156276,1.272308111190796,,,,moe_67b_a2b_d2560_ep1_rep1_ctx4_bs256_seq262144_ctxext_step156k_qk157
156277,1.3259159326553345,,,,moe_67b_a2b_d2560_ep1_rep1_ctx4_bs256_seq262144_ctxext_step156k_qk157
156278,1.2583593130111694,,,,moe_67b_a2b_d2560_ep1_rep1_ctx4_bs256_seq262144_ctxext_step156k_qk157
156279,1.2877885103225708,,,,moe_67b_a2b_d2560_ep1_rep1_ctx4_bs256_seq262144_ctxext_step156k_qk157
156280,1.2725932598114014,,,,moe_67b_a2b_d2560_ep1_rep1_ctx4_bs256_seq262144_ctxext_step156k_qk157
156281,1.215246319770813,,,,moe_67b_a2b_d2560_ep1_rep1_ctx4_bs256_seq262144_ctxext_step156k_qk157
156282,1.2275725603103638,,,,moe_67b_a2b_d2560_ep1_rep1_ctx4_bs256_seq262144_ctxext_step156k_qk157
156283,1.2513363361358643,,,,moe_67b_a2b_d2560_ep1_rep1_ctx4_bs256_seq262144_ctxext_step156k_qk157
156284,1.3658032417297363,,,,moe_67b_a2b_d2560_ep1_rep1_ctx4_bs256_seq262144_ctxext_step156k_qk157
156285,1.2365028858184814,,,,moe_67b_a2b_d2560_ep1_rep1_ctx4_bs256_seq262144_ctxext_step156k_qk157
156286,1.2198511362075806,,,,moe_67b_a2b_d2560_ep1_rep1_ctx4_bs256_seq262144_ctxext_step156k_qk157
156287,1.2623611688613892,,,,moe_67b_a2b_d2560_ep1_rep1_ctx4_bs256_seq262144_ctxext_step156k_qk157
156288,1.225253701210022,,,,moe_67b_a2b_d2560_ep1_rep1_ctx4_bs256_seq262144_ctxext_step156k_qk157
156289,1.214356780052185,,,,moe_67b_a2b_d2560_ep1_rep1_ctx4_bs256_seq262144_ctxext_step156k_qk157
156290,1.275404691696167,,,,moe_67b_a2b_d2560_ep1_rep1_ctx4_bs256_seq262144_ctxext_step156k_qk157
156291,1.2606946229934692,,,,moe_67b_a2b_d2560_ep1_rep1_ctx4_bs256_seq262144_ctxext_step156k_qk157
156292,1.2650554180145264,,,,moe_67b_a2b_d2560_ep1_rep1_ctx4_bs256_seq262144_ctxext_step156k_qk157
156293,1.1893538236618042,,,,moe_67b_a2b_d2560_ep1_rep1_ctx4_bs256_seq262144_ctxext_step156k_qk157
156294,1.2409610748291016,,,,moe_67b_a2b_d2560_ep1_rep1_ctx4_bs256_seq262144_ctxext_step156k_qk157
156295,1.2656205892562866,,,,moe_67b_a2b_d2560_ep1_rep1_ctx4_bs256_seq262144_ctxext_step156k_qk157
156296,1.3163940906524658,,,,moe_67b_a2b_d2560_ep1_rep1_ctx4_bs256_seq262144_ctxext_step156k_qk157
156297,1.25728178024292,,,,moe_67b_a2b_d2560_ep1_rep1_ctx4_bs256_seq262144_ctxext_step156k_qk157
156298,1.3095310926437378,,,,moe_67b_a2b_d2560_ep1_rep1_ctx4_bs256_seq262144_ctxext_step156k_qk157
156299,1.3014180660247803,,,,moe_67b_a2b_d2560_ep1_rep1_ctx4_bs256_seq262144_ctxext_step156k_qk157
156300,1.1849273443222046,,,,moe_67b_a2b_d2560_ep1_rep1_ctx4_bs256_seq262144_ctxext_step156k_qk157
156301,1.291809320449829,,,,moe_67b_a2b_d2560_ep1_rep1_ctx4_bs256_seq262144_ctxext_step156k_qk157
156302,1.3095227479934692,,,,moe_67b_a2b_d2560_ep1_rep1_ctx4_bs256_seq262144_ctxext_step156k_qk157
156303,1.2598176002502441,,,,moe_67b_a2b_d2560_ep1_rep1_ctx4_bs256_seq262144_ctxext_step156k_qk157
156304,1.2103261947631836,,,,moe_67b_a2b_d2560_ep1_rep1_ctx4_bs256_seq262144_ctxext_step156k_qk157
156305,1.2865417003631592,,,,moe_67b_a2b_d2560_ep1_rep1_ctx4_bs256_seq262144_ctxext_step156k_qk157
156306,1.242830514907837,,,,moe_67b_a2b_d2560_ep1_rep1_ctx4_bs256_seq262144_ctxext_step156k_qk157
156307,1.2855563163757324,,,,moe_67b_a2b_d2560_ep1_rep1_ctx4_bs256_seq262144_ctxext_step156k_qk157
156308,1.3135430812835693,,,,moe_67b_a2b_d2560_ep1_rep1_ctx4_bs256_seq262144_ctxext_step156k_qk157
156309,1.1771243810653687,,,,moe_67b_a2b_d2560_ep1_rep1_ctx4_bs256_seq262144_ctxext_step156k_qk157
156310,1.261474847793579,,,,moe_67b_a2b_d2560_ep1_rep1_ctx4_bs256_seq262144_ctxext_step156k_qk157
156311,1.2195805311203003,,,,moe_67b_a2b_d2560_ep1_rep1_ctx4_bs256_seq262144_ctxext_step156k_qk157
156312,1.284223198890686,,,,moe_67b_a2b_d2560_ep1_rep1_ctx4_bs256_seq262144_ctxext_step156k_qk157
156313,1.2656543254852295,,,,moe_67b_a2b_d2560_ep1_rep1_ctx4_bs256_seq262144_ctxext_step156k_qk157
156314,1.25006902217865,,,,moe_67b_a2b_d2560_ep1_rep1_ctx4_bs256_seq262144_ctxext_step156k_qk157
156315,1.28163743019104,,,,moe_67b_a2b_d2560_ep1_rep1_ctx4_bs256_seq262144_ctxext_step156k_qk157
156316,1.3326661586761475,,,,moe_67b_a2b_d2560_ep1_rep1_ctx4_bs256_seq262144_ctxext_step156k_qk157
156317,1.3494653701782227,,,,moe_67b_a2b_d2560_ep1_rep1_ctx4_bs256_seq262144_ctxext_step156k_qk157
156318,1.3149052858352661,,,,moe_67b_a2b_d2560_ep1_rep1_ctx4_bs256_seq262144_ctxext_step156k_qk157
156319,1.34052312374115,,,,moe_67b_a2b_d2560_ep1_rep1_ctx4_bs256_seq262144_ctxext_step156k_qk157
156320,1.2373590469360352,,,,moe_67b_a2b_d2560_ep1_rep1_ctx4_bs256_seq262144_ctxext_step156k_qk157
156321,1.2858306169509888,,,,moe_67b_a2b_d2560_ep1_rep1_ctx4_bs256_seq262144_ctxext_step156k_qk157
156322,1.2244192361831665,,,,moe_67b_a2b_d2560_ep1_rep1_ctx4_bs256_seq262144_ctxext_step156k_qk157
156323,1.1702322959899902,,,,moe_67b_a2b_d2560_ep1_rep1_ctx4_bs256_seq262144_ctxext_step156k_qk157
156324,1.2003706693649292,,,,moe_67b_a2b_d2560_ep1_rep1_ctx4_bs256_seq262144_ctxext_step156k_qk157
156325,1.2532638311386108,,,,moe_67b_a2b_d2560_ep1_rep1_ctx4_bs256_seq262144_ctxext_step156k_qk157
156326,1.3099877834320068,,,,moe_67b_a2b_d2560_ep1_rep1_ctx4_bs256_seq262144_ctxext_step156k_qk157
156327,1.2554130554199219,,,,moe_67b_a2b_d2560_ep1_rep1_ctx4_bs256_seq262144_ctxext_step156k_qk157
156328,1.2246129512786865,,,,moe_67b_a2b_d2560_ep1_rep1_ctx4_bs256_seq262144_ctxext_step156k_qk157
156329,1.1818794012069702,,,,moe_67b_a2b_d2560_ep1_rep1_ctx4_bs256_seq262144_ctxext_step156k_qk157
156330,1.2625545263290405,,,,moe_67b_a2b_d2560_ep1_rep1_ctx4_bs256_seq262144_ctxext_step156k_qk157
156331,1.2729954719543457,,,,moe_67b_a2b_d2560_ep1_rep1_ctx4_bs256_seq262144_ctxext_step156k_qk157
156332,1.2757079601287842,,,,moe_67b_a2b_d2560_ep1_rep1_ctx4_bs256_seq262144_ctxext_step156k_qk157
156333,1.2671377658843994,,,,moe_67b_a2b_d2560_ep1_rep1_ctx4_bs256_seq262144_ctxext_step156k_qk157
156334,1.2446813583374023,,,,moe_67b_a2b_d2560_ep1_rep1_ctx4_bs256_seq262144_ctxext_step156k_qk157
156335,1.3260679244995117,,,,moe_67b_a2b_d2560_ep1_rep1_ctx4_bs256_seq262144_ctxext_step156k_qk157
156336,1.3669649362564087,,,,moe_67b_a2b_d2560_ep1_rep1_ctx4_bs256_seq262144_ctxext_step156k_qk157
156337,1.27728271484375,,,,moe_67b_a2b_d2560_ep1_rep1_ctx4_bs256_seq262144_ctxext_step156k_qk157
156338,1.2616767883300781,,,,moe_67b_a2b_d2560_ep1_rep1_ctx4_bs256_seq262144_ctxext_step156k_qk157
156339,1.330521583557129,,,,moe_67b_a2b_d2560_ep1_rep1_ctx4_bs256_seq262144_ctxext_step156k_qk157
156340,1.2014353275299072,,,,moe_67b_a2b_d2560_ep1_rep1_ctx4_bs256_seq262144_ctxext_step156k_qk157
156341,1.2861400842666626,,,,moe_67b_a2b_d2560_ep1_rep1_ctx4_bs256_seq262144_ctxext_step156k_qk157
156342,1.2536083459854126,,,,moe_67b_a2b_d2560_ep1_rep1_ctx4_bs256_seq262144_ctxext_step156k_qk157
156343,1.2334163188934326,,,,moe_67b_a2b_d2560_ep1_rep1_ctx4_bs256_seq262144_ctxext_step156k_qk157
156344,1.3652681112289429,,,,moe_67b_a2b_d2560_ep1_rep1_ctx4_bs256_seq262144_ctxext_step156k_qk157
156345,1.1928633451461792,,,,moe_67b_a2b_d2560_ep1_rep1_ctx4_bs256_seq262144_ctxext_step156k_qk157
156346,1.2534898519515991,,,,moe_67b_a2b_d2560_ep1_rep1_ctx4_bs256_seq262144_ctxext_step156k_qk157
156347,1.2973719835281372,,,,moe_67b_a2b_d2560_ep1_rep1_ctx4_bs256_seq262144_ctxext_step156k_qk157
156348,1.1972650289535522,,,,moe_67b_a2b_d2560_ep1_rep1_ctx4_bs256_seq262144_ctxext_step156k_qk157
156349,1.180215835571289,,,,moe_67b_a2b_d2560_ep1_rep1_ctx4_bs256_seq262144_ctxext_step156k_qk157
156350,1.3085747957229614,,,,moe_67b_a2b_d2560_ep1_rep1_ctx4_bs256_seq262144_ctxext_step156k_qk157
156351,1.2079466581344604,,,,moe_67b_a2b_d2560_ep1_rep1_ctx4_bs256_seq262144_ctxext_step156k_qk157
156352,1.241796612739563,,,,moe_67b_a2b_d2560_ep1_rep1_ctx4_bs256_seq262144_ctxext_step156k_qk157
156353,1.2344456911087036,,,,moe_67b_a2b_d2560_ep1_rep1_ctx4_bs256_seq262144_ctxext_step156k_qk157
156354,1.2758255004882812,,,,moe_67b_a2b_d2560_ep1_rep1_ctx4_bs256_seq262144_ctxext_step156k_qk157
156355,1.1832913160324097,,,,moe_67b_a2b_d2560_ep1_rep1_ctx4_bs256_seq262144_ctxext_step156k_qk157
156356,1.3487592935562134,,,,moe_67b_a2b_d2560_ep1_rep1_ctx4_bs256_seq262144_ctxext_step156k_qk157
156357,1.2157913446426392,,,,moe_67b_a2b_d2560_ep1_rep1_ctx4_bs256_seq262144_ctxext_step156k_qk157
156358,1.2353886365890503,,,,moe_67b_a2b_d2560_ep1_rep1_ctx4_bs256_seq262144_ctxext_step156k_qk157
156359,1.1719567775726318,,,,moe_67b_a2b_d2560_ep1_rep1_ctx4_bs256_seq262144_ctxext_step156k_qk157
156360,1.2704224586486816,,,,moe_67b_a2b_d2560_ep1_rep1_ctx4_bs256_seq262144_ctxext_step156k_qk157
156361,1.2697445154190063,,,,moe_67b_a2b_d2560_ep1_rep1_ctx4_bs256_seq262144_ctxext_step156k_qk157
156362,1.2067136764526367,,,,moe_67b_a2b_d2560_ep1_rep1_ctx4_bs256_seq262144_ctxext_step156k_qk157
156363,1.1968823671340942,,,,moe_67b_a2b_d2560_ep1_rep1_ctx4_bs256_seq262144_ctxext_step156k_qk157
156364,1.2727477550506592,,,,moe_67b_a2b_d2560_ep1_rep1_ctx4_bs256_seq262144_ctxext_step156k_qk157
156365,1.2415515184402466,,,,moe_67b_a2b_d2560_ep1_rep1_ctx4_bs256_seq262144_ctxext_step156k_qk157
156366,1.2622734308242798,,,,moe_67b_a2b_d2560_ep1_rep1_ctx4_bs256_seq262144_ctxext_step156k_qk157
156367,1.2984284162521362,,,,moe_67b_a2b_d2560_ep1_rep1_ctx4_bs256_seq262144_ctxext_step156k_qk157
156368,1.2466161251068115,,,,moe_67b_a2b_d2560_ep1_rep1_ctx4_bs256_seq262144_ctxext_step156k_qk157
156369,1.1791356801986694,,,,moe_67b_a2b_d2560_ep1_rep1_ctx4_bs256_seq262144_ctxext_step156k_qk157
156370,1.2608752250671387,,,,moe_67b_a2b_d2560_ep1_rep1_ctx4_bs256_seq262144_ctxext_step156k_qk157
156371,1.1875834465026855,,,,moe_67b_a2b_d2560_ep1_rep1_ctx4_bs256_seq262144_ctxext_step156k_qk157
156372,1.2683690786361694,,,,moe_67b_a2b_d2560_ep1_rep1_ctx4_bs256_seq262144_ctxext_step156k_qk157
156373,1.2727298736572266,,,,moe_67b_a2b_d2560_ep1_rep1_ctx4_bs256_seq262144_ctxext_step156k_qk157
156374,1.297321081161499,,,,moe_67b_a2b_d2560_ep1_rep1_ctx4_bs256_seq262144_ctxext_step156k_qk157
156375,1.2628551721572876,,,,moe_67b_a2b_d2560_ep1_rep1_ctx4_bs256_seq262144_ctxext_step156k_qk157
156376,1.280685544013977,,,,moe_67b_a2b_d2560_ep1_rep1_ctx4_bs256_seq262144_ctxext_step156k_qk157
156377,1.2298095226287842,,,,moe_67b_a2b_d2560_ep1_rep1_ctx4_bs256_seq262144_ctxext_step156k_qk157
156378,1.2474323511123657,,,,moe_67b_a2b_d2560_ep1_rep1_ctx4_bs256_seq262144_ctxext_step156k_qk157
156379,1.2386524677276611,,,,moe_67b_a2b_d2560_ep1_rep1_ctx4_bs256_seq262144_ctxext_step156k_qk157
156380,1.3140207529067993,,,,moe_67b_a2b_d2560_ep1_rep1_ctx4_bs256_seq262144_ctxext_step156k_qk157
156381,1.2862608432769775,,,,moe_67b_a2b_d2560_ep1_rep1_ctx4_bs256_seq262144_ctxext_step156k_qk157
156382,1.3415075540542603,,,,moe_67b_a2b_d2560_ep1_rep1_ctx4_bs256_seq262144_ctxext_step156k_qk157
156383,1.232004165649414,,,,moe_67b_a2b_d2560_ep1_rep1_ctx4_bs256_seq262144_ctxext_step156k_qk157
156384,1.1734058856964111,,,,moe_67b_a2b_d2560_ep1_rep1_ctx4_bs256_seq262144_ctxext_step156k_qk157
156385,1.1698827743530273,,,,moe_67b_a2b_d2560_ep1_rep1_ctx4_bs256_seq262144_ctxext_step156k_qk157
156386,1.2679046392440796,,,,moe_67b_a2b_d2560_ep1_rep1_ctx4_bs256_seq262144_ctxext_step156k_qk157
156387,1.2197957038879395,,,,moe_67b_a2b_d2560_ep1_rep1_ctx4_bs256_seq262144_ctxext_step156k_qk157
156388,1.2184052467346191,,,,moe_67b_a2b_d2560_ep1_rep1_ctx4_bs256_seq262144_ctxext_step156k_qk157
156389,1.2138397693634033,,,,moe_67b_a2b_d2560_ep1_rep1_ctx4_bs256_seq262144_ctxext_step156k_qk157
156390,1.272774338722229,,,,moe_67b_a2b_d2560_ep1_rep1_ctx4_bs256_seq262144_ctxext_step156k_qk157
156391,1.2501533031463623,,,,moe_67b_a2b_d2560_ep1_rep1_ctx4_bs256_seq262144_ctxext_step156k_qk157
156392,1.256150722503662,,,,moe_67b_a2b_d2560_ep1_rep1_ctx4_bs256_seq262144_ctxext_step156k_qk157
156393,1.2363686561584473,,,,moe_67b_a2b_d2560_ep1_rep1_ctx4_bs256_seq262144_ctxext_step156k_qk157
156394,1.3188035488128662,,,,moe_67b_a2b_d2560_ep1_rep1_ctx4_bs256_seq262144_ctxext_step156k_qk157
156395,1.364587426185608,,,,moe_67b_a2b_d2560_ep1_rep1_ctx4_bs256_seq262144_ctxext_step156k_qk157
156396,1.217421531677246,,,,moe_67b_a2b_d2560_ep1_rep1_ctx4_bs256_seq262144_ctxext_step156k_qk157
156397,1.1928578615188599,,,,moe_67b_a2b_d2560_ep1_rep1_ctx4_bs256_seq262144_ctxext_step156k_qk157
156398,1.300642728805542,,,,moe_67b_a2b_d2560_ep1_rep1_ctx4_bs256_seq262144_ctxext_step156k_qk157
156399,1.2786719799041748,,,,moe_67b_a2b_d2560_ep1_rep1_ctx4_bs256_seq262144_ctxext_step156k_qk157
156400,1.2502224445343018,,,,moe_67b_a2b_d2560_ep1_rep1_ctx4_bs256_seq262144_ctxext_step156k_qk157
156401,1.2960046529769897,,,,moe_67b_a2b_d2560_ep1_rep1_ctx4_bs256_seq262144_ctxext_step156k_qk157
156402,1.2947229146957397,,,,moe_67b_a2b_d2560_ep1_rep1_ctx4_bs256_seq262144_ctxext_step156k_qk157
156403,1.195300817489624,,,,moe_67b_a2b_d2560_ep1_rep1_ctx4_bs256_seq262144_ctxext_step156k_qk157
156404,1.283560037612915,,,,moe_67b_a2b_d2560_ep1_rep1_ctx4_bs256_seq262144_ctxext_step156k_qk157
156405,1.3339508771896362,,,,moe_67b_a2b_d2560_ep1_rep1_ctx4_bs256_seq262144_ctxext_step156k_qk157
156406,1.3130614757537842,,,,moe_67b_a2b_d2560_ep1_rep1_ctx4_bs256_seq262144_ctxext_step156k_qk157
156407,1.180707573890686,,,,moe_67b_a2b_d2560_ep1_rep1_ctx4_bs256_seq262144_ctxext_step156k_qk157
156408,1.340914011001587,,,,moe_67b_a2b_d2560_ep1_rep1_ctx4_bs256_seq262144_ctxext_step156k_qk157
156409,1.1706373691558838,,,,moe_67b_a2b_d2560_ep1_rep1_ctx4_bs256_seq262144_ctxext_step156k_qk157
156410,1.2577216625213623,,,,moe_67b_a2b_d2560_ep1_rep1_ctx4_bs256_seq262144_ctxext_step156k_qk157
156411,1.2674511671066284,,,,moe_67b_a2b_d2560_ep1_rep1_ctx4_bs256_seq262144_ctxext_step156k_qk157
156412,1.3387198448181152,,,,moe_67b_a2b_d2560_ep1_rep1_ctx4_bs256_seq262144_ctxext_step156k_qk157
156413,1.3266726732254028,,,,moe_67b_a2b_d2560_ep1_rep1_ctx4_bs256_seq262144_ctxext_step156k_qk157
156414,1.2517553567886353,,,,moe_67b_a2b_d2560_ep1_rep1_ctx4_bs256_seq262144_ctxext_step156k_qk157
156415,1.288580060005188,,,,moe_67b_a2b_d2560_ep1_rep1_ctx4_bs256_seq262144_ctxext_step156k_qk157
156416,1.303390383720398,,,,moe_67b_a2b_d2560_ep1_rep1_ctx4_bs256_seq262144_ctxext_step156k_qk157
156417,1.301640510559082,,,,moe_67b_a2b_d2560_ep1_rep1_ctx4_bs256_seq262144_ctxext_step156k_qk157
156418,1.2123141288757324,,,,moe_67b_a2b_d2560_ep1_rep1_ctx4_bs256_seq262144_ctxext_step156k_qk157
156419,1.2263678312301636,,,,moe_67b_a2b_d2560_ep1_rep1_ctx4_bs256_seq262144_ctxext_step156k_qk157
156420,1.2506470680236816,,,,moe_67b_a2b_d2560_ep1_rep1_ctx4_bs256_seq262144_ctxext_step156k_qk157
156421,1.2263931035995483,,,,moe_67b_a2b_d2560_ep1_rep1_ctx4_bs256_seq262144_ctxext_step156k_qk157
156422,1.2744680643081665,,,,moe_67b_a2b_d2560_ep1_rep1_ctx4_bs256_seq262144_ctxext_step156k_qk157
156423,1.2545669078826904,,,,moe_67b_a2b_d2560_ep1_rep1_ctx4_bs256_seq262144_ctxext_step156k_qk157
156424,1.2511392831802368,,,,moe_67b_a2b_d2560_ep1_rep1_ctx4_bs256_seq262144_ctxext_step156k_qk157
156425,1.2636427879333496,,,,moe_67b_a2b_d2560_ep1_rep1_ctx4_bs256_seq262144_ctxext_step156k_qk157
156426,1.2594082355499268,,,,moe_67b_a2b_d2560_ep1_rep1_ctx4_bs256_seq262144_ctxext_step156k_qk157
156427,1.3407199382781982,,,,moe_67b_a2b_d2560_ep1_rep1_ctx4_bs256_seq262144_ctxext_step156k_qk157
156428,1.3027961254119873,,,,moe_67b_a2b_d2560_ep1_rep1_ctx4_bs256_seq262144_ctxext_step156k_qk157
156429,1.2839839458465576,,,,moe_67b_a2b_d2560_ep1_rep1_ctx4_bs256_seq262144_ctxext_step156k_qk157
156430,1.2477431297302246,,,,moe_67b_a2b_d2560_ep1_rep1_ctx4_bs256_seq262144_ctxext_step156k_qk157
156431,1.2503520250320435,,,,moe_67b_a2b_d2560_ep1_rep1_ctx4_bs256_seq262144_ctxext_step156k_qk157
156432,1.224800705909729,,,,moe_67b_a2b_d2560_ep1_rep1_ctx4_bs256_seq262144_ctxext_step156k_qk157
156433,1.341042399406433,,,,moe_67b_a2b_d2560_ep1_rep1_ctx4_bs256_seq262144_ctxext_step156k_qk157
156434,1.2630490064620972,,,,moe_67b_a2b_d2560_ep1_rep1_ctx4_bs256_seq262144_ctxext_step156k_qk157
156435,1.2514272928237915,,,,moe_67b_a2b_d2560_ep1_rep1_ctx4_bs256_seq262144_ctxext_step156k_qk157
156436,1.2603447437286377,,,,moe_67b_a2b_d2560_ep1_rep1_ctx4_bs256_seq262144_ctxext_step156k_qk157
156437,1.3074100017547607,,,,moe_67b_a2b_d2560_ep1_rep1_ctx4_bs256_seq262144_ctxext_step156k_qk157
156438,1.1945812702178955,,,,moe_67b_a2b_d2560_ep1_rep1_ctx4_bs256_seq262144_ctxext_step156k_qk157
156439,1.3028018474578857,,,,moe_67b_a2b_d2560_ep1_rep1_ctx4_bs256_seq262144_ctxext_step156k_qk157
156440,1.2649508714675903,,,,moe_67b_a2b_d2560_ep1_rep1_ctx4_bs256_seq262144_ctxext_step156k_qk157
156441,1.2158362865447998,,,,moe_67b_a2b_d2560_ep1_rep1_ctx4_bs256_seq262144_ctxext_step156k_qk157
156442,1.1725047826766968,,,,moe_67b_a2b_d2560_ep1_rep1_ctx4_bs256_seq262144_ctxext_step156k_qk157
156443,1.2554497718811035,,,,moe_67b_a2b_d2560_ep1_rep1_ctx4_bs256_seq262144_ctxext_step156k_qk157
156444,1.285941243171692,,,,moe_67b_a2b_d2560_ep1_rep1_ctx4_bs256_seq262144_ctxext_step156k_qk157
156445,1.2090187072753906,,,,moe_67b_a2b_d2560_ep1_rep1_ctx4_bs256_seq262144_ctxext_step156k_qk157
156446,1.2381336688995361,,,,moe_67b_a2b_d2560_ep1_rep1_ctx4_bs256_seq262144_ctxext_step156k_qk157
156447,1.186755657196045,,,,moe_67b_a2b_d2560_ep1_rep1_ctx4_bs256_seq262144_ctxext_step156k_qk157
156448,1.273638129234314,,,,moe_67b_a2b_d2560_ep1_rep1_ctx4_bs256_seq262144_ctxext_step156k_qk157
156449,1.2308440208435059,,,,moe_67b_a2b_d2560_ep1_rep1_ctx4_bs256_seq262144_ctxext_step156k_qk157
156450,1.2590484619140625,,,,moe_67b_a2b_d2560_ep1_rep1_ctx4_bs256_seq262144_ctxext_step156k_qk157
156451,1.2379599809646606,,,,moe_67b_a2b_d2560_ep1_rep1_ctx4_bs256_seq262144_ctxext_step156k_qk157
156452,1.2194099426269531,,,,moe_67b_a2b_d2560_ep1_rep1_ctx4_bs256_seq262144_ctxext_step156k_qk157
156453,1.2473118305206299,,,,moe_67b_a2b_d2560_ep1_rep1_ctx4_bs256_seq262144_ctxext_step156k_qk157
156454,1.3129123449325562,,,,moe_67b_a2b_d2560_ep1_rep1_ctx4_bs256_seq262144_ctxext_step156k_qk157
156455,1.2076847553253174,,,,moe_67b_a2b_d2560_ep1_rep1_ctx4_bs256_seq262144_ctxext_step156k_qk157
156456,1.3023276329040527,,,,moe_67b_a2b_d2560_ep1_rep1_ctx4_bs256_seq262144_ctxext_step156k_qk157
156457,1.327216386795044,,,,moe_67b_a2b_d2560_ep1_rep1_ctx4_bs256_seq262144_ctxext_step156k_qk157
156458,1.2696343660354614,,,,moe_67b_a2b_d2560_ep1_rep1_ctx4_bs256_seq262144_ctxext_step156k_qk157
156459,1.2834036350250244,,,,moe_67b_a2b_d2560_ep1_rep1_ctx4_bs256_seq262144_ctxext_step156k_qk157
156460,1.2354071140289307,,,,moe_67b_a2b_d2560_ep1_rep1_ctx4_bs256_seq262144_ctxext_step156k_qk157
156461,1.2877283096313477,,,,moe_67b_a2b_d2560_ep1_rep1_ctx4_bs256_seq262144_ctxext_step156k_qk157
156462,1.1713441610336304,,,,moe_67b_a2b_d2560_ep1_rep1_ctx4_bs256_seq262144_ctxext_step156k_qk157
156463,1.2314295768737793,,,,moe_67b_a2b_d2560_ep1_rep1_ctx4_bs256_seq262144_ctxext_step156k_qk157
156464,1.2199560403823853,,,,moe_67b_a2b_d2560_ep1_rep1_ctx4_bs256_seq262144_ctxext_step156k_qk157
156465,1.3196909427642822,,,,moe_67b_a2b_d2560_ep1_rep1_ctx4_bs256_seq262144_ctxext_step156k_qk157
156466,1.248280644416809,,,,moe_67b_a2b_d2560_ep1_rep1_ctx4_bs256_seq262144_ctxext_step156k_qk157
156467,1.294538140296936,,,,moe_67b_a2b_d2560_ep1_rep1_ctx4_bs256_seq262144_ctxext_step156k_qk157
156468,1.2636574506759644,,,,moe_67b_a2b_d2560_ep1_rep1_ctx4_bs256_seq262144_ctxext_step156k_qk157
156469,1.2686855792999268,,,,moe_67b_a2b_d2560_ep1_rep1_ctx4_bs256_seq262144_ctxext_step156k_qk157
156470,1.2554361820220947,,,,moe_67b_a2b_d2560_ep1_rep1_ctx4_bs256_seq262144_ctxext_step156k_qk157
156471,1.206527829170227,,,,moe_67b_a2b_d2560_ep1_rep1_ctx4_bs256_seq262144_ctxext_step156k_qk157
156472,1.2839117050170898,,,,moe_67b_a2b_d2560_ep1_rep1_ctx4_bs256_seq262144_ctxext_step156k_qk157
156473,1.2460988759994507,,,,moe_67b_a2b_d2560_ep1_rep1_ctx4_bs256_seq262144_ctxext_step156k_qk157
156474,1.3830962181091309,,,,moe_67b_a2b_d2560_ep1_rep1_ctx4_bs256_seq262144_ctxext_step156k_qk157
156475,1.243698000907898,,,,moe_67b_a2b_d2560_ep1_rep1_ctx4_bs256_seq262144_ctxext_step156k_qk157
156476,1.3137483596801758,,,,moe_67b_a2b_d2560_ep1_rep1_ctx4_bs256_seq262144_ctxext_step156k_qk157
156477,1.3025834560394287,,,,moe_67b_a2b_d2560_ep1_rep1_ctx4_bs256_seq262144_ctxext_step156k_qk157
156478,1.203548550605774,,,,moe_67b_a2b_d2560_ep1_rep1_ctx4_bs256_seq262144_ctxext_step156k_qk157
156479,1.2832458019256592,,,,moe_67b_a2b_d2560_ep1_rep1_ctx4_bs256_seq262144_ctxext_step156k_qk157
156480,1.2407944202423096,,,,moe_67b_a2b_d2560_ep1_rep1_ctx4_bs256_seq262144_ctxext_step156k_qk157
156481,1.2602523565292358,,,,moe_67b_a2b_d2560_ep1_rep1_ctx4_bs256_seq262144_ctxext_step156k_qk157
156482,1.2524334192276,,,,moe_67b_a2b_d2560_ep1_rep1_ctx4_bs256_seq262144_ctxext_step156k_qk157
156483,1.2068241834640503,,,,moe_67b_a2b_d2560_ep1_rep1_ctx4_bs256_seq262144_ctxext_step156k_qk157
156484,1.2539972066879272,,,,moe_67b_a2b_d2560_ep1_rep1_ctx4_bs256_seq262144_ctxext_step156k_qk157
156485,1.2493853569030762,,,,moe_67b_a2b_d2560_ep1_rep1_ctx4_bs256_seq262144_ctxext_step156k_qk157
156486,1.252398133277893,,,,moe_67b_a2b_d2560_ep1_rep1_ctx4_bs256_seq262144_ctxext_step156k_qk157
156487,1.225232481956482,,,,moe_67b_a2b_d2560_ep1_rep1_ctx4_bs256_seq262144_ctxext_step156k_qk157
156488,1.2891356945037842,,,,moe_67b_a2b_d2560_ep1_rep1_ctx4_bs256_seq262144_ctxext_step156k_qk157
156489,1.290507197380066,,,,moe_67b_a2b_d2560_ep1_rep1_ctx4_bs256_seq262144_ctxext_step156k_qk157
156490,1.3345344066619873,,,,moe_67b_a2b_d2560_ep1_rep1_ctx4_bs256_seq262144_ctxext_step156k_qk157
156491,1.24611496925354,,,,moe_67b_a2b_d2560_ep1_rep1_ctx4_bs256_seq262144_ctxext_step156k_qk157
156492,1.2726261615753174,,,,moe_67b_a2b_d2560_ep1_rep1_ctx4_bs256_seq262144_ctxext_step156k_qk157
156493,1.3315833806991577,,,,moe_67b_a2b_d2560_ep1_rep1_ctx4_bs256_seq262144_ctxext_step156k_qk157
156494,1.237796664237976,,,,moe_67b_a2b_d2560_ep1_rep1_ctx4_bs256_seq262144_ctxext_step156k_qk157
156495,1.2615389823913574,,,,moe_67b_a2b_d2560_ep1_rep1_ctx4_bs256_seq262144_ctxext_step156k_qk157
156496,1.3013932704925537,,,,moe_67b_a2b_d2560_ep1_rep1_ctx4_bs256_seq262144_ctxext_step156k_qk157
156497,1.2268495559692383,,,,moe_67b_a2b_d2560_ep1_rep1_ctx4_bs256_seq262144_ctxext_step156k_qk157
156498,1.3010739088058472,,,,moe_67b_a2b_d2560_ep1_rep1_ctx4_bs256_seq262144_ctxext_step156k_qk157
156499,1.3958327770233154,,,,moe_67b_a2b_d2560_ep1_rep1_ctx4_bs256_seq262144_ctxext_step156k_qk157
156500,1.266176700592041,2.269641160964966,1.8714410066604614,1.8558964729309082,moe_67b_a2b_d2560_ep1_rep1_ctx4_bs256_seq262144_ctxext_step156k_qk157
156501,1.2632015943527222,,,,moe_67b_a2b_d2560_ep1_rep1_ctx4_bs256_seq262144_ctxext_step156k_qk157
156502,1.2459158897399902,,,,moe_67b_a2b_d2560_ep1_rep1_ctx4_bs256_seq262144_ctxext_step156k_qk157
156503,1.286973237991333,,,,moe_67b_a2b_d2560_ep1_rep1_ctx4_bs256_seq262144_ctxext_step156k_qk157
156504,1.2277770042419434,,,,moe_67b_a2b_d2560_ep1_rep1_ctx4_bs256_seq262144_ctxext_step156k_qk157
156505,1.2136166095733643,,,,moe_67b_a2b_d2560_ep1_rep1_ctx4_bs256_seq262144_ctxext_step156k_qk157
156506,1.234667420387268,,,,moe_67b_a2b_d2560_ep1_rep1_ctx4_bs256_seq262144_ctxext_step156k_qk157
156507,1.2880940437316895,,,,moe_67b_a2b_d2560_ep1_rep1_ctx4_bs256_seq262144_ctxext_step156k_qk157
156508,1.326953411102295,,,,moe_67b_a2b_d2560_ep1_rep1_ctx4_bs256_seq262144_ctxext_step156k_qk157
156509,1.2563624382019043,,,,moe_67b_a2b_d2560_ep1_rep1_ctx4_bs256_seq262144_ctxext_step156k_qk157
156510,1.2795660495758057,,,,moe_67b_a2b_d2560_ep1_rep1_ctx4_bs256_seq262144_ctxext_step156k_qk157
156511,1.195759892463684,,,,moe_67b_a2b_d2560_ep1_rep1_ctx4_bs256_seq262144_ctxext_step156k_qk157
156512,1.2664847373962402,,,,moe_67b_a2b_d2560_ep1_rep1_ctx4_bs256_seq262144_ctxext_step156k_qk157
156513,1.3229504823684692,,,,moe_67b_a2b_d2560_ep1_rep1_ctx4_bs256_seq262144_ctxext_step156k_qk157
156514,1.260413646697998,,,,moe_67b_a2b_d2560_ep1_rep1_ctx4_bs256_seq262144_ctxext_step156k_qk157
156515,1.2472387552261353,,,,moe_67b_a2b_d2560_ep1_rep1_ctx4_bs256_seq262144_ctxext_step156k_qk157
156516,1.250440001487732,,,,moe_67b_a2b_d2560_ep1_rep1_ctx4_bs256_seq262144_ctxext_step156k_qk157
156517,1.2906572818756104,,,,moe_67b_a2b_d2560_ep1_rep1_ctx4_bs256_seq262144_ctxext_step156k_qk157
156518,1.182111382484436,,,,moe_67b_a2b_d2560_ep1_rep1_ctx4_bs256_seq262144_ctxext_step156k_qk157
156519,1.221611499786377,,,,moe_67b_a2b_d2560_ep1_rep1_ctx4_bs256_seq262144_ctxext_step156k_qk157
156520,1.281635046005249,,,,moe_67b_a2b_d2560_ep1_rep1_ctx4_bs256_seq262144_ctxext_step156k_qk157
156521,1.27287757396698,,,,moe_67b_a2b_d2560_ep1_rep1_ctx4_bs256_seq262144_ctxext_step156k_qk157
156522,1.2653759717941284,,,,moe_67b_a2b_d2560_ep1_rep1_ctx4_bs256_seq262144_ctxext_step156k_qk157
156523,1.208620548248291,,,,moe_67b_a2b_d2560_ep1_rep1_ctx4_bs256_seq262144_ctxext_step156k_qk157
156524,1.3208351135253906,,,,moe_67b_a2b_d2560_ep1_rep1_ctx4_bs256_seq262144_ctxext_step156k_qk157
156525,1.2522817850112915,,,,moe_67b_a2b_d2560_ep1_rep1_ctx4_bs256_seq262144_ctxext_step156k_qk157
156526,1.2413781881332397,,,,moe_67b_a2b_d2560_ep1_rep1_ctx4_bs256_seq262144_ctxext_step156k_qk157
156527,1.2743788957595825,,,,moe_67b_a2b_d2560_ep1_rep1_ctx4_bs256_seq262144_ctxext_step156k_qk157
156528,1.3264561891555786,,,,moe_67b_a2b_d2560_ep1_rep1_ctx4_bs256_seq262144_ctxext_step156k_qk157
156529,1.2816258668899536,,,,moe_67b_a2b_d2560_ep1_rep1_ctx4_bs256_seq262144_ctxext_step156k_qk157
156530,1.2658329010009766,,,,moe_67b_a2b_d2560_ep1_rep1_ctx4_bs256_seq262144_ctxext_step156k_qk157
156531,1.2626138925552368,,,,moe_67b_a2b_d2560_ep1_rep1_ctx4_bs256_seq262144_ctxext_step156k_qk157
156532,1.3487027883529663,,,,moe_67b_a2b_d2560_ep1_rep1_ctx4_bs256_seq262144_ctxext_step156k_qk157
156533,1.204609990119934,,,,moe_67b_a2b_d2560_ep1_rep1_ctx4_bs256_seq262144_ctxext_step156k_qk157
156534,1.352551817893982,,,,moe_67b_a2b_d2560_ep1_rep1_ctx4_bs256_seq262144_ctxext_step156k_qk157
156535,1.195994257926941,,,,moe_67b_a2b_d2560_ep1_rep1_ctx4_bs256_seq262144_ctxext_step156k_qk157
156536,1.3263353109359741,,,,moe_67b_a2b_d2560_ep1_rep1_ctx4_bs256_seq262144_ctxext_step156k_qk157
156537,1.2290288209915161,,,,moe_67b_a2b_d2560_ep1_rep1_ctx4_bs256_seq262144_ctxext_step156k_qk157
156538,1.245752215385437,,,,moe_67b_a2b_d2560_ep1_rep1_ctx4_bs256_seq262144_ctxext_step156k_qk157
156539,1.2826688289642334,,,,moe_67b_a2b_d2560_ep1_rep1_ctx4_bs256_seq262144_ctxext_step156k_qk157
156540,1.335807204246521,,,,moe_67b_a2b_d2560_ep1_rep1_ctx4_bs256_seq262144_ctxext_step156k_qk157
156541,1.2031830549240112,,,,moe_67b_a2b_d2560_ep1_rep1_ctx4_bs256_seq262144_ctxext_step156k_qk157
156542,1.2699626684188843,,,,moe_67b_a2b_d2560_ep1_rep1_ctx4_bs256_seq262144_ctxext_step156k_qk157
156543,1.3184356689453125,,,,moe_67b_a2b_d2560_ep1_rep1_ctx4_bs256_seq262144_ctxext_step156k_qk157
156544,1.2339832782745361,,,,moe_67b_a2b_d2560_ep1_rep1_ctx4_bs256_seq262144_ctxext_step156k_qk157
156545,1.1941556930541992,,,,moe_67b_a2b_d2560_ep1_rep1_ctx4_bs256_seq262144_ctxext_step156k_qk157
156546,1.2769348621368408,,,,moe_67b_a2b_d2560_ep1_rep1_ctx4_bs256_seq262144_ctxext_step156k_qk157
156547,1.199492335319519,,,,moe_67b_a2b_d2560_ep1_rep1_ctx4_bs256_seq262144_ctxext_step156k_qk157
156548,1.3437504768371582,,,,moe_67b_a2b_d2560_ep1_rep1_ctx4_bs256_seq262144_ctxext_step156k_qk157
156549,1.213494896888733,,,,moe_67b_a2b_d2560_ep1_rep1_ctx4_bs256_seq262144_ctxext_step156k_qk157
156550,1.2702322006225586,,,,moe_67b_a2b_d2560_ep1_rep1_ctx4_bs256_seq262144_ctxext_step156k_qk157
156551,1.2399779558181763,,,,moe_67b_a2b_d2560_ep1_rep1_ctx4_bs256_seq262144_ctxext_step156k_qk157
156552,1.2351237535476685,,,,moe_67b_a2b_d2560_ep1_rep1_ctx4_bs256_seq262144_ctxext_step156k_qk157
156553,1.2762047052383423,,,,moe_67b_a2b_d2560_ep1_rep1_ctx4_bs256_seq262144_ctxext_step156k_qk157
156554,1.3064939975738525,,,,moe_67b_a2b_d2560_ep1_rep1_ctx4_bs256_seq262144_ctxext_step156k_qk157
156555,1.2989989519119263,,,,moe_67b_a2b_d2560_ep1_rep1_ctx4_bs256_seq262144_ctxext_step156k_qk157
156556,1.2387751340866089,,,,moe_67b_a2b_d2560_ep1_rep1_ctx4_bs256_seq262144_ctxext_step156k_qk157
156557,1.266498327255249,,,,moe_67b_a2b_d2560_ep1_rep1_ctx4_bs256_seq262144_ctxext_step156k_qk157
156558,1.1389272212982178,,,,moe_67b_a2b_d2560_ep1_rep1_ctx4_bs256_seq262144_ctxext_step156k_qk157
156559,1.2352139949798584,,,,moe_67b_a2b_d2560_ep1_rep1_ctx4_bs256_seq262144_ctxext_step156k_qk157
156560,1.2709426879882812,,,,moe_67b_a2b_d2560_ep1_rep1_ctx4_bs256_seq262144_ctxext_step156k_qk157
156561,1.3246474266052246,,,,moe_67b_a2b_d2560_ep1_rep1_ctx4_bs256_seq262144_ctxext_step156k_qk157
156562,1.2200031280517578,,,,moe_67b_a2b_d2560_ep1_rep1_ctx4_bs256_seq262144_ctxext_step156k_qk157
156563,1.335269808769226,,,,moe_67b_a2b_d2560_ep1_rep1_ctx4_bs256_seq262144_ctxext_step156k_qk157
156564,1.3367257118225098,,,,moe_67b_a2b_d2560_ep1_rep1_ctx4_bs256_seq262144_ctxext_step156k_qk157
156565,1.2961188554763794,,,,moe_67b_a2b_d2560_ep1_rep1_ctx4_bs256_seq262144_ctxext_step156k_qk157
156566,1.2388213872909546,,,,moe_67b_a2b_d2560_ep1_rep1_ctx4_bs256_seq262144_ctxext_step156k_qk157
156567,1.2746621370315552,,,,moe_67b_a2b_d2560_ep1_rep1_ctx4_bs256_seq262144_ctxext_step156k_qk157
156568,1.272524356842041,,,,moe_67b_a2b_d2560_ep1_rep1_ctx4_bs256_seq262144_ctxext_step156k_qk157
156569,1.2231141328811646,,,,moe_67b_a2b_d2560_ep1_rep1_ctx4_bs256_seq262144_ctxext_step156k_qk157
156570,1.3042104244232178,,,,moe_67b_a2b_d2560_ep1_rep1_ctx4_bs256_seq262144_ctxext_step156k_qk157
156571,1.2971067428588867,,,,moe_67b_a2b_d2560_ep1_rep1_ctx4_bs256_seq262144_ctxext_step156k_qk157
156572,1.283728837966919,,,,moe_67b_a2b_d2560_ep1_rep1_ctx4_bs256_seq262144_ctxext_step156k_qk157
156573,1.2428278923034668,,,,moe_67b_a2b_d2560_ep1_rep1_ctx4_bs256_seq262144_ctxext_step156k_qk157
156574,1.3406537771224976,,,,moe_67b_a2b_d2560_ep1_rep1_ctx4_bs256_seq262144_ctxext_step156k_qk157
156575,1.2658604383468628,,,,moe_67b_a2b_d2560_ep1_rep1_ctx4_bs256_seq262144_ctxext_step156k_qk157
156576,1.3138022422790527,,,,moe_67b_a2b_d2560_ep1_rep1_ctx4_bs256_seq262144_ctxext_step156k_qk157
156577,1.2557127475738525,,,,moe_67b_a2b_d2560_ep1_rep1_ctx4_bs256_seq262144_ctxext_step156k_qk157
156578,1.2950960397720337,,,,moe_67b_a2b_d2560_ep1_rep1_ctx4_bs256_seq262144_ctxext_step156k_qk157
156579,1.2636942863464355,,,,moe_67b_a2b_d2560_ep1_rep1_ctx4_bs256_seq262144_ctxext_step156k_qk157
156580,1.2734702825546265,,,,moe_67b_a2b_d2560_ep1_rep1_ctx4_bs256_seq262144_ctxext_step156k_qk157
156581,1.31829035282135,,,,moe_67b_a2b_d2560_ep1_rep1_ctx4_bs256_seq262144_ctxext_step156k_qk157
156582,1.1858919858932495,,,,moe_67b_a2b_d2560_ep1_rep1_ctx4_bs256_seq262144_ctxext_step156k_qk157
156583,1.293634057044983,,,,moe_67b_a2b_d2560_ep1_rep1_ctx4_bs256_seq262144_ctxext_step156k_qk157
156584,1.3138138055801392,,,,moe_67b_a2b_d2560_ep1_rep1_ctx4_bs256_seq262144_ctxext_step156k_qk157
156585,1.1963680982589722,,,,moe_67b_a2b_d2560_ep1_rep1_ctx4_bs256_seq262144_ctxext_step156k_qk157
156586,1.2943532466888428,,,,moe_67b_a2b_d2560_ep1_rep1_ctx4_bs256_seq262144_ctxext_step156k_qk157
156587,1.3260302543640137,,,,moe_67b_a2b_d2560_ep1_rep1_ctx4_bs256_seq262144_ctxext_step156k_qk157
156588,1.280382513999939,,,,moe_67b_a2b_d2560_ep1_rep1_ctx4_bs256_seq262144_ctxext_step156k_qk157
156589,1.149570107460022,,,,moe_67b_a2b_d2560_ep1_rep1_ctx4_bs256_seq262144_ctxext_step156k_qk157
156590,1.2322471141815186,,,,moe_67b_a2b_d2560_ep1_rep1_ctx4_bs256_seq262144_ctxext_step156k_qk157
156591,1.152718186378479,,,,moe_67b_a2b_d2560_ep1_rep1_ctx4_bs256_seq262144_ctxext_step156k_qk157
156592,1.3124514818191528,,,,moe_67b_a2b_d2560_ep1_rep1_ctx4_bs256_seq262144_ctxext_step156k_qk157
156593,1.409385323524475,,,,moe_67b_a2b_d2560_ep1_rep1_ctx4_bs256_seq262144_ctxext_step156k_qk157
156594,1.340782880783081,,,,moe_67b_a2b_d2560_ep1_rep1_ctx4_bs256_seq262144_ctxext_step156k_qk157
156595,1.2524147033691406,,,,moe_67b_a2b_d2560_ep1_rep1_ctx4_bs256_seq262144_ctxext_step156k_qk157
156596,1.1795417070388794,,,,moe_67b_a2b_d2560_ep1_rep1_ctx4_bs256_seq262144_ctxext_step156k_qk157
156597,1.2621783018112183,,,,moe_67b_a2b_d2560_ep1_rep1_ctx4_bs256_seq262144_ctxext_step156k_qk157
156598,1.2348228693008423,,,,moe_67b_a2b_d2560_ep1_rep1_ctx4_bs256_seq262144_ctxext_step156k_qk157
156599,1.311923623085022,,,,moe_67b_a2b_d2560_ep1_rep1_ctx4_bs256_seq262144_ctxext_step156k_qk157
156600,1.2225173711776733,,,,moe_67b_a2b_d2560_ep1_rep1_ctx4_bs256_seq262144_ctxext_step156k_qk157
156601,1.2729301452636719,,,,moe_67b_a2b_d2560_ep1_rep1_ctx4_bs256_seq262144_ctxext_step156k_qk157
156602,1.2240183353424072,,,,moe_67b_a2b_d2560_ep1_rep1_ctx4_bs256_seq262144_ctxext_step156k_qk157
156603,1.2562081813812256,,,,moe_67b_a2b_d2560_ep1_rep1_ctx4_bs256_seq262144_ctxext_step156k_qk157
156604,1.2182068824768066,,,,moe_67b_a2b_d2560_ep1_rep1_ctx4_bs256_seq262144_ctxext_step156k_qk157
156605,1.2541112899780273,,,,moe_67b_a2b_d2560_ep1_rep1_ctx4_bs256_seq262144_ctxext_step156k_qk157
156606,1.2862943410873413,,,,moe_67b_a2b_d2560_ep1_rep1_ctx4_bs256_seq262144_ctxext_step156k_qk157
156607,1.2094272375106812,,,,moe_67b_a2b_d2560_ep1_rep1_ctx4_bs256_seq262144_ctxext_step156k_qk157
156608,1.2560219764709473,,,,moe_67b_a2b_d2560_ep1_rep1_ctx4_bs256_seq262144_ctxext_step156k_qk157
156609,1.1958452463150024,,,,moe_67b_a2b_d2560_ep1_rep1_ctx4_bs256_seq262144_ctxext_step156k_qk157
156610,1.2684249877929688,,,,moe_67b_a2b_d2560_ep1_rep1_ctx4_bs256_seq262144_ctxext_step156k_qk157
156611,1.2258459329605103,,,,moe_67b_a2b_d2560_ep1_rep1_ctx4_bs256_seq262144_ctxext_step156k_qk157
156612,1.2003062963485718,,,,moe_67b_a2b_d2560_ep1_rep1_ctx4_bs256_seq262144_ctxext_step156k_qk157
156613,1.223505973815918,,,,moe_67b_a2b_d2560_ep1_rep1_ctx4_bs256_seq262144_ctxext_step156k_qk157
156614,1.2704142332077026,,,,moe_67b_a2b_d2560_ep1_rep1_ctx4_bs256_seq262144_ctxext_step156k_qk157
156615,1.1846141815185547,,,,moe_67b_a2b_d2560_ep1_rep1_ctx4_bs256_seq262144_ctxext_step156k_qk157
156616,1.2815221548080444,,,,moe_67b_a2b_d2560_ep1_rep1_ctx4_bs256_seq262144_ctxext_step156k_qk157
156617,1.2073684930801392,,,,moe_67b_a2b_d2560_ep1_rep1_ctx4_bs256_seq262144_ctxext_step156k_qk157
156618,1.2081366777420044,,,,moe_67b_a2b_d2560_ep1_rep1_ctx4_bs256_seq262144_ctxext_step156k_qk157
156619,1.2713816165924072,,,,moe_67b_a2b_d2560_ep1_rep1_ctx4_bs256_seq262144_ctxext_step156k_qk157
156620,1.2682371139526367,,,,moe_67b_a2b_d2560_ep1_rep1_ctx4_bs256_seq262144_ctxext_step156k_qk157
156621,1.2155367136001587,,,,moe_67b_a2b_d2560_ep1_rep1_ctx4_bs256_seq262144_ctxext_step156k_qk157
156622,1.2566356658935547,,,,moe_67b_a2b_d2560_ep1_rep1_ctx4_bs256_seq262144_ctxext_step156k_qk157
156623,1.3032855987548828,,,,moe_67b_a2b_d2560_ep1_rep1_ctx4_bs256_seq262144_ctxext_step156k_qk157
156624,1.283776879310608,,,,moe_67b_a2b_d2560_ep1_rep1_ctx4_bs256_seq262144_ctxext_step156k_qk157
156625,1.2548909187316895,,,,moe_67b_a2b_d2560_ep1_rep1_ctx4_bs256_seq262144_ctxext_step156k_qk157
156626,1.3131332397460938,,,,moe_67b_a2b_d2560_ep1_rep1_ctx4_bs256_seq262144_ctxext_step156k_qk157
156627,1.33707594871521,,,,moe_67b_a2b_d2560_ep1_rep1_ctx4_bs256_seq262144_ctxext_step156k_qk157
156628,1.23157799243927,,,,moe_67b_a2b_d2560_ep1_rep1_ctx4_bs256_seq262144_ctxext_step156k_qk157
156629,1.2825254201889038,,,,moe_67b_a2b_d2560_ep1_rep1_ctx4_bs256_seq262144_ctxext_step156k_qk157
156630,1.280372142791748,,,,moe_67b_a2b_d2560_ep1_rep1_ctx4_bs256_seq262144_ctxext_step156k_qk157
156631,1.2252660989761353,,,,moe_67b_a2b_d2560_ep1_rep1_ctx4_bs256_seq262144_ctxext_step156k_qk157
156632,1.230973482131958,,,,moe_67b_a2b_d2560_ep1_rep1_ctx4_bs256_seq262144_ctxext_step156k_qk157
156633,1.2040295600891113,,,,moe_67b_a2b_d2560_ep1_rep1_ctx4_bs256_seq262144_ctxext_step156k_qk157
156634,1.281744122505188,,,,moe_67b_a2b_d2560_ep1_rep1_ctx4_bs256_seq262144_ctxext_step156k_qk157
156635,1.2675509452819824,,,,moe_67b_a2b_d2560_ep1_rep1_ctx4_bs256_seq262144_ctxext_step156k_qk157
156636,1.2565377950668335,,,,moe_67b_a2b_d2560_ep1_rep1_ctx4_bs256_seq262144_ctxext_step156k_qk157
156637,1.2803810834884644,,,,moe_67b_a2b_d2560_ep1_rep1_ctx4_bs256_seq262144_ctxext_step156k_qk157
156638,1.296025037765503,,,,moe_67b_a2b_d2560_ep1_rep1_ctx4_bs256_seq262144_ctxext_step156k_qk157
156639,1.2574992179870605,,,,moe_67b_a2b_d2560_ep1_rep1_ctx4_bs256_seq262144_ctxext_step156k_qk157
156640,1.3017289638519287,,,,moe_67b_a2b_d2560_ep1_rep1_ctx4_bs256_seq262144_ctxext_step156k_qk157
156641,1.3035825490951538,,,,moe_67b_a2b_d2560_ep1_rep1_ctx4_bs256_seq262144_ctxext_step156k_qk157
156642,1.3203095197677612,,,,moe_67b_a2b_d2560_ep1_rep1_ctx4_bs256_seq262144_ctxext_step156k_qk157
156643,1.2409422397613525,,,,moe_67b_a2b_d2560_ep1_rep1_ctx4_bs256_seq262144_ctxext_step156k_qk157
156644,1.164337158203125,,,,moe_67b_a2b_d2560_ep1_rep1_ctx4_bs256_seq262144_ctxext_step156k_qk157
156645,1.2491236925125122,,,,moe_67b_a2b_d2560_ep1_rep1_ctx4_bs256_seq262144_ctxext_step156k_qk157
156646,1.2381129264831543,,,,moe_67b_a2b_d2560_ep1_rep1_ctx4_bs256_seq262144_ctxext_step156k_qk157
156647,1.282705307006836,,,,moe_67b_a2b_d2560_ep1_rep1_ctx4_bs256_seq262144_ctxext_step156k_qk157
156648,1.2446703910827637,,,,moe_67b_a2b_d2560_ep1_rep1_ctx4_bs256_seq262144_ctxext_step156k_qk157
156649,1.25249183177948,,,,moe_67b_a2b_d2560_ep1_rep1_ctx4_bs256_seq262144_ctxext_step156k_qk157
156650,1.3011374473571777,,,,moe_67b_a2b_d2560_ep1_rep1_ctx4_bs256_seq262144_ctxext_step156k_qk157
156651,1.2787123918533325,,,,moe_67b_a2b_d2560_ep1_rep1_ctx4_bs256_seq262144_ctxext_step156k_qk157
156652,1.2213785648345947,,,,moe_67b_a2b_d2560_ep1_rep1_ctx4_bs256_seq262144_ctxext_step156k_qk157
156653,1.2210252285003662,,,,moe_67b_a2b_d2560_ep1_rep1_ctx4_bs256_seq262144_ctxext_step156k_qk157
156654,1.3435407876968384,,,,moe_67b_a2b_d2560_ep1_rep1_ctx4_bs256_seq262144_ctxext_step156k_qk157
156655,1.2190927267074585,,,,moe_67b_a2b_d2560_ep1_rep1_ctx4_bs256_seq262144_ctxext_step156k_qk157
156656,1.299635410308838,,,,moe_67b_a2b_d2560_ep1_rep1_ctx4_bs256_seq262144_ctxext_step156k_qk157
156657,1.2217200994491577,,,,moe_67b_a2b_d2560_ep1_rep1_ctx4_bs256_seq262144_ctxext_step156k_qk157
156658,1.2861801385879517,,,,moe_67b_a2b_d2560_ep1_rep1_ctx4_bs256_seq262144_ctxext_step156k_qk157
156659,1.2848808765411377,,,,moe_67b_a2b_d2560_ep1_rep1_ctx4_bs256_seq262144_ctxext_step156k_qk157
156660,1.3048663139343262,,,,moe_67b_a2b_d2560_ep1_rep1_ctx4_bs256_seq262144_ctxext_step156k_qk157
156661,1.2192715406417847,,,,moe_67b_a2b_d2560_ep1_rep1_ctx4_bs256_seq262144_ctxext_step156k_qk157
156662,1.191368818283081,,,,moe_67b_a2b_d2560_ep1_rep1_ctx4_bs256_seq262144_ctxext_step156k_qk157
156663,1.2302366495132446,,,,moe_67b_a2b_d2560_ep1_rep1_ctx4_bs256_seq262144_ctxext_step156k_qk157
156664,1.2024741172790527,,,,moe_67b_a2b_d2560_ep1_rep1_ctx4_bs256_seq262144_ctxext_step156k_qk157
156665,1.2862721681594849,,,,moe_67b_a2b_d2560_ep1_rep1_ctx4_bs256_seq262144_ctxext_step156k_qk157
156666,1.2486625909805298,,,,moe_67b_a2b_d2560_ep1_rep1_ctx4_bs256_seq262144_ctxext_step156k_qk157
156667,1.2499457597732544,,,,moe_67b_a2b_d2560_ep1_rep1_ctx4_bs256_seq262144_ctxext_step156k_qk157
156668,1.2353849411010742,,,,moe_67b_a2b_d2560_ep1_rep1_ctx4_bs256_seq262144_ctxext_step156k_qk157
156669,1.1812243461608887,,,,moe_67b_a2b_d2560_ep1_rep1_ctx4_bs256_seq262144_ctxext_step156k_qk157
156670,1.3275384902954102,,,,moe_67b_a2b_d2560_ep1_rep1_ctx4_bs256_seq262144_ctxext_step156k_qk157
156671,1.3279715776443481,,,,moe_67b_a2b_d2560_ep1_rep1_ctx4_bs256_seq262144_ctxext_step156k_qk157
156672,1.2748196125030518,,,,moe_67b_a2b_d2560_ep1_rep1_ctx4_bs256_seq262144_ctxext_step156k_qk157
156673,1.3002606630325317,,,,moe_67b_a2b_d2560_ep1_rep1_ctx4_bs256_seq262144_ctxext_step156k_qk157
156674,1.3225611448287964,,,,moe_67b_a2b_d2560_ep1_rep1_ctx4_bs256_seq262144_ctxext_step156k_qk157
156675,1.234506607055664,,,,moe_67b_a2b_d2560_ep1_rep1_ctx4_bs256_seq262144_ctxext_step156k_qk157
156676,1.306954026222229,,,,moe_67b_a2b_d2560_ep1_rep1_ctx4_bs256_seq262144_ctxext_step156k_qk157
156677,1.3753554821014404,,,,moe_67b_a2b_d2560_ep1_rep1_ctx4_bs256_seq262144_ctxext_step156k_qk157
156678,1.243614673614502,,,,moe_67b_a2b_d2560_ep1_rep1_ctx4_bs256_seq262144_ctxext_step156k_qk157
156679,1.2727733850479126,,,,moe_67b_a2b_d2560_ep1_rep1_ctx4_bs256_seq262144_ctxext_step156k_qk157
156680,1.214318037033081,,,,moe_67b_a2b_d2560_ep1_rep1_ctx4_bs256_seq262144_ctxext_step156k_qk157
156681,1.2318018674850464,,,,moe_67b_a2b_d2560_ep1_rep1_ctx4_bs256_seq262144_ctxext_step156k_qk157
156682,1.198850154876709,,,,moe_67b_a2b_d2560_ep1_rep1_ctx4_bs256_seq262144_ctxext_step156k_qk157
156683,1.2149732112884521,,,,moe_67b_a2b_d2560_ep1_rep1_ctx4_bs256_seq262144_ctxext_step156k_qk157
156684,1.2123467922210693,,,,moe_67b_a2b_d2560_ep1_rep1_ctx4_bs256_seq262144_ctxext_step156k_qk157
156685,1.2683162689208984,,,,moe_67b_a2b_d2560_ep1_rep1_ctx4_bs256_seq262144_ctxext_step156k_qk157
156686,1.2246785163879395,,,,moe_67b_a2b_d2560_ep1_rep1_ctx4_bs256_seq262144_ctxext_step156k_qk157
156687,1.2691508531570435,,,,moe_67b_a2b_d2560_ep1_rep1_ctx4_bs256_seq262144_ctxext_step156k_qk157
156688,1.212871789932251,,,,moe_67b_a2b_d2560_ep1_rep1_ctx4_bs256_seq262144_ctxext_step156k_qk157
156689,1.2585822343826294,,,,moe_67b_a2b_d2560_ep1_rep1_ctx4_bs256_seq262144_ctxext_step156k_qk157
156690,1.2287876605987549,,,,moe_67b_a2b_d2560_ep1_rep1_ctx4_bs256_seq262144_ctxext_step156k_qk157
156691,1.2436195611953735,,,,moe_67b_a2b_d2560_ep1_rep1_ctx4_bs256_seq262144_ctxext_step156k_qk157
156692,1.292020320892334,,,,moe_67b_a2b_d2560_ep1_rep1_ctx4_bs256_seq262144_ctxext_step156k_qk157
156693,1.1740052700042725,,,,moe_67b_a2b_d2560_ep1_rep1_ctx4_bs256_seq262144_ctxext_step156k_qk157
156694,1.250106930732727,,,,moe_67b_a2b_d2560_ep1_rep1_ctx4_bs256_seq262144_ctxext_step156k_qk157
156695,1.2318092584609985,,,,moe_67b_a2b_d2560_ep1_rep1_ctx4_bs256_seq262144_ctxext_step156k_qk157
156696,1.3544390201568604,,,,moe_67b_a2b_d2560_ep1_rep1_ctx4_bs256_seq262144_ctxext_step156k_qk157
156697,1.2799333333969116,,,,moe_67b_a2b_d2560_ep1_rep1_ctx4_bs256_seq262144_ctxext_step156k_qk157
156698,1.2559211254119873,,,,moe_67b_a2b_d2560_ep1_rep1_ctx4_bs256_seq262144_ctxext_step156k_qk157
156699,1.2942640781402588,,,,moe_67b_a2b_d2560_ep1_rep1_ctx4_bs256_seq262144_ctxext_step156k_qk157
156700,1.2121186256408691,,,,moe_67b_a2b_d2560_ep1_rep1_ctx4_bs256_seq262144_ctxext_step156k_qk157
156701,1.2652379274368286,,,,moe_67b_a2b_d2560_ep1_rep1_ctx4_bs256_seq262144_ctxext_step156k_qk157
156702,1.2378257513046265,,,,moe_67b_a2b_d2560_ep1_rep1_ctx4_bs256_seq262144_ctxext_step156k_qk157
156703,1.3112895488739014,,,,moe_67b_a2b_d2560_ep1_rep1_ctx4_bs256_seq262144_ctxext_step156k_qk157
156704,1.3532707691192627,,,,moe_67b_a2b_d2560_ep1_rep1_ctx4_bs256_seq262144_ctxext_step156k_qk157
156705,1.2202787399291992,,,,moe_67b_a2b_d2560_ep1_rep1_ctx4_bs256_seq262144_ctxext_step156k_qk157
156706,1.27953040599823,,,,moe_67b_a2b_d2560_ep1_rep1_ctx4_bs256_seq262144_ctxext_step156k_qk157
156707,1.2643465995788574,,,,moe_67b_a2b_d2560_ep1_rep1_ctx4_bs256_seq262144_ctxext_step156k_qk157
156708,1.3130847215652466,,,,moe_67b_a2b_d2560_ep1_rep1_ctx4_bs256_seq262144_ctxext_step156k_qk157
156709,1.3155863285064697,,,,moe_67b_a2b_d2560_ep1_rep1_ctx4_bs256_seq262144_ctxext_step156k_qk157
156710,1.312377691268921,,,,moe_67b_a2b_d2560_ep1_rep1_ctx4_bs256_seq262144_ctxext_step156k_qk157
156711,1.260697841644287,,,,moe_67b_a2b_d2560_ep1_rep1_ctx4_bs256_seq262144_ctxext_step156k_qk157
156712,1.2490392923355103,,,,moe_67b_a2b_d2560_ep1_rep1_ctx4_bs256_seq262144_ctxext_step156k_qk157
156713,1.1938652992248535,,,,moe_67b_a2b_d2560_ep1_rep1_ctx4_bs256_seq262144_ctxext_step156k_qk157
156714,1.2382545471191406,,,,moe_67b_a2b_d2560_ep1_rep1_ctx4_bs256_seq262144_ctxext_step156k_qk157
156715,1.252952218055725,,,,moe_67b_a2b_d2560_ep1_rep1_ctx4_bs256_seq262144_ctxext_step156k_qk157
156716,1.3004605770111084,,,,moe_67b_a2b_d2560_ep1_rep1_ctx4_bs256_seq262144_ctxext_step156k_qk157
156717,1.3277724981307983,,,,moe_67b_a2b_d2560_ep1_rep1_ctx4_bs256_seq262144_ctxext_step156k_qk157
156718,1.1795275211334229,,,,moe_67b_a2b_d2560_ep1_rep1_ctx4_bs256_seq262144_ctxext_step156k_qk157
156719,1.2127312421798706,,,,moe_67b_a2b_d2560_ep1_rep1_ctx4_bs256_seq262144_ctxext_step156k_qk157
156720,1.2586016654968262,,,,moe_67b_a2b_d2560_ep1_rep1_ctx4_bs256_seq262144_ctxext_step156k_qk157
156721,1.2786509990692139,,,,moe_67b_a2b_d2560_ep1_rep1_ctx4_bs256_seq262144_ctxext_step156k_qk157
156722,1.2512162923812866,,,,moe_67b_a2b_d2560_ep1_rep1_ctx4_bs256_seq262144_ctxext_step156k_qk157
156723,1.2486461400985718,,,,moe_67b_a2b_d2560_ep1_rep1_ctx4_bs256_seq262144_ctxext_step156k_qk157
156724,1.3329273462295532,,,,moe_67b_a2b_d2560_ep1_rep1_ctx4_bs256_seq262144_ctxext_step156k_qk157
156725,1.1866605281829834,,,,moe_67b_a2b_d2560_ep1_rep1_ctx4_bs256_seq262144_ctxext_step156k_qk157
156726,1.2442355155944824,,,,moe_67b_a2b_d2560_ep1_rep1_ctx4_bs256_seq262144_ctxext_step156k_qk157
156727,1.2284226417541504,,,,moe_67b_a2b_d2560_ep1_rep1_ctx4_bs256_seq262144_ctxext_step156k_qk157
156728,1.307191252708435,,,,moe_67b_a2b_d2560_ep1_rep1_ctx4_bs256_seq262144_ctxext_step156k_qk157
156729,1.2774122953414917,,,,moe_67b_a2b_d2560_ep1_rep1_ctx4_bs256_seq262144_ctxext_step156k_qk157
156730,1.2699778079986572,,,,moe_67b_a2b_d2560_ep1_rep1_ctx4_bs256_seq262144_ctxext_step156k_qk157
156731,1.2571741342544556,,,,moe_67b_a2b_d2560_ep1_rep1_ctx4_bs256_seq262144_ctxext_step156k_qk157
156732,1.2689850330352783,,,,moe_67b_a2b_d2560_ep1_rep1_ctx4_bs256_seq262144_ctxext_step156k_qk157
156733,1.278687834739685,,,,moe_67b_a2b_d2560_ep1_rep1_ctx4_bs256_seq262144_ctxext_step156k_qk157
156734,1.231372356414795,,,,moe_67b_a2b_d2560_ep1_rep1_ctx4_bs256_seq262144_ctxext_step156k_qk157
156735,1.2154639959335327,,,,moe_67b_a2b_d2560_ep1_rep1_ctx4_bs256_seq262144_ctxext_step156k_qk157
156736,1.2411518096923828,,,,moe_67b_a2b_d2560_ep1_rep1_ctx4_bs256_seq262144_ctxext_step156k_qk157
156737,1.2422086000442505,,,,moe_67b_a2b_d2560_ep1_rep1_ctx4_bs256_seq262144_ctxext_step156k_qk157
156738,1.2840079069137573,,,,moe_67b_a2b_d2560_ep1_rep1_ctx4_bs256_seq262144_ctxext_step156k_qk157
156739,1.2773786783218384,,,,moe_67b_a2b_d2560_ep1_rep1_ctx4_bs256_seq262144_ctxext_step156k_qk157
156740,1.1939034461975098,,,,moe_67b_a2b_d2560_ep1_rep1_ctx4_bs256_seq262144_ctxext_step156k_qk157
156741,1.2100062370300293,,,,moe_67b_a2b_d2560_ep1_rep1_ctx4_bs256_seq262144_ctxext_step156k_qk157
156742,1.2532508373260498,,,,moe_67b_a2b_d2560_ep1_rep1_ctx4_bs256_seq262144_ctxext_step156k_qk157
156743,1.2977344989776611,,,,moe_67b_a2b_d2560_ep1_rep1_ctx4_bs256_seq262144_ctxext_step156k_qk157
156744,1.2658723592758179,,,,moe_67b_a2b_d2560_ep1_rep1_ctx4_bs256_seq262144_ctxext_step156k_qk157
156745,1.291882038116455,,,,moe_67b_a2b_d2560_ep1_rep1_ctx4_bs256_seq262144_ctxext_step156k_qk157
156746,1.3451648950576782,,,,moe_67b_a2b_d2560_ep1_rep1_ctx4_bs256_seq262144_ctxext_step156k_qk157
156747,1.2500975131988525,,,,moe_67b_a2b_d2560_ep1_rep1_ctx4_bs256_seq262144_ctxext_step156k_qk157
156748,1.3064463138580322,,,,moe_67b_a2b_d2560_ep1_rep1_ctx4_bs256_seq262144_ctxext_step156k_qk157
156749,1.350311279296875,,,,moe_67b_a2b_d2560_ep1_rep1_ctx4_bs256_seq262144_ctxext_step156k_qk157
156750,1.2318198680877686,2.2686524391174316,1.8700518608093262,1.8547582626342773,moe_67b_a2b_d2560_ep1_rep1_ctx4_bs256_seq262144_ctxext_step156k_qk157
156751,1.1819348335266113,,,,moe_67b_a2b_d2560_ep1_rep1_ctx4_bs256_seq262144_ctxext_step156k_qk157
156752,1.2824578285217285,,,,moe_67b_a2b_d2560_ep1_rep1_ctx4_bs256_seq262144_ctxext_step156k_qk157
156753,1.3189712762832642,,,,moe_67b_a2b_d2560_ep1_rep1_ctx4_bs256_seq262144_ctxext_step156k_qk157
156754,1.2158094644546509,,,,moe_67b_a2b_d2560_ep1_rep1_ctx4_bs256_seq262144_ctxext_step156k_qk157
156755,1.2801860570907593,,,,moe_67b_a2b_d2560_ep1_rep1_ctx4_bs256_seq262144_ctxext_step156k_qk157
156756,1.2234385013580322,,,,moe_67b_a2b_d2560_ep1_rep1_ctx4_bs256_seq262144_ctxext_step156k_qk157
156757,1.3367630243301392,,,,moe_67b_a2b_d2560_ep1_rep1_ctx4_bs256_seq262144_ctxext_step156k_qk157
156758,1.1891634464263916,,,,moe_67b_a2b_d2560_ep1_rep1_ctx4_bs256_seq262144_ctxext_step156k_qk157
156759,1.2723102569580078,,,,moe_67b_a2b_d2560_ep1_rep1_ctx4_bs256_seq262144_ctxext_step156k_qk157
156760,1.3237403631210327,,,,moe_67b_a2b_d2560_ep1_rep1_ctx4_bs256_seq262144_ctxext_step156k_qk157
156761,1.2912793159484863,,,,moe_67b_a2b_d2560_ep1_rep1_ctx4_bs256_seq262144_ctxext_step156k_qk157
156762,1.3216052055358887,,,,moe_67b_a2b_d2560_ep1_rep1_ctx4_bs256_seq262144_ctxext_step156k_qk157
156763,1.2374858856201172,,,,moe_67b_a2b_d2560_ep1_rep1_ctx4_bs256_seq262144_ctxext_step156k_qk157
156764,1.2571218013763428,,,,moe_67b_a2b_d2560_ep1_rep1_ctx4_bs256_seq262144_ctxext_step156k_qk157
156765,1.3288912773132324,,,,moe_67b_a2b_d2560_ep1_rep1_ctx4_bs256_seq262144_ctxext_step156k_qk157
156766,1.183912754058838,,,,moe_67b_a2b_d2560_ep1_rep1_ctx4_bs256_seq262144_ctxext_step156k_qk157
156767,1.2647790908813477,,,,moe_67b_a2b_d2560_ep1_rep1_ctx4_bs256_seq262144_ctxext_step156k_qk157
156768,1.255820870399475,,,,moe_67b_a2b_d2560_ep1_rep1_ctx4_bs256_seq262144_ctxext_step156k_qk157
156769,1.3139420747756958,,,,moe_67b_a2b_d2560_ep1_rep1_ctx4_bs256_seq262144_ctxext_step156k_qk157
156770,1.2416315078735352,,,,moe_67b_a2b_d2560_ep1_rep1_ctx4_bs256_seq262144_ctxext_step156k_qk157
156771,1.2215019464492798,,,,moe_67b_a2b_d2560_ep1_rep1_ctx4_bs256_seq262144_ctxext_step156k_qk157
156772,1.2164273262023926,,,,moe_67b_a2b_d2560_ep1_rep1_ctx4_bs256_seq262144_ctxext_step156k_qk157
156773,1.249402403831482,,,,moe_67b_a2b_d2560_ep1_rep1_ctx4_bs256_seq262144_ctxext_step156k_qk157
156774,1.2913557291030884,,,,moe_67b_a2b_d2560_ep1_rep1_ctx4_bs256_seq262144_ctxext_step156k_qk157
156775,1.1853089332580566,,,,moe_67b_a2b_d2560_ep1_rep1_ctx4_bs256_seq262144_ctxext_step156k_qk157
156776,1.2653597593307495,,,,moe_67b_a2b_d2560_ep1_rep1_ctx4_bs256_seq262144_ctxext_step156k_qk157
156777,1.2900840044021606,,,,moe_67b_a2b_d2560_ep1_rep1_ctx4_bs256_seq262144_ctxext_step156k_qk157
156778,1.197058916091919,,,,moe_67b_a2b_d2560_ep1_rep1_ctx4_bs256_seq262144_ctxext_step156k_qk157
156779,1.2297050952911377,,,,moe_67b_a2b_d2560_ep1_rep1_ctx4_bs256_seq262144_ctxext_step156k_qk157
156780,1.2930455207824707,,,,moe_67b_a2b_d2560_ep1_rep1_ctx4_bs256_seq262144_ctxext_step156k_qk157
156781,1.3485488891601562,,,,moe_67b_a2b_d2560_ep1_rep1_ctx4_bs256_seq262144_ctxext_step156k_qk157
156782,1.2247053384780884,,,,moe_67b_a2b_d2560_ep1_rep1_ctx4_bs256_seq262144_ctxext_step156k_qk157
156783,1.2624289989471436,,,,moe_67b_a2b_d2560_ep1_rep1_ctx4_bs256_seq262144_ctxext_step156k_qk157
156784,1.2053595781326294,,,,moe_67b_a2b_d2560_ep1_rep1_ctx4_bs256_seq262144_ctxext_step156k_qk157
156785,1.2397129535675049,,,,moe_67b_a2b_d2560_ep1_rep1_ctx4_bs256_seq262144_ctxext_step156k_qk157
156786,1.216274619102478,,,,moe_67b_a2b_d2560_ep1_rep1_ctx4_bs256_seq262144_ctxext_step156k_qk157
156787,1.2855654954910278,,,,moe_67b_a2b_d2560_ep1_rep1_ctx4_bs256_seq262144_ctxext_step156k_qk157
156788,1.2821154594421387,,,,moe_67b_a2b_d2560_ep1_rep1_ctx4_bs256_seq262144_ctxext_step156k_qk157
156789,1.1946932077407837,,,,moe_67b_a2b_d2560_ep1_rep1_ctx4_bs256_seq262144_ctxext_step156k_qk157
156790,1.257336139678955,,,,moe_67b_a2b_d2560_ep1_rep1_ctx4_bs256_seq262144_ctxext_step156k_qk157
156791,1.30840265750885,,,,moe_67b_a2b_d2560_ep1_rep1_ctx4_bs256_seq262144_ctxext_step156k_qk157
156792,1.3510072231292725,,,,moe_67b_a2b_d2560_ep1_rep1_ctx4_bs256_seq262144_ctxext_step156k_qk157
156793,1.2578867673873901,,,,moe_67b_a2b_d2560_ep1_rep1_ctx4_bs256_seq262144_ctxext_step156k_qk157
156794,1.3502697944641113,,,,moe_67b_a2b_d2560_ep1_rep1_ctx4_bs256_seq262144_ctxext_step156k_qk157
156795,1.3267912864685059,,,,moe_67b_a2b_d2560_ep1_rep1_ctx4_bs256_seq262144_ctxext_step156k_qk157
156796,1.3039722442626953,,,,moe_67b_a2b_d2560_ep1_rep1_ctx4_bs256_seq262144_ctxext_step156k_qk157
156797,1.238397479057312,,,,moe_67b_a2b_d2560_ep1_rep1_ctx4_bs256_seq262144_ctxext_step156k_qk157
156798,1.2689532041549683,,,,moe_67b_a2b_d2560_ep1_rep1_ctx4_bs256_seq262144_ctxext_step156k_qk157
156799,1.2330474853515625,,,,moe_67b_a2b_d2560_ep1_rep1_ctx4_bs256_seq262144_ctxext_step156k_qk157
156800,1.2305316925048828,,,,moe_67b_a2b_d2560_ep1_rep1_ctx4_bs256_seq262144_ctxext_step156k_qk157
156801,1.2062615156173706,,,,moe_67b_a2b_d2560_ep1_rep1_ctx4_bs256_seq262144_ctxext_step156k_qk157
156802,1.3202214241027832,,,,moe_67b_a2b_d2560_ep1_rep1_ctx4_bs256_seq262144_ctxext_step156k_qk157
156803,1.2203370332717896,,,,moe_67b_a2b_d2560_ep1_rep1_ctx4_bs256_seq262144_ctxext_step156k_qk157
156804,1.3168972730636597,,,,moe_67b_a2b_d2560_ep1_rep1_ctx4_bs256_seq262144_ctxext_step156k_qk157
156805,1.3240681886672974,,,,moe_67b_a2b_d2560_ep1_rep1_ctx4_bs256_seq262144_ctxext_step156k_qk157
156806,1.2419756650924683,,,,moe_67b_a2b_d2560_ep1_rep1_ctx4_bs256_seq262144_ctxext_step156k_qk157
156807,1.3380658626556396,,,,moe_67b_a2b_d2560_ep1_rep1_ctx4_bs256_seq262144_ctxext_step156k_qk157
156808,1.3232663869857788,,,,moe_67b_a2b_d2560_ep1_rep1_ctx4_bs256_seq262144_ctxext_step156k_qk157
156809,1.2452219724655151,,,,moe_67b_a2b_d2560_ep1_rep1_ctx4_bs256_seq262144_ctxext_step156k_qk157
156810,1.2242578268051147,,,,moe_67b_a2b_d2560_ep1_rep1_ctx4_bs256_seq262144_ctxext_step156k_qk157
156811,1.264114260673523,,,,moe_67b_a2b_d2560_ep1_rep1_ctx4_bs256_seq262144_ctxext_step156k_qk157
156812,1.1967976093292236,,,,moe_67b_a2b_d2560_ep1_rep1_ctx4_bs256_seq262144_ctxext_step156k_qk157
156813,1.2642134428024292,,,,moe_67b_a2b_d2560_ep1_rep1_ctx4_bs256_seq262144_ctxext_step156k_qk157
156814,1.2516225576400757,,,,moe_67b_a2b_d2560_ep1_rep1_ctx4_bs256_seq262144_ctxext_step156k_qk157
156815,1.233309268951416,,,,moe_67b_a2b_d2560_ep1_rep1_ctx4_bs256_seq262144_ctxext_step156k_qk157
156816,1.2911630868911743,,,,moe_67b_a2b_d2560_ep1_rep1_ctx4_bs256_seq262144_ctxext_step156k_qk157
156817,1.2738200426101685,,,,moe_67b_a2b_d2560_ep1_rep1_ctx4_bs256_seq262144_ctxext_step156k_qk157
156818,1.2743655443191528,,,,moe_67b_a2b_d2560_ep1_rep1_ctx4_bs256_seq262144_ctxext_step156k_qk157
156819,1.2633836269378662,,,,moe_67b_a2b_d2560_ep1_rep1_ctx4_bs256_seq262144_ctxext_step156k_qk157
156820,1.2607388496398926,,,,moe_67b_a2b_d2560_ep1_rep1_ctx4_bs256_seq262144_ctxext_step156k_qk157
156821,1.3035190105438232,,,,moe_67b_a2b_d2560_ep1_rep1_ctx4_bs256_seq262144_ctxext_step156k_qk157
156822,1.29358971118927,,,,moe_67b_a2b_d2560_ep1_rep1_ctx4_bs256_seq262144_ctxext_step156k_qk157
156823,1.2777847051620483,,,,moe_67b_a2b_d2560_ep1_rep1_ctx4_bs256_seq262144_ctxext_step156k_qk157
156824,1.2912689447402954,,,,moe_67b_a2b_d2560_ep1_rep1_ctx4_bs256_seq262144_ctxext_step156k_qk157
156825,1.2431719303131104,,,,moe_67b_a2b_d2560_ep1_rep1_ctx4_bs256_seq262144_ctxext_step156k_qk157
156826,1.1753255128860474,,,,moe_67b_a2b_d2560_ep1_rep1_ctx4_bs256_seq262144_ctxext_step156k_qk157
156827,1.2120306491851807,,,,moe_67b_a2b_d2560_ep1_rep1_ctx4_bs256_seq262144_ctxext_step156k_qk157
156828,1.265640377998352,,,,moe_67b_a2b_d2560_ep1_rep1_ctx4_bs256_seq262144_ctxext_step156k_qk157
156829,1.290147066116333,,,,moe_67b_a2b_d2560_ep1_rep1_ctx4_bs256_seq262144_ctxext_step156k_qk157
156830,1.258864164352417,,,,moe_67b_a2b_d2560_ep1_rep1_ctx4_bs256_seq262144_ctxext_step156k_qk157
156831,1.3016093969345093,,,,moe_67b_a2b_d2560_ep1_rep1_ctx4_bs256_seq262144_ctxext_step156k_qk157
156832,1.1578763723373413,,,,moe_67b_a2b_d2560_ep1_rep1_ctx4_bs256_seq262144_ctxext_step156k_qk157
156833,1.2377053499221802,,,,moe_67b_a2b_d2560_ep1_rep1_ctx4_bs256_seq262144_ctxext_step156k_qk157
156834,1.1856766939163208,,,,moe_67b_a2b_d2560_ep1_rep1_ctx4_bs256_seq262144_ctxext_step156k_qk157
156835,1.2864000797271729,,,,moe_67b_a2b_d2560_ep1_rep1_ctx4_bs256_seq262144_ctxext_step156k_qk157
156836,1.237270474433899,,,,moe_67b_a2b_d2560_ep1_rep1_ctx4_bs256_seq262144_ctxext_step156k_qk157
156837,1.2269786596298218,,,,moe_67b_a2b_d2560_ep1_rep1_ctx4_bs256_seq262144_ctxext_step156k_qk157
156838,1.2412617206573486,,,,moe_67b_a2b_d2560_ep1_rep1_ctx4_bs256_seq262144_ctxext_step156k_qk157
156839,1.2390105724334717,,,,moe_67b_a2b_d2560_ep1_rep1_ctx4_bs256_seq262144_ctxext_step156k_qk157
156840,1.2900867462158203,,,,moe_67b_a2b_d2560_ep1_rep1_ctx4_bs256_seq262144_ctxext_step156k_qk157
156841,1.2146366834640503,,,,moe_67b_a2b_d2560_ep1_rep1_ctx4_bs256_seq262144_ctxext_step156k_qk157
156842,1.2822471857070923,,,,moe_67b_a2b_d2560_ep1_rep1_ctx4_bs256_seq262144_ctxext_step156k_qk157
156843,1.2497106790542603,,,,moe_67b_a2b_d2560_ep1_rep1_ctx4_bs256_seq262144_ctxext_step156k_qk157
156844,1.2120412588119507,,,,moe_67b_a2b_d2560_ep1_rep1_ctx4_bs256_seq262144_ctxext_step156k_qk157
156845,1.2401560544967651,,,,moe_67b_a2b_d2560_ep1_rep1_ctx4_bs256_seq262144_ctxext_step156k_qk157
156846,1.241448163986206,,,,moe_67b_a2b_d2560_ep1_rep1_ctx4_bs256_seq262144_ctxext_step156k_qk157
156847,1.2349460124969482,,,,moe_67b_a2b_d2560_ep1_rep1_ctx4_bs256_seq262144_ctxext_step156k_qk157
156848,1.308788776397705,,,,moe_67b_a2b_d2560_ep1_rep1_ctx4_bs256_seq262144_ctxext_step156k_qk157
156849,1.2368042469024658,,,,moe_67b_a2b_d2560_ep1_rep1_ctx4_bs256_seq262144_ctxext_step156k_qk157
156850,1.3002132177352905,,,,moe_67b_a2b_d2560_ep1_rep1_ctx4_bs256_seq262144_ctxext_step156k_qk157
156851,1.2984294891357422,,,,moe_67b_a2b_d2560_ep1_rep1_ctx4_bs256_seq262144_ctxext_step156k_qk157
156852,1.2566027641296387,,,,moe_67b_a2b_d2560_ep1_rep1_ctx4_bs256_seq262144_ctxext_step156k_qk157
156853,1.222365140914917,,,,moe_67b_a2b_d2560_ep1_rep1_ctx4_bs256_seq262144_ctxext_step156k_qk157
156854,1.3033658266067505,,,,moe_67b_a2b_d2560_ep1_rep1_ctx4_bs256_seq262144_ctxext_step156k_qk157
156855,1.276733636856079,,,,moe_67b_a2b_d2560_ep1_rep1_ctx4_bs256_seq262144_ctxext_step156k_qk157
156856,1.3704718351364136,,,,moe_67b_a2b_d2560_ep1_rep1_ctx4_bs256_seq262144_ctxext_step156k_qk157
156857,1.361443042755127,,,,moe_67b_a2b_d2560_ep1_rep1_ctx4_bs256_seq262144_ctxext_step156k_qk157
156858,1.2732781171798706,,,,moe_67b_a2b_d2560_ep1_rep1_ctx4_bs256_seq262144_ctxext_step156k_qk157
156859,1.3660352230072021,,,,moe_67b_a2b_d2560_ep1_rep1_ctx4_bs256_seq262144_ctxext_step156k_qk157
156860,1.3472741842269897,,,,moe_67b_a2b_d2560_ep1_rep1_ctx4_bs256_seq262144_ctxext_step156k_qk157
156861,1.2378274202346802,,,,moe_67b_a2b_d2560_ep1_rep1_ctx4_bs256_seq262144_ctxext_step156k_qk157
156862,1.2383686304092407,,,,moe_67b_a2b_d2560_ep1_rep1_ctx4_bs256_seq262144_ctxext_step156k_qk157
156863,1.2411760091781616,,,,moe_67b_a2b_d2560_ep1_rep1_ctx4_bs256_seq262144_ctxext_step156k_qk157
156864,1.2559332847595215,,,,moe_67b_a2b_d2560_ep1_rep1_ctx4_bs256_seq262144_ctxext_step156k_qk157
156865,1.2556796073913574,,,,moe_67b_a2b_d2560_ep1_rep1_ctx4_bs256_seq262144_ctxext_step156k_qk157
156866,1.274401068687439,,,,moe_67b_a2b_d2560_ep1_rep1_ctx4_bs256_seq262144_ctxext_step156k_qk157
156867,1.3210240602493286,,,,moe_67b_a2b_d2560_ep1_rep1_ctx4_bs256_seq262144_ctxext_step156k_qk157
156868,1.2346240282058716,,,,moe_67b_a2b_d2560_ep1_rep1_ctx4_bs256_seq262144_ctxext_step156k_qk157
156869,1.2416423559188843,,,,moe_67b_a2b_d2560_ep1_rep1_ctx4_bs256_seq262144_ctxext_step156k_qk157
156870,1.264528751373291,,,,moe_67b_a2b_d2560_ep1_rep1_ctx4_bs256_seq262144_ctxext_step156k_qk157
156871,1.2165480852127075,,,,moe_67b_a2b_d2560_ep1_rep1_ctx4_bs256_seq262144_ctxext_step156k_qk157
156872,1.3201611042022705,,,,moe_67b_a2b_d2560_ep1_rep1_ctx4_bs256_seq262144_ctxext_step156k_qk157
156873,1.2352333068847656,,,,moe_67b_a2b_d2560_ep1_rep1_ctx4_bs256_seq262144_ctxext_step156k_qk157
156874,1.222701907157898,,,,moe_67b_a2b_d2560_ep1_rep1_ctx4_bs256_seq262144_ctxext_step156k_qk157
156875,1.3146029710769653,,,,moe_67b_a2b_d2560_ep1_rep1_ctx4_bs256_seq262144_ctxext_step156k_qk157
156876,1.2750507593154907,,,,moe_67b_a2b_d2560_ep1_rep1_ctx4_bs256_seq262144_ctxext_step156k_qk157
156877,1.2092489004135132,,,,moe_67b_a2b_d2560_ep1_rep1_ctx4_bs256_seq262144_ctxext_step156k_qk157
156878,1.247905969619751,,,,moe_67b_a2b_d2560_ep1_rep1_ctx4_bs256_seq262144_ctxext_step156k_qk157
156879,1.2673377990722656,,,,moe_67b_a2b_d2560_ep1_rep1_ctx4_bs256_seq262144_ctxext_step156k_qk157
156880,1.3134468793869019,,,,moe_67b_a2b_d2560_ep1_rep1_ctx4_bs256_seq262144_ctxext_step156k_qk157
156881,1.300248384475708,,,,moe_67b_a2b_d2560_ep1_rep1_ctx4_bs256_seq262144_ctxext_step156k_qk157
156882,1.2471387386322021,,,,moe_67b_a2b_d2560_ep1_rep1_ctx4_bs256_seq262144_ctxext_step156k_qk157
156883,1.2557464838027954,,,,moe_67b_a2b_d2560_ep1_rep1_ctx4_bs256_seq262144_ctxext_step156k_qk157
156884,1.2456026077270508,,,,moe_67b_a2b_d2560_ep1_rep1_ctx4_bs256_seq262144_ctxext_step156k_qk157
156885,1.3517982959747314,,,,moe_67b_a2b_d2560_ep1_rep1_ctx4_bs256_seq262144_ctxext_step156k_qk157
156886,1.260016918182373,,,,moe_67b_a2b_d2560_ep1_rep1_ctx4_bs256_seq262144_ctxext_step156k_qk157
156887,1.2786991596221924,,,,moe_67b_a2b_d2560_ep1_rep1_ctx4_bs256_seq262144_ctxext_step156k_qk157
156888,1.3445359468460083,,,,moe_67b_a2b_d2560_ep1_rep1_ctx4_bs256_seq262144_ctxext_step156k_qk157
156889,1.1992958784103394,,,,moe_67b_a2b_d2560_ep1_rep1_ctx4_bs256_seq262144_ctxext_step156k_qk157
156890,1.2049462795257568,,,,moe_67b_a2b_d2560_ep1_rep1_ctx4_bs256_seq262144_ctxext_step156k_qk157
156891,1.18818199634552,,,,moe_67b_a2b_d2560_ep1_rep1_ctx4_bs256_seq262144_ctxext_step156k_qk157
156892,1.2285311222076416,,,,moe_67b_a2b_d2560_ep1_rep1_ctx4_bs256_seq262144_ctxext_step156k_qk157
156893,1.2928866147994995,,,,moe_67b_a2b_d2560_ep1_rep1_ctx4_bs256_seq262144_ctxext_step156k_qk157
156894,1.208053708076477,,,,moe_67b_a2b_d2560_ep1_rep1_ctx4_bs256_seq262144_ctxext_step156k_qk157
156895,1.2531377077102661,,,,moe_67b_a2b_d2560_ep1_rep1_ctx4_bs256_seq262144_ctxext_step156k_qk157
156896,1.26052725315094,,,,moe_67b_a2b_d2560_ep1_rep1_ctx4_bs256_seq262144_ctxext_step156k_qk157
156897,1.1709781885147095,,,,moe_67b_a2b_d2560_ep1_rep1_ctx4_bs256_seq262144_ctxext_step156k_qk157
156898,1.2066819667816162,,,,moe_67b_a2b_d2560_ep1_rep1_ctx4_bs256_seq262144_ctxext_step156k_qk157
156899,1.279094934463501,,,,moe_67b_a2b_d2560_ep1_rep1_ctx4_bs256_seq262144_ctxext_step156k_qk157
156900,1.327528953552246,,,,moe_67b_a2b_d2560_ep1_rep1_ctx4_bs256_seq262144_ctxext_step156k_qk157
156901,1.226397156715393,,,,moe_67b_a2b_d2560_ep1_rep1_ctx4_bs256_seq262144_ctxext_step156k_qk157
156902,1.1926928758621216,,,,moe_67b_a2b_d2560_ep1_rep1_ctx4_bs256_seq262144_ctxext_step156k_qk157
156903,1.2405939102172852,,,,moe_67b_a2b_d2560_ep1_rep1_ctx4_bs256_seq262144_ctxext_step156k_qk157
156904,1.2590104341506958,,,,moe_67b_a2b_d2560_ep1_rep1_ctx4_bs256_seq262144_ctxext_step156k_qk157
156905,1.2724409103393555,,,,moe_67b_a2b_d2560_ep1_rep1_ctx4_bs256_seq262144_ctxext_step156k_qk157
156906,1.3136042356491089,,,,moe_67b_a2b_d2560_ep1_rep1_ctx4_bs256_seq262144_ctxext_step156k_qk157
156907,1.1599024534225464,,,,moe_67b_a2b_d2560_ep1_rep1_ctx4_bs256_seq262144_ctxext_step156k_qk157
156908,1.2918051481246948,,,,moe_67b_a2b_d2560_ep1_rep1_ctx4_bs256_seq262144_ctxext_step156k_qk157
156909,1.2906131744384766,,,,moe_67b_a2b_d2560_ep1_rep1_ctx4_bs256_seq262144_ctxext_step156k_qk157
156910,1.34394109249115,,,,moe_67b_a2b_d2560_ep1_rep1_ctx4_bs256_seq262144_ctxext_step156k_qk157
156911,1.2555769681930542,,,,moe_67b_a2b_d2560_ep1_rep1_ctx4_bs256_seq262144_ctxext_step156k_qk157
156912,1.3663041591644287,,,,moe_67b_a2b_d2560_ep1_rep1_ctx4_bs256_seq262144_ctxext_step156k_qk157
156913,1.1940679550170898,,,,moe_67b_a2b_d2560_ep1_rep1_ctx4_bs256_seq262144_ctxext_step156k_qk157
156914,1.246506929397583,,,,moe_67b_a2b_d2560_ep1_rep1_ctx4_bs256_seq262144_ctxext_step156k_qk157
156915,1.292871117591858,,,,moe_67b_a2b_d2560_ep1_rep1_ctx4_bs256_seq262144_ctxext_step156k_qk157
156916,1.2764527797698975,,,,moe_67b_a2b_d2560_ep1_rep1_ctx4_bs256_seq262144_ctxext_step156k_qk157
156917,1.1675262451171875,,,,moe_67b_a2b_d2560_ep1_rep1_ctx4_bs256_seq262144_ctxext_step156k_qk157
156918,1.2492244243621826,,,,moe_67b_a2b_d2560_ep1_rep1_ctx4_bs256_seq262144_ctxext_step156k_qk157
156919,1.2059088945388794,,,,moe_67b_a2b_d2560_ep1_rep1_ctx4_bs256_seq262144_ctxext_step156k_qk157
156920,1.3075652122497559,,,,moe_67b_a2b_d2560_ep1_rep1_ctx4_bs256_seq262144_ctxext_step156k_qk157
156921,1.2654967308044434,,,,moe_67b_a2b_d2560_ep1_rep1_ctx4_bs256_seq262144_ctxext_step156k_qk157
156922,1.2694014310836792,,,,moe_67b_a2b_d2560_ep1_rep1_ctx4_bs256_seq262144_ctxext_step156k_qk157
156923,1.334468126296997,,,,moe_67b_a2b_d2560_ep1_rep1_ctx4_bs256_seq262144_ctxext_step156k_qk157
156924,1.2446109056472778,,,,moe_67b_a2b_d2560_ep1_rep1_ctx4_bs256_seq262144_ctxext_step156k_qk157
156925,1.2483781576156616,,,,moe_67b_a2b_d2560_ep1_rep1_ctx4_bs256_seq262144_ctxext_step156k_qk157
156926,1.2869528532028198,,,,moe_67b_a2b_d2560_ep1_rep1_ctx4_bs256_seq262144_ctxext_step156k_qk157
156927,1.226169228553772,,,,moe_67b_a2b_d2560_ep1_rep1_ctx4_bs256_seq262144_ctxext_step156k_qk157
156928,1.219862461090088,,,,moe_67b_a2b_d2560_ep1_rep1_ctx4_bs256_seq262144_ctxext_step156k_qk157
156929,1.2984291315078735,,,,moe_67b_a2b_d2560_ep1_rep1_ctx4_bs256_seq262144_ctxext_step156k_qk157
156930,1.2329587936401367,,,,moe_67b_a2b_d2560_ep1_rep1_ctx4_bs256_seq262144_ctxext_step156k_qk157
156931,1.2057942152023315,,,,moe_67b_a2b_d2560_ep1_rep1_ctx4_bs256_seq262144_ctxext_step156k_qk157
156932,1.2099000215530396,,,,moe_67b_a2b_d2560_ep1_rep1_ctx4_bs256_seq262144_ctxext_step156k_qk157
156933,1.255010724067688,,,,moe_67b_a2b_d2560_ep1_rep1_ctx4_bs256_seq262144_ctxext_step156k_qk157
156934,1.2958478927612305,,,,moe_67b_a2b_d2560_ep1_rep1_ctx4_bs256_seq262144_ctxext_step156k_qk157
156935,1.2959970235824585,,,,moe_67b_a2b_d2560_ep1_rep1_ctx4_bs256_seq262144_ctxext_step156k_qk157
156936,1.2652961015701294,,,,moe_67b_a2b_d2560_ep1_rep1_ctx4_bs256_seq262144_ctxext_step156k_qk157
156937,1.2712855339050293,,,,moe_67b_a2b_d2560_ep1_rep1_ctx4_bs256_seq262144_ctxext_step156k_qk157
156938,1.2365235090255737,,,,moe_67b_a2b_d2560_ep1_rep1_ctx4_bs256_seq262144_ctxext_step156k_qk157
156939,1.3115746974945068,,,,moe_67b_a2b_d2560_ep1_rep1_ctx4_bs256_seq262144_ctxext_step156k_qk157
156940,1.2367379665374756,,,,moe_67b_a2b_d2560_ep1_rep1_ctx4_bs256_seq262144_ctxext_step156k_qk157
156941,1.3112940788269043,,,,moe_67b_a2b_d2560_ep1_rep1_ctx4_bs256_seq262144_ctxext_step156k_qk157
156942,1.289913296699524,,,,moe_67b_a2b_d2560_ep1_rep1_ctx4_bs256_seq262144_ctxext_step156k_qk157
156943,1.33955979347229,,,,moe_67b_a2b_d2560_ep1_rep1_ctx4_bs256_seq262144_ctxext_step156k_qk157
156944,1.3893635272979736,,,,moe_67b_a2b_d2560_ep1_rep1_ctx4_bs256_seq262144_ctxext_step156k_qk157
156945,1.2820451259613037,,,,moe_67b_a2b_d2560_ep1_rep1_ctx4_bs256_seq262144_ctxext_step156k_qk157
156946,1.3055806159973145,,,,moe_67b_a2b_d2560_ep1_rep1_ctx4_bs256_seq262144_ctxext_step156k_qk157
156947,1.2722738981246948,,,,moe_67b_a2b_d2560_ep1_rep1_ctx4_bs256_seq262144_ctxext_step156k_qk157
156948,1.300986409187317,,,,moe_67b_a2b_d2560_ep1_rep1_ctx4_bs256_seq262144_ctxext_step156k_qk157
156949,1.3316221237182617,,,,moe_67b_a2b_d2560_ep1_rep1_ctx4_bs256_seq262144_ctxext_step156k_qk157
156950,1.2517688274383545,,,,moe_67b_a2b_d2560_ep1_rep1_ctx4_bs256_seq262144_ctxext_step156k_qk157
156951,1.292245626449585,,,,moe_67b_a2b_d2560_ep1_rep1_ctx4_bs256_seq262144_ctxext_step156k_qk157
156952,1.2998079061508179,,,,moe_67b_a2b_d2560_ep1_rep1_ctx4_bs256_seq262144_ctxext_step156k_qk157
156953,1.2773034572601318,,,,moe_67b_a2b_d2560_ep1_rep1_ctx4_bs256_seq262144_ctxext_step156k_qk157
156954,1.2648862600326538,,,,moe_67b_a2b_d2560_ep1_rep1_ctx4_bs256_seq262144_ctxext_step156k_qk157
156955,1.3570687770843506,,,,moe_67b_a2b_d2560_ep1_rep1_ctx4_bs256_seq262144_ctxext_step156k_qk157
156956,1.2728216648101807,,,,moe_67b_a2b_d2560_ep1_rep1_ctx4_bs256_seq262144_ctxext_step156k_qk157
156957,1.2062081098556519,,,,moe_67b_a2b_d2560_ep1_rep1_ctx4_bs256_seq262144_ctxext_step156k_qk157
156958,1.2533091306686401,,,,moe_67b_a2b_d2560_ep1_rep1_ctx4_bs256_seq262144_ctxext_step156k_qk157
156959,1.207240104675293,,,,moe_67b_a2b_d2560_ep1_rep1_ctx4_bs256_seq262144_ctxext_step156k_qk157
156960,1.2625442743301392,,,,moe_67b_a2b_d2560_ep1_rep1_ctx4_bs256_seq262144_ctxext_step156k_qk157
156961,1.2179595232009888,,,,moe_67b_a2b_d2560_ep1_rep1_ctx4_bs256_seq262144_ctxext_step156k_qk157
156962,1.2533490657806396,,,,moe_67b_a2b_d2560_ep1_rep1_ctx4_bs256_seq262144_ctxext_step156k_qk157
156963,1.255587100982666,,,,moe_67b_a2b_d2560_ep1_rep1_ctx4_bs256_seq262144_ctxext_step156k_qk157
156964,1.304632544517517,,,,moe_67b_a2b_d2560_ep1_rep1_ctx4_bs256_seq262144_ctxext_step156k_qk157
156965,1.2070684432983398,,,,moe_67b_a2b_d2560_ep1_rep1_ctx4_bs256_seq262144_ctxext_step156k_qk157
156966,1.2104254961013794,,,,moe_67b_a2b_d2560_ep1_rep1_ctx4_bs256_seq262144_ctxext_step156k_qk157
156967,1.3749682903289795,,,,moe_67b_a2b_d2560_ep1_rep1_ctx4_bs256_seq262144_ctxext_step156k_qk157
156968,1.2624486684799194,,,,moe_67b_a2b_d2560_ep1_rep1_ctx4_bs256_seq262144_ctxext_step156k_qk157
156969,1.2375273704528809,,,,moe_67b_a2b_d2560_ep1_rep1_ctx4_bs256_seq262144_ctxext_step156k_qk157
156970,1.2784682512283325,,,,moe_67b_a2b_d2560_ep1_rep1_ctx4_bs256_seq262144_ctxext_step156k_qk157
156971,1.2839269638061523,,,,moe_67b_a2b_d2560_ep1_rep1_ctx4_bs256_seq262144_ctxext_step156k_qk157
156972,1.3139557838439941,,,,moe_67b_a2b_d2560_ep1_rep1_ctx4_bs256_seq262144_ctxext_step156k_qk157
156973,1.2102044820785522,,,,moe_67b_a2b_d2560_ep1_rep1_ctx4_bs256_seq262144_ctxext_step156k_qk157
156974,1.296795129776001,,,,moe_67b_a2b_d2560_ep1_rep1_ctx4_bs256_seq262144_ctxext_step156k_qk157
156975,1.266438603401184,,,,moe_67b_a2b_d2560_ep1_rep1_ctx4_bs256_seq262144_ctxext_step156k_qk157
156976,1.240675926208496,,,,moe_67b_a2b_d2560_ep1_rep1_ctx4_bs256_seq262144_ctxext_step156k_qk157
156977,1.2150810956954956,,,,moe_67b_a2b_d2560_ep1_rep1_ctx4_bs256_seq262144_ctxext_step156k_qk157
156978,1.254727840423584,,,,moe_67b_a2b_d2560_ep1_rep1_ctx4_bs256_seq262144_ctxext_step156k_qk157
156979,1.2308447360992432,,,,moe_67b_a2b_d2560_ep1_rep1_ctx4_bs256_seq262144_ctxext_step156k_qk157
156980,1.2613487243652344,,,,moe_67b_a2b_d2560_ep1_rep1_ctx4_bs256_seq262144_ctxext_step156k_qk157
156981,1.2405805587768555,,,,moe_67b_a2b_d2560_ep1_rep1_ctx4_bs256_seq262144_ctxext_step156k_qk157
156982,1.231940507888794,,,,moe_67b_a2b_d2560_ep1_rep1_ctx4_bs256_seq262144_ctxext_step156k_qk157
156983,1.3202687501907349,,,,moe_67b_a2b_d2560_ep1_rep1_ctx4_bs256_seq262144_ctxext_step156k_qk157
156984,1.3596810102462769,,,,moe_67b_a2b_d2560_ep1_rep1_ctx4_bs256_seq262144_ctxext_step156k_qk157
156985,1.2817965745925903,,,,moe_67b_a2b_d2560_ep1_rep1_ctx4_bs256_seq262144_ctxext_step156k_qk157
156986,1.3242830038070679,,,,moe_67b_a2b_d2560_ep1_rep1_ctx4_bs256_seq262144_ctxext_step156k_qk157
156987,1.2652095556259155,,,,moe_67b_a2b_d2560_ep1_rep1_ctx4_bs256_seq262144_ctxext_step156k_qk157
156988,1.2936819791793823,,,,moe_67b_a2b_d2560_ep1_rep1_ctx4_bs256_seq262144_ctxext_step156k_qk157
156989,1.2257527112960815,,,,moe_67b_a2b_d2560_ep1_rep1_ctx4_bs256_seq262144_ctxext_step156k_qk157
156990,1.2703649997711182,,,,moe_67b_a2b_d2560_ep1_rep1_ctx4_bs256_seq262144_ctxext_step156k_qk157
156991,1.2859150171279907,,,,moe_67b_a2b_d2560_ep1_rep1_ctx4_bs256_seq262144_ctxext_step156k_qk157
156992,1.2637561559677124,,,,moe_67b_a2b_d2560_ep1_rep1_ctx4_bs256_seq262144_ctxext_step156k_qk157
156993,1.229516863822937,,,,moe_67b_a2b_d2560_ep1_rep1_ctx4_bs256_seq262144_ctxext_step156k_qk157
156994,1.2960689067840576,,,,moe_67b_a2b_d2560_ep1_rep1_ctx4_bs256_seq262144_ctxext_step156k_qk157
156995,1.344797968864441,,,,moe_67b_a2b_d2560_ep1_rep1_ctx4_bs256_seq262144_ctxext_step156k_qk157
156996,1.2788370847702026,,,,moe_67b_a2b_d2560_ep1_rep1_ctx4_bs256_seq262144_ctxext_step156k_qk157
156997,1.3430818319320679,,,,moe_67b_a2b_d2560_ep1_rep1_ctx4_bs256_seq262144_ctxext_step156k_qk157
156998,1.218836784362793,,,,moe_67b_a2b_d2560_ep1_rep1_ctx4_bs256_seq262144_ctxext_step156k_qk157
156999,1.1596156358718872,2.2675607204437256,1.8692972660064697,1.854432225227356,moe_67b_a2b_d2560_ep1_rep1_ctx4_bs256_seq262144_ctxext_step156k_qk157
