_step,train/CE loss,eval/lm/c4_en-validation/CE loss,eval/lm/pile-validation/CE loss,eval/lm/dolma_common-crawl-validation/CE loss,_segment
2,12.210563659667969,,,,96gyxtlp
55,8.539155960083008,,,,96gyxtlp
117,7.296548366546631,,,,96gyxtlp
196,6.573429584503174,,,,96gyxtlp
278,5.960862636566162,,,,96gyxtlp
332,5.736419677734375,,,,96gyxtlp
445,5.239199638366699,,,,96gyxtlp
542,4.984671115875244,,,,96gyxtlp
638,4.633126258850098,,,,96gyxtlp
708,4.36955451965332,,,,96gyxtlp
783,4.21919059753418,,,,96gyxtlp
868,3.9634146690368652,,,,96gyxtlp
925,3.8438920974731445,,,,96gyxtlp
998,3.724405527114868,,,,96gyxtlp
1068,3.64494252204895,,,,96gyxtlp
1155,3.5347089767456055,,,,96gyxtlp
1264,3.4877586364746094,,,,96gyxtlp
1382,3.3423826694488525,,,,96gyxtlp
1458,3.3125600814819336,,,,96gyxtlp
1543,3.3491973876953125,,,,96gyxtlp
1607,3.1758546829223633,,,,96gyxtlp
1685,3.1337642669677734,,,,96gyxtlp
1738,3.1837377548217773,,,,96gyxtlp
1844,3.0489866733551025,,,,96gyxtlp
1922,3.0694406032562256,,,,96gyxtlp
2004,2.9608190059661865,,,,96gyxtlp
2073,3.0110106468200684,,,,96gyxtlp
2141,2.9574098587036133,,,,96gyxtlp
2210,2.9387080669403076,,,,96gyxtlp
2327,2.923804998397827,,,,96gyxtlp
2405,2.865412950515747,,,,96gyxtlp
2460,2.8407247066497803,,,,96gyxtlp
2508,2.851641893386841,,,,96gyxtlp
2596,2.789410352706909,,,,96gyxtlp
2662,2.8221025466918945,,,,96gyxtlp
2756,2.7742490768432617,,,,96gyxtlp
2807,2.7914533615112305,,,,96gyxtlp
2853,2.778724431991577,,,,96gyxtlp
2968,2.7611193656921387,,,,96gyxtlp
3065,2.715515613555908,,,,96gyxtlp
3154,2.6594746112823486,,,,96gyxtlp
3221,2.6887409687042236,,,,96gyxtlp
3299,2.710129976272583,,,,96gyxtlp
3373,2.6667380332946777,,,,96gyxtlp
3445,2.6309804916381836,,,,96gyxtlp
3562,2.634408950805664,,,,96gyxtlp
3649,2.566237688064575,,,,96gyxtlp
3718,2.6291561126708984,,,,96gyxtlp
3828,2.6575927734375,,,,96gyxtlp
3904,2.5864171981811523,,,,96gyxtlp
3964,2.5854313373565674,,,,96gyxtlp
4065,2.6020214557647705,,,,96gyxtlp
4156,2.581787586212158,,,,96gyxtlp
4228,2.601001262664795,,,,96gyxtlp
4334,2.5607335567474365,,,,96gyxtlp
4397,2.5366828441619873,,,,96gyxtlp
4510,2.535994529724121,,,,96gyxtlp
4559,2.5230228900909424,,,,96gyxtlp
4609,2.5607194900512695,,,,96gyxtlp
4710,2.5463552474975586,,,,96gyxtlp
4771,2.467400312423706,,,,96gyxtlp
4852,2.4867305755615234,,,,96gyxtlp
4910,2.513634443283081,,,,96gyxtlp
5011,2.5023252964019775,,,,96gyxtlp
5127,2.476163387298584,,,,96gyxtlp
5230,2.439347743988037,,,,96gyxtlp
5308,2.4931201934814453,,,,96gyxtlp
5407,2.5085301399230957,,,,96gyxtlp
5484,2.505485773086548,,,,96gyxtlp
5556,2.4882678985595703,,,,96gyxtlp
5613,2.4664523601531982,,,,96gyxtlp
5688,2.495680809020996,,,,96gyxtlp
5756,2.446904420852661,,,,96gyxtlp
5843,2.434077501296997,,,,96gyxtlp
5937,2.4818243980407715,,,,96gyxtlp
6004,2.4924428462982178,,,,96gyxtlp
6079,2.4273300170898438,,,,96gyxtlp
6146,2.4097836017608643,,,,96gyxtlp
6208,2.440324068069458,,,,96gyxtlp
6296,2.41572904586792,,,,96gyxtlp
6399,2.432277202606201,,,,96gyxtlp
6484,2.4005327224731445,,,,96gyxtlp
6571,2.4229588508605957,,,,96gyxtlp
6661,2.4031734466552734,,,,96gyxtlp
6742,2.4238109588623047,,,,96gyxtlp
6807,2.4505085945129395,,,,96gyxtlp
6877,2.399578332901001,,,,96gyxtlp
6968,2.37457537651062,,,,96gyxtlp
7035,2.3881990909576416,,,,96gyxtlp
7124,2.3715083599090576,,,,96gyxtlp
7194,2.3946011066436768,,,,96gyxtlp
7261,2.3687729835510254,,,,96gyxtlp
7354,2.375168800354004,,,,96gyxtlp
7446,2.385563611984253,,,,96gyxtlp
7499,2.3652448654174805,,,,96gyxtlp
7568,2.389991283416748,,,,96gyxtlp
7611,2.3325388431549072,,,,96gyxtlp
7676,2.3578622341156006,,,,96gyxtlp
7754,2.41050124168396,,,,96gyxtlp
7864,2.3962323665618896,,,,96gyxtlp
7936,2.366690158843994,,,,96gyxtlp
8004,2.3549489974975586,,,,96gyxtlp
8149,2.390129327774048,,,,96gyxtlp
8240,2.3800086975097656,,,,96gyxtlp
8344,2.3649964332580566,,,,96gyxtlp
8407,2.363171100616455,,,,96gyxtlp
8466,2.4012887477874756,,,,96gyxtlp
8521,2.343484878540039,,,,96gyxtlp
8579,2.3359248638153076,,,,96gyxtlp
8685,2.3717246055603027,,,,96gyxtlp
8750,2.3593740463256836,,,,96gyxtlp
8796,2.326058864593506,,,,96gyxtlp
8853,2.330059051513672,,,,96gyxtlp
8905,2.3737199306488037,,,,96gyxtlp
8971,2.3158717155456543,,,,96gyxtlp
9045,2.3626174926757812,,,,96gyxtlp
9120,2.366771697998047,,,,96gyxtlp
9172,2.3192780017852783,,,,96gyxtlp
9274,2.343691110610962,,,,96gyxtlp
9341,2.3852574825286865,,,,96gyxtlp
9440,2.3197567462921143,,,,96gyxtlp
9509,2.363142251968384,,,,96gyxtlp
9586,2.3374176025390625,,,,96gyxtlp
9650,2.3509442806243896,,,,96gyxtlp
9714,2.3560283184051514,,,,96gyxtlp
9778,2.3207948207855225,,,,asnd285v
9804,2.3082168102264404,,,,asnd285v
9846,2.357684850692749,,,,asnd285v
9932,2.35260009765625,,,,asnd285v
10000,,2.938889503479004,2.2100977897644043,3.0737197399139404,asnd285v
10045,2.2933425903320312,,,,asnd285v
10121,2.348165512084961,,,,asnd285v
10235,2.280299663543701,,,,asnd285v
10313,2.372563362121582,,,,asnd285v
10393,2.30483078956604,,,,asnd285v
10451,2.290992021560669,,,,asnd285v
10525,2.36505126953125,,,,asnd285v
10605,2.326275587081909,,,,asnd285v
10672,2.340806484222412,,,,asnd285v
10732,2.2940354347229004,,,,asnd285v
10792,2.32572340965271,,,,asnd285v
10882,2.2750964164733887,,,,asnd285v
10952,2.3324637413024902,,,,asnd285v
11030,2.371511459350586,,,,asnd285v
11132,2.3134334087371826,,,,asnd285v
11206,2.2996134757995605,,,,asnd285v
11283,2.3119499683380127,,,,asnd285v
11338,2.3439629077911377,,,,asnd285v
11419,2.3023462295532227,,,,asnd285v
11460,2.2746684551239014,,,,asnd285v
11546,2.2981228828430176,,,,asnd285v
11652,2.324019193649292,,,,asnd285v
11695,2.30881404876709,,,,asnd285v
11766,2.288637399673462,,,,asnd285v
11830,2.3191475868225098,,,,asnd285v
11891,2.3326079845428467,,,,asnd285v
11956,2.2667508125305176,,,,asnd285v
12073,2.294933319091797,,,,asnd285v
12140,2.329177141189575,,,,asnd285v
12208,2.2415573596954346,,,,asnd285v
12251,2.30228328704834,,,,asnd285v
12317,2.3026039600372314,,,,asnd285v
12385,2.2651753425598145,,,,asnd285v
12473,2.295917510986328,,,,asnd285v
12530,2.2993218898773193,,,,asnd285v
12589,2.254051446914673,,,,asnd285v
12635,2.261479139328003,,,,asnd285v
12735,2.315385103225708,,,,asnd285v
12832,2.265740394592285,,,,asnd285v
12925,2.262946844100952,,,,asnd285v
12985,2.308586597442627,,,,asnd285v
13071,2.318890333175659,,,,asnd285v
13142,2.251687526702881,,,,asnd285v
13211,2.2591755390167236,,,,asnd285v
13313,2.3329708576202393,,,,asnd285v
13399,2.277031183242798,,,,asnd285v
13468,2.2788383960723877,,,,asnd285v
13566,2.2885794639587402,,,,asnd285v
13647,2.271099328994751,,,,asnd285v
13701,2.2603256702423096,,,,asnd285v
13775,2.2897472381591797,,,,asnd285v
13853,2.2966933250427246,,,,asnd285v
13932,2.2481837272644043,,,,asnd285v
14019,2.2850852012634277,,,,asnd285v
14138,2.224194288253784,,,,asnd285v
14223,2.2666735649108887,,,,asnd285v
14286,2.248030662536621,,,,asnd285v
14336,2.2818949222564697,,,,asnd285v
14415,2.319669246673584,,,,asnd285v
14487,2.2825310230255127,,,,asnd285v
14566,2.2553932666778564,,,,asnd285v
14617,2.3112852573394775,,,,asnd285v
14677,2.2535316944122314,,,,asnd285v
14761,2.223710775375366,,,,asnd285v
14848,2.218823194503784,,,,asnd285v
14957,2.3041975498199463,,,,asnd285v
15030,2.2838292121887207,,,,asnd285v
15115,2.24599027633667,,,,asnd285v
15201,2.2349345684051514,,,,asnd285v
15279,2.220998525619507,,,,asnd285v
15330,2.224325656890869,,,,asnd285v
15395,2.211956024169922,,,,asnd285v
15455,2.298931121826172,,,,asnd285v
15509,2.263671398162842,,,,asnd285v
15579,2.257272243499756,,,,asnd285v
15656,2.2592267990112305,,,,asnd285v
15729,2.2452354431152344,,,,asnd285v
15782,2.2684566974639893,,,,asnd285v
15866,2.212078332901001,,,,asnd285v
15935,2.265896797180176,,,,asnd285v
16008,2.222933292388916,,,,asnd285v
16116,2.2678563594818115,,,,asnd285v
16199,2.2474312782287598,,,,asnd285v
16243,2.2537026405334473,,,,asnd285v
16321,2.233358144760132,,,,asnd285v
16409,2.265260696411133,,,,asnd285v
16487,2.2317020893096924,,,,asnd285v
16536,2.2499260902404785,,,,asnd285v
16573,2.2763514518737793,,,,asnd285v
16672,2.259132146835327,,,,asnd285v
16755,2.2450554370880127,,,,asnd285v
16819,2.2439095973968506,,,,asnd285v
16909,2.233856439590454,,,,asnd285v
16960,2.226149082183838,,,,asnd285v
17030,2.2073380947113037,,,,asnd285v
17121,2.250519275665283,,,,asnd285v
17196,2.2456576824188232,,,,asnd285v
17249,2.2050657272338867,,,,asnd285v
17316,2.2373416423797607,,,,asnd285v
17355,2.230194091796875,,,,asnd285v
17423,2.209191083908081,,,,asnd285v
17488,2.2148146629333496,,,,asnd285v
17583,2.2308952808380127,,,,asnd285v
17672,2.2583372592926025,,,,asnd285v
17703,2.199526071548462,,,,asnd285v
17786,2.2339131832122803,,,,asnd285v
17899,2.236057996749878,,,,asnd285v
17990,2.2063703536987305,,,,asnd285v
18076,2.2363476753234863,,,,asnd285v
18139,2.199347734451294,,,,asnd285v
18203,2.1864054203033447,,,,asnd285v
18267,2.246478796005249,,,,asnd285v
18327,2.2031068801879883,,,,asnd285v
18424,2.2111542224884033,,,,asnd285v
18475,2.224390745162964,,,,asnd285v
18539,2.2151472568511963,,,,asnd285v
18580,2.1989452838897705,,,,asnd285v
18639,2.2070698738098145,,,,asnd285v
18695,2.1817073822021484,,,,asnd285v
18751,2.177629232406616,,,,nlct5z7g
18767,2.2230217456817627,,,,nlct5z7g
18784,2.2309718132019043,,,,nlct5z7g
18795,2.178375482559204,,,,nlct5z7g
18806,2.1713271141052246,,,,nlct5z7g
18818,2.273271322250366,,,,asnd285v
18838,2.2006828784942627,,,,nlct5z7g
18854,2.197852849960327,,,,nlct5z7g
18874,2.256310224533081,,,,nlct5z7g
18891,2.2428202629089355,,,,nlct5z7g
18908,2.212959051132202,,,,nlct5z7g
18923,2.248394250869751,,,,nlct5z7g
18939,2.2041738033294678,,,,nlct5z7g
18954,2.211942672729492,,,,nlct5z7g
18971,2.221064805984497,,,,nlct5z7g
18987,2.2184340953826904,,,,nlct5z7g
19002,2.1930668354034424,,,,nlct5z7g
19020,2.1813602447509766,,,,nlct5z7g
19036,2.227334976196289,,,,nlct5z7g
19055,2.173806667327881,,,,nlct5z7g
19073,2.2054736614227295,,,,nlct5z7g
19091,2.245816469192505,,,,nlct5z7g
19109,2.238299608230591,,,,nlct5z7g
19125,2.2264304161071777,,,,nlct5z7g
19146,2.2238082885742188,,,,nlct5z7g
19161,2.2425389289855957,,,,nlct5z7g
19179,2.24739933013916,,,,nlct5z7g
19202,2.1886394023895264,,,,nlct5z7g
19214,2.254650831222534,,,,nlct5z7g
19232,2.2157135009765625,,,,nlct5z7g
19248,2.2286109924316406,,,,nlct5z7g
19265,2.188507080078125,,,,nlct5z7g
19283,2.1967790126800537,,,,nlct5z7g
19299,2.186306953430176,,,,nlct5z7g
19321,2.2350330352783203,,,,nlct5z7g
19339,2.2071216106414795,,,,nlct5z7g
19357,2.230935573577881,,,,nlct5z7g
19371,2.2543680667877197,,,,nlct5z7g
19389,2.2287514209747314,,,,nlct5z7g
19406,2.2561073303222656,,,,nlct5z7g
19425,2.1800122261047363,,,,nlct5z7g
19445,2.233001232147217,,,,nlct5z7g
19460,2.1925690174102783,,,,nlct5z7g
19476,2.20839262008667,,,,nlct5z7g
19489,2.238947868347168,,,,nlct5z7g
19502,2.254326105117798,,,,nlct5z7g
19519,2.1956982612609863,,,,nlct5z7g
19535,2.217742919921875,,,,nlct5z7g
19555,2.2151010036468506,,,,nlct5z7g
19571,2.223644256591797,,,,nlct5z7g
19584,2.1778974533081055,,,,nlct5z7g
19600,2.209009885787964,,,,nlct5z7g
19614,2.211408853530884,,,,nlct5z7g
19630,2.2226402759552,,,,nlct5z7g
19649,2.1860532760620117,,,,nlct5z7g
19662,2.225726842880249,,,,nlct5z7g
19676,2.226494789123535,,,,nlct5z7g
19692,2.2472054958343506,,,,nlct5z7g
19707,2.149639129638672,,,,nlct5z7g
19722,2.19166898727417,,,,nlct5z7g
19741,2.2577297687530518,,,,nlct5z7g
19755,2.227518320083618,,,,nlct5z7g
19776,2.203465461730957,,,,nlct5z7g
19791,2.210299491882324,,,,nlct5z7g
19804,2.2261393070220947,,,,nlct5z7g
19823,2.169039249420166,,,,nlct5z7g
19837,2.202681303024292,,,,nlct5z7g
19852,2.1793532371520996,,,,nlct5z7g
19870,2.185533285140991,,,,nlct5z7g
19888,2.2023651599884033,,,,nlct5z7g
19904,2.181377410888672,,,,nlct5z7g
19919,2.210327386856079,,,,nlct5z7g
19933,2.217689037322998,,,,nlct5z7g
19949,2.198972225189209,,,,nlct5z7g
19968,2.1857903003692627,,,,nlct5z7g
19986,2.2068371772766113,,,,nlct5z7g
20000,,2.804011106491089,2.0912117958068848,2.943464756011963,nlct5z7g
20004,2.2281763553619385,,,,nlct5z7g
20023,2.2182908058166504,,,,nlct5z7g
20042,2.2264111042022705,,,,nlct5z7g
20060,2.2208855152130127,,,,nlct5z7g
20074,2.181485891342163,,,,nlct5z7g
20093,2.1990790367126465,,,,nlct5z7g
20113,2.185051918029785,,,,nlct5z7g
20130,2.221283435821533,,,,nlct5z7g
20150,2.1943087577819824,,,,nlct5z7g
20164,2.149122953414917,,,,nlct5z7g
20182,2.2282824516296387,,,,nlct5z7g
20196,2.2330594062805176,,,,nlct5z7g
20211,2.2209479808807373,,,,nlct5z7g
20232,2.208477735519409,,,,nlct5z7g
20254,2.2424511909484863,,,,nlct5z7g
20277,2.193061113357544,,,,nlct5z7g
20294,2.220500946044922,,,,nlct5z7g
20310,2.2517621517181396,,,,nlct5z7g
20329,2.1798577308654785,,,,nlct5z7g
20344,2.172032356262207,,,,nlct5z7g
20358,2.2255752086639404,,,,nlct5z7g
20373,2.244826078414917,,,,nlct5z7g
20389,2.219306468963623,,,,nlct5z7g
20411,2.1628880500793457,,,,nlct5z7g
20428,2.199565887451172,,,,nlct5z7g
20444,2.220737934112549,,,,nlct5z7g
20460,2.195970296859741,,,,nlct5z7g
20477,2.2392194271087646,,,,nlct5z7g
20494,2.205958843231201,,,,nlct5z7g
20508,2.16397762298584,,,,nlct5z7g
20525,2.1980652809143066,,,,nlct5z7g
20544,2.224375009536743,,,,nlct5z7g
20564,2.2505743503570557,,,,nlct5z7g
20581,2.176365852355957,,,,nlct5z7g
20597,2.185394763946533,,,,nlct5z7g
20616,2.2204854488372803,,,,nlct5z7g
20634,2.1843888759613037,,,,nlct5z7g
20652,2.2214879989624023,,,,nlct5z7g
20668,2.2100727558135986,,,,nlct5z7g
20685,2.1906509399414062,,,,nlct5z7g
20701,2.2257373332977295,,,,nlct5z7g
20718,2.165626049041748,,,,nlct5z7g
20739,2.2258195877075195,,,,nlct5z7g
20751,2.1966030597686768,,,,fliybyds
20756,2.221877336502075,,,,c5xvwl0l
20761,2.2058308124542236,,,,c5xvwl0l
20765,2.252256393432617,,,,c5xvwl0l
20770,2.2223267555236816,,,,c5xvwl0l
20774,2.183368444442749,,,,c5xvwl0l
20779,2.2057597637176514,,,,c5xvwl0l
20783,2.1610820293426514,,,,fliybyds
20787,2.2472522258758545,,,,fliybyds
20792,2.2233669757843018,,,,fliybyds
20796,2.2416369915008545,,,,fliybyds
20803,2.174031972885132,,,,fliybyds
20809,2.2086381912231445,,,,nlct5z7g
20816,2.1894586086273193,,,,fliybyds
20823,2.2172067165374756,,,,fliybyds
20830,2.185988426208496,,,,nlct5z7g
20838,2.2369320392608643,,,,nlct5z7g
20845,2.2300660610198975,,,,nlct5z7g
20852,2.1516270637512207,,,,fliybyds
20859,2.1820449829101562,,,,nlct5z7g
20867,2.2222418785095215,,,,fliybyds
20873,2.172757863998413,,,,fliybyds
20880,2.22086501121521,,,,fliybyds
20892,2.199765920639038,,,,fliybyds
20904,2.2041587829589844,,,,fliybyds
20916,2.1803014278411865,,,,fliybyds
20928,2.225419759750366,,,,fliybyds
20940,2.195209264755249,,,,fliybyds
20952,2.2074317932128906,,,,fliybyds
20964,2.170285940170288,,,,fliybyds
20976,2.2043967247009277,,,,fliybyds
20988,2.2268588542938232,,,,fliybyds
21000,2.2190847396850586,,,,fliybyds
21004,2.204329013824463,,,,fliybyds
21008,2.213724136352539,,,,fliybyds
21012,2.2448298931121826,,,,fliybyds
21016,2.194730758666992,,,,fliybyds
21020,2.2288384437561035,,,,fliybyds
21024,2.196291446685791,,,,fliybyds
21028,2.1792633533477783,,,,fliybyds
21032,2.1920456886291504,,,,fliybyds
21036,2.225090980529785,,,,fliybyds
21040,2.1902318000793457,,,,fliybyds
21044,2.2217018604278564,,,,fliybyds
21048,2.170285224914551,,,,fliybyds
21052,2.242064952850342,,,,fliybyds
21056,2.228895902633667,,,,fliybyds
21060,2.202796220779419,,,,fliybyds
21064,2.1992926597595215,,,,fliybyds
21068,2.159479856491089,,,,fliybyds
21072,2.2451868057250977,,,,fliybyds
21076,2.1698429584503174,,,,fliybyds
21080,2.2493128776550293,,,,fliybyds
21084,2.211587905883789,,,,fliybyds
21088,2.1561455726623535,,,,fliybyds
21092,2.193105697631836,,,,fliybyds
21096,2.2142081260681152,,,,fliybyds
21100,2.215769052505493,,,,fliybyds
21104,2.2063708305358887,,,,fliybyds
21108,2.2135632038116455,,,,fliybyds
21114,2.1924901008605957,,,,0imjbu8e
21120,2.205997943878174,,,,0imjbu8e
21126,2.230512857437134,,,,0imjbu8e
21132,2.203418493270874,,,,0imjbu8e
21138,2.184372663497925,,,,0imjbu8e
21144,2.2382330894470215,,,,0imjbu8e
21150,2.229689836502075,,,,0imjbu8e
21156,2.2227542400360107,,,,0imjbu8e
21162,2.1960532665252686,,,,0imjbu8e
21168,2.2084670066833496,,,,0imjbu8e
21174,2.2444770336151123,,,,0imjbu8e
21180,2.2269604206085205,,,,0imjbu8e
21186,2.195587635040283,,,,0imjbu8e
21192,2.229146718978882,,,,0imjbu8e
21198,2.187849283218384,,,,0imjbu8e
21208,2.202904462814331,,,,0imjbu8e
21220,2.2186686992645264,,,,0imjbu8e
21232,2.183258533477783,,,,0imjbu8e
21244,2.2009823322296143,,,,0imjbu8e
21254,2.2088568210601807,,,,0imjbu8e
21261,2.1695590019226074,,,,0imjbu8e
21267,2.2288901805877686,,,,0imjbu8e
21274,2.217819929122925,,,,0imjbu8e
21281,2.148195743560791,,,,ywpa23qk
21288,2.1989173889160156,,,,0imjbu8e
21295,2.2571089267730713,,,,0imjbu8e
21301,2.1792080402374268,,,,ywpa23qk
21308,2.208620548248291,,,,ywpa23qk
21314,2.212756872177124,,,,ywpa23qk
21320,2.2076916694641113,,,,ywpa23qk
21328,2.2219858169555664,,,,0imjbu8e
21335,2.1968119144439697,,,,0imjbu8e
21341,2.18514084815979,,,,0imjbu8e
21347,2.192241668701172,,,,0imjbu8e
21354,2.2214531898498535,,,,0imjbu8e
21361,2.1998658180236816,,,,0imjbu8e
21368,2.1999239921569824,,,,ywpa23qk
21374,2.142462968826294,,,,ywpa23qk
21381,2.1814725399017334,,,,ywpa23qk
21388,2.1695306301116943,,,,0imjbu8e
21394,2.193171501159668,,,,0imjbu8e
21400,2.1659657955169678,,,,0imjbu8e
21407,2.192261219024658,,,,0imjbu8e
21413,2.182239532470703,,,,ywpa23qk
21421,2.1892971992492676,,,,0imjbu8e
21427,2.1937544345855713,,,,ywpa23qk
21434,2.2106852531433105,,,,0imjbu8e
21440,2.1506307125091553,,,,0imjbu8e
21446,2.186500310897827,,,,ywpa23qk
21456,2.2123260498046875,,,,ywpa23qk
21470,2.200672149658203,,,,ywpa23qk
21483,2.211794376373291,,,,ywpa23qk
21495,2.234389543533325,,,,ywpa23qk
21508,2.180817127227783,,,,ywpa23qk
21521,2.2319374084472656,,,,ywpa23qk
21534,2.162000894546509,,,,ywpa23qk
21548,2.181361675262451,,,,ywpa23qk
21564,2.224086046218872,,,,ywpa23qk
21577,2.213616371154785,,,,ywpa23qk
21595,2.1469385623931885,,,,ywpa23qk
21609,2.1820924282073975,,,,ywpa23qk
21622,2.1609506607055664,,,,ywpa23qk
21636,2.1867992877960205,,,,ywpa23qk
21651,2.212294340133667,,,,ywpa23qk
21665,2.2234766483306885,,,,ywpa23qk
21679,2.2287402153015137,,,,ywpa23qk
21698,2.173590660095215,,,,ywpa23qk
21711,2.1744649410247803,,,,ywpa23qk
21726,2.190079927444458,,,,ywpa23qk
21740,2.2199912071228027,,,,ywpa23qk
21753,2.1929068565368652,,,,ywpa23qk
21769,2.183976650238037,,,,ywpa23qk
21783,2.2099223136901855,,,,ywpa23qk
21797,2.194385051727295,,,,ywpa23qk
21812,2.2047877311706543,,,,ywpa23qk
21827,2.1801211833953857,,,,ywpa23qk
21842,2.2015066146850586,,,,ywpa23qk
21857,2.1361820697784424,,,,ywpa23qk
21870,2.224306106567383,,,,ywpa23qk
21886,2.20094633102417,,,,ywpa23qk
21901,2.215230703353882,,,,ywpa23qk
21913,2.188723087310791,,,,ywpa23qk
21927,2.2270102500915527,,,,ywpa23qk
21944,2.2107431888580322,,,,ywpa23qk
21957,2.1521100997924805,,,,ywpa23qk
21971,2.208021402359009,,,,ywpa23qk
21984,2.18709397315979,,,,ywpa23qk
21996,2.2117154598236084,,,,ywpa23qk
22010,2.178539752960205,,,,ywpa23qk
22022,2.204914093017578,,,,ywpa23qk
22034,2.1775784492492676,,,,ywpa23qk
22048,2.2215263843536377,,,,ywpa23qk
22064,2.182912826538086,,,,ywpa23qk
22076,2.210951805114746,,,,ywpa23qk
22089,2.1779470443725586,,,,ywpa23qk
22103,2.1639585494995117,,,,ywpa23qk
22117,2.1697423458099365,,,,ywpa23qk
22132,2.1821281909942627,,,,ywpa23qk
22145,2.198847532272339,,,,ywpa23qk
22159,2.181180000305176,,,,ywpa23qk
22172,2.1965503692626953,,,,ywpa23qk
22184,2.224897861480713,,,,ywpa23qk
22198,2.2157511711120605,,,,ywpa23qk
22211,2.213981866836548,,,,ywpa23qk
22223,2.212507486343384,,,,ywpa23qk
22237,2.161132335662842,,,,ywpa23qk
22250,2.204277515411377,,,,ywpa23qk
22262,2.1555769443511963,,,,ywpa23qk
22274,2.194237470626831,,,,ywpa23qk
22288,2.19392466545105,,,,ywpa23qk
22300,2.2086360454559326,,,,ywpa23qk
22315,2.1531333923339844,,,,ywpa23qk
22327,2.200275421142578,,,,ywpa23qk
22339,2.2163565158843994,,,,ywpa23qk
22352,2.17508602142334,,,,ywpa23qk
22366,2.225314140319824,,,,ywpa23qk
22381,2.2092700004577637,,,,ywpa23qk
22394,2.2183570861816406,,,,ywpa23qk
22408,2.188633680343628,,,,ywpa23qk
22423,2.188866138458252,,,,ywpa23qk
22435,2.1857187747955322,,,,ywpa23qk
22449,2.193138837814331,,,,ywpa23qk
22461,2.197540760040283,,,,ywpa23qk
22473,2.2341346740722656,,,,ywpa23qk
22487,2.169034242630005,,,,ywpa23qk
22502,2.16545033454895,,,,ywpa23qk
22515,2.2149014472961426,,,,ywpa23qk
22530,2.171703338623047,,,,ywpa23qk
22543,2.216702938079834,,,,ywpa23qk
22557,2.211355686187744,,,,ywpa23qk
22571,2.2017688751220703,,,,ywpa23qk
22585,2.221050262451172,,,,ywpa23qk
22601,2.182377338409424,,,,ywpa23qk
22615,2.240436315536499,,,,ywpa23qk
22630,2.214756965637207,,,,ywpa23qk
22643,2.1849286556243896,,,,ywpa23qk
22657,2.206455945968628,,,,ywpa23qk
22670,2.2040834426879883,,,,ywpa23qk
22683,2.1785035133361816,,,,ywpa23qk
22697,2.159208297729492,,,,ywpa23qk
22709,2.194700002670288,,,,ywpa23qk
22724,2.146160840988159,,,,ywpa23qk
22741,2.1953201293945312,,,,ywpa23qk
22754,2.171813488006592,,,,ywpa23qk
22764,2.2419815063476562,,,,ywpa23qk
22776,2.1818511486053467,,,,ywpa23qk
22785,2.191995859146118,,,,ywpa23qk
22797,2.1697874069213867,,,,ywpa23qk
22805,2.1581380367279053,,,,ywpa23qk
22815,2.1875452995300293,,,,6o3nmuhs
22826,2.225111484527588,,,,ywpa23qk
22836,2.169229507446289,,,,6o3nmuhs
22845,2.169482707977295,,,,ywpa23qk
22857,2.1398496627807617,,,,ywpa23qk
22867,2.154822826385498,,,,6o3nmuhs
22878,2.202745199203491,,,,ywpa23qk
22888,2.172842502593994,,,,ywpa23qk
22901,2.1725237369537354,,,,6o3nmuhs
22910,2.1783878803253174,,,,ywpa23qk
22920,2.164391279220581,,,,ywpa23qk
22933,2.202160358428955,,,,ywpa23qk
22944,2.2285983562469482,,,,ywpa23qk
22952,2.1956710815429688,,,,6o3nmuhs
22961,2.1813220977783203,,,,ywpa23qk
22973,2.2005350589752197,,,,ywpa23qk
22984,2.1826047897338867,,,,6o3nmuhs
23013,2.182880163192749,,,,6o3nmuhs
23045,2.143617630004883,,,,6o3nmuhs
23091,2.161048650741577,,,,6o3nmuhs
23174,2.183581590652466,,,,6o3nmuhs
23235,2.177079916000366,,,,6o3nmuhs
23269,2.207427740097046,,,,6o3nmuhs
23318,2.186779737472534,,,,6o3nmuhs
23373,2.2223198413848877,,,,6o3nmuhs
23408,2.1909265518188477,,,,6o3nmuhs
23463,2.1896119117736816,,,,6o3nmuhs
23503,2.195262908935547,,,,6o3nmuhs
23548,2.1851346492767334,,,,6o3nmuhs
23597,2.188647747039795,,,,6o3nmuhs
23654,2.152743339538574,,,,6o3nmuhs
23682,2.1984851360321045,,,,6o3nmuhs
23718,2.2090325355529785,,,,6o3nmuhs
23753,2.203522205352783,,,,6o3nmuhs
23799,2.188077688217163,,,,6o3nmuhs
23838,2.166050672531128,,,,6o3nmuhs
23898,2.190460681915283,,,,6o3nmuhs
23931,2.1918210983276367,,,,6o3nmuhs
23966,2.190136432647705,,,,6o3nmuhs
24042,2.1852848529815674,,,,6o3nmuhs
24112,2.175879716873169,,,,6o3nmuhs
24155,2.188108205795288,,,,6o3nmuhs
24201,2.1721012592315674,,,,6o3nmuhs
24250,2.19332218170166,,,,6o3nmuhs
24299,2.1742091178894043,,,,6o3nmuhs
24328,2.1641578674316406,,,,6o3nmuhs
24372,2.1689369678497314,,,,6o3nmuhs
24431,2.201904535293579,,,,6o3nmuhs
24471,2.1700754165649414,,,,6o3nmuhs
24536,2.201646327972412,,,,6o3nmuhs
24581,2.1695494651794434,,,,6o3nmuhs
24640,2.1767897605895996,,,,6o3nmuhs
24672,2.1850125789642334,,,,6o3nmuhs
24725,2.1595139503479004,,,,6o3nmuhs
24766,2.149894952774048,,,,6o3nmuhs
24811,2.185163736343384,,,,6o3nmuhs
24866,2.1532888412475586,,,,6o3nmuhs
24905,2.187112808227539,,,,6o3nmuhs
24949,2.2166941165924072,,,,6o3nmuhs
24975,2.1641557216644287,,,,6o3nmuhs
25028,2.184878349304199,,,,6o3nmuhs
25084,2.190192699432373,,,,6o3nmuhs
25140,2.1627755165100098,,,,6o3nmuhs
25184,2.195098638534546,,,,6o3nmuhs
25222,2.222367763519287,,,,6o3nmuhs
25251,2.1824800968170166,,,,6o3nmuhs
25281,2.1202356815338135,,,,6o3nmuhs
25332,2.1621453762054443,,,,6o3nmuhs
25366,2.19433856010437,,,,6o3nmuhs
25422,2.193342685699463,,,,6o3nmuhs
25464,2.183839797973633,,,,6o3nmuhs
25506,2.2097294330596924,,,,6o3nmuhs
25543,2.2002270221710205,,,,6o3nmuhs
25588,2.170386791229248,,,,6o3nmuhs
25624,2.184932231903076,,,,6o3nmuhs
25664,2.1677157878875732,,,,6o3nmuhs
25702,2.175811290740967,,,,6o3nmuhs
25763,2.1753714084625244,,,,6o3nmuhs
25815,2.1699929237365723,,,,6o3nmuhs
25854,2.152528762817383,,,,6o3nmuhs
25896,2.1622023582458496,,,,6o3nmuhs
25932,2.091001033782959,,,,6o3nmuhs
25971,2.149487257003784,,,,6o3nmuhs
26007,2.138927459716797,,,,6o3nmuhs
26048,2.160259962081909,,,,6o3nmuhs
26091,2.1788246631622314,,,,6o3nmuhs
26142,2.176453113555908,,,,6o3nmuhs
26187,2.165536403656006,,,,6o3nmuhs
26235,2.187748908996582,,,,6o3nmuhs
26291,2.203615427017212,,,,6o3nmuhs
26326,2.128302812576294,,,,6o3nmuhs
26388,2.1741809844970703,,,,6o3nmuhs
26437,2.1900196075439453,,,,6o3nmuhs
26483,2.1960294246673584,,,,6o3nmuhs
26542,2.184335470199585,,,,6o3nmuhs
26584,2.1738383769989014,,,,6o3nmuhs
26647,2.19751238822937,,,,6o3nmuhs
26687,2.1964824199676514,,,,6o3nmuhs
26717,2.1550133228302,,,,6o3nmuhs
26773,2.1764135360717773,,,,6o3nmuhs
26822,2.1913633346557617,,,,6o3nmuhs
26879,2.127858877182007,,,,6o3nmuhs
26919,2.18222713470459,,,,6o3nmuhs
26980,2.1701955795288086,,,,6o3nmuhs
27022,2.1731207370758057,,,,6o3nmuhs
27086,2.1624183654785156,,,,6o3nmuhs
27140,2.1560821533203125,,,,6o3nmuhs
27194,2.140188217163086,,,,6o3nmuhs
27234,2.187507152557373,,,,6o3nmuhs
27274,2.1607778072357178,,,,6o3nmuhs
27301,2.1698036193847656,,,,6o3nmuhs
27336,2.149282693862915,,,,6o3nmuhs
27360,2.173302412033081,,,,6o3nmuhs
27415,2.1945626735687256,,,,6o3nmuhs
27460,2.1878271102905273,,,,6o3nmuhs
27502,2.137277126312256,,,,6o3nmuhs
27557,2.159898281097412,,,,6o3nmuhs
27599,2.169492483139038,,,,6o3nmuhs
27635,2.181392192840576,,,,6o3nmuhs
27684,2.149289131164551,,,,6o3nmuhs
27725,2.1860392093658447,,,,6o3nmuhs
27780,2.168045997619629,,,,6o3nmuhs
27832,2.2075541019439697,,,,6o3nmuhs
27884,2.1478278636932373,,,,6o3nmuhs
27964,2.1497514247894287,,,,6o3nmuhs
27998,2.1780436038970947,,,,6o3nmuhs
28042,2.15269136428833,,,,6o3nmuhs
28107,2.1746625900268555,,,,6o3nmuhs
28159,2.20039439201355,,,,6o3nmuhs
28205,2.1840980052948,,,,6o3nmuhs
28252,2.1785385608673096,,,,dthg9s84
28262,2.1429061889648438,,,,dthg9s84
28271,2.155027151107788,,,,dthg9s84
28280,2.131114959716797,,,,6o3nmuhs
28289,2.1382367610931396,,,,dthg9s84
28298,2.182255983352661,,,,dthg9s84
28307,2.2026615142822266,,,,dthg9s84
28316,2.1484599113464355,,,,dthg9s84
28324,2.166663408279419,,,,dthg9s84
28334,2.1061508655548096,,,,dthg9s84
28342,2.1385021209716797,,,,6o3nmuhs
28352,2.1935839653015137,,,,dthg9s84
28361,2.159240961074829,,,,6o3nmuhs
28369,2.1896841526031494,,,,dthg9s84
28378,2.167813539505005,,,,dthg9s84
28389,2.1675844192504883,,,,dthg9s84
28398,2.1615278720855713,,,,dthg9s84
28408,2.1511690616607666,,,,dthg9s84
28417,2.1595284938812256,,,,dthg9s84
28426,2.1502838134765625,,,,dthg9s84
28435,2.2042551040649414,,,,dthg9s84
28443,2.1672651767730713,,,,dthg9s84
28452,2.158012628555298,,,,dthg9s84
28460,2.173037052154541,,,,dthg9s84
28470,2.2180159091949463,,,,6o3nmuhs
28480,2.170844554901123,,,,dthg9s84
28489,2.189298152923584,,,,dthg9s84
28501,2.1207549571990967,,,,dthg9s84
28513,2.153789520263672,,,,dthg9s84
28525,2.110969066619873,,,,dthg9s84
28537,2.1741960048675537,,,,dthg9s84
28549,2.1348650455474854,,,,dthg9s84
28561,2.15014910697937,,,,dthg9s84
28573,2.1525373458862305,,,,dthg9s84
28585,2.1221213340759277,,,,dthg9s84
28597,2.185901641845703,,,,dthg9s84
28609,2.2000250816345215,,,,dthg9s84
28621,2.1754958629608154,,,,dthg9s84
28633,2.190570831298828,,,,dthg9s84
28645,2.1699373722076416,,,,dthg9s84
28657,2.150045156478882,,,,dthg9s84
28669,2.1430227756500244,,,,dthg9s84
28681,2.1884267330169678,,,,dthg9s84
28693,2.20060658454895,,,,dthg9s84
28705,2.127763032913208,,,,dthg9s84
28717,2.149137020111084,,,,dthg9s84
28729,2.161379337310791,,,,dthg9s84
28741,2.1439456939697266,,,,dthg9s84
28753,2.135154962539673,,,,dthg9s84
28765,2.1665103435516357,,,,dthg9s84
28777,2.167668581008911,,,,dthg9s84
28789,2.1410582065582275,,,,dthg9s84
28801,2.1287660598754883,,,,dthg9s84
28813,2.1309597492218018,,,,dthg9s84
28825,2.108316421508789,,,,dthg9s84
28837,2.1707262992858887,,,,dthg9s84
28849,2.171611785888672,,,,dthg9s84
28861,2.170017957687378,,,,dthg9s84
28873,2.135817050933838,,,,dthg9s84
28885,2.188528537750244,,,,dthg9s84
28897,2.1359305381774902,,,,dthg9s84
28909,2.1272523403167725,,,,dthg9s84
28921,2.178840160369873,,,,dthg9s84
28933,2.16947078704834,,,,dthg9s84
28945,2.1646859645843506,,,,dthg9s84
28957,2.152637004852295,,,,dthg9s84
28969,2.1293845176696777,,,,dthg9s84
28981,2.161447763442993,,,,dthg9s84
28993,2.1944937705993652,,,,dthg9s84
29005,2.144019365310669,,,,dthg9s84
29017,2.19095516204834,,,,dthg9s84
29029,2.1341288089752197,,,,dthg9s84
29041,2.1769654750823975,,,,dthg9s84
29053,2.165147066116333,,,,dthg9s84
29065,2.158132314682007,,,,dthg9s84
29077,2.1610524654388428,,,,dthg9s84
29089,2.1590774059295654,,,,dthg9s84
29101,2.1866133213043213,,,,dthg9s84
29113,2.158154010772705,,,,dthg9s84
29125,2.2193796634674072,,,,dthg9s84
29137,2.173130989074707,,,,dthg9s84
29149,2.1397368907928467,,,,dthg9s84
29161,2.1835269927978516,,,,dthg9s84
29173,2.1648340225219727,,,,dthg9s84
29185,2.1224710941314697,,,,dthg9s84
29197,2.147643566131592,,,,dthg9s84
29209,2.1261565685272217,,,,dthg9s84
29221,2.1173431873321533,,,,dthg9s84
29233,2.1529767513275146,,,,dthg9s84
29245,2.1403682231903076,,,,dthg9s84
29257,2.180972099304199,,,,dthg9s84
29269,2.172156810760498,,,,dthg9s84
29281,2.151055097579956,,,,dthg9s84
29293,2.13608455657959,,,,dthg9s84
29305,2.170630693435669,,,,dthg9s84
29317,2.1732141971588135,,,,dthg9s84
29329,2.14019513130188,,,,dthg9s84
29341,2.111436128616333,,,,dthg9s84
29353,2.156583309173584,,,,dthg9s84
29365,2.156202793121338,,,,dthg9s84
29377,2.1580753326416016,,,,dthg9s84
29389,2.1779301166534424,,,,dthg9s84
29401,2.20515513420105,,,,dthg9s84
29413,2.1533782482147217,,,,dthg9s84
29425,2.1040611267089844,,,,dthg9s84
29437,2.1716017723083496,,,,dthg9s84
29449,2.1184425354003906,,,,dthg9s84
29461,2.1552889347076416,,,,dthg9s84
29473,2.19720196723938,,,,dthg9s84
29485,2.155050754547119,,,,dthg9s84
29497,2.167964458465576,,,,dthg9s84
29506,2.1998472213745117,,,,dthg9s84
29515,2.1561262607574463,,,,qbc8ef18
29526,2.1625988483428955,,,,dthg9s84
29534,2.122319459915161,,,,qbc8ef18
29545,2.186201810836792,,,,qbc8ef18
29554,2.168300151824951,,,,qbc8ef18
29563,2.1253597736358643,,,,dthg9s84
29571,2.1932148933410645,,,,dthg9s84
29581,2.1677732467651367,,,,dthg9s84
29590,2.140653371810913,,,,dthg9s84
29599,2.098989725112915,,,,dthg9s84
29610,2.1811509132385254,,,,dthg9s84
29620,2.1146786212921143,,,,dthg9s84
29630,2.1843373775482178,,,,qbc8ef18
29640,2.176753282546997,,,,dthg9s84
29651,2.165595531463623,,,,dthg9s84
29660,2.1220993995666504,,,,dthg9s84
29669,2.1670048236846924,,,,dthg9s84
29679,2.1692254543304443,,,,dthg9s84
29688,2.0804708003997803,,,,dthg9s84
29697,2.1617608070373535,,,,qbc8ef18
29705,2.134756565093994,,,,dthg9s84
29717,2.1232707500457764,,,,dthg9s84
29727,2.1501829624176025,,,,dthg9s84
29737,2.171278953552246,,,,dthg9s84
29774,2.1772756576538086,,,,qbc8ef18
29814,2.1518237590789795,,,,qbc8ef18
29853,2.134334087371826,,,,qbc8ef18
29946,2.126176357269287,,,,qbc8ef18
30000,,2.751816511154175,2.039428234100342,2.8877439498901367,qbc8ef18
30013,2.14421010017395,,,,qbc8ef18
30065,2.133089303970337,,,,qbc8ef18
30123,2.1460306644439697,,,,qbc8ef18
30173,2.138244867324829,,,,qbc8ef18
30219,2.1475729942321777,,,,qbc8ef18
30274,2.1551647186279297,,,,qbc8ef18
30337,2.1437344551086426,,,,qbc8ef18
30389,2.128396511077881,,,,qbc8ef18
30431,2.1907706260681152,,,,qbc8ef18
30470,2.123783826828003,,,,qbc8ef18
30512,2.171340227127075,,,,qbc8ef18
30556,2.1656060218811035,,,,qbc8ef18
30601,2.1941702365875244,,,,qbc8ef18
30655,2.1681864261627197,,,,qbc8ef18
30704,2.1702728271484375,,,,qbc8ef18
30773,2.165344715118408,,,,qbc8ef18
30859,2.1869149208068848,,,,qbc8ef18
30905,2.1563539505004883,,,,qbc8ef18
30951,2.127498149871826,,,,qbc8ef18
31005,2.1458656787872314,,,,qbc8ef18
31051,2.1342170238494873,,,,qbc8ef18
31088,2.1844887733459473,,,,qbc8ef18
31137,2.1529970169067383,,,,qbc8ef18
31201,2.1225433349609375,,,,qbc8ef18
31255,2.164900541305542,,,,qbc8ef18
31343,2.1788601875305176,,,,qbc8ef18
31404,2.142911195755005,,,,qbc8ef18
31438,2.1392862796783447,,,,qbc8ef18
31494,2.1262741088867188,,,,qbc8ef18
31523,2.1514952182769775,,,,qbc8ef18
31594,2.1173810958862305,,,,qbc8ef18
31641,2.117090940475464,,,,qbc8ef18
31694,2.1374807357788086,,,,qbc8ef18
31725,2.1374707221984863,,,,qbc8ef18
31813,2.1111624240875244,,,,qbc8ef18
31875,2.152967691421509,,,,qbc8ef18
31918,2.1333141326904297,,,,qbc8ef18
31959,2.1431238651275635,,,,qbc8ef18
31990,2.098738670349121,,,,qbc8ef18
32031,2.1174254417419434,,,,qbc8ef18
32086,2.1635630130767822,,,,qbc8ef18
32133,2.121630907058716,,,,qbc8ef18
32194,2.141615867614746,,,,qbc8ef18
32256,2.1803433895111084,,,,qbc8ef18
32296,2.109368085861206,,,,qbc8ef18
32343,2.1425094604492188,,,,qbc8ef18
32385,2.1317861080169678,,,,qbc8ef18
32423,2.16473388671875,,,,qbc8ef18
32481,2.1669301986694336,,,,qbc8ef18
32558,2.130901575088501,,,,qbc8ef18
32593,2.1517951488494873,,,,qbc8ef18
32640,2.137549638748169,,,,qbc8ef18
32681,2.1285743713378906,,,,qbc8ef18
32723,2.1299517154693604,,,,qbc8ef18
32761,2.131993532180786,,,,qbc8ef18
32820,2.1162269115448,,,,qbc8ef18
32856,2.140949249267578,,,,qbc8ef18
32911,2.1266584396362305,,,,qbc8ef18
32953,2.1427173614501953,,,,qbc8ef18
33021,2.114086151123047,,,,qbc8ef18
33070,2.078453302383423,,,,qbc8ef18
33140,2.134793758392334,,,,qbc8ef18
33199,2.16324520111084,,,,qbc8ef18
33261,2.1687378883361816,,,,qbc8ef18
33317,2.091949939727783,,,,qbc8ef18
33380,2.1470088958740234,,,,qbc8ef18
33415,2.134122133255005,,,,qbc8ef18
33464,2.154031276702881,,,,qbc8ef18
33523,2.148298740386963,,,,qbc8ef18
33581,2.1539928913116455,,,,qbc8ef18
33636,2.1543092727661133,,,,qbc8ef18
33678,2.201289653778076,,,,qbc8ef18
33747,2.1724159717559814,,,,qbc8ef18
33811,2.155137062072754,,,,qbc8ef18
33877,2.1733791828155518,,,,qbc8ef18
33926,2.1226813793182373,,,,qbc8ef18
33978,2.1495072841644287,,,,qbc8ef18
34024,2.1248841285705566,,,,qbc8ef18
34060,2.154855966567993,,,,qbc8ef18
34099,2.166858673095703,,,,qbc8ef18
34151,2.167448043823242,,,,qbc8ef18
34209,2.102017641067505,,,,qbc8ef18
34250,2.1126203536987305,,,,qbc8ef18
34307,2.168581962585449,,,,qbc8ef18
34349,2.14005708694458,,,,qbc8ef18
34386,2.155611991882324,,,,qbc8ef18
34438,2.1017656326293945,,,,qbc8ef18
34499,2.1105878353118896,,,,qbc8ef18
34546,2.1079118251800537,,,,qbc8ef18
34622,2.1469523906707764,,,,qbc8ef18
34707,2.1180663108825684,,,,qbc8ef18
34750,2.0944135189056396,,,,qbc8ef18
34808,2.1095192432403564,,,,qbc8ef18
34865,2.144266366958618,,,,qbc8ef18
34921,2.157938241958618,,,,qbc8ef18
34961,2.109257936477661,,,,qbc8ef18
35029,2.1203856468200684,,,,qbc8ef18
35069,2.117147445678711,,,,qbc8ef18
35109,2.198786973953247,,,,qbc8ef18
35152,2.1162607669830322,,,,qbc8ef18
35197,2.154172420501709,,,,qbc8ef18
35238,2.148020029067993,,,,qbc8ef18
35290,2.160708427429199,,,,qbc8ef18
35334,2.11476469039917,,,,qbc8ef18
35378,2.1224474906921387,,,,qbc8ef18
35426,2.1387386322021484,,,,qbc8ef18
35479,2.1247787475585938,,,,qbc8ef18
35526,2.1105728149414062,,,,qbc8ef18
35583,2.155352830886841,,,,qbc8ef18
35631,2.179069995880127,,,,qbc8ef18
35688,2.137024164199829,,,,qbc8ef18
35720,2.1341238021850586,,,,qbc8ef18
35758,2.1756787300109863,,,,7ldrpya4
35767,2.162414312362671,,,,7ldrpya4
35777,2.1282193660736084,,,,qbc8ef18
35788,2.1171860694885254,,,,7ldrpya4
35798,2.1649577617645264,,,,7ldrpya4
35809,2.145007371902466,,,,7ldrpya4
35820,2.150191068649292,,,,qbc8ef18
35832,2.15559720993042,,,,7ldrpya4
35843,2.130403757095337,,,,7ldrpya4
35854,2.099943161010742,,,,7ldrpya4
35864,2.1098690032958984,,,,7ldrpya4
35872,2.1289515495300293,,,,7ldrpya4
35882,2.166658878326416,,,,7ldrpya4
35892,2.080066680908203,,,,7ldrpya4
35900,2.1215691566467285,,,,7ldrpya4
35909,2.1599173545837402,,,,7ldrpya4
35921,2.1298441886901855,,,,7ldrpya4
35932,2.1439592838287354,,,,7ldrpya4
35942,2.1056807041168213,,,,7ldrpya4
35951,2.1253936290740967,,,,7ldrpya4
35959,2.1501054763793945,,,,7ldrpya4
35967,2.1506216526031494,,,,qbc8ef18
35977,2.113840103149414,,,,7ldrpya4
35986,2.0971994400024414,,,,qbc8ef18
35998,2.133230209350586,,,,7ldrpya4
36010,2.156777858734131,,,,7ldrpya4
36022,2.1382791996002197,,,,7ldrpya4
36034,2.1290671825408936,,,,7ldrpya4
36046,2.1396985054016113,,,,7ldrpya4
36058,2.14603328704834,,,,7ldrpya4
36070,2.1402382850646973,,,,7ldrpya4
36082,2.1607041358947754,,,,7ldrpya4
36094,2.1131246089935303,,,,7ldrpya4
36106,2.1327924728393555,,,,7ldrpya4
36118,2.133171558380127,,,,7ldrpya4
36130,2.1772942543029785,,,,7ldrpya4
36142,2.157866954803467,,,,7ldrpya4
36154,2.1306703090667725,,,,7ldrpya4
36166,2.156033515930176,,,,7ldrpya4
36178,2.161867141723633,,,,7ldrpya4
36190,2.142625331878662,,,,7ldrpya4
36202,2.1178879737854004,,,,7ldrpya4
36214,2.1196086406707764,,,,7ldrpya4
36226,2.1454827785491943,,,,7ldrpya4
36238,2.112748146057129,,,,7ldrpya4
36250,2.1535537242889404,,,,7ldrpya4
36258,2.128777265548706,,,,nu6d1m17
36281,2.1291327476501465,,,,nu6d1m17
36304,2.124523878097534,,,,nu6d1m17
36325,2.1276721954345703,,,,nu6d1m17
36359,2.157118082046509,,,,nu6d1m17
36387,2.1376149654388428,,,,nu6d1m17
36409,2.143921375274658,,,,nu6d1m17
36442,2.1101391315460205,,,,nu6d1m17
36462,2.1459929943084717,,,,nu6d1m17
36495,2.1248011589050293,,,,nu6d1m17
36519,2.136237859725952,,,,nu6d1m17
36541,2.1438326835632324,,,,nu6d1m17
36571,2.1164777278900146,,,,nu6d1m17
36596,2.128831624984741,,,,nu6d1m17
36630,2.1553220748901367,,,,nu6d1m17
36667,2.108473777770996,,,,nu6d1m17
36703,2.1273088455200195,,,,nu6d1m17
36728,2.1196129322052,,,,nu6d1m17
36751,2.125133514404297,,,,nu6d1m17
36769,2.1312429904937744,,,,nu6d1m17
36799,2.101536273956299,,,,nu6d1m17
36836,2.1421773433685303,,,,nu6d1m17
36864,2.1789584159851074,,,,nu6d1m17
36893,2.084285020828247,,,,nu6d1m17
36915,2.108342409133911,,,,nu6d1m17
36949,2.10347056388855,,,,nu6d1m17
36976,2.1566860675811768,,,,nu6d1m17
36995,2.1597774028778076,,,,nu6d1m17
37019,2.144716501235962,,,,nu6d1m17
37054,2.0816476345062256,,,,nu6d1m17
37087,2.1538443565368652,,,,nu6d1m17
37121,2.1074025630950928,,,,nu6d1m17
37154,2.126255989074707,,,,nu6d1m17
37173,2.129268169403076,,,,nu6d1m17
37192,2.148153305053711,,,,nu6d1m17
37216,2.127969980239868,,,,nu6d1m17
37240,2.1462714672088623,,,,nu6d1m17
37279,2.1508381366729736,,,,nu6d1m17
37302,2.1486928462982178,,,,nu6d1m17
37323,2.148606538772583,,,,nu6d1m17
37342,2.1035265922546387,,,,nu6d1m17
37380,2.137511968612671,,,,nu6d1m17
37405,2.13297176361084,,,,nu6d1m17
37426,2.130180597305298,,,,nu6d1m17
37454,2.1200151443481445,,,,nu6d1m17
37479,2.1400294303894043,,,,nu6d1m17
37506,2.095773696899414,,,,nu6d1m17
37538,2.10467791557312,,,,nu6d1m17
37574,2.173381805419922,,,,nu6d1m17
37612,2.184086799621582,,,,nu6d1m17
37632,2.147474527359009,,,,nu6d1m17
37661,2.1434402465820312,,,,nu6d1m17
37690,2.154473066329956,,,,nu6d1m17
37708,2.1171696186065674,,,,nu6d1m17
37739,2.195016622543335,,,,nu6d1m17
37778,2.091926097869873,,,,nu6d1m17
37803,2.131688117980957,,,,nu6d1m17
37828,2.129260301589966,,,,nu6d1m17
37855,2.099135398864746,,,,nu6d1m17
37881,2.115651845932007,,,,nu6d1m17
37915,2.1234219074249268,,,,nu6d1m17
37945,2.0977752208709717,,,,nu6d1m17
37975,2.11403751373291,,,,nu6d1m17
38000,2.0820672512054443,,,,nu6d1m17
38037,2.1035165786743164,,,,nu6d1m17
38060,2.118222236633301,,,,nu6d1m17
38090,2.1177704334259033,,,,nu6d1m17
38108,2.1307826042175293,,,,nu6d1m17
38134,2.085688829421997,,,,nu6d1m17
38164,2.079939365386963,,,,nu6d1m17
38195,2.1319944858551025,,,,nu6d1m17
38233,2.1271066665649414,,,,nu6d1m17
38259,2.177879571914673,,,,nu6d1m17
38275,2.1307036876678467,,,,nu6d1m17
38307,2.1429545879364014,,,,nu6d1m17
38341,2.1427369117736816,,,,nu6d1m17
38368,2.1267428398132324,,,,nu6d1m17
38393,2.1496410369873047,,,,nu6d1m17
38421,2.162128210067749,,,,nu6d1m17
38442,2.0787274837493896,,,,nu6d1m17
38463,2.125354051589966,,,,nu6d1m17
38498,2.1072089672088623,,,,nu6d1m17
38522,2.1053717136383057,,,,nu6d1m17
38568,2.1310291290283203,,,,nu6d1m17
38591,2.1709742546081543,,,,nu6d1m17
38625,2.165715456008911,,,,nu6d1m17
38651,2.141906976699829,,,,nu6d1m17
38683,2.1571552753448486,,,,nu6d1m17
38706,2.124861717224121,,,,nu6d1m17
38724,2.1164767742156982,,,,nu6d1m17
38750,2.0873825550079346,,,,nu6d1m17
38771,2.1447770595550537,,,,nu6d1m17
38806,2.144735336303711,,,,nu6d1m17
38831,2.1316776275634766,,,,nu6d1m17
38862,2.099869728088379,,,,nu6d1m17
38887,2.1426539421081543,,,,nu6d1m17
38918,2.126767873764038,,,,nu6d1m17
38955,2.0724563598632812,,,,nu6d1m17
38994,2.082240581512451,,,,nu6d1m17
39017,2.1407718658447266,,,,nu6d1m17
39043,2.1316030025482178,,,,nu6d1m17
39068,2.1296920776367188,,,,nu6d1m17
39095,2.1275758743286133,,,,nu6d1m17
39118,2.093573570251465,,,,nu6d1m17
39147,2.0945656299591064,,,,nu6d1m17
39177,2.1225905418395996,,,,nu6d1m17
39214,2.1407792568206787,,,,nu6d1m17
39235,2.1134421825408936,,,,nu6d1m17
39271,2.1061813831329346,,,,nu6d1m17
39304,2.130998134613037,,,,nu6d1m17
39332,2.1176090240478516,,,,nu6d1m17
39360,2.1522858142852783,,,,nu6d1m17
39379,2.1547398567199707,,,,nu6d1m17
39412,2.110600709915161,,,,nu6d1m17
39435,2.122013807296753,,,,nu6d1m17
39464,2.1406543254852295,,,,nu6d1m17
39482,2.141596794128418,,,,nu6d1m17
39512,2.1529808044433594,,,,nu6d1m17
39537,2.1324901580810547,,,,nu6d1m17
39571,2.118250846862793,,,,nu6d1m17
39592,2.101839542388916,,,,nu6d1m17
39621,2.079133987426758,,,,nu6d1m17
39649,2.112565517425537,,,,nu6d1m17
39681,2.133073091506958,,,,nu6d1m17
39699,2.11033296585083,,,,nu6d1m17
39735,2.167971611022949,,,,nu6d1m17
40000,,2.718956470489502,2.004991054534912,2.855496883392334,zckrmllo
40556,2.097266674041748,,,,zckrmllo
41633,2.1514580249786377,,,,zckrmllo
42623,2.094963312149048,,,,zckrmllo
43647,2.1396102905273438,,,,zckrmllo
44888,2.0853359699249268,,,,zckrmllo
46315,2.1083691120147705,,,,zckrmllo
47424,2.1230649948120117,,,,zckrmllo
48299,2.10792875289917,,,,zckrmllo
49783,2.054811477661133,,,,zckrmllo
50000,,2.698823928833008,1.9924626350402832,2.8331313133239746,zckrmllo
50681,2.092621326446533,,,,zckrmllo
51303,2.067315101623535,,,,zckrmllo
52522,2.0968291759490967,,,,zckrmllo
53589,2.1453099250793457,,,,zckrmllo
54428,2.0750608444213867,,,,zckrmllo
55651,2.0818989276885986,,,,zckrmllo
56696,2.082322597503662,,,,zckrmllo
58098,2.1282994747161865,,,,zckrmllo
58943,2.103612184524536,,,,zckrmllo
59834,2.0397791862487793,,,,zckrmllo
60000,,2.6816329956054688,1.979765772819519,2.817996025085449,zckrmllo
60633,2.1105873584747314,,,,zckrmllo
62358,2.1050596237182617,,,,zckrmllo
63264,2.069337844848633,,,,zckrmllo
63953,2.0729990005493164,,,,zckrmllo
65184,2.036879539489746,,,,zckrmllo
66358,2.1076369285583496,,,,zckrmllo
66969,2.0633108615875244,,,,zckrmllo
68212,2.0628151893615723,,,,zckrmllo
69627,2.072706460952759,,,,zckrmllo
70000,,2.6718850135803223,1.9586765766143799,2.8051388263702393,zckrmllo
70269,2.046201229095459,,,,zckrmllo
70864,2.061870813369751,,,,zckrmllo
71687,2.047130584716797,,,,zckrmllo
72672,2.0253024101257324,,,,zckrmllo
73975,2.128157377243042,,,,zckrmllo
75365,2.068084955215454,,,,zckrmllo
76820,2.0815112590789795,,,,zckrmllo
78076,2.0576260089874268,,,,zckrmllo
78830,2.062364339828491,,,,zckrmllo
80000,,2.658933401107788,1.9518635272979736,2.7970774173736572,zckrmllo
80023,2.073087692260742,,,,zckrmllo
80966,2.0325958728790283,,,,zckrmllo
82065,2.06831955909729,,,,zckrmllo
82836,1.9971373081207275,,,,zckrmllo
83725,2.0627281665802,,,,zckrmllo
85028,2.0197718143463135,,,,zckrmllo
85870,2.0565762519836426,,,,zckrmllo
86705,2.0719590187072754,,,,zckrmllo
87628,2.081973075866699,,,,zckrmllo
88694,2.0647079944610596,,,,zckrmllo
89410,2.05204176902771,,,,zckrmllo
90000,,2.653637647628784,1.9460604190826416,2.787449359893799,zckrmllo
90227,2.0913383960723877,,,,zckrmllo
91211,2.0446531772613525,,,,zckrmllo
92692,2.063683271408081,,,,zckrmllo
93256,2.0284106731414795,,,,zckrmllo
93849,2.017774820327759,,,,zckrmllo
95080,2.0113296508789062,,,,zckrmllo
96210,2.0111608505249023,,,,zckrmllo
97151,2.0686235427856445,,,,zckrmllo
98456,2.0417075157165527,,,,zckrmllo
99213,2.0311875343322754,,,,zckrmllo
99791,2.0235824584960938,,,,zckrmllo
100000,,2.644089937210083,1.9327266216278076,2.7783873081207275,zckrmllo
100472,2.054762125015259,,,,zckrmllo
101386,2.034486770629883,,,,zckrmllo
101897,2.056013822555542,,,,zckrmllo
102928,2.0544519424438477,,,,zckrmllo
103671,2.031054735183716,,,,zckrmllo
104437,2.000838041305542,,,,zckrmllo
105094,2.058541774749756,,,,zckrmllo
106025,2.0448501110076904,,,,zckrmllo
106857,2.054323196411133,,,,zckrmllo
108212,2.0744943618774414,,,,zckrmllo
109694,2.0366318225860596,,,,zckrmllo
110000,,2.635794162750244,1.934948444366455,2.7769815921783447,zckrmllo
110602,2.020423173904419,,,,zckrmllo
112188,2.02571702003479,,,,zckrmllo
113033,2.021851062774658,,,,zckrmllo
114285,2.0697731971740723,,,,zckrmllo
115409,2.0203664302825928,,,,zckrmllo
116605,2.0337893962860107,,,,zckrmllo
117625,2.0753190517425537,,,,zckrmllo
118448,2.0697171688079834,,,,zckrmllo
120000,,2.6331682205200195,1.930802345275879,2.7698171138763428,zckrmllo
121275,1.9945870637893677,,,,zckrmllo
122903,2.0150041580200195,,,,zckrmllo
123926,2.0267035961151123,,,,zckrmllo
125065,2.0276296138763428,,,,zckrmllo
126390,2.028954267501831,,,,zckrmllo
127134,2.00197434425354,,,,zckrmllo
128410,2.024761915206909,,,,zckrmllo
129648,2.044412136077881,,,,zckrmllo
130000,,2.6249613761901855,1.9236361980438232,2.75961971282959,zckrmllo
130939,2.0788674354553223,,,,zckrmllo
132086,2.053659200668335,,,,zckrmllo
133682,2.0498046875,,,,zckrmllo
134586,2.014497995376587,,,,zckrmllo
135734,1.993309736251831,,,,zckrmllo
136682,2.042963981628418,,,,zckrmllo
137928,2.035531997680664,,,,zckrmllo
139028,1.9838162660598755,,,,zckrmllo
140000,,2.620790958404541,1.9199899435043335,2.756333112716675,zckrmllo
140332,1.988755226135254,,,,zckrmllo
141550,2.025679349899292,,,,zckrmllo
142015,2.036261796951294,,,,zckrmllo
143335,2.0030086040496826,,,,zckrmllo
143765,2.0110247135162354,,,,zckrmllo
145327,2.035438060760498,,,,zckrmllo
146210,2.018947124481201,,,,zckrmllo
147388,1.9858297109603882,,,,zckrmllo
148745,2.007749319076538,,,,zckrmllo
150000,,2.6167922019958496,1.919033169746399,2.750396728515625,zckrmllo
150655,1.9958155155181885,,,,zckrmllo
151440,2.0259358882904053,,,,zckrmllo
152248,2.0616073608398438,,,,zckrmllo
152973,2.0446839332580566,,,,zckrmllo
153933,2.006727933883667,,,,zckrmllo
154646,2.0012552738189697,,,,zckrmllo
155692,1.9700449705123901,,,,zckrmllo
156468,2.01039719581604,,,,zckrmllo
157298,1.9779930114746094,,,,zckrmllo
158147,2.0492255687713623,,,,zckrmllo
159499,1.997576117515564,,,,zckrmllo
160000,,2.6169779300689697,1.9133659601211548,2.7496330738067627,zckrmllo
160184,1.988789439201355,,,,zckrmllo
161314,2.026874303817749,,,,zckrmllo
162034,2.0399715900421143,,,,zckrmllo
163286,1.9915510416030884,,,,zckrmllo
164182,2.01216459274292,,,,zckrmllo
164810,2.0389621257781982,,,,zckrmllo
165565,2.0377283096313477,,,,zckrmllo
166066,1.9698100090026855,,,,zckrmllo
166674,2.0070178508758545,,,,zckrmllo
168105,2.0063183307647705,,,,zckrmllo
169001,1.970833420753479,,,,9x66xu0u
169045,2.033700942993164,,,,9x66xu0u
169078,2.033125877380371,,,,9x66xu0u
169130,2.033339738845825,,,,9x66xu0u
169182,1.9854096174240112,,,,9x66xu0u
169224,2.001626491546631,,,,9x66xu0u
169272,2.003984212875366,,,,9x66xu0u
169308,2.0306589603424072,,,,9x66xu0u
169344,1.9998513460159302,,,,9x66xu0u
169429,1.9811623096466064,,,,9x66xu0u
169504,2.0166854858398438,,,,9x66xu0u
169542,1.9812356233596802,,,,9x66xu0u
169609,1.9756064414978027,,,,9x66xu0u
169651,1.9758459329605103,,,,9x66xu0u
169699,2.0349888801574707,,,,9x66xu0u
169734,2.0294785499572754,,,,9x66xu0u
169783,2.008754014968872,,,,9x66xu0u
169843,2.0454418659210205,,,,9x66xu0u
169905,2.008092164993286,,,,9x66xu0u
169940,2.0216190814971924,,,,9x66xu0u
169972,2.029876232147217,,,,9x66xu0u
170000,,2.6125521659851074,1.9070684909820557,2.745432138442993,9x66xu0u
170008,1.97334885597229,,,,9x66xu0u
170052,2.0109403133392334,,,,9x66xu0u
170094,2.005844831466675,,,,9x66xu0u
170151,2.030578851699829,,,,9x66xu0u
170197,2.021177291870117,,,,9x66xu0u
170252,2.0223166942596436,,,,9x66xu0u
170328,1.9829261302947998,,,,9x66xu0u
170382,1.976583480834961,,,,9x66xu0u
170440,2.0278611183166504,,,,9x66xu0u
170484,2.0097413063049316,,,,9x66xu0u
170533,2.0053513050079346,,,,9x66xu0u
170568,2.0065667629241943,,,,9x66xu0u
170602,1.9761825799942017,,,,9x66xu0u
170669,2.030762195587158,,,,9x66xu0u
170706,2.0173120498657227,,,,9x66xu0u
170755,2.0024735927581787,,,,9x66xu0u
170815,2.010730743408203,,,,9x66xu0u
170870,2.018812417984009,,,,9x66xu0u
170918,1.9736824035644531,,,,9x66xu0u
170967,2.0304200649261475,,,,9x66xu0u
171011,1.9624433517456055,,,,9x66xu0u
171057,2.032325506210327,,,,9x66xu0u
171116,2.020930767059326,,,,9x66xu0u
171155,1.9938530921936035,,,,9x66xu0u
171202,2.022930860519409,,,,9x66xu0u
171246,1.982032060623169,,,,9x66xu0u
171301,2.0027294158935547,,,,9x66xu0u
171357,2.0077013969421387,,,,9x66xu0u
171407,2.0027191638946533,,,,9x66xu0u
171453,2.053377389907837,,,,9x66xu0u
171478,2.049741744995117,,,,9x66xu0u
171511,1.997421145439148,,,,9x66xu0u
171558,1.9913510084152222,,,,9x66xu0u
171597,2.0166730880737305,,,,9x66xu0u
171649,1.9882618188858032,,,,9x66xu0u
171699,1.9891862869262695,,,,9x66xu0u
171749,1.9929693937301636,,,,9x66xu0u
171793,2.0331737995147705,,,,9x66xu0u
171839,2.0327608585357666,,,,9x66xu0u
171876,2.0110573768615723,,,,9x66xu0u
171915,2.0553321838378906,,,,9x66xu0u
171961,2.0198447704315186,,,,9x66xu0u
172020,1.9932852983474731,,,,9x66xu0u
172071,1.9927198886871338,,,,9x66xu0u
172107,1.9963620901107788,,,,9x66xu0u
172157,2.0229101181030273,,,,9x66xu0u
172189,2.002457618713379,,,,9x66xu0u
172229,2.0242416858673096,,,,9x66xu0u
172272,1.9650992155075073,,,,9x66xu0u
172326,2.0117998123168945,,,,9x66xu0u
172365,1.9633885622024536,,,,9x66xu0u
172414,2.0340139865875244,,,,9x66xu0u
172451,2.0134811401367188,,,,9x66xu0u
172512,2.03029727935791,,,,9x66xu0u
172562,2.0150468349456787,,,,9x66xu0u
172626,2.0113742351531982,,,,9x66xu0u
172675,2.0023066997528076,,,,9x66xu0u
172714,1.9972403049468994,,,,9x66xu0u
172789,2.033883571624756,,,,9x66xu0u
172829,1.960850477218628,,,,9x66xu0u
172884,2.0119001865386963,,,,9x66xu0u
172926,2.0190744400024414,,,,9x66xu0u
172965,2.041879415512085,,,,9x66xu0u
173023,2.003087282180786,,,,9x66xu0u
173072,2.012486219406128,,,,9x66xu0u
173133,2.0279953479766846,,,,9x66xu0u
173176,1.9513764381408691,,,,9x66xu0u
173238,2.020486831665039,,,,9x66xu0u
173298,1.9991812705993652,,,,9x66xu0u
173356,2.0315911769866943,,,,9x66xu0u
173397,2.0239603519439697,,,,9x66xu0u
173451,2.036470651626587,,,,9x66xu0u
173500,1.9919592142105103,,,,9x66xu0u
173536,2.0500576496124268,,,,9x66xu0u
173566,2.0577104091644287,,,,9x66xu0u
173599,2.04305100440979,,,,9x66xu0u
173646,1.9930050373077393,,,,9x66xu0u
173690,2.010993480682373,,,,9x66xu0u
173742,2.0299689769744873,,,,9x66xu0u
173777,1.9553329944610596,,,,9x66xu0u
173843,2.018214702606201,,,,9x66xu0u
173876,2.021937370300293,,,,9x66xu0u
173922,1.9912136793136597,,,,9x66xu0u
173962,2.0151147842407227,,,,9x66xu0u
174008,1.9860954284667969,,,,t8akxzcj
174020,1.9868271350860596,,,,9x66xu0u
174037,1.9827709197998047,,,,9x66xu0u
174048,2.0219838619232178,,,,t8akxzcj
174065,2.007208824157715,,,,t8akxzcj
174086,2.0010576248168945,,,,t8akxzcj
174098,2.016326904296875,,,,9x66xu0u
174116,2.0128774642944336,,,,9x66xu0u
174132,2.0634334087371826,,,,t8akxzcj
174150,2.0065343379974365,,,,t8akxzcj
174169,2.0046067237854004,,,,9x66xu0u
174188,2.0685489177703857,,,,t8akxzcj
174203,2.027552604675293,,,,t8akxzcj
174221,2.005255699157715,,,,t8akxzcj
174237,1.9773242473602295,,,,9x66xu0u
174252,2.0003821849823,,,,t8akxzcj
174270,1.971413493156433,,,,t8akxzcj
174283,2.02775502204895,,,,9x66xu0u
174298,2.0243844985961914,,,,t8akxzcj
174321,2.0471415519714355,,,,t8akxzcj
174334,2.0112898349761963,,,,9x66xu0u
174347,1.9737015962600708,,,,t8akxzcj
174370,1.9515049457550049,,,,t8akxzcj
174394,2.024502754211426,,,,t8akxzcj
174407,2.0485429763793945,,,,t8akxzcj
174422,1.9933242797851562,,,,9x66xu0u
174436,1.9827330112457275,,,,t8akxzcj
174455,2.006716012954712,,,,t8akxzcj
174469,2.0280613899230957,,,,t8akxzcj
174485,2.0252671241760254,,,,t8akxzcj
174500,1.9745391607284546,,,,t8akxzcj
174513,2.0473105907440186,,,,t8akxzcj
174529,1.9722384214401245,,,,t8akxzcj
174548,2.0507054328918457,,,,t8akxzcj
174567,2.049891233444214,,,,t8akxzcj
174578,1.976932168006897,,,,t8akxzcj
174595,1.9706765413284302,,,,t8akxzcj
174610,2.010868549346924,,,,t8akxzcj
174623,1.9879028797149658,,,,t8akxzcj
174641,2.0087287425994873,,,,t8akxzcj
174655,1.99106764793396,,,,9x66xu0u
174670,2.0152382850646973,,,,9x66xu0u
174686,1.9926660060882568,,,,9x66xu0u
174704,2.0294852256774902,,,,t8akxzcj
174716,2.077707529067993,,,,t8akxzcj
174731,1.9973195791244507,,,,9x66xu0u
174744,2.031278133392334,,,,9x66xu0u
174754,2.029313802719116,,,,t8akxzcj
174769,1.980204463005066,,,,t8akxzcj
174788,1.9910576343536377,,,,t8akxzcj
174805,2.022402286529541,,,,9x66xu0u
174816,2.0058465003967285,,,,t8akxzcj
174828,2.05598783493042,,,,t8akxzcj
174843,2.0117807388305664,,,,t8akxzcj
174859,1.985856533050537,,,,9x66xu0u
174876,2.0355520248413086,,,,t8akxzcj
174897,1.9836865663528442,,,,t8akxzcj
174909,2.0517096519470215,,,,t8akxzcj
174923,1.9876830577850342,,,,t8akxzcj
174937,2.033590078353882,,,,9x66xu0u
174950,2.029787302017212,,,,9x66xu0u
174965,2.0049540996551514,,,,t8akxzcj
174980,2.0029404163360596,,,,9x66xu0u
174998,1.9986144304275513,,,,t8akxzcj
175031,2.025477886199951,,,,t8akxzcj
175052,1.980973482131958,,,,t8akxzcj
175073,2.000225782394409,,,,t8akxzcj
175089,2.000488519668579,,,,t8akxzcj
175113,2.0337424278259277,,,,t8akxzcj
175146,1.9920765161514282,,,,t8akxzcj
175165,2.0233166217803955,,,,t8akxzcj
175182,2.0276331901550293,,,,t8akxzcj
175208,2.0247182846069336,,,,t8akxzcj
175229,2.0218605995178223,,,,t8akxzcj
175254,2.020226001739502,,,,t8akxzcj
175280,2.0244057178497314,,,,t8akxzcj
175308,2.017699718475342,,,,t8akxzcj
175331,2.0746169090270996,,,,t8akxzcj
175363,2.0107264518737793,,,,t8akxzcj
175382,2.029489040374756,,,,t8akxzcj
175405,2.029250383377075,,,,t8akxzcj
175430,2.020845890045166,,,,t8akxzcj
175450,2.013998508453369,,,,t8akxzcj
175474,2.0248374938964844,,,,t8akxzcj
175505,1.986999273300171,,,,t8akxzcj
175533,2.0058162212371826,,,,t8akxzcj
175555,1.9778555631637573,,,,t8akxzcj
175574,1.9786391258239746,,,,t8akxzcj
175598,2.001532793045044,,,,t8akxzcj
175620,2.008427381515503,,,,t8akxzcj
175652,1.9994434118270874,,,,t8akxzcj
175679,2.014284372329712,,,,t8akxzcj
175701,1.9995421171188354,,,,t8akxzcj
175727,2.0053727626800537,,,,t8akxzcj
175750,2.0017106533050537,,,,t8akxzcj
175773,1.9848908185958862,,,,t8akxzcj
175803,2.00885272026062,,,,t8akxzcj
175826,1.988531470298767,,,,t8akxzcj
175846,2.0156753063201904,,,,t8akxzcj
175870,2.0436525344848633,,,,t8akxzcj
175898,2.062990188598633,,,,t8akxzcj
175918,2.033097743988037,,,,t8akxzcj
175949,2.022491931915283,,,,t8akxzcj
175975,1.993013620376587,,,,t8akxzcj
176002,2.030137300491333,,,,iy8yokpd
176009,2.0258054733276367,,,,t8akxzcj
176016,2.019545078277588,,,,t8akxzcj
176023,2.01816987991333,,,,iy8yokpd
176031,2.0331106185913086,,,,iy8yokpd
176038,2.0026748180389404,,,,iy8yokpd
176045,1.9745153188705444,,,,t8akxzcj
176054,1.9843567609786987,,,,t8akxzcj
176061,2.019543170928955,,,,iy8yokpd
176068,2.0083250999450684,,,,iy8yokpd
176076,1.997741937637329,,,,iy8yokpd
176083,2.0098114013671875,,,,iy8yokpd
176090,1.9579317569732666,,,,t8akxzcj
176099,2.01395845413208,,,,iy8yokpd
176106,2.053844928741455,,,,iy8yokpd
176113,2.0000646114349365,,,,iy8yokpd
176121,1.959028959274292,,,,t8akxzcj
176129,2.0329411029815674,,,,iy8yokpd
176136,2.0263521671295166,,,,t8akxzcj
176144,2.0156137943267822,,,,iy8yokpd
176152,2.004028797149658,,,,iy8yokpd
176160,2.00034761428833,,,,sx9wwsrq
176168,2.025812864303589,,,,t8akxzcj
176174,2.002737522125244,,,,t8akxzcj
176181,2.0112764835357666,,,,iy8yokpd
176187,1.9934892654418945,,,,iy8yokpd
176194,2.030366897583008,,,,iy8yokpd
176200,1.9911410808563232,,,,t8akxzcj
176209,2.028660297393799,,,,iy8yokpd
176215,2.026603937149048,,,,iy8yokpd
176224,1.9907443523406982,,,,iy8yokpd
176231,2.009932279586792,,,,iy8yokpd
176239,2.011171340942383,,,,t8akxzcj
176248,2.0050954818725586,,,,iy8yokpd
176257,1.9728516340255737,,,,t8akxzcj
176263,1.9834866523742676,,,,iy8yokpd
176270,2.001636505126953,,,,iy8yokpd
176275,2.0334904193878174,,,,sx9wwsrq
176282,1.9996984004974365,,,,sx9wwsrq
176291,2.0006730556488037,,,,iy8yokpd
176298,2.011525869369507,,,,iy8yokpd
176307,2.0481858253479004,,,,iy8yokpd
176315,2.055371046066284,,,,t8akxzcj
176322,2.0169224739074707,,,,sx9wwsrq
176329,1.9899483919143677,,,,iy8yokpd
176335,1.9964289665222168,,,,iy8yokpd
176342,2.0345675945281982,,,,iy8yokpd
176351,2.013357400894165,,,,iy8yokpd
176358,1.998284101486206,,,,iy8yokpd
176365,2.012929677963257,,,,iy8yokpd
176373,2.019465923309326,,,,t8akxzcj
176381,2.0533227920532227,,,,iy8yokpd
176388,2.0369858741760254,,,,iy8yokpd
176395,2.035231828689575,,,,t8akxzcj
176402,2.0266809463500977,,,,iy8yokpd
176410,2.000572919845581,,,,iy8yokpd
176419,2.0301413536071777,,,,iy8yokpd
176428,2.0071680545806885,,,,iy8yokpd
176434,2.0271153450012207,,,,t8akxzcj
176442,1.9768729209899902,,,,iy8yokpd
176448,1.9802545309066772,,,,t8akxzcj
176456,2.0206074714660645,,,,iy8yokpd
176462,1.994755744934082,,,,t8akxzcj
176469,1.9707460403442383,,,,iy8yokpd
176476,1.9880400896072388,,,,iy8yokpd
176483,2.0440354347229004,,,,t8akxzcj
176491,2.006112575531006,,,,t8akxzcj
176499,2.0113930702209473,,,,iy8yokpd
176506,1.9982826709747314,,,,iy8yokpd
176514,2.035856246948242,,,,iy8yokpd
176520,2.002183437347412,,,,t8akxzcj
176528,1.9871324300765991,,,,iy8yokpd
176536,2.000256061553955,,,,iy8yokpd
176544,2.016735076904297,,,,t8akxzcj
176551,2.0352797508239746,,,,t8akxzcj
176559,2.0107014179229736,,,,iy8yokpd
176565,2.0219180583953857,,,,t8akxzcj
176572,1.9870498180389404,,,,t8akxzcj
176580,2.013446569442749,,,,iy8yokpd
176588,1.9669158458709717,,,,iy8yokpd
176596,1.9642258882522583,,,,t8akxzcj
176606,2.00258207321167,,,,t8akxzcj
176614,1.9823708534240723,,,,iy8yokpd
176621,1.9806725978851318,,,,iy8yokpd
176628,2.0306267738342285,,,,t8akxzcj
176635,1.9974310398101807,,,,t8akxzcj
176642,1.9816588163375854,,,,t8akxzcj
176649,2.0022048950195312,,,,t8akxzcj
176656,2.0108730792999268,,,,iy8yokpd
176664,2.0244193077087402,,,,iy8yokpd
176673,2.0139389038085938,,,,iy8yokpd
176682,2.0056052207946777,,,,iy8yokpd
176690,1.973799705505371,,,,iy8yokpd
176698,1.999221920967102,,,,iy8yokpd
176705,2.007354497909546,,,,t8akxzcj
176713,2.032938241958618,,,,iy8yokpd
176721,2.0150318145751953,,,,iy8yokpd
176729,2.0025436878204346,,,,iy8yokpd
176738,2.0144834518432617,,,,iy8yokpd
176745,1.9683982133865356,,,,iy8yokpd
176753,2.01949405670166,,,,iy8yokpd
176759,2.022421360015869,,,,iy8yokpd
176766,2.0015392303466797,,,,iy8yokpd
176773,2.049464702606201,,,,iy8yokpd
176780,2.026806592941284,,,,t8akxzcj
176788,2.0245583057403564,,,,iy8yokpd
176795,1.9723113775253296,,,,t8akxzcj
176802,2.028667688369751,,,,t8akxzcj
176810,2.003293752670288,,,,iy8yokpd
176818,2.018937826156616,,,,iy8yokpd
176825,2.0252718925476074,,,,iy8yokpd
176833,2.05155611038208,,,,t8akxzcj
176839,2.073795795440674,,,,t8akxzcj
176846,2.0087127685546875,,,,t8akxzcj
176853,2.0372183322906494,,,,t8akxzcj
176860,2.051443338394165,,,,t8akxzcj
176868,2.0313925743103027,,,,t8akxzcj
176877,2.0153255462646484,,,,iy8yokpd
176885,2.023717164993286,,,,iy8yokpd
176890,2.0213911533355713,,,,t8akxzcj
176899,2.0117390155792236,,,,iy8yokpd
176906,1.987276315689087,,,,t8akxzcj
176913,1.9925040006637573,,,,iy8yokpd
176920,2.0274899005889893,,,,sx9wwsrq
176927,2.0059356689453125,,,,iy8yokpd
176934,2.0139999389648438,,,,iy8yokpd
176943,2.002490758895874,,,,iy8yokpd
176952,2.029630422592163,,,,t8akxzcj
176961,2.0244953632354736,,,,iy8yokpd
176967,2.041740655899048,,,,iy8yokpd
176974,1.9874821901321411,,,,t8akxzcj
176981,2.0253145694732666,,,,iy8yokpd
176988,2.026322841644287,,,,iy8yokpd
177068,2.0107719898223877,,,,sx9wwsrq
177165,2.000453472137451,,,,sx9wwsrq
177359,2.025829792022705,,,,sx9wwsrq
177472,2.0546343326568604,,,,sx9wwsrq
177551,1.9912265539169312,,,,sx9wwsrq
177681,2.001246929168701,,,,sx9wwsrq
177755,2.037766933441162,,,,sx9wwsrq
177908,2.030552864074707,,,,sx9wwsrq
177995,2.0020084381103516,,,,sx9wwsrq
178110,1.9964505434036255,,,,sx9wwsrq
178202,2.0197274684906006,,,,sx9wwsrq
178368,2.0448801517486572,,,,sx9wwsrq
178446,2.0158610343933105,,,,sx9wwsrq
178508,2.0222089290618896,,,,sx9wwsrq
178635,2.0279083251953125,,,,sx9wwsrq
178778,2.0065011978149414,,,,sx9wwsrq
178848,2.015836715698242,,,,sx9wwsrq
179063,2.0512261390686035,,,,sx9wwsrq
179189,2.025886058807373,,,,sx9wwsrq
179321,2.012590169906616,,,,sx9wwsrq
179399,1.9904937744140625,,,,sx9wwsrq
179559,2.0083048343658447,,,,sx9wwsrq
179675,1.9665101766586304,,,,sx9wwsrq
179802,1.9897491931915283,,,,sx9wwsrq
179904,2.0492820739746094,,,,sx9wwsrq
180000,,2.6093971729278564,1.9095176458358765,2.7432215213775635,sx9wwsrq
180017,1.9975697994232178,,,,sx9wwsrq
180164,1.9896150827407837,,,,sx9wwsrq
180253,2.030599594116211,,,,sx9wwsrq
180395,2.0224854946136475,,,,sx9wwsrq
180545,2.0502195358276367,,,,sx9wwsrq
180609,2.0321433544158936,,,,sx9wwsrq
180742,2.017855167388916,,,,sx9wwsrq
180854,1.9856208562850952,,,,sx9wwsrq
180975,1.9876877069473267,,,,sx9wwsrq
181140,2.075422525405884,,,,sx9wwsrq
181250,2.0347952842712402,,,,sx9wwsrq
181357,2.032705307006836,,,,sx9wwsrq
181489,2.0331623554229736,,,,sx9wwsrq
181606,2.0233187675476074,,,,sx9wwsrq
181711,1.9960198402404785,,,,sx9wwsrq
181814,2.024602174758911,,,,sx9wwsrq
181935,2.036904811859131,,,,sx9wwsrq
182026,2.0011658668518066,,,,sx9wwsrq
182116,2.0159428119659424,,,,sx9wwsrq
182194,1.9931609630584717,,,,sx9wwsrq
182296,2.0524744987487793,,,,sx9wwsrq
182468,2.0056045055389404,,,,sx9wwsrq
182592,2.0012667179107666,,,,sx9wwsrq
182701,2.0304784774780273,,,,sx9wwsrq
182786,2.026780605316162,,,,sx9wwsrq
182878,2.0196757316589355,,,,sx9wwsrq
183027,1.9960609674453735,,,,sx9wwsrq
183165,2.0257480144500732,,,,sx9wwsrq
183261,2.0426881313323975,,,,sx9wwsrq
183396,2.0354015827178955,,,,sx9wwsrq
183499,2.00433611869812,,,,sx9wwsrq
183589,2.0282535552978516,,,,sx9wwsrq
183657,2.012363910675049,,,,sx9wwsrq
183746,1.9806636571884155,,,,sx9wwsrq
183867,2.016549587249756,,,,sx9wwsrq
183953,2.019019365310669,,,,sx9wwsrq
184091,2.022904634475708,,,,sx9wwsrq
184240,2.015132427215576,,,,sx9wwsrq
184370,1.997827172279358,,,,sx9wwsrq
184448,2.0055460929870605,,,,sx9wwsrq
184528,2.004091262817383,,,,sx9wwsrq
184622,1.9869914054870605,,,,sx9wwsrq
184701,1.9817426204681396,,,,sx9wwsrq
184789,1.9725600481033325,,,,sx9wwsrq
184870,2.008413314819336,,,,sx9wwsrq
184950,2.038295269012451,,,,sx9wwsrq
185044,2.010371208190918,,,,sx9wwsrq
185123,2.0076236724853516,,,,sx9wwsrq
185242,1.989201545715332,,,,sx9wwsrq
185361,1.9917163848876953,,,,sx9wwsrq
185454,2.014404535293579,,,,sx9wwsrq
185617,1.9949674606323242,,,,sx9wwsrq
185703,2.014146566390991,,,,sx9wwsrq
185792,2.0061423778533936,,,,sx9wwsrq
185917,2.004770517349243,,,,sx9wwsrq
186043,1.9962023496627808,,,,sx9wwsrq
186132,1.9889411926269531,,,,sx9wwsrq
186241,2.018648147583008,,,,sx9wwsrq
186304,2.0164077281951904,,,,sx9wwsrq
186396,2.0129446983337402,,,,sx9wwsrq
186575,1.9834144115447998,,,,sx9wwsrq
186759,2.006803035736084,,,,sx9wwsrq
186871,1.9987729787826538,,,,sx9wwsrq
186984,2.0157339572906494,,,,sx9wwsrq
187059,2.0337939262390137,,,,sx9wwsrq
187147,2.0050456523895264,,,,sx9wwsrq
187242,2.000955581665039,,,,sx9wwsrq
187308,1.9890415668487549,,,,sx9wwsrq
187401,2.009519100189209,,,,sx9wwsrq
187470,2.0459418296813965,,,,sx9wwsrq
187545,1.9977285861968994,,,,sx9wwsrq
187642,2.015092611312866,,,,sx9wwsrq
187710,2.0134286880493164,,,,sx9wwsrq
187830,2.0037949085235596,,,,sx9wwsrq
187919,1.9757647514343262,,,,sx9wwsrq
188048,1.9997771978378296,,,,sx9wwsrq
188171,1.993019461631775,,,,sx9wwsrq
188330,2.0039472579956055,,,,sx9wwsrq
188414,2.054792881011963,,,,sx9wwsrq
188541,2.0214684009552,,,,sx9wwsrq
188661,2.0155954360961914,,,,sx9wwsrq
188806,1.9984941482543945,,,,sx9wwsrq
188913,2.0051498413085938,,,,sx9wwsrq
189002,2.045015335083008,,,,8301c3ls
189007,2.001166582107544,,,,sx9wwsrq
189013,2.002699851989746,,,,8301c3ls
189018,1.989148736000061,,,,zd9jm9cm
189023,2.01273250579834,,,,zd9jm9cm
189029,2.0039987564086914,,,,8301c3ls
189034,1.9783296585083008,,,,sx9wwsrq
189039,1.9991345405578613,,,,zd9jm9cm
189045,1.9959546327590942,,,,8301c3ls
189050,2.022023916244507,,,,zd9jm9cm
189056,2.0156497955322266,,,,8301c3ls
189062,2.0161259174346924,,,,8301c3ls
189068,1.988699197769165,,,,8301c3ls
189074,2.0325734615325928,,,,8301c3ls
189080,1.9750181436538696,,,,8301c3ls
189085,2.0090770721435547,,,,zd9jm9cm
189091,2.0338852405548096,,,,8301c3ls
189097,2.0038633346557617,,,,8301c3ls
189102,1.9994133710861206,,,,zd9jm9cm
189108,2.020463466644287,,,,8301c3ls
189114,2.026437759399414,,,,8301c3ls
189120,1.9537421464920044,,,,8301c3ls
189125,1.9758116006851196,,,,zd9jm9cm
189131,1.9779835939407349,,,,zd9jm9cm
189137,1.9908665418624878,,,,zd9jm9cm
189143,2.006478786468506,,,,zd9jm9cm
189149,1.980167269706726,,,,zd9jm9cm
189155,2.048135280609131,,,,8301c3ls
189161,2.0140960216522217,,,,8301c3ls
189167,2.060049057006836,,,,8301c3ls
189173,2.0020394325256348,,,,8301c3ls
189179,1.9876759052276611,,,,8301c3ls
189184,2.0039422512054443,,,,8301c3ls
189190,1.9910742044448853,,,,8301c3ls
189196,2.0050039291381836,,,,8301c3ls
189202,2.025503635406494,,,,8301c3ls
189208,1.9655170440673828,,,,8301c3ls
189213,2.007098913192749,,,,zd9jm9cm
189219,2.0005016326904297,,,,8301c3ls
189225,2.0148446559906006,,,,8301c3ls
189231,2.0109336376190186,,,,8301c3ls
189236,2.0130069255828857,,,,zd9jm9cm
189242,2.0166311264038086,,,,8301c3ls
189247,1.9955050945281982,,,,8301c3ls
189252,2.043283462524414,,,,zd9jm9cm
189258,2.00056529045105,,,,zd9jm9cm
189264,1.9909130334854126,,,,8301c3ls
189269,2.0215983390808105,,,,sx9wwsrq
189275,2.0334229469299316,,,,8301c3ls
189281,2.006504774093628,,,,8301c3ls
189286,2.0186941623687744,,,,zd9jm9cm
189292,2.050234317779541,,,,zd9jm9cm
189298,1.9892703294754028,,,,8301c3ls
189304,1.9955869913101196,,,,8301c3ls
189310,2.015090227127075,,,,8301c3ls
189315,2.030661106109619,,,,zd9jm9cm
189321,2.0055136680603027,,,,zd9jm9cm
189327,1.9833496809005737,,,,8301c3ls
189333,1.9844706058502197,,,,8301c3ls
189338,2.015779733657837,,,,zd9jm9cm
189344,1.9752819538116455,,,,zd9jm9cm
189350,1.9958887100219727,,,,zd9jm9cm
189356,1.990870714187622,,,,8301c3ls
189361,1.9833245277404785,,,,8301c3ls
189367,1.9846997261047363,,,,8301c3ls
189373,2.042666435241699,,,,8301c3ls
189379,2.0222020149230957,,,,8301c3ls
189384,2.038905620574951,,,,sx9wwsrq
189389,2.043752670288086,,,,zd9jm9cm
189395,2.0146572589874268,,,,8301c3ls
189400,1.9966979026794434,,,,sx9wwsrq
189406,2.010563373565674,,,,8301c3ls
189411,1.9867806434631348,,,,zd9jm9cm
189417,1.9797258377075195,,,,zd9jm9cm
189423,1.991205096244812,,,,sx9wwsrq
189429,1.9703826904296875,,,,8301c3ls
189435,2.034151315689087,,,,8301c3ls
189441,1.9758901596069336,,,,8301c3ls
189447,2.0132720470428467,,,,8301c3ls
189453,2.016850709915161,,,,8301c3ls
189459,1.994893193244934,,,,8301c3ls
189464,2.0271944999694824,,,,zd9jm9cm
189470,1.9936603307724,,,,8301c3ls
189475,2.0037803649902344,,,,zd9jm9cm
189481,2.0218281745910645,,,,zd9jm9cm
189487,1.9847981929779053,,,,8301c3ls
189492,2.020057201385498,,,,zd9jm9cm
189497,2.0014102458953857,,,,zd9jm9cm
189503,2.020158529281616,,,,zd9jm9cm
189509,2.0163631439208984,,,,zd9jm9cm
189515,2.0205583572387695,,,,zd9jm9cm
189521,2.0394551753997803,,,,zd9jm9cm
189527,1.9987716674804688,,,,zd9jm9cm
189533,1.9982408285140991,,,,zd9jm9cm
189539,1.975199818611145,,,,zd9jm9cm
189545,2.0210323333740234,,,,zd9jm9cm
189551,2.0007383823394775,,,,8301c3ls
189557,2.0280323028564453,,,,8301c3ls
189562,2.004025459289551,,,,zd9jm9cm
189568,2.0387728214263916,,,,zd9jm9cm
189574,1.981241226196289,,,,sx9wwsrq
189579,1.9942035675048828,,,,zd9jm9cm
189585,1.9719011783599854,,,,8301c3ls
189590,2.0391409397125244,,,,zd9jm9cm
189596,2.0432441234588623,,,,sx9wwsrq
189602,1.9998228549957275,,,,8301c3ls
189607,1.9944453239440918,,,,zd9jm9cm
189613,1.9958029985427856,,,,zd9jm9cm
189619,1.9783397912979126,,,,zd9jm9cm
189625,1.962551236152649,,,,8301c3ls
189630,2.0162508487701416,,,,zd9jm9cm
189636,2.022486925125122,,,,8301c3ls
189641,2.027761220932007,,,,8301c3ls
189647,1.9837017059326172,,,,8301c3ls
189652,2.0202600955963135,,,,8301c3ls
189658,1.9903748035430908,,,,8301c3ls
189663,1.9921059608459473,,,,zd9jm9cm
189669,1.9836370944976807,,,,zd9jm9cm
189675,2.0108752250671387,,,,zd9jm9cm
189681,2.0318214893341064,,,,zd9jm9cm
189687,1.9726955890655518,,,,zd9jm9cm
189693,1.9616013765335083,,,,8301c3ls
189698,2.0248560905456543,,,,sx9wwsrq
189704,2.0007236003875732,,,,8301c3ls
189709,1.9966250658035278,,,,zd9jm9cm
189715,1.9702543020248413,,,,zd9jm9cm
189721,1.9883224964141846,,,,zd9jm9cm
189726,2.0039100646972656,,,,8301c3ls
189731,2.0173041820526123,,,,zd9jm9cm
189737,2.0112922191619873,,,,zd9jm9cm
189743,2.0166873931884766,,,,8301c3ls
189749,2.051943778991699,,,,8301c3ls
189754,1.9899183511734009,,,,zd9jm9cm
189760,2.01066517829895,,,,zd9jm9cm
189766,1.9831234216690063,,,,zd9jm9cm
189772,1.9838365316390991,,,,zd9jm9cm
189778,1.9971842765808105,,,,zd9jm9cm
189784,2.0414302349090576,,,,8301c3ls
189790,2.0111868381500244,,,,8301c3ls
189795,2.002354621887207,,,,zd9jm9cm
189801,1.9936071634292603,,,,zd9jm9cm
189807,2.0176773071289062,,,,8301c3ls
189813,1.9899239540100098,,,,8301c3ls
189818,2.0329248905181885,,,,zd9jm9cm
189824,2.0463082790374756,,,,zd9jm9cm
189830,1.946877360343933,,,,8301c3ls
189835,1.987610101699829,,,,zd9jm9cm
189841,2.029581308364868,,,,sx9wwsrq
189846,2.0335516929626465,,,,zd9jm9cm
189852,2.0117249488830566,,,,sx9wwsrq
189857,1.964946985244751,,,,zd9jm9cm
189863,1.9733251333236694,,,,zd9jm9cm
189869,2.0025718212127686,,,,zd9jm9cm
189875,2.0411055088043213,,,,zd9jm9cm
189881,2.005708694458008,,,,zd9jm9cm
189886,1.9626376628875732,,,,8301c3ls
189891,1.9819203615188599,,,,sx9wwsrq
189897,2.0058236122131348,,,,8301c3ls
189904,1.9984869956970215,,,,8301c3ls
189916,2.0117974281311035,,,,8301c3ls
189927,1.991305947303772,,,,8301c3ls
189938,1.9931055307388306,,,,8301c3ls
189949,1.993524193763733,,,,8301c3ls
189958,1.983390212059021,,,,8301c3ls
189967,1.9652460813522339,,,,8301c3ls
189978,2.0189504623413086,,,,8301c3ls
189988,2.0472724437713623,,,,tuo4wm5s
190000,,2.6083686351776123,1.9047462940216064,2.7424728870391846,tuo4wm5s
190077,1.9726275205612183,,,,tuo4wm5s
190163,2.0096397399902344,,,,tuo4wm5s
190222,2.017598867416382,,,,tuo4wm5s
190329,1.9806345701217651,,,,tuo4wm5s
190442,2.033266305923462,,,,tuo4wm5s
190544,2.0257766246795654,,,,tuo4wm5s
190634,2.032456398010254,,,,tuo4wm5s
190768,2.0167131423950195,,,,tuo4wm5s
190840,2.05283784866333,,,,tuo4wm5s
190937,2.063628911972046,,,,tuo4wm5s
191034,1.9898080825805664,,,,tuo4wm5s
191120,2.027797222137451,,,,tuo4wm5s
191297,1.9812710285186768,,,,tuo4wm5s
191384,2.0028138160705566,,,,tuo4wm5s
191464,1.9986765384674072,,,,tuo4wm5s
191569,1.996212124824524,,,,tuo4wm5s
191625,2.076746940612793,,,,tuo4wm5s
191744,2.005486249923706,,,,tuo4wm5s
191824,2.0226728916168213,,,,tuo4wm5s
191935,2.0072100162506104,,,,tuo4wm5s
192041,2.0120456218719482,,,,tuo4wm5s
192125,1.9757453203201294,,,,tuo4wm5s
192268,2.028895139694214,,,,tuo4wm5s
192340,2.034477472305298,,,,tuo4wm5s
192401,1.9599311351776123,,,,tuo4wm5s
192507,2.038404703140259,,,,tuo4wm5s
192623,1.980868935585022,,,,tuo4wm5s
192688,2.002983808517456,,,,tuo4wm5s
192753,2.0441854000091553,,,,tuo4wm5s
192946,1.986731767654419,,,,tuo4wm5s
193053,1.9969067573547363,,,,tuo4wm5s
193135,1.9926453828811646,,,,tuo4wm5s
193226,2.0283427238464355,,,,tuo4wm5s
193308,2.035961627960205,,,,tuo4wm5s
193441,2.0274291038513184,,,,tuo4wm5s
193538,2.018592357635498,,,,tuo4wm5s
193647,1.9456301927566528,,,,tuo4wm5s
193769,2.0344603061676025,,,,tuo4wm5s
193837,1.9920191764831543,,,,tuo4wm5s
193951,2.0307633876800537,,,,tuo4wm5s
194068,1.9895994663238525,,,,tuo4wm5s
194153,1.9996336698532104,,,,tuo4wm5s
194290,1.9931551218032837,,,,tuo4wm5s
194401,2.0050761699676514,,,,tuo4wm5s
194475,2.0037527084350586,,,,tuo4wm5s
194551,1.9845728874206543,,,,tuo4wm5s
194652,2.019507884979248,,,,tuo4wm5s
194744,2.024099588394165,,,,tuo4wm5s
194808,1.957086443901062,,,,tuo4wm5s
194912,1.9938199520111084,,,,tuo4wm5s
195040,1.9903004169464111,,,,tuo4wm5s
195137,2.013357400894165,,,,tuo4wm5s
195235,2.0231237411499023,,,,tuo4wm5s
195351,1.9880592823028564,,,,tuo4wm5s
195455,1.9945770502090454,,,,tuo4wm5s
195517,1.9955284595489502,,,,tuo4wm5s
195611,1.9889240264892578,,,,tuo4wm5s
195706,1.9933916330337524,,,,tuo4wm5s
195806,1.9921797513961792,,,,tuo4wm5s
195885,1.9942889213562012,,,,tuo4wm5s
195986,1.9838532209396362,,,,tuo4wm5s
196071,1.9957882165908813,,,,tuo4wm5s
196158,1.9805036783218384,,,,tuo4wm5s
196292,1.9550061225891113,,,,tuo4wm5s
196412,2.0023605823516846,,,,tuo4wm5s
196483,2.037257194519043,,,,tuo4wm5s
196579,2.0167462825775146,,,,tuo4wm5s
196648,1.9594658613204956,,,,tuo4wm5s
196746,2.0294723510742188,,,,tuo4wm5s
196892,1.9934407472610474,,,,tuo4wm5s
196997,2.039382219314575,,,,tuo4wm5s
197090,2.0263068675994873,,,,tuo4wm5s
197171,2.0502636432647705,,,,tuo4wm5s
197290,2.0185928344726562,,,,tuo4wm5s
197375,2.004157304763794,,,,tuo4wm5s
197444,2.0395030975341797,,,,tuo4wm5s
197502,2.016845703125,,,,tuo4wm5s
197573,1.9962666034698486,,,,tuo4wm5s
197663,1.992318034172058,,,,tuo4wm5s
197792,1.9892158508300781,,,,tuo4wm5s
197856,1.991249918937683,,,,tuo4wm5s
197991,1.9806517362594604,,,,tuo4wm5s
198114,2.0702221393585205,,,,tuo4wm5s
198244,1.9825243949890137,,,,tuo4wm5s
198317,1.989801287651062,,,,tuo4wm5s
198386,2.017906665802002,,,,tuo4wm5s
198451,2.0035600662231445,,,,tuo4wm5s
198540,1.9635175466537476,,,,tuo4wm5s
198610,1.985416293144226,,,,tuo4wm5s
198682,2.0118467807769775,,,,tuo4wm5s
198751,2.004803419113159,,,,tuo4wm5s
198826,2.0337276458740234,,,,tuo4wm5s
198883,2.000976324081421,,,,tuo4wm5s
198966,1.9846360683441162,,,,tuo4wm5s
199041,2.0125722885131836,,,,tuo4wm5s
199160,2.0016324520111084,,,,tuo4wm5s
199241,1.968828797340393,,,,tuo4wm5s
199344,1.9836505651474,,,,tuo4wm5s
199433,1.9952658414840698,,,,tuo4wm5s
199536,2.002974271774292,,,,tuo4wm5s
199615,1.9847533702850342,,,,tuo4wm5s
199722,1.976649522781372,,,,tuo4wm5s
199817,1.983988642692566,,,,tuo4wm5s
199919,2.023165702819824,,,,tuo4wm5s
199979,2.0298521518707275,,,,tuo4wm5s
200000,,2.603057622909546,1.8991053104400635,2.735238790512085,tuo4wm5s
200097,2.0084736347198486,,,,tuo4wm5s
200166,1.9682109355926514,,,,tuo4wm5s
200224,1.9783624410629272,,,,tuo4wm5s
200339,2.014324903488159,,,,tuo4wm5s
200459,1.9693564176559448,,,,tuo4wm5s
200570,1.9393383264541626,,,,tuo4wm5s
200667,2.0148892402648926,,,,tuo4wm5s
200771,1.9919381141662598,,,,tuo4wm5s
200870,2.002119779586792,,,,tuo4wm5s
200948,1.983332872390747,,,,tuo4wm5s
201020,1.9895635843276978,,,,tuo4wm5s
201074,1.9667757749557495,,,,m16o6pm1
201142,1.999941110610962,,,,tuo4wm5s
201187,1.9711568355560303,,,,tuo4wm5s
201222,1.9949586391448975,,,,tuo4wm5s
201269,2.0429396629333496,,,,tuo4wm5s
201308,1.9998224973678589,,,,tuo4wm5s
201361,1.9984731674194336,,,,m16o6pm1
201397,2.023695707321167,,,,m16o6pm1
201467,1.9978080987930298,,,,tuo4wm5s
201530,2.0278706550598145,,,,tuo4wm5s
201577,2.0261647701263428,,,,tuo4wm5s
201699,2.0270473957061768,,,,m16o6pm1
201940,1.9798200130462646,,,,m16o6pm1
202155,1.9845507144927979,,,,m16o6pm1
202426,2.011204719543457,,,,m16o6pm1
202624,1.9965424537658691,,,,m16o6pm1
202770,1.989527940750122,,,,m16o6pm1
202969,1.9998867511749268,,,,m16o6pm1
203184,2.003627061843872,,,,m16o6pm1
203385,1.9746646881103516,,,,m16o6pm1
203478,2.0034193992614746,,,,m16o6pm1
203767,2.0004496574401855,,,,m16o6pm1
204123,2.026080846786499,,,,m16o6pm1
204373,2.0127835273742676,,,,m16o6pm1
204610,1.9817736148834229,,,,m16o6pm1
204802,1.9718334674835205,,,,m16o6pm1
204955,1.9616061449050903,,,,m16o6pm1
205147,2.0166144371032715,,,,m16o6pm1
205344,1.9868580102920532,,,,m16o6pm1
205597,1.9737579822540283,,,,m16o6pm1
205854,1.97211754322052,,,,m16o6pm1
206037,1.969447135925293,,,,m16o6pm1
206308,2.001558303833008,,,,m16o6pm1
206547,2.013542652130127,,,,m16o6pm1
206720,1.9931315183639526,,,,m16o6pm1
206937,2.013352394104004,,,,m16o6pm1
207101,1.9877678155899048,,,,m16o6pm1
207283,1.970460295677185,,,,m16o6pm1
207554,1.9838875532150269,,,,m16o6pm1
207786,1.9766017198562622,,,,m16o6pm1
208071,1.971009373664856,,,,m16o6pm1
208294,1.966983675956726,,,,m16o6pm1
208497,1.9996660947799683,,,,m16o6pm1
208630,2.0362708568573,,,,m16o6pm1
208778,2.0092334747314453,,,,m16o6pm1
208936,1.9665577411651611,,,,m16o6pm1
209270,2.0355632305145264,,,,m16o6pm1
209476,1.9662508964538574,,,,m16o6pm1
209666,2.011854410171509,,,,m16o6pm1
209799,1.9872360229492188,,,,m16o6pm1
209935,1.995126485824585,,,,m16o6pm1
210000,,2.599013328552246,1.9002444744110107,2.7379562854766846,m16o6pm1
210021,2.0276684761047363,,,,m16o6pm1
210161,2.0330817699432373,,,,m16o6pm1
210382,1.9905482530593872,,,,m16o6pm1
210665,2.0456724166870117,,,,m16o6pm1
210741,1.982431173324585,,,,m16o6pm1
210917,2.00746750831604,,,,m16o6pm1
211151,2.006314754486084,,,,m16o6pm1
211288,1.9809883832931519,,,,m16o6pm1
211516,1.9967445135116577,,,,m16o6pm1
211777,1.9836039543151855,,,,m16o6pm1
211927,1.975447416305542,,,,m16o6pm1
212078,2.018996238708496,,,,m16o6pm1
212242,1.960296392440796,,,,m16o6pm1
212348,1.9988819360733032,,,,m16o6pm1
212476,2.0132787227630615,,,,m16o6pm1
212657,2.0285861492156982,,,,m16o6pm1
212859,2.017026901245117,,,,m16o6pm1
213052,1.9867483377456665,,,,m16o6pm1
213324,1.986795425415039,,,,m16o6pm1
213481,2.00380539894104,,,,m16o6pm1
213611,2.001282215118408,,,,m16o6pm1
213894,1.989554524421692,,,,m16o6pm1
214021,2.0144717693328857,,,,m16o6pm1
214269,1.969321846961975,,,,m16o6pm1
214606,1.9744110107421875,,,,m16o6pm1
214841,2.0516257286071777,,,,m16o6pm1
215044,1.9862170219421387,,,,m16o6pm1
215176,1.996295690536499,,,,m16o6pm1
215385,2.0161731243133545,,,,m16o6pm1
215506,1.9890406131744385,,,,m16o6pm1
215683,1.976313829421997,,,,m16o6pm1
215807,1.9824191331863403,,,,m16o6pm1
215996,2.036620616912842,,,,m16o6pm1
216251,2.0274336338043213,,,,m16o6pm1
216487,2.05444598197937,,,,m16o6pm1
216757,2.076975107192993,,,,m16o6pm1
216908,1.9678987264633179,,,,m16o6pm1
217189,2.0110785961151123,,,,m16o6pm1
217360,2.012984275817871,,,,m16o6pm1
217602,2.0407774448394775,,,,m16o6pm1
217842,1.9722145795822144,,,,m16o6pm1
217998,2.039022922515869,,,,m16o6pm1
218229,2.015840530395508,,,,m16o6pm1
218432,1.9834386110305786,,,,m16o6pm1
218608,2.0315730571746826,,,,m16o6pm1
218746,2.0206754207611084,,,,m16o6pm1
218880,1.9952456951141357,,,,m16o6pm1
219019,1.9157603979110718,,,,m16o6pm1
219157,1.9977937936782837,,,,m16o6pm1
219477,1.9887689352035522,,,,m16o6pm1
219643,2.0348422527313232,,,,m16o6pm1
219815,1.987510085105896,,,,m16o6pm1
219975,2.003516912460327,,,,m16o6pm1
220000,,2.5971057415008545,1.8966035842895508,2.73283314704895,m16o6pm1
220144,1.9868675470352173,,,,m16o6pm1
220273,2.0209271907806396,,,,m16o6pm1
220434,2.025071382522583,,,,m16o6pm1
220639,1.9727405309677124,,,,m16o6pm1
220846,2.00252103805542,,,,m16o6pm1
220990,2.029672384262085,,,,m16o6pm1
221238,2.0232338905334473,,,,m16o6pm1
221354,2.0058276653289795,,,,m16o6pm1
221675,2.0001604557037354,,,,m16o6pm1
221785,1.9665851593017578,,,,m16o6pm1
222003,2.013514280319214,,,,m16o6pm1
222202,2.0109446048736572,,,,m16o6pm1
222460,2.0360422134399414,,,,m16o6pm1
222699,1.9915997982025146,,,,m16o6pm1
222971,2.0004212856292725,,,,m16o6pm1
223202,1.9918525218963623,,,,m16o6pm1
223404,2.024688720703125,,,,m16o6pm1
223544,2.0604562759399414,,,,m16o6pm1
223734,2.0197455883026123,,,,m16o6pm1
223944,2.018817663192749,,,,m16o6pm1
224104,1.9960863590240479,,,,m16o6pm1
224341,1.9947034120559692,,,,m16o6pm1
224501,2.0126633644104004,,,,m16o6pm1
224722,1.9772474765777588,,,,m16o6pm1
224856,1.9944381713867188,,,,m16o6pm1
224970,2.0239486694335938,,,,m16o6pm1
225008,1.9925708770751953,,,,m16o6pm1
225020,1.9676505327224731,,,,dft1ctih
225030,2.0324978828430176,,,,dft1ctih
225042,1.9531996250152588,,,,dft1ctih
225053,2.0334789752960205,,,,dft1ctih
225065,1.988762617111206,,,,dft1ctih
225077,2.0341169834136963,,,,dft1ctih
225087,2.0152459144592285,,,,dft1ctih
225099,1.9537568092346191,,,,dft1ctih
225109,2.0283138751983643,,,,m16o6pm1
225120,2.0211939811706543,,,,dft1ctih
225132,2.004741668701172,,,,dft1ctih
225142,2.0014708042144775,,,,m16o6pm1
225154,2.0046064853668213,,,,dft1ctih
225166,2.0142526626586914,,,,dft1ctih
225178,1.9633638858795166,,,,dft1ctih
225190,1.94140625,,,,dft1ctih
225201,2.0196433067321777,,,,dft1ctih
225211,2.0284667015075684,,,,dft1ctih
225221,1.991991400718689,,,,dft1ctih
225232,2.0188117027282715,,,,m16o6pm1
225244,2.0241096019744873,,,,dft1ctih
225256,1.9800827503204346,,,,dft1ctih
225268,2.0071933269500732,,,,dft1ctih
225280,2.0016119480133057,,,,dft1ctih
225292,2.035029649734497,,,,dft1ctih
225303,2.0011260509490967,,,,dft1ctih
225314,2.001811981201172,,,,dft1ctih
225326,1.9941905736923218,,,,dft1ctih
225338,2.0193099975585938,,,,dft1ctih
225349,2.0283796787261963,,,,dft1ctih
225361,2.0007519721984863,,,,dft1ctih
225373,2.0085227489471436,,,,dft1ctih
225385,1.9894475936889648,,,,dft1ctih
225397,2.0093750953674316,,,,dft1ctih
225406,1.9973946809768677,,,,m16o6pm1
225415,1.978798270225525,,,,dft1ctih
225426,2.010272264480591,,,,dft1ctih
225437,1.9924486875534058,,,,dft1ctih
225449,1.9840689897537231,,,,dft1ctih
225459,1.9930325746536255,,,,dft1ctih
225470,2.040348529815674,,,,dft1ctih
225481,2.0204501152038574,,,,dft1ctih
225492,1.9841604232788086,,,,dft1ctih
225504,1.9679481983184814,,,,dft1ctih
225516,1.982611894607544,,,,dft1ctih
225528,1.9742015600204468,,,,dft1ctih
225537,1.9754153490066528,,,,dft1ctih
225549,1.9649208784103394,,,,dft1ctih
225560,1.9908641576766968,,,,dft1ctih
225572,1.9998455047607422,,,,dft1ctih
225584,1.9857319593429565,,,,dft1ctih
225595,2.034722089767456,,,,dft1ctih
225607,1.9915268421173096,,,,dft1ctih
225619,1.9994540214538574,,,,dft1ctih
225631,1.990848422050476,,,,dft1ctih
225643,2.043792486190796,,,,dft1ctih
225655,1.9993422031402588,,,,dft1ctih
225667,1.960978627204895,,,,dft1ctih
225679,2.0039403438568115,,,,dft1ctih
225691,1.9965579509735107,,,,dft1ctih
225703,2.006924867630005,,,,dft1ctih
225715,2.0314342975616455,,,,dft1ctih
225727,2.002091884613037,,,,dft1ctih
225739,2.0422730445861816,,,,dft1ctih
225751,2.0164859294891357,,,,dft1ctih
225763,2.0008533000946045,,,,dft1ctih
225775,1.9890460968017578,,,,dft1ctih
225787,1.9969348907470703,,,,dft1ctih
225799,2.009779453277588,,,,dft1ctih
225811,1.9576936960220337,,,,dft1ctih
225823,1.967940092086792,,,,dft1ctih
225835,1.9857209920883179,,,,dft1ctih
225847,1.9680142402648926,,,,dft1ctih
225859,2.0324504375457764,,,,dft1ctih
225871,1.9868065118789673,,,,dft1ctih
225883,1.9561398029327393,,,,dft1ctih
225895,2.020009994506836,,,,dft1ctih
225907,2.028507709503174,,,,dft1ctih
225919,2.0324463844299316,,,,dft1ctih
225931,1.9878746271133423,,,,dft1ctih
225943,2.0054781436920166,,,,dft1ctih
225955,1.997344732284546,,,,dft1ctih
225967,1.9862096309661865,,,,dft1ctih
225979,1.9690521955490112,,,,dft1ctih
225991,2.030086040496826,,,,dft1ctih
226002,2.027245044708252,,,,dft1ctih
226011,1.9783047437667847,,,,dft1ctih
226019,1.9815196990966797,,,,zsl8eerh
226030,1.9768022298812866,,,,dft1ctih
226039,1.966375470161438,,,,dft1ctih
226048,1.9487333297729492,,,,zsl8eerh
226056,2.0449740886688232,,,,zsl8eerh
226065,1.9903215169906616,,,,dft1ctih
226074,2.0175564289093018,,,,dft1ctih
226083,1.9509388208389282,,,,dft1ctih
226092,2.0022192001342773,,,,dft1ctih
226102,2.029498338699341,,,,dft1ctih
226111,2.0092344284057617,,,,dft1ctih
226121,2.0240001678466797,,,,dft1ctih
226130,1.9925293922424316,,,,zsl8eerh
226140,2.0417113304138184,,,,dft1ctih
226150,1.9990178346633911,,,,zsl8eerh
226159,1.9714840650558472,,,,zsl8eerh
226168,1.9591257572174072,,,,dft1ctih
226178,1.9845994710922241,,,,dft1ctih
226187,2.0155019760131836,,,,dft1ctih
226197,1.9867546558380127,,,,dft1ctih
226204,1.9300423860549927,,,,zsl8eerh
226215,2.016183853149414,,,,dft1ctih
226225,2.0032870769500732,,,,dft1ctih
226234,1.9912538528442383,,,,dft1ctih
226243,1.9660780429840088,,,,dft1ctih
226251,2.017589807510376,,,,zsl8eerh
226261,1.9731916189193726,,,,dft1ctih
226270,1.9660202264785767,,,,zsl8eerh
226278,2.0232107639312744,,,,zsl8eerh
226287,2.0109755992889404,,,,dft1ctih
226295,2.0047874450683594,,,,zsl8eerh
226321,1.9944905042648315,,,,zsl8eerh
226353,2.0227696895599365,,,,zsl8eerh
226424,2.0001282691955566,,,,zsl8eerh
226469,2.0302846431732178,,,,zsl8eerh
226508,1.9835869073867798,,,,zsl8eerh
226534,1.9922244548797607,,,,zsl8eerh
226576,1.9773918390274048,,,,zsl8eerh
226623,2.026174306869507,,,,zsl8eerh
226656,2.004178524017334,,,,zsl8eerh
226701,1.9632266759872437,,,,zsl8eerh
226732,1.9553636312484741,,,,zsl8eerh
226769,2.0326194763183594,,,,zsl8eerh
226822,2.0282132625579834,,,,zsl8eerh
226867,1.9894776344299316,,,,zsl8eerh
226904,2.016780376434326,,,,zsl8eerh
226932,2.009307861328125,,,,zsl8eerh
226966,1.9880377054214478,,,,zsl8eerh
226993,1.981847882270813,,,,zsl8eerh
227034,2.00394606590271,,,,zsl8eerh
227073,1.9895139932632446,,,,zsl8eerh
227105,1.9801758527755737,,,,zsl8eerh
227150,2.0214996337890625,,,,zsl8eerh
227181,1.9880897998809814,,,,zsl8eerh
227214,1.9844335317611694,,,,zsl8eerh
227254,2.002662420272827,,,,zsl8eerh
227307,1.9723795652389526,,,,zsl8eerh
227359,1.990229606628418,,,,zsl8eerh
227397,2.0195372104644775,,,,zsl8eerh
227436,2.009127378463745,,,,zsl8eerh
227458,1.9976260662078857,,,,zsl8eerh
227524,2.0045735836029053,,,,zsl8eerh
227556,2.008338451385498,,,,zsl8eerh
227588,2.0288403034210205,,,,zsl8eerh
227630,2.0200939178466797,,,,zsl8eerh
227677,2.0251972675323486,,,,zsl8eerh
227718,1.9940180778503418,,,,zsl8eerh
227756,2.0154712200164795,,,,zsl8eerh
227807,1.9705713987350464,,,,zsl8eerh
227851,1.9411669969558716,,,,zsl8eerh
227899,1.9954203367233276,,,,zsl8eerh
227924,1.9860759973526,,,,zsl8eerh
227969,2.0144622325897217,,,,zsl8eerh
228014,2.0098445415496826,,,,zsl8eerh
228045,1.9984710216522217,,,,zsl8eerh
228101,1.975026249885559,,,,zsl8eerh
228137,2.0201961994171143,,,,zsl8eerh
228176,1.9892473220825195,,,,zsl8eerh
228203,2.016792058944702,,,,zsl8eerh
228248,2.0012423992156982,,,,zsl8eerh
228301,1.999788522720337,,,,zsl8eerh
228335,1.9601739645004272,,,,zsl8eerh
228376,1.994662880897522,,,,zsl8eerh
228414,2.015183448791504,,,,zsl8eerh
228453,1.9957032203674316,,,,zsl8eerh
228476,1.984447956085205,,,,zsl8eerh
228507,2.0193591117858887,,,,zsl8eerh
228544,2.015505075454712,,,,zsl8eerh
228581,1.9570214748382568,,,,zsl8eerh
228612,1.9976153373718262,,,,zsl8eerh
228654,2.0221548080444336,,,,zsl8eerh
228699,2.0265121459960938,,,,zsl8eerh
228739,2.014982223510742,,,,zsl8eerh
228773,1.9514206647872925,,,,zsl8eerh
228807,1.9836069345474243,,,,zsl8eerh
228843,1.9458200931549072,,,,zsl8eerh
228876,2.0379638671875,,,,zsl8eerh
228914,2.013861894607544,,,,zsl8eerh
228952,1.9819878339767456,,,,zsl8eerh
228991,2.0095741748809814,,,,zsl8eerh
229046,1.9639695882797241,,,,zsl8eerh
229082,1.9991549253463745,,,,zsl8eerh
229118,1.9975847005844116,,,,zsl8eerh
229153,2.002298593521118,,,,zsl8eerh
229184,1.9836878776550293,,,,zsl8eerh
229215,1.977922797203064,,,,zsl8eerh
229255,1.98222815990448,,,,zsl8eerh
229284,2.008287191390991,,,,zsl8eerh
229333,1.980364203453064,,,,zsl8eerh
229356,1.9583613872528076,,,,zsl8eerh
229397,1.9638187885284424,,,,zsl8eerh
229432,2.025034189224243,,,,zsl8eerh
229461,1.9709832668304443,,,,zsl8eerh
229513,2.0037362575531006,,,,zsl8eerh
229554,2.022629976272583,,,,zsl8eerh
229577,1.992426872253418,,,,zsl8eerh
229638,2.0317888259887695,,,,zsl8eerh
229677,2.0001447200775146,,,,zsl8eerh
229718,2.039262056350708,,,,zsl8eerh
229771,2.045135021209717,,,,zsl8eerh
229816,1.9527974128723145,,,,zsl8eerh
229869,1.9960753917694092,,,,zsl8eerh
229902,1.9781960248947144,,,,zsl8eerh
229941,2.0308306217193604,,,,zsl8eerh
229971,1.9960720539093018,,,,zsl8eerh
230000,,2.5954251289367676,1.8922412395477295,2.7306525707244873,zsl8eerh
230017,2.0101125240325928,,,,zsl8eerh
230052,1.9567852020263672,,,,zsl8eerh
230103,2.0053374767303467,,,,zsl8eerh
230154,1.9577412605285645,,,,zsl8eerh
230182,2.0213143825531006,,,,zsl8eerh
230230,1.9591602087020874,,,,zsl8eerh
230269,2.002671480178833,,,,zsl8eerh
230316,1.9762831926345825,,,,zsl8eerh
230369,1.9676826000213623,,,,zsl8eerh
230409,1.9850096702575684,,,,zsl8eerh
230455,2.051466703414917,,,,zsl8eerh
230499,1.9981437921524048,,,,zsl8eerh
230531,2.0613932609558105,,,,zsl8eerh
230556,2.0325186252593994,,,,zsl8eerh
230589,1.9920248985290527,,,,zsl8eerh
230610,2.019469976425171,,,,zsl8eerh
230657,1.9732965230941772,,,,zsl8eerh
230689,2.0421948432922363,,,,zsl8eerh
230737,1.9906762838363647,,,,zsl8eerh
230774,1.983996868133545,,,,zsl8eerh
230825,2.015953302383423,,,,zsl8eerh
230866,1.9981101751327515,,,,zsl8eerh
230899,1.9868932962417603,,,,zsl8eerh
230942,1.9702363014221191,,,,zsl8eerh
232267,1.9444104433059692,,,,ccu8f14l
234147,2.0121078491210938,,,,ccu8f14l
237141,1.9908297061920166,,,,ccu8f14l
238567,1.9562000036239624,,,,ccu8f14l
240000,,2.594637393951416,1.8922743797302246,2.7301828861236572,ccu8f14l
240305,1.9956432580947876,,,,ccu8f14l
242684,1.9857314825057983,,,,ccu8f14l
244131,2.0089876651763916,,,,ccu8f14l
246723,2.0260956287384033,,,,ccu8f14l
249138,2.0096323490142822,,,,ccu8f14l
250000,,2.5909857749938965,1.8906598091125488,2.725083112716675,ccu8f14l
250978,2.028456687927246,,,,ccu8f14l
253125,1.9800114631652832,,,,ccu8f14l
254411,2.000040292739868,,,,ccu8f14l
256482,1.9743963479995728,,,,ccu8f14l
258276,1.949365258216858,,,,ccu8f14l
260000,,2.587141752243042,1.8966866731643677,2.724041223526001,ccu8f14l
260478,2.0058770179748535,,,,ccu8f14l
261403,1.966382622718811,,,,ccu8f14l
263686,1.9750522375106812,,,,ccu8f14l
265963,1.9965214729309082,,,,ccu8f14l
268242,1.989976406097412,,,,ccu8f14l
270000,,2.5875043869018555,1.8892252445220947,2.724762439727783,ccu8f14l
272098,1.9940097332000732,,,,ccu8f14l
274059,1.9601112604141235,,,,ccu8f14l
275802,1.9891074895858765,,,,ccu8f14l
277364,1.9837098121643066,,,,ccu8f14l
279194,1.9685996770858765,,,,ccu8f14l
280000,,2.5865254402160645,1.8801074028015137,2.7222707271575928,ccu8f14l
280578,1.9422001838684082,,,,ccu8f14l
282757,2.0068039894104004,,,,ccu8f14l
283970,1.9907833337783813,,,,ccu8f14l
285787,2.026435613632202,,,,ccu8f14l
287520,1.9779984951019287,,,,ccu8f14l
290000,,2.585012197494507,1.887419581413269,2.7192671298980713,ccu8f14l
291108,2.0030102729797363,,,,ccu8f14l
292397,1.9988315105438232,,,,ccu8f14l
293572,1.9190773963928223,,,,ccu8f14l
294738,1.988189697265625,,,,ccu8f14l
296333,1.9662491083145142,,,,ccu8f14l
297357,1.9874485731124878,,,,ccu8f14l
299514,1.9969072341918945,,,,ccu8f14l
300000,,2.583693027496338,1.8750004768371582,2.721451759338379,ccu8f14l
300822,1.946093201637268,,,,ccu8f14l
303249,2.006654739379883,,,,ccu8f14l
304957,1.9861819744110107,,,,ccu8f14l
306436,1.9588090181350708,,,,ccu8f14l
308425,1.9689340591430664,,,,ccu8f14l
310000,,2.5804407596588135,1.8781598806381226,2.7238545417785645,ccu8f14l
310502,1.9492837190628052,,,,ccu8f14l
313403,1.991433024406433,,,,ccu8f14l
315565,1.999188780784607,,,,ccu8f14l
317988,1.933264970779419,,,,ccu8f14l
320000,,2.576491594314575,1.8754321336746216,2.7157697677612305,ccu8f14l
321491,1.9871689081192017,,,,ccu8f14l
324550,1.9820599555969238,,,,ccu8f14l
326565,1.9502050876617432,,,,ccu8f14l
329360,1.9987834692001343,,,,ccu8f14l
330000,,2.576613187789917,1.8722983598709106,2.7119250297546387,ccu8f14l
331385,1.9597570896148682,,,,ccu8f14l
333595,1.9642112255096436,,,,ccu8f14l
334704,1.966830849647522,,,,ccu8f14l
336804,2.0084333419799805,,,,ccu8f14l
339218,1.958687424659729,,,,ccu8f14l
340000,,2.578115940093994,1.8729631900787354,2.7118144035339355,ccu8f14l
342066,1.9596322774887085,,,,ccu8f14l
342862,1.9777628183364868,,,,ccu8f14l
344604,1.9528486728668213,,,,ccu8f14l
346791,1.9879627227783203,,,,ccu8f14l
348414,1.9853123426437378,,,,ccu8f14l
350000,,2.571218490600586,1.8769854307174683,2.7125015258789062,ccu8f14l
350602,1.979530692100525,,,,ccu8f14l
352444,1.9502050876617432,,,,ccu8f14l
354113,2.016834259033203,,,,ccu8f14l
354979,1.9607796669006348,,,,ccu8f14l
356276,1.9686745405197144,,,,ccu8f14l
357216,1.9869880676269531,,,,ccu8f14l
359488,2.018993854522705,,,,ccu8f14l
360000,,2.5753705501556396,1.8655723333358765,2.7093074321746826,ccu8f14l
362334,1.9775030612945557,,,,ccu8f14l
364348,1.9868518114089966,,,,ccu8f14l
366945,1.9526573419570923,,,,ccu8f14l
368027,1.9238923788070679,,,,ccu8f14l
370000,,2.5731449127197266,1.8636162281036377,2.7058064937591553,ccu8f14l
372713,1.9903888702392578,,,,ccu8f14l
374112,1.9595589637756348,,,,ccu8f14l
375374,1.9952373504638672,,,,ccu8f14l
376713,1.967153549194336,,,,ccu8f14l
379543,1.9592421054840088,,,,ccu8f14l
380000,,2.57170033454895,1.8679471015930176,2.7093923091888428,ccu8f14l
380433,1.965746521949768,,,,ccu8f14l
382373,1.9407551288604736,,,,ccu8f14l
384130,1.9502702951431274,,,,ccu8f14l
386597,1.9817490577697754,,,,ccu8f14l
387897,1.959848403930664,,,,ccu8f14l
389909,2.000596761703491,,,,ccu8f14l
390000,,2.568124771118164,1.87095308303833,2.707423210144043,ccu8f14l
391070,1.9710835218429565,,,,ccu8f14l
392787,1.950314998626709,,,,ccu8f14l
393745,1.9877371788024902,,,,ccu8f14l
396941,1.9554418325424194,,,,ccu8f14l
399381,2.0104708671569824,,,,ccu8f14l
400000,,2.5687484741210938,1.8762197494506836,2.7028844356536865,ccu8f14l
400645,1.9948961734771729,,,,ccu8f14l
401913,1.9584097862243652,,,,ccu8f14l
403508,1.982432246208191,,,,ccu8f14l
405596,1.9675400257110596,,,,ccu8f14l
408951,1.9775062799453735,,,,ccu8f14l
410000,,2.5654876232147217,1.8703302145004272,2.7008814811706543,ccu8f14l
411150,1.9557749032974243,,,,ccu8f14l
412957,1.9771462678909302,,,,ccu8f14l
415078,1.9798897504806519,,,,ccu8f14l
417007,1.9634599685668945,,,,ccu8f14l
419302,1.9564578533172607,,,,ccu8f14l
420000,,2.56540584564209,1.885595679283142,2.7003276348114014,ccu8f14l
422574,1.985884428024292,,,,ccu8f14l
425105,1.9519813060760498,,,,ccu8f14l
427130,1.9507511854171753,,,,ccu8f14l
428467,1.9266304969787598,,,,ccu8f14l
429926,1.970716953277588,,,,ccu8f14l
430000,,2.56221866607666,1.86518394947052,2.698368549346924,ccu8f14l
431887,1.9623535871505737,,,,ccu8f14l
434445,1.9413671493530273,,,,ccu8f14l
435818,1.9709473848342896,,,,ccu8f14l
437665,1.9525442123413086,,,,ccu8f14l
440000,,2.5595250129699707,1.8643628358840942,2.697678565979004,ccu8f14l
441833,1.9431966543197632,,,,ccu8f14l
443486,1.9650501012802124,,,,ccu8f14l
445220,1.96804678440094,,,,ccu8f14l
447335,1.9511817693710327,,,,ccu8f14l
449486,1.9695652723312378,,,,ccu8f14l
450000,,2.5612051486968994,1.8583641052246094,2.694575309753418,ccu8f14l
450421,1.9552801847457886,,,,ccu8f14l
452976,1.9702484607696533,,,,ccu8f14l
455876,1.973567008972168,,,,ccu8f14l
457857,1.9195281267166138,,,,ccu8f14l
459723,1.9377464056015015,,,,ccu8f14l
460000,,2.556365966796875,1.8604787588119507,2.6936206817626953,ccu8f14l
460845,1.9949294328689575,,,,ccu8f14l
462709,1.9040002822875977,,,,ccu8f14l
464504,1.96086847782135,,,,ccu8f14l
467894,1.9319441318511963,,,,ccu8f14l
470000,,2.5609121322631836,1.8568577766418457,2.6891207695007324,ccu8f14l
470125,1.9825257062911987,,,,ccu8f14l
471450,1.9396536350250244,,,,ccu8f14l
474194,1.984244465827942,,,,ccu8f14l
477023,1.947758674621582,,,,sqkbby8n
478003,1.939914345741272,,,,sqkbby8n
478847,1.9491058588027954,,,,sqkbby8n
479930,1.927844524383545,,,,sqkbby8n
480000,,2.553067207336426,1.8547296524047852,2.68973708152771,sqkbby8n
480449,1.9459352493286133,,,,sqkbby8n
481714,1.9739577770233154,,,,sqkbby8n
482871,1.9634313583374023,,,,sqkbby8n
484061,1.9643062353134155,,,,sqkbby8n
485144,1.9368541240692139,,,,sqkbby8n
485889,1.9685035943984985,,,,sqkbby8n
487143,1.9212318658828735,,,,sqkbby8n
488207,1.9547313451766968,,,,sqkbby8n
489090,1.932135820388794,,,,sqkbby8n
489938,1.9727647304534912,,,,sqkbby8n
490000,,2.5533857345581055,1.8588327169418335,2.6883902549743652,sqkbby8n
490943,1.9655743837356567,,,,sqkbby8n
491766,1.9571207761764526,,,,sqkbby8n
492691,1.9905141592025757,,,,sqkbby8n
493774,1.9825315475463867,,,,sqkbby8n
494906,1.9502902030944824,,,,sqkbby8n
495699,1.9575555324554443,,,,sqkbby8n
496763,1.980184555053711,,,,sqkbby8n
497562,1.9939206838607788,,,,sqkbby8n
498308,1.9663761854171753,,,,sqkbby8n
499887,1.9332194328308105,,,,sqkbby8n
500000,,2.5516555309295654,1.8583484888076782,2.688961982727051,sqkbby8n
500646,1.9463988542556763,,,,sqkbby8n
501289,1.9661624431610107,,,,sqkbby8n
502405,1.9347702264785767,,,,sqkbby8n
503282,1.924006700515747,,,,sqkbby8n
503942,1.9744728803634644,,,,sqkbby8n
505078,1.9547635316848755,,,,sqkbby8n
506426,1.9459943771362305,,,,sqkbby8n
507212,1.9444104433059692,,,,sqkbby8n
507973,1.9367259740829468,,,,sqkbby8n
508444,1.9519598484039307,,,,sqkbby8n
509223,1.9120491743087769,,,,sqkbby8n
509834,1.9680784940719604,,,,sqkbby8n
510000,,2.5484118461608887,1.8507850170135498,2.6843838691711426,sqkbby8n
511056,1.9245506525039673,,,,sqkbby8n
511937,1.9741867780685425,,,,sqkbby8n
513047,1.9803121089935303,,,,sqkbby8n
514325,1.9629905223846436,,,,sqkbby8n
515387,1.9348039627075195,,,,sqkbby8n
516154,1.9503209590911865,,,,sqkbby8n
517321,1.917811393737793,,,,sqkbby8n
518209,1.9088764190673828,,,,sqkbby8n
519217,1.9674952030181885,,,,sqkbby8n
520000,,2.547415018081665,1.847938060760498,2.682681083679199,sqkbby8n
520815,1.9542384147644043,,,,sqkbby8n
521714,1.9357839822769165,,,,sqkbby8n
522716,1.9200756549835205,,,,sqkbby8n
523418,1.9410508871078491,,,,sqkbby8n
524301,1.9590836763381958,,,,sqkbby8n
525072,1.969909906387329,,,,sqkbby8n
526054,1.9564498662948608,,,,sqkbby8n
526748,1.965567708015442,,,,sqkbby8n
527565,1.9171364307403564,,,,sqkbby8n
528549,1.953743577003479,,,,sqkbby8n
529777,1.9413764476776123,,,,sqkbby8n
530000,,2.548496961593628,1.8579984903335571,2.6820130348205566,sqkbby8n
530515,1.9303020238876343,,,,sqkbby8n
531109,1.9077389240264893,,,,sqkbby8n
532163,1.8947123289108276,,,,sqkbby8n
532989,1.9068738222122192,,,,sqkbby8n
534148,1.964005708694458,,,,sqkbby8n
534971,1.9598228931427002,,,,sqkbby8n
536070,1.9308459758758545,,,,sqkbby8n
536714,1.9085068702697754,,,,sqkbby8n
537378,1.9721516370773315,,,,sqkbby8n
538269,1.9533230066299438,,,,sqkbby8n
538802,1.95256507396698,,,,sqkbby8n
539478,1.9300541877746582,,,,sqkbby8n
540000,,2.545506000518799,1.8441951274871826,2.6804959774017334,sqkbby8n
540381,1.9428799152374268,,,,sqkbby8n
541009,1.9081004858016968,,,,sqkbby8n
541736,1.9287282228469849,,,,sqkbby8n
542369,1.9503376483917236,,,,sqkbby8n
543259,1.9063063859939575,,,,sqkbby8n
543916,1.9539662599563599,,,,sqkbby8n
545106,1.960994839668274,,,,sqkbby8n
546401,1.9850633144378662,,,,sqkbby8n
547608,1.934375524520874,,,,sqkbby8n
548471,1.9661927223205566,,,,sqkbby8n
549697,1.9439226388931274,,,,sqkbby8n
550000,,2.5440328121185303,1.8428099155426025,2.683104991912842,sqkbby8n
550571,1.9256635904312134,,,,sqkbby8n
551629,1.940630316734314,,,,sqkbby8n
552792,1.9270877838134766,,,,sqkbby8n
553864,1.9637885093688965,,,,sqkbby8n
554623,1.9454734325408936,,,,sqkbby8n
555623,1.9098193645477295,,,,sqkbby8n
556495,1.9413588047027588,,,,sqkbby8n
557987,1.9211888313293457,,,,sqkbby8n
559107,1.9259672164916992,,,,sqkbby8n
560000,,2.543119192123413,1.8428617715835571,2.680520534515381,sqkbby8n
560407,1.9517210721969604,,,,sqkbby8n
561222,1.9427891969680786,,,,sqkbby8n
562195,1.9195746183395386,,,,sqkbby8n
563169,1.9573874473571777,,,,sqkbby8n
564014,1.9282640218734741,,,,sqkbby8n
564842,1.8762543201446533,,,,sqkbby8n
566073,1.9467846155166626,,,,sqkbby8n
566986,1.8846139907836914,,,,sqkbby8n
568187,1.9720134735107422,,,,sqkbby8n
569028,1.9689348936080933,,,,sqkbby8n
570000,,2.541457414627075,1.8385834693908691,2.676162004470825,sqkbby8n
570739,1.9574120044708252,,,,sqkbby8n
571803,1.9582958221435547,,,,sqkbby8n
572760,1.9011938571929932,,,,sqkbby8n
573565,1.897526502609253,,,,sqkbby8n
574737,1.9194868803024292,,,,sqkbby8n
576004,1.9105865955352783,,,,sqkbby8n
577131,1.9446841478347778,,,,sqkbby8n
578632,1.9180829524993896,,,,sqkbby8n
579164,1.9228459596633911,,,,sqkbby8n
579901,1.9019111394882202,,,,sqkbby8n
580000,,2.542053461074829,1.8401679992675781,2.676757574081421,sqkbby8n
580770,1.9347920417785645,,,,sqkbby8n
581396,1.9279024600982666,,,,sqkbby8n
582765,1.9189375638961792,,,,sqkbby8n
583642,1.9579007625579834,,,,sqkbby8n
584723,1.9559931755065918,,,,sqkbby8n
585910,1.8815245628356934,,,,sqkbby8n
587546,1.911274790763855,,,,sqkbby8n
588304,1.9008686542510986,,,,sqkbby8n
589035,1.9415936470031738,,,,sqkbby8n
589700,1.9263644218444824,,,,sqkbby8n
590000,,2.541351318359375,1.842851161956787,2.682687759399414,sqkbby8n
590460,1.9355525970458984,,,,sqkbby8n
591347,1.9580124616622925,,,,sqkbby8n
592076,1.957128882408142,,,,sqkbby8n
593010,1.9154306650161743,,,,sqkbby8n
593712,1.9590098857879639,,,,sqkbby8n
594383,1.9574490785598755,,,,sqkbby8n
594994,1.9576396942138672,,,,sqkbby8n
596050,1.9508581161499023,,,,i8xhn5an
596062,1.9560030698776245,,,,i8xhn5an
596074,1.9950125217437744,,,,i8xhn5an
596086,1.8746546506881714,,,,i8xhn5an
596098,1.9364912509918213,,,,i8xhn5an
596110,1.943232774734497,,,,i8xhn5an
596122,1.9026693105697632,,,,i8xhn5an
596134,1.9012532234191895,,,,i8xhn5an
596146,1.9828304052352905,,,,i8xhn5an
596158,1.9070870876312256,,,,i8xhn5an
596170,1.9817007780075073,,,,i8xhn5an
596182,1.9716553688049316,,,,i8xhn5an
596194,1.9497164487838745,,,,i8xhn5an
596206,1.878371238708496,,,,i8xhn5an
596218,1.9316729307174683,,,,i8xhn5an
596230,1.925195336341858,,,,i8xhn5an
596242,1.9307080507278442,,,,i8xhn5an
596254,1.9918502569198608,,,,i8xhn5an
596266,1.9392391443252563,,,,i8xhn5an
596278,1.9198131561279297,,,,i8xhn5an
596290,1.9221304655075073,,,,i8xhn5an
596302,1.95576012134552,,,,i8xhn5an
596314,1.93050217628479,,,,i8xhn5an
596326,1.941280722618103,,,,i8xhn5an
596338,1.9304066896438599,,,,i8xhn5an
596350,1.9325618743896484,,,,i8xhn5an
596362,1.9487630128860474,,,,i8xhn5an
596374,1.9713655710220337,,,,i8xhn5an
596386,1.939093828201294,,,,i8xhn5an
596398,1.975745677947998,,,,i8xhn5an
596410,1.9495303630828857,,,,i8xhn5an
596422,1.9450387954711914,,,,i8xhn5an
596434,1.8877391815185547,,,,i8xhn5an
596446,1.9533709287643433,,,,i8xhn5an
596458,1.9041748046875,,,,i8xhn5an
596470,1.9373762607574463,,,,i8xhn5an
596482,1.9321234226226807,,,,i8xhn5an
596494,1.9201035499572754,,,,i8xhn5an
596506,1.8717889785766602,,,,i8xhn5an
596518,1.9158732891082764,,,,i8xhn5an
596530,1.931573748588562,,,,i8xhn5an
596542,1.9565184116363525,,,,i8xhn5an
596554,1.9537959098815918,,,,i8xhn5an
596566,1.8847781419754028,,,,i8xhn5an
596578,1.9320343732833862,,,,i8xhn5an
596590,1.9571521282196045,,,,i8xhn5an
596602,1.9394044876098633,,,,i8xhn5an
596614,1.965525507926941,,,,i8xhn5an
596626,1.9308236837387085,,,,i8xhn5an
596638,1.9513221979141235,,,,i8xhn5an
596650,1.9064812660217285,,,,i8xhn5an
596662,1.9396858215332031,,,,i8xhn5an
596674,1.911705493927002,,,,i8xhn5an
596686,1.9325661659240723,,,,i8xhn5an
596698,1.923128366470337,,,,i8xhn5an
596710,1.9340511560440063,,,,i8xhn5an
596722,1.9258676767349243,,,,i8xhn5an
596734,1.9396262168884277,,,,i8xhn5an
596746,1.9525545835494995,,,,i8xhn5an
596758,1.9335583448410034,,,,i8xhn5an
596770,1.9523788690567017,,,,i8xhn5an
596782,1.930418848991394,,,,i8xhn5an
596794,1.929755449295044,,,,i8xhn5an
596806,1.9241658449172974,,,,i8xhn5an
596818,1.9340856075286865,,,,i8xhn5an
596830,1.9170206785202026,,,,i8xhn5an
596842,1.9566437005996704,,,,i8xhn5an
596854,1.9471381902694702,,,,i8xhn5an
596866,1.9464391469955444,,,,i8xhn5an
596878,1.9120383262634277,,,,i8xhn5an
596890,1.9317939281463623,,,,i8xhn5an
596902,1.9344289302825928,,,,i8xhn5an
596914,1.9066884517669678,,,,i8xhn5an
596926,1.9148303270339966,,,,i8xhn5an
596938,1.9256879091262817,,,,i8xhn5an
596950,1.9379329681396484,,,,i8xhn5an
596962,1.9762386083602905,,,,i8xhn5an
596974,1.9653931856155396,,,,i8xhn5an
596986,1.9287430047988892,,,,i8xhn5an
596998,1.8905305862426758,,,,i8xhn5an
597010,1.950613260269165,,,,i8xhn5an
597022,1.9065357446670532,,,,i8xhn5an
597034,1.9095063209533691,,,,i8xhn5an
597046,1.897994875907898,,,,i8xhn5an
597360,1.9195916652679443,,,,hjd63tst
597914,1.950871229171753,,,,hjd63tst
598211,1.9488351345062256,,,,hjd63tst
598731,1.948012113571167,,,,hjd63tst
599015,1.9146134853363037,,,,hjd63tst
599431,1.9101277589797974,,,,hjd63tst
599813,1.9610097408294678,,,,hjd63tst
600000,,2.536050319671631,1.8393189907073975,2.6692116260528564,hjd63tst
600318,1.9047729969024658,,,,hjd63tst
600657,1.951656699180603,,,,hjd63tst
601010,1.9271934032440186,,,,hjd63tst
601566,1.9346809387207031,,,,hjd63tst
602043,1.9652618169784546,,,,hjd63tst
602756,1.9345405101776123,,,,hjd63tst
603058,1.9454994201660156,,,,hjd63tst
603560,1.9310932159423828,,,,hjd63tst
604040,1.873934268951416,,,,hjd63tst
604492,1.9095826148986816,,,,hjd63tst
604824,1.922614336013794,,,,hjd63tst
605492,1.9174253940582275,,,,hjd63tst
605803,1.9344075918197632,,,,hjd63tst
606091,1.9262516498565674,,,,hjd63tst
606491,1.9814223051071167,,,,hjd63tst
606889,1.9833773374557495,,,,hjd63tst
607303,1.932773470878601,,,,hjd63tst
607538,1.9001225233078003,,,,hjd63tst
607942,1.951213002204895,,,,hjd63tst
608252,1.9248957633972168,,,,hjd63tst
608454,1.906705617904663,,,,hjd63tst
608750,1.9579166173934937,,,,hjd63tst
609338,1.9177887439727783,,,,hjd63tst
609730,1.9238691329956055,,,,hjd63tst
610000,,2.537989377975464,1.8392434120178223,2.6709342002868652,hjd63tst
610031,1.9163625240325928,,,,hjd63tst
610400,1.9450899362564087,,,,hjd63tst
611041,1.9322352409362793,,,,hjd63tst
611202,1.9338887929916382,,,,hjd63tst
611552,1.924613356590271,,,,hjd63tst
612001,1.9283016920089722,,,,hjd63tst
612684,1.9456089735031128,,,,hjd63tst
613037,1.931238055229187,,,,hjd63tst
613601,1.965569019317627,,,,hjd63tst
613984,1.9476090669631958,,,,hjd63tst
614470,1.907881259918213,,,,hjd63tst
614846,1.8979721069335938,,,,hjd63tst
615153,1.9368438720703125,,,,hjd63tst
615689,1.9671393632888794,,,,hjd63tst
616143,1.9084776639938354,,,,hjd63tst
616489,1.9408749341964722,,,,hjd63tst
617248,1.9044387340545654,,,,hjd63tst
617508,1.9223815202713013,,,,hjd63tst
617916,1.93519127368927,,,,hjd63tst
618212,1.9626520872116089,,,,hjd63tst
618706,1.9263005256652832,,,,hjd63tst
619442,1.9192876815795898,,,,hjd63tst
619791,1.969058871269226,,,,hjd63tst
620000,,2.5358660221099854,1.8486863374710083,2.6709136962890625,hjd63tst
620171,1.9220219850540161,,,,hjd63tst
620614,1.9155381917953491,,,,hjd63tst
621015,1.905613899230957,,,,hjd63tst
621448,1.9479355812072754,,,,hjd63tst
621895,1.8972983360290527,,,,hjd63tst
622411,1.9044901132583618,,,,hjd63tst
622841,1.9353196620941162,,,,hjd63tst
623301,1.944503903388977,,,,hjd63tst
623792,1.937934398651123,,,,hjd63tst
624001,1.9440902471542358,,,,hjd63tst
624286,1.9179037809371948,,,,hjd63tst
624942,1.9183259010314941,,,,hjd63tst
625322,1.937910556793213,,,,hjd63tst
625657,1.9318000078201294,,,,hjd63tst
626218,1.9332590103149414,,,,hjd63tst
626629,1.933151125907898,,,,hjd63tst
627062,1.9741411209106445,,,,hjd63tst
627420,1.9595662355422974,,,,hjd63tst
627795,1.907320261001587,,,,hjd63tst
628195,1.934334635734558,,,,hjd63tst
628410,1.920174241065979,,,,hjd63tst
628652,1.9717761278152466,,,,hjd63tst
629033,1.9287912845611572,,,,hjd63tst
629431,1.9316118955612183,,,,hjd63tst
629833,1.9066556692123413,,,,hjd63tst
630000,,2.5360939502716064,1.8414092063903809,2.6685659885406494,hjd63tst
630261,1.9788684844970703,,,,hjd63tst
631002,1.9412072896957397,,,,hjd63tst
631374,1.958108901977539,,,,hjd63tst
631722,1.8936198949813843,,,,hjd63tst
631965,1.8733506202697754,,,,hjd63tst
632719,1.940178394317627,,,,hjd63tst
633009,1.917337417602539,,,,hjd63tst
633488,1.929809331893921,,,,hjd63tst
633807,1.9316842555999756,,,,hjd63tst
634314,1.9290395975112915,,,,hjd63tst
634720,1.8831244707107544,,,,hjd63tst
635196,1.9040710926055908,,,,hjd63tst
635651,1.9100812673568726,,,,hjd63tst
636118,1.9094254970550537,,,,hjd63tst
636388,1.9387199878692627,,,,hjd63tst
636843,1.9229258298873901,,,,hjd63tst
637485,1.9314157962799072,,,,hjd63tst
637678,1.9587501287460327,,,,hjd63tst
638166,1.9077850580215454,,,,hjd63tst
638504,1.950300931930542,,,,hjd63tst
639074,1.9119499921798706,,,,hjd63tst
639409,1.928795576095581,,,,hjd63tst
639943,1.9364440441131592,,,,hjd63tst
640000,,2.5326626300811768,1.8391247987747192,2.6677794456481934,hjd63tst
640238,1.8983498811721802,,,,hjd63tst
640691,1.9546276330947876,,,,hjd63tst
641001,1.903573989868164,,,,hjd63tst
641348,1.9374473094940186,,,,hjd63tst
641823,1.9233843088150024,,,,hjd63tst
642162,1.9220645427703857,,,,hjd63tst
642775,1.9361274242401123,,,,hjd63tst
643222,1.922926664352417,,,,hjd63tst
643582,1.9065256118774414,,,,hjd63tst
643878,1.9313647747039795,,,,hjd63tst
644355,1.9483890533447266,,,,hjd63tst
644981,1.9227502346038818,,,,hjd63tst
645200,1.9073240756988525,,,,hjd63tst
645457,1.9643594026565552,,,,hjd63tst
646055,1.9027314186096191,,,,hjd63tst
646396,1.9575787782669067,,,,hjd63tst
646956,1.9084157943725586,,,,hjd63tst
647399,1.9348435401916504,,,,hjd63tst
647719,1.8892886638641357,,,,hjd63tst
648064,1.8930195569992065,,,,hjd63tst
648360,1.9152295589447021,,,,hjd63tst
648744,1.935451626777649,,,,hjd63tst
649004,1.9647767543792725,,,,smxbl3jq
649016,1.919843077659607,,,,smxbl3jq
649026,1.92572021484375,,,,smxbl3jq
649038,1.8919382095336914,,,,smxbl3jq
649050,1.8739097118377686,,,,hjd63tst
649270,1.9440025091171265,,,,1moruomf
649928,1.9303456544876099,,,,1moruomf
650000,,2.531691074371338,1.8360563516616821,2.6680405139923096,1moruomf
650669,1.898551344871521,,,,1moruomf
651184,1.9153988361358643,,,,1moruomf
652093,1.9510900974273682,,,,1moruomf
652902,1.9183226823806763,,,,1moruomf
653709,1.918361783027649,,,,1moruomf
654556,1.924708366394043,,,,1moruomf
655109,1.9656015634536743,,,,1moruomf
656141,1.9033886194229126,,,,1moruomf
656841,1.930614948272705,,,,1moruomf
657577,1.9505914449691772,,,,1moruomf
658045,1.8942605257034302,,,,1moruomf
658942,1.9283872842788696,,,,1moruomf
659818,1.926345944404602,,,,1moruomf
660000,,2.531926393508911,1.8386644124984741,2.668241024017334,1moruomf
660308,1.9218251705169678,,,,1moruomf
660665,1.930591106414795,,,,1moruomf
661478,1.9235316514968872,,,,1moruomf
662042,1.9377731084823608,,,,1moruomf
663014,1.9314314126968384,,,,1moruomf
663417,1.9563549757003784,,,,1moruomf
664388,1.9400144815444946,,,,1moruomf
664908,1.8978543281555176,,,,1moruomf
665858,1.9169245958328247,,,,1moruomf
666749,1.972413420677185,,,,1moruomf
667344,1.9408628940582275,,,,1moruomf
668183,1.933028221130371,,,,1moruomf
669075,1.902419924736023,,,,1moruomf
669488,1.8983098268508911,,,,1moruomf
670000,,2.5310118198394775,1.8373292684555054,2.6662731170654297,1moruomf
670092,1.9106780290603638,,,,1moruomf
670954,1.8680254220962524,,,,1moruomf
672034,1.9473204612731934,,,,1moruomf
672679,1.888422966003418,,,,1moruomf
673209,1.9084192514419556,,,,1moruomf
673946,1.9241513013839722,,,,1moruomf
674795,1.8909999132156372,,,,1moruomf
675648,1.9016588926315308,,,,1moruomf
676065,1.9106082916259766,,,,1moruomf
676821,1.8859050273895264,,,,1moruomf
677443,1.9538462162017822,,,,1moruomf
678504,1.9305340051651,,,,1moruomf
679157,1.9241244792938232,,,,1moruomf
679769,1.9184367656707764,,,,1moruomf
680000,,2.5301084518432617,1.8301630020141602,2.663958787918091,1moruomf
680241,1.90256667137146,,,,1moruomf
680625,1.9295260906219482,,,,1moruomf
681187,1.9306285381317139,,,,1moruomf
681838,1.9303699731826782,,,,1moruomf
682686,1.8954795598983765,,,,1moruomf
683368,1.971609354019165,,,,1moruomf
683803,1.9254677295684814,,,,1moruomf
684798,1.9326092004776,,,,1moruomf
685316,1.898911476135254,,,,1moruomf
686221,1.9260118007659912,,,,1moruomf
686754,1.9340320825576782,,,,1moruomf
687605,1.8713973760604858,,,,1moruomf
688330,1.8898497819900513,,,,1moruomf
689015,1.939451813697815,,,,1moruomf
689707,1.901948094367981,,,,1moruomf
690000,,2.5290801525115967,1.8294473886489868,2.6647543907165527,1moruomf
690371,1.9303556680679321,,,,1moruomf
691221,1.8826175928115845,,,,1moruomf
692020,1.940520167350769,,,,1moruomf
692548,1.9257075786590576,,,,1moruomf
693057,1.9236493110656738,,,,1moruomf
693876,1.9347566366195679,,,,1moruomf
694616,1.919663429260254,,,,1moruomf
695256,1.91432785987854,,,,1moruomf
695707,1.9002944231033325,,,,1moruomf
696308,1.9384971857070923,,,,1moruomf
697128,1.9280396699905396,,,,1moruomf
697560,1.9042003154754639,,,,1moruomf
698194,1.9118590354919434,,,,1moruomf
698622,1.897304892539978,,,,1moruomf
699466,1.9243711233139038,,,,1moruomf
699784,1.861560583114624,,,,1moruomf
700000,,2.5279083251953125,1.8396817445755005,2.6627447605133057,1moruomf
700527,1.9142732620239258,,,,1moruomf
701466,1.9307928085327148,,,,1moruomf
702316,1.8936457633972168,,,,1moruomf
702739,1.9471266269683838,,,,1moruomf
703299,1.9143532514572144,,,,1moruomf
703953,1.9062130451202393,,,,1moruomf
704576,1.9283583164215088,,,,1moruomf
705208,1.9351043701171875,,,,1moruomf
706109,1.9157215356826782,,,,1moruomf
706684,1.9362468719482422,,,,1moruomf
707373,1.9241665601730347,,,,1moruomf
708036,1.90773606300354,,,,1moruomf
708711,1.923807978630066,,,,1moruomf
709168,1.9523873329162598,,,,1moruomf
709645,1.9242477416992188,,,,1moruomf
710000,,2.5291969776153564,1.8253897428512573,2.662990093231201,1moruomf
710320,1.9297443628311157,,,,1moruomf
710943,1.892427682876587,,,,1moruomf
711431,1.9022494554519653,,,,1moruomf
712192,1.915108561515808,,,,1moruomf
712627,1.9317368268966675,,,,1moruomf
713546,1.8989365100860596,,,,1moruomf
713937,1.9126719236373901,,,,1moruomf
714509,1.9161512851715088,,,,1moruomf
715047,1.9533424377441406,,,,1moruomf
715854,1.9308438301086426,,,,1moruomf
716527,1.933485507965088,,,,1moruomf
717331,1.921183466911316,,,,1moruomf
718342,1.8757718801498413,,,,1moruomf
718813,1.9116774797439575,,,,1moruomf
719299,1.9600995779037476,,,,1moruomf
720000,,2.524912118911743,1.82943856716156,2.6656670570373535,1moruomf
720102,1.894281268119812,,,,1moruomf
720906,1.9335848093032837,,,,1moruomf
721688,1.9026057720184326,,,,1moruomf
722401,1.9341206550598145,,,,1moruomf
723399,1.9283236265182495,,,,1moruomf
724167,1.8942391872406006,,,,1moruomf
725001,1.9020028114318848,,,,1moruomf
725900,1.922311782836914,,,,1moruomf
726438,1.9398634433746338,,,,1moruomf
727447,1.9461276531219482,,,,1moruomf
728089,1.9555730819702148,,,,1moruomf
729227,1.9475016593933105,,,,1moruomf
730000,,2.524083137512207,1.8287149667739868,2.661220073699951,1moruomf
730149,1.8952232599258423,,,,1moruomf
730775,1.8948649168014526,,,,1moruomf
731768,1.9691003561019897,,,,1moruomf
732589,1.9403051137924194,,,,1moruomf
733342,1.9127330780029297,,,,1moruomf
734134,1.9170345067977905,,,,1moruomf
734670,1.8910539150238037,,,,1moruomf
735415,1.9272222518920898,,,,1moruomf
736111,1.953039526939392,,,,1moruomf
736575,1.8953341245651245,,,,1moruomf
740000,,2.525998592376709,1.828170657157898,2.657223701477051,ej79z38y
740289,1.927415370941162,,,,ej79z38y
744551,1.9220103025436401,,,,ej79z38y
749208,1.9216272830963135,,,,ej79z38y
750000,,2.5234739780426025,1.8282065391540527,2.6545703411102295,ej79z38y
753693,1.9174238443374634,,,,ej79z38y
757863,1.897621512413025,,,,ej79z38y
760000,,2.5199081897735596,1.8289326429367065,2.6537532806396484,ej79z38y
762948,1.9252209663391113,,,,ej79z38y
767729,1.8932304382324219,,,,ej79z38y
770000,,2.5211198329925537,1.8234093189239502,2.6540908813476562,ej79z38y
770416,1.8985337018966675,,,,ej79z38y
778796,1.9301555156707764,,,,ej79z38y
780000,,2.5200722217559814,1.819833755493164,2.652815580368042,ej79z38y
782618,1.9205713272094727,,,,ej79z38y
786640,1.910031795501709,,,,ej79z38y
790000,,2.5187828540802,1.832326889038086,2.649827480316162,ej79z38y
792756,1.8940001726150513,,,,ej79z38y
796606,1.9184010028839111,,,,ej79z38y
799501,1.8842341899871826,,,,ej79z38y
800000,,2.5199780464172363,1.8151676654815674,2.6530768871307373,ej79z38y
802210,1.8945109844207764,,,,ej79z38y
806461,1.9346829652786255,,,,ej79z38y
810000,,2.5171191692352295,1.8216924667358398,2.6539297103881836,ej79z38y
812684,1.8995387554168701,,,,ej79z38y
818847,1.9198862314224243,,,,ej79z38y
820000,,2.5161666870117188,1.8219654560089111,2.653165817260742,ej79z38y
824364,1.9344488382339478,,,,ej79z38y
830000,,2.5180299282073975,1.8170329332351685,2.6514785289764404,ej79z38y
832463,1.9429563283920288,,,,ej79z38y
840000,,2.5144786834716797,1.8159939050674438,2.650128126144409,ej79z38y
847866,1.9254627227783203,,,,ej79z38y
850000,,2.515082836151123,1.8214986324310303,2.6530909538269043,ej79z38y
850183,1.9383867979049683,,,,ej79z38y
855523,1.9501991271972656,,,,ej79z38y
860000,,2.5169758796691895,1.8169890642166138,2.646915912628174,ej79z38y
860843,1.8871015310287476,,,,ej79z38y
863469,1.91653311252594,,,,ej79z38y
870000,,2.5160303115844727,1.8139185905456543,2.6465559005737305,ej79z38y
870602,1.931803822517395,,,,ej79z38y
879491,1.8942266702651978,,,,ej79z38y
880000,,2.52432918548584,1.8195228576660156,2.652937173843384,ej79z38y
882722,1.8879833221435547,,,,ej79z38y
886670,1.8840715885162354,,,,ej79z38y
890000,,2.511706829071045,1.816202163696289,2.644726514816284,ej79z38y
894976,1.8665310144424438,,,,ej79z38y
899150,1.8879995346069336,,,,ej79z38y
900000,,2.5109710693359375,1.82554292678833,2.643345355987549,ej79z38y
903959,1.8883311748504639,,,,ej79z38y
908648,1.904362678527832,,,,ej79z38y
910000,,2.5090370178222656,1.8119956254959106,2.6412100791931152,ej79z38y
918470,1.8941872119903564,,,,ej79z38y
920000,,2.510472059249878,1.8305588960647583,2.638282060623169,ej79z38y
924685,1.8643690347671509,,,,ej79z38y
930000,,2.50555419921875,1.8156139850616455,2.637986421585083,ej79z38y
930180,1.8859366178512573,,,,ej79z38y
934382,1.8542814254760742,,,,ej79z38y
939813,1.930596947669983,,,,ej79z38y
940000,,2.5092568397521973,1.8136502504348755,2.6415162086486816,ej79z38y
946227,1.8911958932876587,,,,ej79z38y
950000,,2.5070748329162598,1.8085983991622925,2.638775587081909,ej79z38y
950391,1.9115848541259766,,,,ej79z38y
954885,1.9069503545761108,,,,ej79z38y
960000,,2.504859447479248,1.8070957660675049,2.64220929145813,ej79z38y
960563,1.914963960647583,,,,ej79z38y
965374,1.8617643117904663,,,,ej79z38y
969439,1.8861780166625977,,,,ej79z38y
970000,,2.506467819213867,1.8060967922210693,2.6329619884490967,ej79z38y
976211,1.879581093788147,,,,ej79z38y
980000,,2.504080057144165,1.8094040155410767,2.637748956680298,ej79z38y
985699,1.9081153869628906,,,,ej79z38y
989841,1.8755217790603638,,,,ej79z38y
990000,,2.5005910396575928,1.8068432807922363,2.6358726024627686,ej79z38y
996257,1.8978047370910645,,,,ej79z38y
1000000.0,,2.5009329319000244,1.8076796531677246,2.6326751708984375,ej79z38y
1003626.0,1.8349950313568115,,,,ej79z38y
1006985.0,1.9190220832824707,,,,ej79z38y
1010000.0,,2.5005297660827637,1.8080910444259644,2.62808895111084,ej79z38y
1011539.0,1.8842955827713013,,,,ej79z38y
1018224.0,1.873638391494751,,,,ej79z38y
1020000.0,,2.5008063316345215,1.8071720600128174,2.6332366466522217,ej79z38y
1023946.0,1.8547329902648926,,,,ej79z38y
1027543.0,1.8731776475906372,,,,ej79z38y
1030000.0,,2.4991400241851807,1.8076255321502686,2.631701946258545,ej79z38y
1032248.0,1.8672164678573608,,,,ej79z38y
1037614.0,1.9031211137771606,,,,ej79z38y
1040000.0,,2.495828628540039,1.8035764694213867,2.629270315170288,ej79z38y
1042555.0,1.858312964439392,,,,ej79z38y
1049498.0,1.8592783212661743,,,,ej79z38y
1050000.0,,2.4964845180511475,1.803731083869934,2.6308364868164062,ej79z38y
1055994.0,1.832972526550293,,,,ej79z38y
1060000.0,,2.495549201965332,1.8002973794937134,2.621122360229492,ej79z38y
1060435.0,1.903356671333313,,,,ej79z38y
1064532.0,1.8518327474594116,,,,ej79z38y
1068720.0,1.8552734851837158,,,,ej79z38y
1070000.0,,2.4932475090026855,1.7928855419158936,2.6257967948913574,ej79z38y
1076990.0,1.8976162672042847,,,,ej79z38y
1080000.0,,2.506058692932129,1.7995374202728271,2.624445915222168,ej79z38y
1084493.0,1.8971881866455078,,,,ej79z38y
1090000.0,,2.4958243370056152,1.8037872314453125,2.6250150203704834,ej79z38y
1092378.0,1.8756123781204224,,,,ej79z38y
1096426.0,1.8902450799942017,,,,ej79z38y
1100000.0,,2.492842674255371,1.7965614795684814,2.622528553009033,ej79z38y
1101200.0,1.8843077421188354,,,,ej79z38y
1105346.0,1.8811200857162476,,,,ej79z38y
1109004.0,1.87933349609375,,,,ej79z38y
1110000.0,,2.491265296936035,1.7936384677886963,2.622407913208008,ej79z38y
1112678.0,1.8947691917419434,,,,ej79z38y
1116596.0,1.908463954925537,,,,ej79z38y
1120000.0,,2.4901087284088135,1.799627661705017,2.620109796524048,ej79z38y
1121369.0,1.8777650594711304,,,,ej79z38y
1124825.0,1.9025644063949585,,,,ej79z38y
1130000.0,,2.491190195083618,1.7952866554260254,2.6186583042144775,ej79z38y
1130325.0,1.8922520875930786,,,,ej79z38y
1135436.0,1.8661786317825317,,,,ej79z38y
1139069.0,1.839777946472168,,,,ej79z38y
1140000.0,,2.4894638061523438,1.7947273254394531,2.618736505508423,ej79z38y
1143946.0,1.860463261604309,,,,ej79z38y
1148617.0,1.8387935161590576,,,,ej79z38y
1150000.0,,2.484830379486084,1.7955533266067505,2.615772008895874,ej79z38y
1155906.0,1.8351224660873413,,,,ej79z38y
1160000.0,,2.4879214763641357,1.795416235923767,2.617384433746338,ej79z38y
1160670.0,1.873430848121643,,,,ej79z38y
1164698.0,1.842932939529419,,,,ej79z38y
1170000.0,,2.48647403717041,1.7923444509506226,2.6178746223449707,ej79z38y
1172717.0,1.8443093299865723,,,,ej79z38y
1178435.0,1.938421368598938,,,,ej79z38y
1180000.0,,2.4856486320495605,1.8237324953079224,2.6153769493103027,ej79z38y
1183102.0,1.7932794094085693,,,,ej79z38y
1188611.0,1.884756326675415,,,,ej79z38y
1190000.0,,2.4867103099823,1.7981072664260864,2.6155521869659424,ej79z38y
1192543.0,1.8596012592315674,,,,ej79z38y
1200000.0,,2.484774351119995,1.7858428955078125,2.6099579334259033,ej79z38y
1200768.0,1.8547850847244263,,,,ej79z38y
1205718.0,1.882914662361145,,,,ej79z38y
1210000.0,,2.494706869125366,1.788570523262024,2.6120500564575195,ej79z38y
1211728.0,1.8429678678512573,,,,ej79z38y
1215722.0,1.8406660556793213,,,,ej79z38y
1220000.0,,2.483750581741333,1.786256194114685,2.610783576965332,ej79z38y
1223944.0,1.806789755821228,,,,ej79z38y
1228307.0,1.8749117851257324,,,,ej79z38y
1230000.0,,2.4807822704315186,1.7851085662841797,2.609032154083252,ej79z38y
1233132.0,1.8583481311798096,,,,ej79z38y
1239529.0,1.8703863620758057,,,,ej79z38y
1240000.0,,2.4835829734802246,1.7857377529144287,2.611018657684326,ej79z38y
1243090.0,1.8527177572250366,,,,ej79z38y
1249733.0,1.8588844537734985,,,,ej79z38y
1250000.0,,2.4809372425079346,1.7887524366378784,2.608323335647583,ej79z38y
1255142.0,1.8649134635925293,,,,ej79z38y
1259782.0,1.8325185775756836,,,,ej79z38y
1260000.0,,2.477407455444336,1.786652684211731,2.6106717586517334,ej79z38y
1264687.0,1.8575533628463745,,,,ej79z38y
1270000.0,,2.479102611541748,1.7844313383102417,2.6084485054016113,ej79z38y
1277816.0,1.8859481811523438,,,,ej79z38y
1280000.0,,2.4765920639038086,1.7804639339447021,2.606473445892334,ej79z38y
1284077.0,1.8320990800857544,,,,ej79z38y
1287988.0,1.834498643875122,,,,ej79z38y
1290000.0,,2.4782912731170654,1.7802554368972778,2.6053693294525146,ej79z38y
1292697.0,1.8089091777801514,,,,ej79z38y
1296720.0,1.8704135417938232,,,,ej79z38y
1300000.0,,2.477109432220459,1.7815608978271484,2.6062614917755127,ej79z38y
1301107.0,1.8540452718734741,,,,ej79z38y
1305733.0,1.8091624975204468,,,,ej79z38y
1310000.0,,2.4746744632720947,1.7834346294403076,2.605952262878418,ej79z38y
1313052.0,1.8402013778686523,,,,ej79z38y
1316508.0,1.823352575302124,,,,ej79z38y
1320000.0,,2.4758331775665283,1.7810038328170776,2.604780673980713,ej79z38y
1322478.0,1.8181976079940796,,,,ej79z38y
1327822.0,1.8666490316390991,,,,ej79z38y
1330000.0,,2.473985195159912,1.7788469791412354,2.6060454845428467,ej79z38y
1332296.0,1.7921369075775146,,,,ej79z38y
1337801.0,1.852797508239746,,,,ej79z38y
1340000.0,,2.4734578132629395,1.775614857673645,2.6059670448303223,ej79z38y
1343226.0,1.8339086771011353,,,,ej79z38y
1347473.0,1.8276417255401611,,,,ej79z38y
1350000.0,,2.472496747970581,1.7773584127426147,2.604120969772339,ej79z38y
1353869.0,1.8888252973556519,,,,ej79z38y
1359989.0,1.8819773197174072,,,,ej79z38y
1360000.0,,2.4716796875,1.7784403562545776,2.602062225341797,ej79z38y
1364329.0,1.8391820192337036,,,,ej79z38y
1368036.0,1.8764055967330933,,,,ej79z38y
1370000.0,,2.473010778427124,1.775368094444275,2.5985755920410156,ej79z38y
1372210.0,1.8203425407409668,,,,ej79z38y
1375833.0,1.8582568168640137,,,,ej79z38y
1379594.0,1.780171513557434,,,,ej79z38y
1380000.0,,2.4710123538970947,1.7769607305526733,2.5987117290496826,ej79z38y
1386010.0,1.8278430700302124,,,,ej79z38y
1390000.0,,2.4758870601654053,1.7754493951797485,2.602818012237549,ej79z38y
1393348.0,1.8605695962905884,,,,ej79z38y
1398099.0,1.8554177284240723,,,,ej79z38y
1400000.0,,2.4719326496124268,1.7744542360305786,2.598642587661743,ej79z38y
1402377.0,1.8939038515090942,,,,ej79z38y
1408319.0,1.8798027038574219,,,,ej79z38y
1410000.0,,2.4691057205200195,1.776202917098999,2.600740671157837,ej79z38y
1413635.0,1.8525010347366333,,,,ej79z38y
