_step,train/CrossEntropyLoss,_segment
596059,1.809946060180664,4vhawieh
596059,1.843719482421875,iuxd2avq
596076,1.6775164604187012,4vhawieh
596076,1.6565611362457275,x5bz8z33
596088,1.6816260814666748,5icuybbp
596105,1.6245503425598145,4vhawieh
596105,1.638048768043518,x5bz8z33
596111,1.6594399213790894,5icuybbp
596112,1.6244455575942993,4vhawieh
596112,1.6330760717391968,x5bz8z33
596113,1.6388633251190186,5icuybbp
596118,1.6323992013931274,4vhawieh
596118,1.7540713548660278,iuxd2avq
596120,1.6164650917053223,4vhawieh
596120,1.7538326978683472,iuxd2avq
596131,1.6321121454238892,4vhawieh
596131,1.743251919746399,iuxd2avq
596139,1.6079286336898804,4vhawieh
596139,1.6387271881103516,x5bz8z33
596145,1.6152445077896118,5icuybbp
596153,1.6110635995864868,4vhawieh
596153,1.620995044708252,x5bz8z33
596174,1.6227309703826904,5icuybbp
596179,1.6024408340454102,4vhawieh
596179,1.6321696043014526,x5bz8z33
596187,1.6116399765014648,5icuybbp
596188,1.6131606101989746,4vhawieh
596188,1.612952470779419,x5bz8z33
596209,1.5917268991470337,5icuybbp
596217,1.5952147245407104,4vhawieh
596217,1.6053028106689453,x5bz8z33
596220,1.610551357269287,5icuybbp
596234,1.5907682180404663,4vhawieh
596234,1.5854862928390503,x5bz8z33
596239,1.5896270275115967,5icuybbp
596239,1.6076418161392212,x5bz8z33
596241,1.5969414710998535,5icuybbp
596241,1.627686619758606,x5bz8z33
596242,1.5960522890090942,5icuybbp
596242,1.5963046550750732,x5bz8z33
596246,1.5901010036468506,5icuybbp
596246,1.5730432271957397,x5bz8z33
596253,1.6116057634353638,5icuybbp
596257,1.595804214477539,4vhawieh
596257,1.7059166431427002,iuxd2avq
596281,1.571631669998169,4vhawieh
596281,1.5990830659866333,x5bz8z33
596285,1.5951677560806274,5icuybbp
596285,1.5747629404067993,x5bz8z33
596315,1.5979396104812622,5icuybbp
596319,1.5665888786315918,4vhawieh
596319,1.5806223154067993,x5bz8z33
596320,1.5696486234664917,5icuybbp
596327,1.532057523727417,4vhawieh
596327,1.7096705436706543,iuxd2avq
596331,1.5696924924850464,4vhawieh
596331,1.5797067880630493,x5bz8z33
596332,1.5722198486328125,5icuybbp
596337,1.571155309677124,4vhawieh
596337,1.5441303253173828,x5bz8z33
596339,1.574444055557251,5icuybbp
596341,1.5429786443710327,4vhawieh
596341,1.7317523956298828,iuxd2avq
596348,1.600844144821167,4vhawieh
596348,1.7060059309005737,iuxd2avq
596352,1.5883188247680664,4vhawieh
596352,1.5651978254318237,x5bz8z33
596360,1.5667181015014648,5icuybbp
596371,1.581214189529419,4vhawieh
596371,1.7075066566467285,iuxd2avq
596374,1.5722734928131104,4vhawieh
596374,1.5773065090179443,x5bz8z33
596379,1.5757925510406494,5icuybbp
596379,1.568968653678894,x5bz8z33
596380,1.5860306024551392,5icuybbp
596380,1.575339913368225,x5bz8z33
596388,1.5594998598098755,5icuybbp
596389,1.5890626907348633,4vhawieh
596389,1.5709012746810913,x5bz8z33
596401,1.5739080905914307,5icuybbp
596401,1.5675816535949707,x5bz8z33
596410,1.587591528892517,5icuybbp
596418,1.5577237606048584,4vhawieh
596418,1.714538335800171,iuxd2avq
596428,1.5583900213241577,4vhawieh
596428,1.7097874879837036,iuxd2avq
596435,1.5896456241607666,4vhawieh
596435,1.7028816938400269,iuxd2avq
596454,1.540404200553894,4vhawieh
596454,1.6879820823669434,iuxd2avq
596463,1.5584594011306763,4vhawieh
596463,1.5638765096664429,x5bz8z33
596482,1.5760666131973267,5icuybbp
596486,1.558707594871521,4vhawieh
596486,1.546521782875061,x5bz8z33
596487,1.5830004215240479,5icuybbp
596502,1.5800085067749023,4vhawieh
596502,1.7038118839263916,iuxd2avq
596503,1.5591893196105957,4vhawieh
596503,1.6928280591964722,iuxd2avq
596526,1.5796291828155518,4vhawieh
596526,1.7168673276901245,iuxd2avq
596537,1.5640891790390015,4vhawieh
596537,1.5385079383850098,x5bz8z33
596548,1.55778169631958,5icuybbp
596550,1.5410584211349487,4vhawieh
596550,1.572957992553711,x5bz8z33
596559,1.571913719177246,5icuybbp
596576,1.548922061920166,4vhawieh
596576,1.7096583843231201,iuxd2avq
596581,1.5814597606658936,4vhawieh
596581,1.6988228559494019,iuxd2avq
596596,1.5589096546173096,4vhawieh
596596,1.554896354675293,x5bz8z33
596599,1.5502545833587646,5icuybbp
596603,1.5385431051254272,4vhawieh
596603,1.5650253295898438,x5bz8z33
596605,1.574522852897644,5icuybbp
596622,1.5497905015945435,4vhawieh
596622,1.7102888822555542,iuxd2avq
596628,1.576210379600525,4vhawieh
596628,1.6794246435165405,iuxd2avq
596669,1.5708403587341309,4vhawieh
596669,1.7005866765975952,iuxd2avq
596671,1.5600043535232544,4vhawieh
596671,1.6849044561386108,iuxd2avq
596675,1.5648040771484375,4vhawieh
596675,1.5625289678573608,x5bz8z33
596680,1.5609767436981201,5icuybbp
596683,1.5648174285888672,4vhawieh
596683,1.5488570928573608,x5bz8z33
596695,1.5666007995605469,5icuybbp
596700,1.552963376045227,4vhawieh
596700,1.6997110843658447,iuxd2avq
596701,1.5594180822372437,4vhawieh
596701,1.5814005136489868,x5bz8z33
596707,1.5575213432312012,5icuybbp
596707,1.5633020401000977,x5bz8z33
596710,1.5447490215301514,5icuybbp
596711,1.575966715812683,4vhawieh
596711,1.5444738864898682,x5bz8z33
596734,1.55581533908844,5icuybbp
596738,1.581624150276184,4vhawieh
596738,1.6766629219055176,iuxd2avq
596750,1.5715374946594238,4vhawieh
596750,1.5758048295974731,x5bz8z33
596756,1.5423191785812378,5icuybbp
596765,1.5703942775726318,4vhawieh
596765,1.6921073198318481,iuxd2avq
596771,1.5204222202301025,4vhawieh
596771,1.5739001035690308,x5bz8z33
596778,1.5407452583312988,5icuybbp
596787,1.5609073638916016,4vhawieh
596787,1.547065019607544,x5bz8z33
596791,1.5592330694198608,5icuybbp
596791,1.528802514076233,x5bz8z33
596809,1.5546940565109253,5icuybbp
596814,1.553292989730835,4vhawieh
596814,1.5740808248519897,x5bz8z33
596826,1.5530635118484497,5icuybbp
596840,1.561904788017273,4vhawieh
596840,1.535427451133728,x5bz8z33
596848,1.5618891716003418,5icuybbp
596860,1.5514386892318726,4vhawieh
596860,1.5518569946289062,x5bz8z33
596894,1.5525035858154297,5icuybbp
596896,1.5441232919692993,4vhawieh
596896,1.689520239830017,iuxd2avq
596898,1.5786229372024536,4vhawieh
596898,1.5428102016448975,x5bz8z33
596904,1.518601894378662,5icuybbp
596912,1.5284318923950195,4vhawieh
596912,1.533857822418213,x5bz8z33
596925,1.5509415864944458,5icuybbp
596925,1.5447770357131958,x5bz8z33
596934,1.5520225763320923,5icuybbp
596934,1.5365208387374878,x5bz8z33
596941,1.5558812618255615,5icuybbp
596941,1.5302438735961914,x5bz8z33
596942,1.5451233386993408,5icuybbp
596961,1.5429396629333496,4vhawieh
596961,1.542149543762207,x5bz8z33
596962,1.542587161064148,5icuybbp
596962,1.5543781518936157,x5bz8z33
596967,1.5505598783493042,5icuybbp
596967,1.5474621057510376,x5bz8z33
596969,1.555021047592163,5icuybbp
596977,1.5543354749679565,4vhawieh
596977,1.5214884281158447,x5bz8z33
596979,1.5357606410980225,5icuybbp
596982,1.5354918241500854,4vhawieh
596982,1.5228052139282227,x5bz8z33
596985,1.5498046875,5icuybbp
596985,1.5617539882659912,x5bz8z33
596997,1.5249098539352417,5icuybbp
596998,1.5516785383224487,4vhawieh
596998,1.5518521070480347,x5bz8z33
597003,1.543694019317627,5icuybbp
597005,1.5576846599578857,4vhawieh
597005,1.5499879121780396,x5bz8z33
597029,1.5691254138946533,5icuybbp
597039,1.5569216012954712,4vhawieh
597039,1.5516427755355835,x5bz8z33
597050,1.5300111770629883,5icuybbp
597055,1.561195969581604,4vhawieh
597055,1.5520563125610352,x5bz8z33
597058,1.5332108736038208,5icuybbp
597091,1.5613932609558105,4vhawieh
597091,1.529233455657959,x5bz8z33
597092,1.5639278888702393,5icuybbp
597094,1.5519678592681885,4vhawieh
597094,1.6984336376190186,iuxd2avq
597099,1.540488839149475,4vhawieh
597099,1.5391188859939575,x5bz8z33
597100,1.5361933708190918,5icuybbp
597106,1.52840256690979,4vhawieh
597106,1.5642094612121582,x5bz8z33
597113,1.559073805809021,5icuybbp
597113,1.5390703678131104,x5bz8z33
597125,1.528379201889038,5icuybbp
597125,1.530623197555542,x5bz8z33
597128,1.5562169551849365,5icuybbp
597130,1.54090416431427,4vhawieh
597130,1.5391855239868164,x5bz8z33
597133,1.5402816534042358,5icuybbp
597141,1.544005274772644,4vhawieh
597141,1.6685950756072998,iuxd2avq
597158,1.5390766859054565,4vhawieh
597158,1.6748368740081787,iuxd2avq
597187,1.5493353605270386,4vhawieh
597187,1.6821200847625732,iuxd2avq
597191,1.5382987260818481,4vhawieh
597191,1.7107278108596802,iuxd2avq
597200,1.5304350852966309,4vhawieh
597200,1.5295358896255493,x5bz8z33
597208,1.5429984331130981,5icuybbp
597208,1.5481113195419312,x5bz8z33
597210,1.5516268014907837,5icuybbp
597210,1.534754753112793,x5bz8z33
597212,1.547871708869934,5icuybbp
597222,1.5314788818359375,4vhawieh
597222,1.675156593322754,iuxd2avq
597228,1.5405254364013672,4vhawieh
597228,1.5356354713439941,x5bz8z33
597240,1.5605624914169312,5icuybbp
597265,1.5445255041122437,4vhawieh
597265,1.5257264375686646,x5bz8z33
597267,1.546822428703308,5icuybbp
597267,1.5239218473434448,x5bz8z33
597270,1.5386769771575928,5icuybbp
597270,1.5094794034957886,x5bz8z33
597271,1.5331789255142212,5icuybbp
597277,1.5345889329910278,4vhawieh
597277,1.5301032066345215,x5bz8z33
597321,1.5250006914138794,5icuybbp
597321,1.5259417295455933,x5bz8z33
597323,1.5214945077896118,5icuybbp
597323,1.4920988082885742,x5bz8z33
597337,1.536475419998169,5icuybbp
597370,1.55283784866333,4vhawieh
597370,1.524040699005127,x5bz8z33
597385,1.525712013244629,5icuybbp
597416,1.536487102508545,4vhawieh
597416,1.5111522674560547,x5bz8z33
597420,1.5493648052215576,5icuybbp
597428,1.527389407157898,4vhawieh
597428,1.5413521528244019,x5bz8z33
597429,1.517680048942566,5icuybbp
597439,1.5522714853286743,4vhawieh
597439,1.522536277770996,x5bz8z33
597454,1.5438158512115479,5icuybbp
597457,1.5345954895019531,4vhawieh
597457,1.6833891868591309,iuxd2avq
597470,1.5334646701812744,4vhawieh
597470,1.642150640487671,iuxd2avq
597483,1.529099702835083,4vhawieh
597483,1.5310457944869995,x5bz8z33
597490,1.5409491062164307,5icuybbp
597490,1.4856561422348022,x5bz8z33
597500,1.5502651929855347,5icuybbp
597504,1.5309174060821533,4vhawieh
597504,1.5170783996582031,x5bz8z33
597511,1.517970085144043,5icuybbp
597511,1.5392776727676392,x5bz8z33
597513,1.5288333892822266,5icuybbp
597515,1.5471619367599487,4vhawieh
597515,1.6667041778564453,iuxd2avq
597524,1.525726556777954,4vhawieh
597524,1.5565752983093262,x5bz8z33
597529,1.5297229290008545,5icuybbp
597541,1.5306782722473145,4vhawieh
597541,1.5128108263015747,x5bz8z33
597543,1.5234546661376953,5icuybbp
597548,1.5208483934402466,4vhawieh
597548,1.514581561088562,x5bz8z33
597562,1.5127623081207275,5icuybbp
597562,1.5325853824615479,x5bz8z33
597571,1.535624384880066,5icuybbp
597585,1.5135815143585205,4vhawieh
597585,1.5197583436965942,x5bz8z33
597588,1.5215057134628296,5icuybbp
597588,1.5303634405136108,x5bz8z33
597589,1.5127671957015991,5icuybbp
597589,1.550196886062622,x5bz8z33
597590,1.513184666633606,5icuybbp
597600,1.5331778526306152,4vhawieh
597600,1.5522985458374023,x5bz8z33
597605,1.5265939235687256,5icuybbp
597605,1.5720970630645752,x5bz8z33
597608,1.5293763875961304,5icuybbp
597621,1.5016742944717407,4vhawieh
597621,1.5279814004898071,x5bz8z33
597631,1.5331740379333496,5icuybbp
597635,1.5350183248519897,4vhawieh
597635,1.5191125869750977,x5bz8z33
597636,1.5210469961166382,5icuybbp
597645,1.5255128145217896,4vhawieh
597645,1.6701972484588623,iuxd2avq
597656,1.5214320421218872,4vhawieh
597656,1.5444741249084473,x5bz8z33
597664,1.5245258808135986,5icuybbp
597666,1.5264060497283936,4vhawieh
597666,1.516530990600586,x5bz8z33
597681,1.5132101774215698,5icuybbp
597681,1.516258955001831,x5bz8z33
597690,1.5208380222320557,5icuybbp
597698,1.5386173725128174,4vhawieh
597698,1.539137363433838,x5bz8z33
597710,1.5432772636413574,5icuybbp
597710,1.501046061515808,x5bz8z33
597726,1.5132461786270142,5icuybbp
597726,1.4993550777435303,x5bz8z33
597728,1.5072842836380005,5icuybbp
597738,1.5257248878479004,4vhawieh
597738,1.5364986658096313,x5bz8z33
597739,1.5155607461929321,5icuybbp
597741,1.5391870737075806,4vhawieh
597741,1.4981898069381714,x5bz8z33
597742,1.532173752784729,5icuybbp
597742,1.533371090888977,x5bz8z33
597751,1.5196452140808105,5icuybbp
597751,1.5080769062042236,x5bz8z33
597754,1.5312880277633667,5icuybbp
597754,1.5108946561813354,x5bz8z33
597758,1.5357812643051147,5icuybbp
597759,1.530684471130371,4vhawieh
597759,1.6736265420913696,iuxd2avq
597767,1.5337460041046143,4vhawieh
597767,1.6718391180038452,iuxd2avq
597778,1.5175715684890747,4vhawieh
597778,1.5081793069839478,x5bz8z33
597782,1.5283640623092651,5icuybbp
597789,1.5337616205215454,4vhawieh
597789,1.517143726348877,x5bz8z33
597795,1.5398048162460327,5icuybbp
597798,1.5470387935638428,4vhawieh
597798,1.5282576084136963,x5bz8z33
597806,1.5295579433441162,5icuybbp
597812,1.5215388536453247,4vhawieh
597812,1.5408614873886108,x5bz8z33
597817,1.507538080215454,5icuybbp
597827,1.5205053091049194,4vhawieh
597827,1.667855143547058,iuxd2avq
597853,1.56221604347229,4vhawieh
597853,1.5215349197387695,x5bz8z33
597854,1.5281062126159668,5icuybbp
597878,1.5154259204864502,4vhawieh
597878,1.5045748949050903,x5bz8z33
597900,1.5213162899017334,5icuybbp
597901,1.5244600772857666,4vhawieh
597901,1.6795098781585693,iuxd2avq
597912,1.5304062366485596,4vhawieh
597912,1.515716791152954,x5bz8z33
597915,1.5410786867141724,5icuybbp
597915,1.532731056213379,x5bz8z33
597917,1.532703161239624,5icuybbp
597917,1.4955775737762451,x5bz8z33
597932,1.5268065929412842,5icuybbp
597932,1.477778673171997,x5bz8z33
597961,1.513832449913025,5icuybbp
597961,1.51658034324646,x5bz8z33
597965,1.5241403579711914,5icuybbp
597967,1.526998519897461,4vhawieh
597967,1.6731913089752197,iuxd2avq
597971,1.4737216234207153,4vhawieh
597971,1.6587632894515991,iuxd2avq
597974,1.4802182912826538,4vhawieh
597974,1.6624540090560913,iuxd2avq
597978,1.5183229446411133,4vhawieh
597978,1.5111784934997559,x5bz8z33
597979,1.5371917486190796,5icuybbp
597981,1.5359374284744263,4vhawieh
597981,1.5212217569351196,x5bz8z33
597983,1.5279587507247925,5icuybbp
598002,1.4927862882614136,4vhawieh
598002,1.6598026752471924,iuxd2avq
598014,1.5189803838729858,4vhawieh
598014,1.526875376701355,x5bz8z33
598018,1.5041085481643677,5icuybbp
598018,1.5340404510498047,x5bz8z33
598024,1.5416721105575562,5icuybbp
598026,1.5087674856185913,4vhawieh
598026,1.6700974702835083,iuxd2avq
598052,1.5057673454284668,4vhawieh
598052,1.5077016353607178,x5bz8z33
598059,1.5053874254226685,5icuybbp
598066,1.5275681018829346,4vhawieh
598066,1.648461937904358,iuxd2avq
598086,1.5127763748168945,4vhawieh
598086,1.5091049671173096,x5bz8z33
598092,1.5080255270004272,5icuybbp
598092,1.5223232507705688,x5bz8z33
598093,1.5233486890792847,5icuybbp
598114,1.5294662714004517,4vhawieh
598114,1.663415789604187,iuxd2avq
598116,1.5272448062896729,4vhawieh
598116,1.5281999111175537,x5bz8z33
598130,1.5449519157409668,5icuybbp
598137,1.5135583877563477,4vhawieh
598137,1.5071557760238647,x5bz8z33
598141,1.5214402675628662,5icuybbp
598141,1.5120184421539307,x5bz8z33
598166,1.5285041332244873,5icuybbp
598167,1.4999797344207764,4vhawieh
598167,1.5257222652435303,x5bz8z33
598184,1.5534796714782715,5icuybbp
598184,1.4920203685760498,x5bz8z33
598190,1.516906499862671,5icuybbp
598190,1.502699375152588,x5bz8z33
598195,1.5077941417694092,5icuybbp
598198,1.5156736373901367,4vhawieh
598198,1.6607325077056885,iuxd2avq
598203,1.4824339151382446,4vhawieh
598203,1.500186800956726,x5bz8z33
598211,1.5425267219543457,5icuybbp
598225,1.514773964881897,4vhawieh
598225,1.5172393321990967,x5bz8z33
598231,1.5273178815841675,5icuybbp
598241,1.5245295763015747,4vhawieh
598241,1.638866662979126,iuxd2avq
598248,1.5351732969284058,4vhawieh
598248,1.5018423795700073,x5bz8z33
598256,1.5079270601272583,5icuybbp
598259,1.5176044702529907,4vhawieh
598259,1.6257497072219849,iuxd2avq
598263,1.5337774753570557,4vhawieh
598263,1.501462459564209,x5bz8z33
598267,1.528056263923645,5icuybbp
598267,1.500919222831726,x5bz8z33
598273,1.5270216464996338,5icuybbp
598273,1.515773892402649,x5bz8z33
598282,1.5186220407485962,5icuybbp
598303,1.5390874147415161,4vhawieh
598303,1.6537151336669922,iuxd2avq
598318,1.543060541152954,4vhawieh
598318,1.6875826120376587,iuxd2avq
598324,1.5017075538635254,4vhawieh
598324,1.6562957763671875,iuxd2avq
598329,1.4761813879013062,4vhawieh
598329,1.5192821025848389,x5bz8z33
598335,1.4987304210662842,5icuybbp
598372,1.5258762836456299,4vhawieh
598372,1.5100626945495605,x5bz8z33
598384,1.5177444219589233,5icuybbp
598391,1.5308852195739746,4vhawieh
598391,1.4943313598632812,x5bz8z33
598396,1.5127798318862915,5icuybbp
598414,1.4980473518371582,4vhawieh
598414,1.5292671918869019,x5bz8z33
598425,1.520934820175171,5icuybbp
598432,1.5266084671020508,4vhawieh
598432,1.665480136871338,iuxd2avq
598433,1.5144925117492676,4vhawieh
598433,1.481731653213501,x5bz8z33
598435,1.5281860828399658,5icuybbp
598435,1.5037413835525513,x5bz8z33
598442,1.5251778364181519,5icuybbp
598442,1.5142008066177368,x5bz8z33
598446,1.515511393547058,5icuybbp
598462,1.5209176540374756,4vhawieh
598462,1.6373257637023926,iuxd2avq
598464,1.4948577880859375,4vhawieh
598464,1.5114707946777344,x5bz8z33
598471,1.4989111423492432,5icuybbp
598471,1.5406454801559448,x5bz8z33
598475,1.5256321430206299,5icuybbp
598475,1.5244134664535522,x5bz8z33
598480,1.5012555122375488,5icuybbp
598491,1.5101954936981201,4vhawieh
598491,1.5036896467208862,x5bz8z33
598497,1.5069555044174194,5icuybbp
598503,1.5188825130462646,4vhawieh
598503,1.6354087591171265,iuxd2avq
598510,1.5242211818695068,4vhawieh
598510,1.678934931755066,iuxd2avq
598513,1.5266578197479248,4vhawieh
598513,1.4991892576217651,x5bz8z33
598515,1.508762240409851,5icuybbp
598517,1.5316330194473267,4vhawieh
598517,1.6494724750518799,iuxd2avq
598519,1.5224699974060059,4vhawieh
598519,1.6568964719772339,iuxd2avq
598521,1.5017400979995728,4vhawieh
598521,1.534345030784607,x5bz8z33
598522,1.5075584650039673,5icuybbp
598531,1.4955127239227295,4vhawieh
598531,1.489141821861267,x5bz8z33
598535,1.4969029426574707,5icuybbp
598543,1.5188146829605103,4vhawieh
598543,1.5171946287155151,x5bz8z33
598558,1.4907408952713013,5icuybbp
598558,1.5565361976623535,x5bz8z33
598565,1.5306107997894287,5icuybbp
598573,1.5134958028793335,4vhawieh
598573,1.5017682313919067,x5bz8z33
598576,1.4962693452835083,5icuybbp
598591,1.5142816305160522,4vhawieh
598591,1.4626209735870361,x5bz8z33
598612,1.4822171926498413,5icuybbp
598612,1.5076892375946045,x5bz8z33
598615,1.5137335062026978,5icuybbp
598624,1.5158343315124512,4vhawieh
598624,1.512215495109558,x5bz8z33
598638,1.5111899375915527,5icuybbp
598638,1.4938188791275024,x5bz8z33
598646,1.5176734924316406,5icuybbp
598646,1.4888582229614258,x5bz8z33
598664,1.4959321022033691,5icuybbp
598664,1.4976606369018555,x5bz8z33
598667,1.4975361824035645,5icuybbp
598669,1.5153114795684814,4vhawieh
598669,1.5069468021392822,x5bz8z33
598673,1.5104701519012451,5icuybbp
598678,1.518984079360962,4vhawieh
598678,1.4967058897018433,x5bz8z33
598690,1.5062741041183472,5icuybbp
598692,1.5299599170684814,4vhawieh
598692,1.644197702407837,iuxd2avq
598693,1.5055822134017944,4vhawieh
598693,1.4824389219284058,x5bz8z33
598694,1.510373592376709,5icuybbp
598712,1.4964324235916138,4vhawieh
598712,1.5161161422729492,x5bz8z33
598736,1.508628487586975,5icuybbp
598759,1.5238298177719116,4vhawieh
598759,1.5209903717041016,x5bz8z33
598780,1.4998162984848022,5icuybbp
598780,1.5237343311309814,x5bz8z33
598782,1.5012890100479126,5icuybbp
598782,1.4971768856048584,x5bz8z33
598795,1.5089155435562134,5icuybbp
598798,1.520866870880127,4vhawieh
598798,1.4874144792556763,x5bz8z33
598806,1.4981918334960938,5icuybbp
598813,1.492911458015442,4vhawieh
598813,1.6737501621246338,iuxd2avq
598815,1.4849753379821777,4vhawieh
598815,1.4897940158843994,x5bz8z33
598824,1.5246540307998657,5icuybbp
598824,1.4856007099151611,x5bz8z33
598835,1.5251226425170898,5icuybbp
598836,1.5254364013671875,4vhawieh
598836,1.548712968826294,x5bz8z33
598843,1.5257986783981323,5icuybbp
598843,1.5232648849487305,x5bz8z33
598844,1.4846113920211792,5icuybbp
598845,1.5195096731185913,4vhawieh
598845,1.5202699899673462,x5bz8z33
598853,1.5112873315811157,5icuybbp
598875,1.514787197113037,4vhawieh
598875,1.5166093111038208,x5bz8z33
598881,1.532332420349121,5icuybbp
598882,1.5024503469467163,4vhawieh
598882,1.5303233861923218,x5bz8z33
598894,1.4906529188156128,5icuybbp
598895,1.4903944730758667,4vhawieh
598895,1.5040675401687622,x5bz8z33
598896,1.5089921951293945,5icuybbp
598900,1.5139275789260864,4vhawieh
598900,1.4944761991500854,x5bz8z33
598902,1.5000312328338623,5icuybbp
598905,1.5041687488555908,4vhawieh
598905,1.5167547464370728,x5bz8z33
598909,1.4939424991607666,5icuybbp
598910,1.5094114542007446,4vhawieh
598910,1.511629581451416,x5bz8z33
598916,1.5097708702087402,5icuybbp
598921,1.4960651397705078,4vhawieh
598921,1.5047553777694702,x5bz8z33
598966,1.5008686780929565,5icuybbp
598966,1.4962842464447021,x5bz8z33
598980,1.5077192783355713,5icuybbp
599000,1.485167384147644,4vhawieh
599000,1.486574411392212,x5bz8z33
599031,1.5152077674865723,5icuybbp
599033,1.4729764461517334,4vhawieh
599033,1.5132752656936646,x5bz8z33
599038,1.504659652709961,5icuybbp
599042,1.5160973072052002,4vhawieh
599042,1.6696364879608154,iuxd2avq
599064,1.501899242401123,4vhawieh
599064,1.6333898305892944,iuxd2avq
599093,1.5104132890701294,4vhawieh
599093,1.5139838457107544,x5bz8z33
599103,1.5020781755447388,5icuybbp
599120,1.529622197151184,4vhawieh
599120,1.5038096904754639,x5bz8z33
599121,1.512447476387024,5icuybbp
599122,1.5291862487792969,4vhawieh
599122,1.4893406629562378,x5bz8z33
599128,1.4850908517837524,5icuybbp
599134,1.5011746883392334,4vhawieh
599134,1.6453287601470947,iuxd2avq
599149,1.5074255466461182,4vhawieh
599149,1.6416527032852173,iuxd2avq
599150,1.495028018951416,4vhawieh
599150,1.6283583641052246,iuxd2avq
599161,1.4984180927276611,4vhawieh
599161,1.4980878829956055,x5bz8z33
599180,1.514133095741272,5icuybbp
599180,1.4838722944259644,x5bz8z33
599186,1.4838552474975586,5icuybbp
599210,1.504591941833496,4vhawieh
599210,1.495286226272583,x5bz8z33
599214,1.5204421281814575,5icuybbp
599232,1.506585717201233,4vhawieh
599232,1.5014173984527588,x5bz8z33
599238,1.5006892681121826,5icuybbp
599238,1.5103126764297485,x5bz8z33
599242,1.498772382736206,5icuybbp
599246,1.4909100532531738,4vhawieh
599246,1.6471513509750366,iuxd2avq
599256,1.4665852785110474,4vhawieh
599256,1.5012750625610352,x5bz8z33
599258,1.4942691326141357,5icuybbp
599258,1.5037827491760254,x5bz8z33
599260,1.519313097000122,5icuybbp
599278,1.5160249471664429,4vhawieh
599278,1.4917752742767334,x5bz8z33
599283,1.4991085529327393,5icuybbp
599288,1.5173475742340088,4vhawieh
599288,1.524776816368103,x5bz8z33
599292,1.4975842237472534,5icuybbp
599298,1.4614083766937256,4vhawieh
599298,1.5213240385055542,x5bz8z33
599312,1.530637502670288,5icuybbp
599312,1.4957882165908813,x5bz8z33
599313,1.5101087093353271,5icuybbp
599329,1.4903637170791626,4vhawieh
599329,1.654146671295166,iuxd2avq
599338,1.511324405670166,4vhawieh
599338,1.4955418109893799,x5bz8z33
599347,1.5143877267837524,5icuybbp
599351,1.496030569076538,4vhawieh
599351,1.6471089124679565,iuxd2avq
599355,1.516890048980713,4vhawieh
599355,1.4982047080993652,x5bz8z33
599356,1.4861516952514648,5icuybbp
599356,1.506834626197815,x5bz8z33
599375,1.5088658332824707,5icuybbp
599378,1.5263862609863281,4vhawieh
599378,1.4650861024856567,x5bz8z33
599383,1.4763998985290527,5icuybbp
599386,1.486523151397705,4vhawieh
599386,1.499193549156189,x5bz8z33
599390,1.4998695850372314,5icuybbp
599390,1.4970136880874634,x5bz8z33
599393,1.520501971244812,5icuybbp
599393,1.5289125442504883,x5bz8z33
599395,1.485955834388733,5icuybbp
599398,1.5395795106887817,4vhawieh
599398,1.5200974941253662,x5bz8z33
599407,1.526666522026062,5icuybbp
599410,1.5084336996078491,4vhawieh
599410,1.492715835571289,x5bz8z33
599430,1.4919322729110718,5icuybbp
599430,1.523393988609314,x5bz8z33
599431,1.4888890981674194,5icuybbp
599431,1.4708502292633057,x5bz8z33
599449,1.5022635459899902,5icuybbp
599456,1.4916068315505981,4vhawieh
599456,1.6946090459823608,iuxd2avq
599465,1.4832501411437988,4vhawieh
599465,1.4935288429260254,x5bz8z33
599482,1.4834468364715576,5icuybbp
599482,1.4905858039855957,x5bz8z33
599483,1.5126240253448486,5icuybbp
599483,1.5441805124282837,x5bz8z33
599497,1.4911010265350342,5icuybbp
599497,1.5112643241882324,x5bz8z33
599499,1.5013071298599243,5icuybbp
599499,1.4886661767959595,x5bz8z33
599502,1.4959542751312256,5icuybbp
599505,1.4790321588516235,4vhawieh
599505,1.6460402011871338,iuxd2avq
599542,1.4996241331100464,4vhawieh
599542,1.4902353286743164,x5bz8z33
599563,1.5069950819015503,5icuybbp
599563,1.4958761930465698,x5bz8z33
599569,1.5078109502792358,5icuybbp
599573,1.487255573272705,4vhawieh
599573,1.5087634325027466,x5bz8z33
599598,1.4934475421905518,5icuybbp
599604,1.525394082069397,4vhawieh
599604,1.4798758029937744,x5bz8z33
599616,1.5163323879241943,5icuybbp
599616,1.4594471454620361,x5bz8z33
599619,1.5099434852600098,5icuybbp
599619,1.494978904724121,x5bz8z33
599620,1.51840078830719,5icuybbp
599623,1.4709676504135132,4vhawieh
599623,1.4961928129196167,x5bz8z33
599631,1.4850685596466064,5icuybbp
599633,1.4896039962768555,4vhawieh
599633,1.4851588010787964,x5bz8z33
599667,1.4763668775558472,5icuybbp
599667,1.4897007942199707,x5bz8z33
599668,1.5056029558181763,5icuybbp
599668,1.5000183582305908,x5bz8z33
599685,1.5108646154403687,5icuybbp
599695,1.4979664087295532,4vhawieh
599695,1.4860615730285645,x5bz8z33
599714,1.4972355365753174,5icuybbp
599714,1.5008416175842285,x5bz8z33
599715,1.5024614334106445,5icuybbp
599715,1.506155252456665,x5bz8z33
599726,1.4910001754760742,5icuybbp
599732,1.4838392734527588,4vhawieh
599732,1.6299279928207397,iuxd2avq
599747,1.4956698417663574,4vhawieh
599747,1.6522181034088135,iuxd2avq
599756,1.4865525960922241,4vhawieh
599756,1.497605562210083,x5bz8z33
599760,1.4754955768585205,5icuybbp
599762,1.500745177268982,4vhawieh
599762,1.5186760425567627,x5bz8z33
599763,1.499037742614746,5icuybbp
599763,1.5024102926254272,x5bz8z33
599766,1.5202370882034302,5icuybbp
599790,1.4638935327529907,4vhawieh
599790,1.5021766424179077,x5bz8z33
599804,1.4839810132980347,5icuybbp
599818,1.4889742136001587,4vhawieh
599818,1.5077496767044067,x5bz8z33
599845,1.4923220872879028,5icuybbp
599845,1.5016934871673584,x5bz8z33
599847,1.505027174949646,5icuybbp
599859,1.4997789859771729,4vhawieh
599859,1.5049993991851807,x5bz8z33
599860,1.477391004562378,5icuybbp
599871,1.496828556060791,4vhawieh
599871,1.5028715133666992,x5bz8z33
599873,1.4945682287216187,5icuybbp
599873,1.4893158674240112,x5bz8z33
599887,1.4986743927001953,5icuybbp
599887,1.5047414302825928,x5bz8z33
599891,1.4862236976623535,5icuybbp
599906,1.4817675352096558,4vhawieh
599906,1.512914776802063,x5bz8z33
599926,1.5150854587554932,5icuybbp
599926,1.4975639581680298,x5bz8z33
599929,1.5208441019058228,5icuybbp
599929,1.5145713090896606,x5bz8z33
599937,1.477937936782837,5icuybbp
599937,1.5087792873382568,x5bz8z33
599947,1.518195629119873,5icuybbp
599954,1.4791936874389648,4vhawieh
599954,1.4902591705322266,x5bz8z33
599959,1.4718503952026367,5icuybbp
599959,1.5263922214508057,x5bz8z33
599961,1.4986391067504883,5icuybbp
599964,1.4803797006607056,4vhawieh
599964,1.6455825567245483,iuxd2avq
599970,1.5069514513015747,4vhawieh
599970,1.6526743173599243,iuxd2avq
599972,1.5015641450881958,4vhawieh
599972,1.506089687347412,x5bz8z33
599983,1.4839234352111816,5icuybbp
599983,1.4761189222335815,x5bz8z33
599994,1.490498661994934,5icuybbp
599994,1.4992331266403198,x5bz8z33
599998,1.482915997505188,5icuybbp
600008,1.4892878532409668,4vhawieh
600008,1.48853600025177,x5bz8z33
600012,1.487043023109436,5icuybbp
600012,1.479448676109314,x5bz8z33
600021,1.4817966222763062,5icuybbp
600021,1.475136637687683,x5bz8z33
600022,1.4656509160995483,5icuybbp
600028,1.495362639427185,4vhawieh
600028,1.645476222038269,iuxd2avq
600037,1.4927791357040405,4vhawieh
600037,1.502419352531433,x5bz8z33
600058,1.4790650606155396,5icuybbp
600058,1.4896035194396973,x5bz8z33
600074,1.5107910633087158,5icuybbp
600080,1.4851186275482178,4vhawieh
600080,1.649095058441162,iuxd2avq
600097,1.5119798183441162,4vhawieh
600097,1.653863787651062,iuxd2avq
600122,1.5015535354614258,4vhawieh
600122,1.444729208946228,x5bz8z33
600138,1.4672197103500366,5icuybbp
600138,1.490397334098816,x5bz8z33
600145,1.480542540550232,5icuybbp
600156,1.5020211935043335,4vhawieh
600156,1.4823133945465088,x5bz8z33
600157,1.481928825378418,5icuybbp
600159,1.4892646074295044,4vhawieh
600159,1.4947329759597778,x5bz8z33
600179,1.470414638519287,5icuybbp
600185,1.4826070070266724,4vhawieh
600185,1.6378834247589111,iuxd2avq
600204,1.4879330396652222,4vhawieh
600204,1.6327468156814575,iuxd2avq
600221,1.4896668195724487,4vhawieh
600221,1.6410186290740967,iuxd2avq
600223,1.4725772142410278,4vhawieh
600223,1.5106133222579956,x5bz8z33
600225,1.480939507484436,5icuybbp
600226,1.4942834377288818,4vhawieh
600226,1.6561874151229858,iuxd2avq
600228,1.4955147504806519,4vhawieh
600228,1.4635111093521118,x5bz8z33
600233,1.4737643003463745,5icuybbp
600233,1.520702838897705,x5bz8z33
600239,1.4744064807891846,5icuybbp
600239,1.490323781967163,x5bz8z33
600279,1.4795526266098022,5icuybbp
600285,1.492605447769165,4vhawieh
600285,1.4918110370635986,x5bz8z33
600287,1.4916112422943115,5icuybbp
600294,1.5006576776504517,4vhawieh
600294,1.4756559133529663,x5bz8z33
600300,1.4958215951919556,5icuybbp
600305,1.5084261894226074,4vhawieh
600305,1.477359652519226,x5bz8z33
600309,1.4885261058807373,5icuybbp
600310,1.4833197593688965,4vhawieh
600310,1.4838577508926392,x5bz8z33
600313,1.5012038946151733,5icuybbp
600368,1.4863940477371216,4vhawieh
600368,1.6487013101577759,iuxd2avq
600371,1.4872291088104248,4vhawieh
600371,1.4998140335083008,x5bz8z33
600391,1.4748845100402832,5icuybbp
600391,1.4648349285125732,x5bz8z33
600393,1.48190176486969,5icuybbp
600393,1.500543475151062,x5bz8z33
600401,1.4898571968078613,5icuybbp
600401,1.481442928314209,x5bz8z33
600413,1.5142210721969604,5icuybbp
600422,1.5159499645233154,4vhawieh
600422,1.6180377006530762,iuxd2avq
600434,1.515649676322937,4vhawieh
600434,1.4935113191604614,x5bz8z33
600441,1.5069375038146973,5icuybbp
600445,1.5147563219070435,4vhawieh
600445,1.4899187088012695,x5bz8z33
600447,1.4981880187988281,5icuybbp
600448,1.4832160472869873,4vhawieh
600448,1.4896619319915771,x5bz8z33
600452,1.4880427122116089,5icuybbp
600454,1.4879685640335083,4vhawieh
600454,1.4954012632369995,x5bz8z33
600461,1.5031224489212036,5icuybbp
600479,1.5047471523284912,4vhawieh
600479,1.4966939687728882,x5bz8z33
600500,1.5064928531646729,5icuybbp
600507,1.4840081930160522,4vhawieh
600507,1.4930275678634644,x5bz8z33
600530,1.479413390159607,5icuybbp
600547,1.4832831621170044,4vhawieh
600547,1.6257966756820679,iuxd2avq
600548,1.486810564994812,4vhawieh
600548,1.5160083770751953,x5bz8z33
600558,1.4804298877716064,5icuybbp
600567,1.4892624616622925,4vhawieh
600567,1.4898394346237183,x5bz8z33
600571,1.508643388748169,5icuybbp
600577,1.46455979347229,4vhawieh
600577,1.6357662677764893,iuxd2avq
600588,1.4676257371902466,4vhawieh
600588,1.4957733154296875,x5bz8z33
600595,1.4844045639038086,5icuybbp
600595,1.4967577457427979,x5bz8z33
600602,1.4614964723587036,5icuybbp
600602,1.4931719303131104,x5bz8z33
600605,1.4711512327194214,5icuybbp
600607,1.4819179773330688,4vhawieh
600607,1.6361539363861084,iuxd2avq
600611,1.4722622632980347,4vhawieh
600611,1.4842722415924072,x5bz8z33
600623,1.4884066581726074,5icuybbp
600623,1.4504393339157104,x5bz8z33
600625,1.4771472215652466,5icuybbp
600632,1.4932032823562622,4vhawieh
600632,1.5004338026046753,x5bz8z33
600634,1.5406310558319092,5icuybbp
600648,1.4839013814926147,4vhawieh
600648,1.5009583234786987,x5bz8z33
600654,1.5138139724731445,5icuybbp
600654,1.5283312797546387,x5bz8z33
600659,1.463692545890808,5icuybbp
600659,1.5217998027801514,x5bz8z33
600661,1.5187987089157104,5icuybbp
600661,1.4643338918685913,x5bz8z33
600665,1.481809139251709,5icuybbp
600666,1.470468282699585,4vhawieh
600666,1.4833017587661743,x5bz8z33
600673,1.4823853969573975,5icuybbp
600673,1.5078569650650024,x5bz8z33
600681,1.4978431463241577,5icuybbp
600694,1.5108026266098022,4vhawieh
600694,1.4895000457763672,x5bz8z33
600706,1.5154551267623901,5icuybbp
600706,1.4930428266525269,x5bz8z33
600728,1.4793658256530762,5icuybbp
600730,1.4861199855804443,4vhawieh
600730,1.451957106590271,x5bz8z33
600733,1.4895581007003784,5icuybbp
600740,1.5060478448867798,4vhawieh
600740,1.4660667181015015,x5bz8z33
600766,1.4902963638305664,5icuybbp
600766,1.498083472251892,x5bz8z33
600769,1.5214109420776367,5icuybbp
600780,1.4518749713897705,4vhawieh
600780,1.48533296585083,x5bz8z33
600790,1.4925189018249512,5icuybbp
600793,1.5160198211669922,4vhawieh
600793,1.5072007179260254,x5bz8z33
600799,1.4675167798995972,5icuybbp
600807,1.504195213317871,4vhawieh
600807,1.466546654701233,x5bz8z33
600809,1.493893027305603,5icuybbp
600817,1.4762492179870605,4vhawieh
600817,1.4541752338409424,x5bz8z33
600822,1.5093605518341064,5icuybbp
600822,1.4995338916778564,x5bz8z33
600834,1.4959739446640015,5icuybbp
600834,1.4971163272857666,x5bz8z33
600864,1.4763964414596558,5icuybbp
600869,1.4823272228240967,4vhawieh
600869,1.6307402849197388,iuxd2avq
600879,1.4792358875274658,4vhawieh
600879,1.460608720779419,x5bz8z33
600883,1.4888511896133423,5icuybbp
600884,1.5209540128707886,4vhawieh
600884,1.4738774299621582,x5bz8z33
600893,1.4744805097579956,5icuybbp
600900,1.4827858209609985,4vhawieh
600900,1.526888132095337,x5bz8z33
600901,1.453221321105957,5icuybbp
600906,1.4859176874160767,4vhawieh
600906,1.4905686378479004,x5bz8z33
600909,1.4989246129989624,5icuybbp
600911,1.4985384941101074,4vhawieh
600911,1.6608083248138428,iuxd2avq
600923,1.5090830326080322,4vhawieh
600923,1.6424044370651245,iuxd2avq
600924,1.4950649738311768,4vhawieh
600924,1.4774847030639648,x5bz8z33
600929,1.5209019184112549,5icuybbp
600933,1.4816347360610962,4vhawieh
600933,1.6367322206497192,iuxd2avq
600940,1.4699389934539795,4vhawieh
600940,1.6532896757125854,iuxd2avq
600943,1.4781445264816284,4vhawieh
600943,1.4942402839660645,x5bz8z33
600958,1.4451805353164673,5icuybbp
600965,1.4995546340942383,4vhawieh
600965,1.4568397998809814,x5bz8z33
600967,1.5053731203079224,5icuybbp
600967,1.4920929670333862,x5bz8z33
600984,1.4808075428009033,5icuybbp
600984,1.4727784395217896,x5bz8z33
600985,1.4804185628890991,5icuybbp
601003,1.4867045879364014,4vhawieh
601003,1.5234284400939941,x5bz8z33
601004,1.4696645736694336,5icuybbp
601004,1.5043225288391113,x5bz8z33
601012,1.4725542068481445,5icuybbp
601020,1.4704290628433228,4vhawieh
601020,1.468977451324463,x5bz8z33
601032,1.4699877500534058,5icuybbp
601053,1.484222173690796,4vhawieh
601053,1.4798916578292847,x5bz8z33
601054,1.4977678060531616,5icuybbp
601054,1.4952683448791504,x5bz8z33
601068,1.5029866695404053,5icuybbp
601069,1.4653041362762451,4vhawieh
601069,1.473368525505066,x5bz8z33
601073,1.472862958908081,5icuybbp
601094,1.4935389757156372,4vhawieh
601094,1.632310390472412,iuxd2avq
601100,1.4808495044708252,4vhawieh
601100,1.4742968082427979,x5bz8z33
601103,1.4635162353515625,5icuybbp
601105,1.4780136346817017,4vhawieh
601105,1.612845540046692,iuxd2avq
601120,1.4779940843582153,4vhawieh
601120,1.4793814420700073,x5bz8z33
601145,1.4850561618804932,5icuybbp
601155,1.494476318359375,4vhawieh
601155,1.5092337131500244,x5bz8z33
601179,1.4875048398971558,5icuybbp
601179,1.4517325162887573,x5bz8z33
601184,1.4714181423187256,5icuybbp
601191,1.4633896350860596,4vhawieh
601191,1.4603476524353027,x5bz8z33
601197,1.491416573524475,5icuybbp
601205,1.4821258783340454,4vhawieh
601205,1.505791187286377,x5bz8z33
601211,1.4722987413406372,5icuybbp
601212,1.500850796699524,4vhawieh
601212,1.4866156578063965,x5bz8z33
601226,1.498599886894226,5icuybbp
601226,1.4855382442474365,x5bz8z33
601231,1.4732125997543335,5icuybbp
601250,1.4971474409103394,4vhawieh
601250,1.6442171335220337,iuxd2avq
601264,1.4751580953598022,4vhawieh
601264,1.651180386543274,iuxd2avq
601268,1.4762451648712158,4vhawieh
601268,1.476777195930481,x5bz8z33
601277,1.5065958499908447,5icuybbp
601287,1.4887629747390747,4vhawieh
601287,1.486796498298645,x5bz8z33
601292,1.4991825819015503,5icuybbp
601294,1.4755724668502808,4vhawieh
601294,1.4589699506759644,x5bz8z33
601303,1.4902780055999756,5icuybbp
601307,1.4948559999465942,4vhawieh
601307,1.4751145839691162,x5bz8z33
601315,1.4905166625976562,5icuybbp
601323,1.479799747467041,4vhawieh
601323,1.6251554489135742,iuxd2avq
601328,1.478707194328308,4vhawieh
601328,1.4759868383407593,x5bz8z33
601336,1.4540115594863892,5icuybbp
601340,1.4810407161712646,4vhawieh
601340,1.6199066638946533,iuxd2avq
601349,1.4820340871810913,4vhawieh
601349,1.4923039674758911,x5bz8z33
601365,1.4744555950164795,5icuybbp
601365,1.5130647420883179,x5bz8z33
601381,1.4758107662200928,5icuybbp
601391,1.4607659578323364,4vhawieh
601391,1.4673351049423218,x5bz8z33
601392,1.488523006439209,5icuybbp
601393,1.4726595878601074,4vhawieh
601393,1.6372660398483276,iuxd2avq
601414,1.4653505086898804,4vhawieh
601414,1.4891207218170166,x5bz8z33
601417,1.4842212200164795,5icuybbp
601422,1.5046266317367554,4vhawieh
601422,1.469428539276123,x5bz8z33
601445,1.4949768781661987,5icuybbp
601445,1.4677441120147705,x5bz8z33
601460,1.456074833869934,5icuybbp
601464,1.4571698904037476,4vhawieh
601464,1.637969970703125,iuxd2avq
601465,1.5033081769943237,4vhawieh
601465,1.481123924255371,x5bz8z33
601466,1.4652197360992432,5icuybbp
601486,1.478817105293274,4vhawieh
601486,1.484755277633667,x5bz8z33
601505,1.4734828472137451,5icuybbp
601508,1.492985486984253,4vhawieh
601508,1.6441606283187866,iuxd2avq
601512,1.4729844331741333,4vhawieh
601512,1.476094365119934,x5bz8z33
601518,1.4683529138565063,5icuybbp
601523,1.5020326375961304,4vhawieh
601523,1.511290431022644,x5bz8z33
601532,1.5131406784057617,5icuybbp
601546,1.4845296144485474,4vhawieh
601546,1.4928905963897705,x5bz8z33
601577,1.4842314720153809,5icuybbp
601586,1.4564781188964844,4vhawieh
601586,1.492695927619934,x5bz8z33
601587,1.4960800409317017,5icuybbp
601588,1.503787875175476,4vhawieh
601588,1.4395769834518433,x5bz8z33
601599,1.5109739303588867,5icuybbp
601599,1.4988768100738525,x5bz8z33
601604,1.480038046836853,5icuybbp
601604,1.4682388305664062,x5bz8z33
601612,1.4596896171569824,5icuybbp
601612,1.4452438354492188,x5bz8z33
601613,1.4643100500106812,5icuybbp
601613,1.4699146747589111,x5bz8z33
601617,1.4937357902526855,5icuybbp
601626,1.4757760763168335,4vhawieh
601626,1.4530761241912842,x5bz8z33
601628,1.5113602876663208,5icuybbp
601632,1.4825166463851929,4vhawieh
601632,1.4848387241363525,x5bz8z33
601637,1.4902981519699097,5icuybbp
601646,1.484218955039978,4vhawieh
601646,1.6418286561965942,iuxd2avq
601663,1.477020025253296,4vhawieh
601663,1.6135756969451904,iuxd2avq
601666,1.4616379737854004,4vhawieh
601666,1.454101324081421,x5bz8z33
601668,1.4654078483581543,5icuybbp
601668,1.4721380472183228,x5bz8z33
601670,1.450546145439148,5icuybbp
601674,1.4489508867263794,4vhawieh
601674,1.501745581626892,x5bz8z33
601683,1.498172640800476,5icuybbp
601702,1.4998290538787842,4vhawieh
601702,1.6159948110580444,iuxd2avq
601712,1.4672491550445557,4vhawieh
601712,1.4794247150421143,x5bz8z33
601717,1.4570990800857544,5icuybbp
601717,1.4744805097579956,x5bz8z33
601720,1.483184814453125,5icuybbp
601727,1.4819445610046387,4vhawieh
601727,1.4907556772232056,x5bz8z33
601743,1.4416066408157349,5icuybbp
601745,1.4910366535186768,4vhawieh
601745,1.4894427061080933,x5bz8z33
601761,1.4513869285583496,5icuybbp
601762,1.4632786512374878,4vhawieh
601762,1.4692925214767456,x5bz8z33
601767,1.4932732582092285,5icuybbp
601767,1.4615836143493652,x5bz8z33
601768,1.4881668090820312,5icuybbp
601768,1.4877142906188965,x5bz8z33
601777,1.4783735275268555,5icuybbp
601777,1.4945017099380493,x5bz8z33
601789,1.4863017797470093,5icuybbp
601801,1.486288070678711,4vhawieh
601801,1.641455054283142,iuxd2avq
601802,1.4896386861801147,4vhawieh
601802,1.487605094909668,x5bz8z33
601806,1.4653455018997192,5icuybbp
601813,1.4982666969299316,4vhawieh
601813,1.4512747526168823,x5bz8z33
601816,1.453357219696045,5icuybbp
601816,1.4780572652816772,x5bz8z33
601823,1.5088727474212646,5icuybbp
601847,1.4481086730957031,4vhawieh
601847,1.4980593919754028,x5bz8z33
601857,1.500287413597107,5icuybbp
601862,1.458642840385437,4vhawieh
601862,1.4887491464614868,x5bz8z33
601863,1.4795845746994019,5icuybbp
601871,1.456518530845642,4vhawieh
601871,1.5037126541137695,x5bz8z33
601880,1.4834249019622803,5icuybbp
601880,1.482918620109558,x5bz8z33
601882,1.490797996520996,5icuybbp
601885,1.4659215211868286,4vhawieh
601885,1.4997466802597046,x5bz8z33
601886,1.481114387512207,5icuybbp
601886,1.4798630475997925,x5bz8z33
601900,1.477970838546753,5icuybbp
601900,1.469794750213623,x5bz8z33
601921,1.4679089784622192,5icuybbp
601923,1.482366681098938,4vhawieh
601923,1.6438158750534058,iuxd2avq
601924,1.4655381441116333,4vhawieh
601924,1.656818151473999,iuxd2avq
601935,1.4778810739517212,4vhawieh
601935,1.5022542476654053,x5bz8z33
601936,1.4742531776428223,5icuybbp
601966,1.4729899168014526,4vhawieh
601966,1.486190676689148,x5bz8z33
601983,1.4878673553466797,5icuybbp
601992,1.492187738418579,4vhawieh
601992,1.642974853515625,iuxd2avq
601994,1.4865224361419678,4vhawieh
601994,1.6274627447128296,iuxd2avq
602000,1.4834208488464355,4vhawieh
602000,1.4540770053863525,x5bz8z33
602001,1.4600698947906494,5icuybbp
602001,1.5007230043411255,x5bz8z33
602011,1.4983915090560913,5icuybbp
602017,1.5089975595474243,4vhawieh
602017,1.4909096956253052,x5bz8z33
602020,1.4661771059036255,5icuybbp
602020,1.4821606874465942,x5bz8z33
602030,1.4972076416015625,5icuybbp
602036,1.472032070159912,4vhawieh
602036,1.6097644567489624,iuxd2avq
602042,1.4730224609375,4vhawieh
602042,1.6490447521209717,iuxd2avq
602052,1.4791123867034912,4vhawieh
602052,1.4930824041366577,x5bz8z33
602063,1.466962456703186,5icuybbp
602064,1.4685884714126587,4vhawieh
602064,1.5143290758132935,x5bz8z33
602069,1.4782015085220337,5icuybbp
602069,1.48373281955719,x5bz8z33
602083,1.4819214344024658,5icuybbp
602088,1.4915204048156738,4vhawieh
602088,1.4900949001312256,x5bz8z33
602090,1.473963975906372,5icuybbp
602090,1.4572844505310059,x5bz8z33
602109,1.4663382768630981,5icuybbp
602124,1.47218656539917,4vhawieh
602124,1.6334902048110962,iuxd2avq
602131,1.4784945249557495,4vhawieh
602131,1.633813500404358,iuxd2avq
602136,1.4753084182739258,4vhawieh
602136,1.4824467897415161,x5bz8z33
602143,1.4865550994873047,5icuybbp
602149,1.5011729001998901,4vhawieh
602149,1.603874921798706,iuxd2avq
602155,1.4727059602737427,4vhawieh
602155,1.4856833219528198,x5bz8z33
602158,1.4601247310638428,5icuybbp
602158,1.4740779399871826,x5bz8z33
602166,1.4948091506958008,5icuybbp
602166,1.4743348360061646,x5bz8z33
602173,1.4397144317626953,5icuybbp
602173,1.487795352935791,x5bz8z33
602182,1.4728325605392456,5icuybbp
602187,1.4923313856124878,4vhawieh
602187,1.4826650619506836,x5bz8z33
602188,1.4643981456756592,5icuybbp
602188,1.4689162969589233,x5bz8z33
602198,1.4713090658187866,5icuybbp
602213,1.4749102592468262,4vhawieh
602213,1.6268507242202759,iuxd2avq
602226,1.4672211408615112,4vhawieh
602226,1.6349809169769287,iuxd2avq
602228,1.4873063564300537,4vhawieh
602228,1.4688035249710083,x5bz8z33
602232,1.4947441816329956,5icuybbp
602234,1.477856159210205,4vhawieh
602234,1.4711183309555054,x5bz8z33
602242,1.4540619850158691,5icuybbp
602242,1.5104080438613892,x5bz8z33
602250,1.486688494682312,5icuybbp
602251,1.4716649055480957,4vhawieh
602251,1.4729877710342407,x5bz8z33
602259,1.463380217552185,5icuybbp
602259,1.4584823846817017,x5bz8z33
602262,1.4649125337600708,5icuybbp
602265,1.493190884590149,4vhawieh
602265,1.5906180143356323,iuxd2avq
602270,1.4846805334091187,4vhawieh
602270,1.5162968635559082,x5bz8z33
602278,1.479328989982605,5icuybbp
602278,1.4466317892074585,x5bz8z33
602294,1.4715576171875,5icuybbp
602315,1.4859437942504883,4vhawieh
602315,1.6191866397857666,iuxd2avq
602318,1.5078859329223633,4vhawieh
602318,1.4605927467346191,x5bz8z33
602328,1.4774638414382935,5icuybbp
602334,1.4420279264450073,4vhawieh
602334,1.4590243101119995,x5bz8z33
602340,1.4951707124710083,5icuybbp
602351,1.4572415351867676,4vhawieh
602351,1.4709402322769165,x5bz8z33
602353,1.466548204421997,5icuybbp
602413,1.435410499572754,4vhawieh
602413,1.4671632051467896,x5bz8z33
602425,1.4744433164596558,5icuybbp
602425,1.4657955169677734,x5bz8z33
602439,1.45371413230896,5icuybbp
602439,1.4808224439620972,x5bz8z33
602449,1.462446928024292,5icuybbp
602453,1.4562792778015137,4vhawieh
602453,1.4761109352111816,x5bz8z33
602456,1.466961145401001,5icuybbp
602462,1.4649384021759033,4vhawieh
602462,1.4773423671722412,x5bz8z33
602494,1.448409914970398,5icuybbp
602507,1.4689563512802124,4vhawieh
602507,1.507681965827942,x5bz8z33
602509,1.4933353662490845,5icuybbp
602509,1.4734680652618408,x5bz8z33
602512,1.453285574913025,5icuybbp
602515,1.4767365455627441,4vhawieh
602515,1.440395712852478,x5bz8z33
602525,1.4969189167022705,5icuybbp
602541,1.4539027214050293,4vhawieh
602541,1.4893980026245117,x5bz8z33
602569,1.5148533582687378,5icuybbp
602571,1.4658113718032837,4vhawieh
602571,1.6085385084152222,iuxd2avq
602573,1.4391398429870605,4vhawieh
602573,1.6297715902328491,iuxd2avq
602582,1.4538286924362183,4vhawieh
602582,1.4850589036941528,x5bz8z33
602592,1.477283000946045,5icuybbp
602592,1.4528918266296387,x5bz8z33
602594,1.4572850465774536,5icuybbp
602611,1.4514726400375366,4vhawieh
602611,1.49163818359375,x5bz8z33
602615,1.4526134729385376,5icuybbp
602624,1.470842957496643,4vhawieh
602624,1.4530980587005615,x5bz8z33
602628,1.4597454071044922,5icuybbp
602634,1.468159556388855,4vhawieh
602634,1.4886654615402222,x5bz8z33
602635,1.4836084842681885,5icuybbp
602640,1.4730144739151,4vhawieh
602640,1.5943259000778198,iuxd2avq
602649,1.4842579364776611,4vhawieh
602649,1.4835264682769775,x5bz8z33
602675,1.4627307653427124,5icuybbp
602687,1.4752308130264282,4vhawieh
602687,1.6486161947250366,iuxd2avq
602690,1.4744573831558228,4vhawieh
602690,1.4974983930587769,x5bz8z33
602695,1.4659396409988403,5icuybbp
602701,1.466006875038147,4vhawieh
602701,1.463128685951233,x5bz8z33
602716,1.4985789060592651,5icuybbp
602718,1.4989783763885498,4vhawieh
602718,1.4806641340255737,x5bz8z33
602719,1.4763127565383911,5icuybbp
602719,1.4716033935546875,x5bz8z33
602725,1.4420855045318604,5icuybbp
602728,1.459277868270874,4vhawieh
602728,1.6221721172332764,iuxd2avq
602736,1.4711618423461914,4vhawieh
602736,1.4638161659240723,x5bz8z33
602741,1.4944485425949097,5icuybbp
602758,1.4401642084121704,4vhawieh
602758,1.4416569471359253,x5bz8z33
602769,1.4515442848205566,5icuybbp
602769,1.459254503250122,x5bz8z33
602774,1.476469874382019,5icuybbp
602794,1.4710924625396729,4vhawieh
602794,1.4707634449005127,x5bz8z33
602797,1.4882875680923462,5icuybbp
602799,1.4840404987335205,4vhawieh
602799,1.4681130647659302,x5bz8z33
602800,1.470707654953003,5icuybbp
602800,1.4679999351501465,x5bz8z33
602801,1.4617977142333984,5icuybbp
602802,1.453896403312683,4vhawieh
602802,1.4768502712249756,x5bz8z33
602803,1.4654659032821655,5icuybbp
602805,1.5099831819534302,4vhawieh
602805,1.4796291589736938,x5bz8z33
602830,1.4769572019577026,5icuybbp
602838,1.4864369630813599,4vhawieh
602838,1.468953251838684,x5bz8z33
602843,1.4523646831512451,5icuybbp
602843,1.4787074327468872,x5bz8z33
602864,1.464156150817871,5icuybbp
602864,1.4615342617034912,x5bz8z33
602869,1.4680157899856567,5icuybbp
602871,1.4988938570022583,4vhawieh
602871,1.625839352607727,iuxd2avq
602872,1.4802011251449585,4vhawieh
602872,1.6386384963989258,iuxd2avq
602873,1.4843955039978027,4vhawieh
602873,1.512550711631775,x5bz8z33
602876,1.472796082496643,5icuybbp
602880,1.4443883895874023,4vhawieh
602880,1.6014798879623413,iuxd2avq
602896,1.445866346359253,4vhawieh
602896,1.4702271223068237,x5bz8z33
602903,1.4537869691848755,5icuybbp
602903,1.462697148323059,x5bz8z33
602920,1.462409257888794,5icuybbp
602934,1.467957615852356,4vhawieh
602934,1.4779125452041626,x5bz8z33
602935,1.4498642683029175,5icuybbp
602935,1.4836715459823608,x5bz8z33
602941,1.457062840461731,5icuybbp
602962,1.451398253440857,4vhawieh
602962,1.4731755256652832,x5bz8z33
602967,1.4936585426330566,5icuybbp
602979,1.4745965003967285,4vhawieh
602979,1.4677773714065552,x5bz8z33
603008,1.4430533647537231,5icuybbp
603014,1.4608269929885864,4vhawieh
603014,1.463914394378662,x5bz8z33
603017,1.4684662818908691,5icuybbp
603033,1.4604610204696655,4vhawieh
603033,1.4943431615829468,x5bz8z33
603049,1.4408273696899414,5icuybbp
603051,1.4614994525909424,4vhawieh
603051,1.6155650615692139,iuxd2avq
603062,1.4819599390029907,4vhawieh
603062,1.4464633464813232,x5bz8z33
603064,1.4826194047927856,5icuybbp
603079,1.4479295015335083,4vhawieh
603079,1.4599405527114868,x5bz8z33
603084,1.4414126873016357,5icuybbp
603087,1.4761942625045776,4vhawieh
603087,1.470501184463501,x5bz8z33
603088,1.464134931564331,5icuybbp
603088,1.4729118347167969,x5bz8z33
603089,1.4885318279266357,5icuybbp
603092,1.4504790306091309,4vhawieh
603092,1.459411382675171,x5bz8z33
603099,1.4758189916610718,5icuybbp
603128,1.471410870552063,4vhawieh
603128,1.627098798751831,iuxd2avq
603154,1.481069803237915,4vhawieh
603154,1.4593875408172607,x5bz8z33
603167,1.4557337760925293,5icuybbp
603169,1.4908498525619507,4vhawieh
603169,1.459951639175415,x5bz8z33
603178,1.5017492771148682,5icuybbp
603181,1.4804693460464478,4vhawieh
603181,1.4637399911880493,x5bz8z33
603198,1.4631471633911133,5icuybbp
603198,1.482452154159546,x5bz8z33
603203,1.4846268892288208,5icuybbp
603203,1.4727121591567993,x5bz8z33
603222,1.4673125743865967,5icuybbp
603223,1.467712163925171,4vhawieh
603223,1.6300048828125,iuxd2avq
603228,1.4638025760650635,4vhawieh
603228,1.4632192850112915,x5bz8z33
603239,1.475173830986023,5icuybbp
603239,1.4702399969100952,x5bz8z33
603247,1.4422016143798828,5icuybbp
603247,1.4589391946792603,x5bz8z33
603251,1.4561316967010498,5icuybbp
603251,1.4809973239898682,x5bz8z33
603260,1.48497474193573,5icuybbp
603267,1.4753196239471436,4vhawieh
603267,1.4674869775772095,x5bz8z33
603280,1.4585578441619873,5icuybbp
603280,1.4502177238464355,x5bz8z33
603283,1.4730792045593262,5icuybbp
603283,1.491546392440796,x5bz8z33
603284,1.4484288692474365,5icuybbp
603292,1.4627324342727661,4vhawieh
603292,1.467528223991394,x5bz8z33
603295,1.45700204372406,5icuybbp
603309,1.473712682723999,4vhawieh
603309,1.4591991901397705,x5bz8z33
603317,1.4713565111160278,5icuybbp
603318,1.458255648612976,4vhawieh
603318,1.5028386116027832,x5bz8z33
603328,1.4610546827316284,5icuybbp
603348,1.4831970930099487,4vhawieh
603348,1.4685741662979126,x5bz8z33
603351,1.475528597831726,5icuybbp
603351,1.4519243240356445,x5bz8z33
603358,1.4641121625900269,5icuybbp
603362,1.4826966524124146,4vhawieh
603362,1.6040630340576172,iuxd2avq
603364,1.4574469327926636,4vhawieh
603364,1.4599915742874146,x5bz8z33
603369,1.4902198314666748,5icuybbp
603369,1.472438931465149,x5bz8z33
603377,1.493749737739563,5icuybbp
603411,1.4614540338516235,4vhawieh
603411,1.4633402824401855,x5bz8z33
603426,1.4701757431030273,5icuybbp
603428,1.4879449605941772,4vhawieh
603428,1.631317138671875,iuxd2avq
603432,1.4838320016860962,4vhawieh
603432,1.5803660154342651,iuxd2avq
603447,1.4586790800094604,4vhawieh
603447,1.4747225046157837,x5bz8z33
603453,1.4518187046051025,5icuybbp
603459,1.4263007640838623,4vhawieh
603459,1.607703685760498,iuxd2avq
603467,1.4546879529953003,4vhawieh
603467,1.4652788639068604,x5bz8z33
603486,1.4578897953033447,5icuybbp
603488,1.4570199251174927,4vhawieh
603488,1.4708759784698486,x5bz8z33
603498,1.4486935138702393,5icuybbp
603498,1.4831809997558594,x5bz8z33
603503,1.4708855152130127,5icuybbp
603503,1.4721347093582153,x5bz8z33
603508,1.4638668298721313,5icuybbp
603508,1.4700661897659302,x5bz8z33
603520,1.4634000062942505,5icuybbp
603530,1.4805889129638672,4vhawieh
603530,1.4572573900222778,x5bz8z33
603531,1.4514775276184082,5icuybbp
603532,1.4672410488128662,4vhawieh
603532,1.475314974784851,x5bz8z33
603535,1.46382737159729,5icuybbp
603536,1.4712742567062378,4vhawieh
603536,1.453933835029602,x5bz8z33
603542,1.4597446918487549,5icuybbp
603542,1.4681118726730347,x5bz8z33
603554,1.4583805799484253,5icuybbp
603554,1.4688336849212646,x5bz8z33
603556,1.4680677652359009,5icuybbp
603561,1.454763650894165,4vhawieh
603561,1.625797152519226,iuxd2avq
603583,1.477553367614746,4vhawieh
603583,1.590005874633789,iuxd2avq
603584,1.460004448890686,4vhawieh
603584,1.4383233785629272,x5bz8z33
603588,1.4752933979034424,5icuybbp
603589,1.4539873600006104,4vhawieh
603589,1.4480507373809814,x5bz8z33
603592,1.469038724899292,5icuybbp
603601,1.4559874534606934,4vhawieh
603601,1.4630285501480103,x5bz8z33
603605,1.4729450941085815,5icuybbp
603615,1.465173363685608,4vhawieh
603615,1.6370335817337036,iuxd2avq
603622,1.439431071281433,4vhawieh
603622,1.4658399820327759,x5bz8z33
603625,1.4822226762771606,5icuybbp
603625,1.4970816373825073,x5bz8z33
603629,1.476556420326233,5icuybbp
603638,1.461883783340454,4vhawieh
603638,1.6211168766021729,iuxd2avq
603646,1.4610933065414429,4vhawieh
603646,1.429206132888794,x5bz8z33
603652,1.471958875656128,5icuybbp
603652,1.4345520734786987,x5bz8z33
603654,1.4996918439865112,5icuybbp
603655,1.465339183807373,4vhawieh
603655,1.4422534704208374,x5bz8z33
603658,1.4704911708831787,5icuybbp
603659,1.4811760187149048,4vhawieh
603659,1.4369299411773682,x5bz8z33
603662,1.4728752374649048,5icuybbp
603668,1.4397611618041992,4vhawieh
603668,1.4552823305130005,x5bz8z33
603684,1.4643480777740479,5icuybbp
603685,1.4361622333526611,4vhawieh
603685,1.6482480764389038,iuxd2avq
603687,1.4718378782272339,4vhawieh
603687,1.6266230344772339,iuxd2avq
603693,1.4669512510299683,4vhawieh
603693,1.4618855714797974,x5bz8z33
603705,1.4495329856872559,5icuybbp
603709,1.4568485021591187,4vhawieh
603709,1.628217339515686,iuxd2avq
603714,1.46043860912323,4vhawieh
603714,1.4672529697418213,x5bz8z33
603721,1.470128059387207,5icuybbp
603721,1.467748761177063,x5bz8z33
603726,1.4455405473709106,5icuybbp
603730,1.4709606170654297,4vhawieh
603730,1.4799141883850098,x5bz8z33
603733,1.455506443977356,5icuybbp
603733,1.4711556434631348,x5bz8z33
603735,1.491783857345581,5icuybbp
603742,1.4454089403152466,4vhawieh
603742,1.4592032432556152,x5bz8z33
603762,1.4638540744781494,5icuybbp
603770,1.4568793773651123,4vhawieh
603770,1.479513168334961,x5bz8z33
603785,1.4689325094223022,5icuybbp
603788,1.4482096433639526,4vhawieh
603788,1.6214505434036255,iuxd2avq
603794,1.474755048751831,4vhawieh
603794,1.469665288925171,x5bz8z33
603803,1.4622350931167603,5icuybbp
603803,1.4550527334213257,x5bz8z33
603810,1.4698573350906372,5icuybbp
603811,1.4730567932128906,4vhawieh
603811,1.451646089553833,x5bz8z33
603820,1.4326679706573486,5icuybbp
603820,1.450466275215149,x5bz8z33
603835,1.4641777276992798,5icuybbp
603835,1.4614330530166626,x5bz8z33
603852,1.4673959016799927,5icuybbp
603878,1.4598236083984375,4vhawieh
603878,1.6397572755813599,iuxd2avq
603888,1.4334980249404907,4vhawieh
603888,1.458738088607788,x5bz8z33
603890,1.459665060043335,5icuybbp
603894,1.4559392929077148,4vhawieh
603894,1.4409257173538208,x5bz8z33
603898,1.4699018001556396,5icuybbp
603898,1.446365237236023,x5bz8z33
603899,1.467092514038086,5icuybbp
603921,1.4534143209457397,4vhawieh
603921,1.4808297157287598,x5bz8z33
603924,1.4585567712783813,5icuybbp
603924,1.4591072797775269,x5bz8z33
603939,1.4736253023147583,5icuybbp
603949,1.4459545612335205,4vhawieh
603949,1.4370827674865723,x5bz8z33
603956,1.4467618465423584,5icuybbp
603957,1.453606367111206,4vhawieh
603957,1.4881069660186768,x5bz8z33
603979,1.4587507247924805,5icuybbp
603981,1.477967619895935,4vhawieh
603981,1.6148346662521362,iuxd2avq
603989,1.4501137733459473,4vhawieh
603989,1.6144936084747314,iuxd2avq
603992,1.4775820970535278,4vhawieh
603992,1.4701194763183594,x5bz8z33
603993,1.4468504190444946,5icuybbp
603994,1.4707310199737549,4vhawieh
603994,1.443480372428894,x5bz8z33
604000,1.4470690488815308,5icuybbp
604001,1.4349147081375122,4vhawieh
604001,1.460466980934143,x5bz8z33
604010,1.4851722717285156,5icuybbp
604013,1.4912521839141846,4vhawieh
604013,1.4727574586868286,x5bz8z33
604035,1.4579614400863647,5icuybbp
604052,1.472915530204773,4vhawieh
604052,1.439333200454712,x5bz8z33
604053,1.465335488319397,5icuybbp
604061,1.4557629823684692,4vhawieh
604061,1.4808779954910278,x5bz8z33
604065,1.4741750955581665,5icuybbp
604072,1.470732569694519,4vhawieh
604072,1.6144360303878784,iuxd2avq
604075,1.4570167064666748,4vhawieh
604075,1.436589241027832,x5bz8z33
604093,1.475118637084961,5icuybbp
604100,1.487856388092041,4vhawieh
604100,1.491143822669983,x5bz8z33
604112,1.4562233686447144,5icuybbp
604114,1.467422366142273,4vhawieh
604114,1.4504793882369995,x5bz8z33
604148,1.4446145296096802,5icuybbp
604148,1.4782716035842896,x5bz8z33
604177,1.4453169107437134,5icuybbp
604190,1.4447169303894043,4vhawieh
604190,1.4656682014465332,x5bz8z33
604206,1.4602967500686646,5icuybbp
604226,1.4547923803329468,4vhawieh
604226,1.6070184707641602,iuxd2avq
604227,1.43526029586792,4vhawieh
604227,1.6336894035339355,iuxd2avq
604236,1.4400068521499634,4vhawieh
604236,1.451640248298645,x5bz8z33
604239,1.475713849067688,5icuybbp
604239,1.4699037075042725,x5bz8z33
604250,1.4522120952606201,5icuybbp
604253,1.4344358444213867,4vhawieh
604253,1.437582015991211,x5bz8z33
604259,1.443467378616333,5icuybbp
604259,1.4650781154632568,x5bz8z33
604263,1.4697843790054321,5icuybbp
604271,1.4552074670791626,4vhawieh
604271,1.478104591369629,x5bz8z33
604279,1.4622523784637451,5icuybbp
604279,1.4751378297805786,x5bz8z33
604292,1.4708620309829712,5icuybbp
604297,1.446692705154419,4vhawieh
604297,1.461745262145996,x5bz8z33
604305,1.4378674030303955,5icuybbp
604305,1.4526607990264893,x5bz8z33
604314,1.4310965538024902,5icuybbp
604314,1.4541901350021362,x5bz8z33
604325,1.4753786325454712,5icuybbp
604327,1.4539676904678345,4vhawieh
604327,1.4669756889343262,x5bz8z33
604336,1.4581035375595093,5icuybbp
604336,1.455814242362976,x5bz8z33
604347,1.4532848596572876,5icuybbp
604347,1.4591481685638428,x5bz8z33
604363,1.461862564086914,5icuybbp
604363,1.4617055654525757,x5bz8z33
604382,1.484094500541687,5icuybbp
604401,1.439670205116272,4vhawieh
604401,1.4381226301193237,x5bz8z33
604412,1.456070065498352,5icuybbp
604412,1.438315749168396,x5bz8z33
604421,1.4773590564727783,5icuybbp
604427,1.436470627784729,4vhawieh
604427,1.446265459060669,x5bz8z33
604431,1.473739504814148,5icuybbp
604435,1.4765640497207642,4vhawieh
604435,1.619041085243225,iuxd2avq
604437,1.4507403373718262,4vhawieh
604437,1.4587297439575195,x5bz8z33
604438,1.4543094635009766,5icuybbp
604446,1.4385831356048584,4vhawieh
604446,1.436249017715454,x5bz8z33
604465,1.455058217048645,5icuybbp
604465,1.4644558429718018,x5bz8z33
604467,1.4407520294189453,5icuybbp
604474,1.472704529762268,4vhawieh
604474,1.4824483394622803,x5bz8z33
604475,1.4433166980743408,5icuybbp
604482,1.478500485420227,4vhawieh
604482,1.4485312700271606,x5bz8z33
604493,1.4509938955307007,5icuybbp
604499,1.4610602855682373,4vhawieh
604499,1.469648003578186,x5bz8z33
604502,1.4311940670013428,5icuybbp
604503,1.4665793180465698,4vhawieh
604503,1.6135245561599731,iuxd2avq
604505,1.475075602531433,4vhawieh
604505,1.4207121133804321,x5bz8z33
604523,1.4688316583633423,5icuybbp
604533,1.4913288354873657,4vhawieh
604533,1.6013609170913696,iuxd2avq
604542,1.4392420053482056,4vhawieh
604542,1.627660870552063,iuxd2avq
604543,1.4620118141174316,4vhawieh
604543,1.4710232019424438,x5bz8z33
604550,1.462689757347107,5icuybbp
604554,1.4451932907104492,4vhawieh
604554,1.454089879989624,x5bz8z33
604558,1.4605731964111328,5icuybbp
604558,1.4748297929763794,x5bz8z33
604565,1.459262490272522,5icuybbp
604569,1.4492378234863281,4vhawieh
604569,1.463183045387268,x5bz8z33
604571,1.4487429857254028,5icuybbp
604574,1.4163345098495483,4vhawieh
604574,1.4588830471038818,x5bz8z33
604578,1.476778507232666,5icuybbp
604578,1.466455101966858,x5bz8z33
604585,1.420405387878418,5icuybbp
604593,1.4385956525802612,4vhawieh
604593,1.6302913427352905,iuxd2avq
604605,1.4731298685073853,4vhawieh
604605,1.4507536888122559,x5bz8z33
604608,1.4577268362045288,5icuybbp
604609,1.4428448677062988,4vhawieh
604609,1.4635266065597534,x5bz8z33
604612,1.4432833194732666,5icuybbp
604612,1.4597641229629517,x5bz8z33
604613,1.4755332469940186,5icuybbp
604613,1.4503405094146729,x5bz8z33
604618,1.4747819900512695,5icuybbp
604624,1.4710854291915894,4vhawieh
604624,1.6343963146209717,iuxd2avq
604631,1.4476940631866455,4vhawieh
604631,1.4747560024261475,x5bz8z33
604634,1.4577518701553345,5icuybbp
604634,1.4422504901885986,x5bz8z33
604636,1.4603326320648193,5icuybbp
604636,1.4482320547103882,x5bz8z33
604655,1.487162709236145,5icuybbp
604679,1.459010362625122,4vhawieh
604679,1.4297670125961304,x5bz8z33
604696,1.426282286643982,5icuybbp
604697,1.4646084308624268,4vhawieh
604697,1.4492199420928955,x5bz8z33
604714,1.4726543426513672,5icuybbp
604722,1.4352651834487915,4vhawieh
604722,1.4611928462982178,x5bz8z33
604723,1.4847897291183472,5icuybbp
604727,1.4516671895980835,4vhawieh
604727,1.4660677909851074,x5bz8z33
604731,1.4587599039077759,5icuybbp
604742,1.449019193649292,4vhawieh
604742,1.6182736158370972,iuxd2avq
604745,1.4450114965438843,4vhawieh
604745,1.4401816129684448,x5bz8z33
604752,1.4730786085128784,5icuybbp
604753,1.4707030057907104,4vhawieh
604753,1.4296519756317139,x5bz8z33
604758,1.4621682167053223,5icuybbp
604758,1.4614421129226685,x5bz8z33
604765,1.4799226522445679,5icuybbp
604767,1.4458913803100586,4vhawieh
604767,1.4267524480819702,x5bz8z33
604774,1.4875839948654175,5icuybbp
604777,1.4732744693756104,4vhawieh
604777,1.628588080406189,iuxd2avq
604782,1.4465434551239014,4vhawieh
604782,1.4833418130874634,x5bz8z33
604784,1.470733880996704,5icuybbp
604807,1.4572848081588745,4vhawieh
604807,1.5882545709609985,iuxd2avq
604809,1.4470100402832031,4vhawieh
604809,1.6260550022125244,iuxd2avq
604814,1.4580379724502563,4vhawieh
604814,1.6262634992599487,iuxd2avq
604820,1.4275144338607788,4vhawieh
604820,1.4577196836471558,x5bz8z33
604821,1.4820597171783447,5icuybbp
604825,1.4485652446746826,4vhawieh
604825,1.4600499868392944,x5bz8z33
604830,1.4593076705932617,5icuybbp
604839,1.4558478593826294,4vhawieh
604839,1.6040884256362915,iuxd2avq
604846,1.4436612129211426,4vhawieh
604846,1.6280031204223633,iuxd2avq
604849,1.4554493427276611,4vhawieh
604849,1.470969557762146,x5bz8z33
604851,1.4796230792999268,5icuybbp
604853,1.461315393447876,4vhawieh
604853,1.424540638923645,x5bz8z33
604856,1.461183786392212,5icuybbp
604856,1.4536449909210205,x5bz8z33
604859,1.4671390056610107,5icuybbp
604862,1.4670854806900024,4vhawieh
604862,1.625148892402649,iuxd2avq
604863,1.469222903251648,4vhawieh
604863,1.6179873943328857,iuxd2avq
604883,1.4402754306793213,4vhawieh
604883,1.5970851182937622,iuxd2avq
604888,1.4470043182373047,4vhawieh
604888,1.6096686124801636,iuxd2avq
604906,1.4723984003067017,4vhawieh
604906,1.6221801042556763,iuxd2avq
604908,1.480360507965088,4vhawieh
604908,1.469249963760376,x5bz8z33
604910,1.4355279207229614,5icuybbp
604912,1.4424304962158203,4vhawieh
604912,1.4839835166931152,x5bz8z33
604927,1.4757275581359863,5icuybbp
604927,1.4368276596069336,x5bz8z33
604938,1.4483176469802856,5icuybbp
604943,1.4715436697006226,4vhawieh
604943,1.4657025337219238,x5bz8z33
604946,1.4565927982330322,5icuybbp
604950,1.4386975765228271,4vhawieh
604950,1.630603551864624,iuxd2avq
604957,1.4349191188812256,4vhawieh
604957,1.5958584547042847,iuxd2avq
604962,1.4034302234649658,4vhawieh
604962,1.4364447593688965,x5bz8z33
604975,1.4731841087341309,5icuybbp
604983,1.419908881187439,4vhawieh
604983,1.6234779357910156,iuxd2avq
604992,1.465734839439392,4vhawieh
604992,1.5776429176330566,iuxd2avq
604993,1.4510865211486816,4vhawieh
604993,1.6328039169311523,iuxd2avq
604998,1.4649239778518677,4vhawieh
604998,1.6078277826309204,iuxd2avq
605000,1.437185287475586,4vhawieh
605000,1.6055999994277954,iuxd2avq
605002,1.4725292921066284,4vhawieh
605002,1.4331666231155396,x5bz8z33
605007,1.486228108406067,5icuybbp
605007,1.4498012065887451,x5bz8z33
605015,1.4529078006744385,5icuybbp
605015,1.4291585683822632,x5bz8z33
605028,1.4447451829910278,5icuybbp
605028,1.4830901622772217,x5bz8z33
605034,1.4539505243301392,5icuybbp
605034,1.467254400253296,x5bz8z33
605036,1.4361202716827393,5icuybbp
605038,1.441146731376648,4vhawieh
605038,1.615147590637207,iuxd2avq
605040,1.458839774131775,4vhawieh
605040,1.4538856744766235,x5bz8z33
605050,1.422735571861267,5icuybbp
605051,1.4490326642990112,4vhawieh
605051,1.4692314863204956,x5bz8z33
605059,1.462205410003662,5icuybbp
605078,1.4551308155059814,4vhawieh
605078,1.597504734992981,iuxd2avq
605092,1.462839126586914,4vhawieh
605092,1.4647190570831299,x5bz8z33
605099,1.4372978210449219,5icuybbp
605101,1.475045084953308,4vhawieh
605101,1.445912480354309,x5bz8z33
605102,1.4631357192993164,5icuybbp
605102,1.4671809673309326,x5bz8z33
605103,1.4575291872024536,5icuybbp
605108,1.4686583280563354,4vhawieh
605108,1.6237558126449585,iuxd2avq
605118,1.4640792608261108,4vhawieh
605118,1.4652446508407593,x5bz8z33
605123,1.4575532674789429,5icuybbp
605123,1.4662725925445557,x5bz8z33
605143,1.4813849925994873,5icuybbp
605146,1.4564450979232788,4vhawieh
605146,1.623557448387146,iuxd2avq
605147,1.4522976875305176,4vhawieh
605147,1.4402189254760742,x5bz8z33
605160,1.4373549222946167,5icuybbp
605160,1.4425206184387207,x5bz8z33
605161,1.4375033378601074,5icuybbp
605169,1.450461506843567,4vhawieh
605169,1.445535659790039,x5bz8z33
605177,1.4840664863586426,5icuybbp
605180,1.462175726890564,4vhawieh
605180,1.4394721984863281,x5bz8z33
605181,1.4282426834106445,5icuybbp
605185,1.4447230100631714,4vhawieh
605185,1.4458657503128052,x5bz8z33
605194,1.4502675533294678,5icuybbp
605198,1.4185365438461304,4vhawieh
605198,1.4463554620742798,x5bz8z33
605213,1.4321250915527344,5icuybbp
605213,1.4464079141616821,x5bz8z33
605218,1.4472944736480713,5icuybbp
605218,1.439469814300537,x5bz8z33
605220,1.434050440788269,5icuybbp
605222,1.4520846605300903,4vhawieh
605222,1.464538812637329,x5bz8z33
605240,1.4569065570831299,5icuybbp
605240,1.4668864011764526,x5bz8z33
605243,1.4426147937774658,5icuybbp
605243,1.4351146221160889,x5bz8z33
605290,1.4631903171539307,5icuybbp
605290,1.4518431425094604,x5bz8z33
605296,1.4476274251937866,5icuybbp
605299,1.4455891847610474,4vhawieh
605299,1.4600300788879395,x5bz8z33
605301,1.4732840061187744,5icuybbp
605308,1.4375708103179932,4vhawieh
605308,1.45115327835083,x5bz8z33
605317,1.435405969619751,5icuybbp
605320,1.4454877376556396,4vhawieh
605320,1.4602456092834473,x5bz8z33
605331,1.409245491027832,5icuybbp
605339,1.4259153604507446,4vhawieh
605339,1.629342794418335,iuxd2avq
605363,1.4492324590682983,4vhawieh
605363,1.6326813697814941,iuxd2avq
605366,1.4546563625335693,4vhawieh
605366,1.4586457014083862,x5bz8z33
605368,1.4187275171279907,5icuybbp
605373,1.4723397493362427,4vhawieh
605373,1.6264379024505615,iuxd2avq
605382,1.4538110494613647,4vhawieh
605382,1.4555606842041016,x5bz8z33
605387,1.4537839889526367,5icuybbp
605388,1.4338644742965698,4vhawieh
605388,1.5911474227905273,iuxd2avq
605391,1.4449951648712158,4vhawieh
605391,1.5999095439910889,iuxd2avq
605398,1.4386478662490845,4vhawieh
605398,1.4106452465057373,x5bz8z33
605418,1.4496084451675415,5icuybbp
605423,1.4314547777175903,4vhawieh
605423,1.5927661657333374,iuxd2avq
605430,1.453060269355774,4vhawieh
605430,1.4589498043060303,x5bz8z33
605439,1.4514081478118896,5icuybbp
605439,1.4507899284362793,x5bz8z33
605441,1.4647985696792603,5icuybbp
605444,1.4258174896240234,4vhawieh
605444,1.4515830278396606,x5bz8z33
605457,1.4550654888153076,5icuybbp
605459,1.4300681352615356,4vhawieh
605459,1.4560214281082153,x5bz8z33
605487,1.448872447013855,5icuybbp
605487,1.4338527917861938,x5bz8z33
605497,1.424800157546997,5icuybbp
605499,1.454970359802246,4vhawieh
605499,1.4259997606277466,x5bz8z33
605501,1.467215895652771,5icuybbp
605502,1.4412745237350464,4vhawieh
605502,1.6057159900665283,iuxd2avq
605504,1.4560668468475342,4vhawieh
605504,1.4539318084716797,x5bz8z33
605511,1.4543815851211548,5icuybbp
605522,1.4423704147338867,4vhawieh
605522,1.4445492029190063,x5bz8z33
605538,1.4386183023452759,5icuybbp
605551,1.4451180696487427,4vhawieh
605551,1.440061092376709,x5bz8z33
605559,1.4681028127670288,5icuybbp
605570,1.4673365354537964,4vhawieh
605570,1.464592456817627,x5bz8z33
605573,1.4697290658950806,5icuybbp
605588,1.4493236541748047,4vhawieh
605588,1.6034836769104004,iuxd2avq
605590,1.4708713293075562,4vhawieh
605590,1.430978775024414,x5bz8z33
605600,1.4633984565734863,5icuybbp
605600,1.4505136013031006,x5bz8z33
605631,1.4442826509475708,5icuybbp
605638,1.4300892353057861,4vhawieh
605638,1.4160021543502808,x5bz8z33
605643,1.4567668437957764,5icuybbp
605643,1.4240787029266357,x5bz8z33
605659,1.4346842765808105,5icuybbp
605673,1.4524236917495728,4vhawieh
605673,1.4487849473953247,x5bz8z33
605674,1.4541720151901245,5icuybbp
605676,1.462639570236206,4vhawieh
605676,1.6118098497390747,iuxd2avq
605677,1.4299790859222412,4vhawieh
605677,1.427354097366333,x5bz8z33
605681,1.4343379735946655,5icuybbp
605693,1.4464163780212402,4vhawieh
605693,1.4571720361709595,x5bz8z33
605713,1.4570306539535522,5icuybbp
605722,1.4426627159118652,4vhawieh
605722,1.617538571357727,iuxd2avq
605723,1.4727445840835571,4vhawieh
605723,1.6114017963409424,iuxd2avq
605731,1.4592318534851074,4vhawieh
605731,1.6129502058029175,iuxd2avq
605732,1.4343554973602295,4vhawieh
605732,1.5986368656158447,iuxd2avq
605735,1.4531280994415283,4vhawieh
605735,1.4628359079360962,x5bz8z33
605744,1.4505772590637207,5icuybbp
605760,1.4375859498977661,4vhawieh
605760,1.5904884338378906,iuxd2avq
605767,1.4384790658950806,4vhawieh
605767,1.4684278964996338,x5bz8z33
605769,1.4489850997924805,5icuybbp
605771,1.4773865938186646,4vhawieh
605771,1.4148331880569458,x5bz8z33
605772,1.4556306600570679,5icuybbp
605772,1.4516388177871704,x5bz8z33
605787,1.429984211921692,5icuybbp
605792,1.4595012664794922,4vhawieh
605792,1.4474660158157349,x5bz8z33
605795,1.445098876953125,5icuybbp
605795,1.466579556465149,x5bz8z33
605798,1.4391353130340576,5icuybbp
605798,1.4429941177368164,x5bz8z33
605815,1.482818365097046,5icuybbp
605839,1.465033769607544,4vhawieh
605839,1.618657112121582,iuxd2avq
605844,1.4570673704147339,4vhawieh
605844,1.6065220832824707,iuxd2avq
605849,1.4546071290969849,4vhawieh
605849,1.610717535018921,iuxd2avq
605856,1.4379791021347046,4vhawieh
605856,1.4394227266311646,x5bz8z33
605869,1.44434654712677,5icuybbp
605869,1.458574891090393,x5bz8z33
605877,1.460867166519165,5icuybbp
605879,1.4407211542129517,4vhawieh
605879,1.4501436948776245,x5bz8z33
605899,1.471356987953186,5icuybbp
605899,1.4640858173370361,x5bz8z33
605900,1.4229857921600342,5icuybbp
605900,1.4517866373062134,x5bz8z33
605915,1.4590609073638916,5icuybbp
605921,1.4444788694381714,4vhawieh
605921,1.4179010391235352,x5bz8z33
605932,1.4313515424728394,5icuybbp
605935,1.4677079916000366,4vhawieh
605935,1.4346305131912231,x5bz8z33
605936,1.4285597801208496,5icuybbp
605936,1.451141357421875,x5bz8z33
605937,1.4323588609695435,5icuybbp
605937,1.4616589546203613,x5bz8z33
605945,1.4704300165176392,5icuybbp
605956,1.4657714366912842,4vhawieh
605956,1.5923188924789429,iuxd2avq
605957,1.4320588111877441,4vhawieh
605957,1.4454560279846191,x5bz8z33
605974,1.4612674713134766,5icuybbp
605974,1.450324535369873,x5bz8z33
605981,1.4298756122589111,5icuybbp
605981,1.4460954666137695,x5bz8z33
605999,1.450900912284851,5icuybbp
605999,1.4361194372177124,x5bz8z33
606005,1.4317148923873901,5icuybbp
606014,1.4344733953475952,4vhawieh
606014,1.4569226503372192,x5bz8z33
606021,1.423103928565979,5icuybbp
606021,1.4334172010421753,x5bz8z33
606023,1.4304137229919434,5icuybbp
606033,1.435437798500061,4vhawieh
606033,1.4465343952178955,x5bz8z33
606044,1.442177414894104,5icuybbp
606063,1.4464974403381348,4vhawieh
606063,1.4518482685089111,x5bz8z33
606074,1.4726314544677734,5icuybbp
606076,1.4443796873092651,4vhawieh
606076,1.4555121660232544,x5bz8z33
606092,1.4090887308120728,5icuybbp
606100,1.4510115385055542,4vhawieh
606100,1.4684587717056274,x5bz8z33
606105,1.44829261302948,5icuybbp
606107,1.446608066558838,4vhawieh
606107,1.6186296939849854,iuxd2avq
606117,1.4520224332809448,4vhawieh
606117,1.452559232711792,x5bz8z33
606119,1.4261430501937866,5icuybbp
606121,1.4157679080963135,4vhawieh
606121,1.4522430896759033,x5bz8z33
606123,1.445220947265625,5icuybbp
606124,1.4491970539093018,4vhawieh
606124,1.4318537712097168,x5bz8z33
606127,1.4333034753799438,5icuybbp
606129,1.425835371017456,4vhawieh
606129,1.6343575716018677,iuxd2avq
606136,1.4370607137680054,4vhawieh
606136,1.6202077865600586,iuxd2avq
606137,1.4413713216781616,4vhawieh
606137,1.4486188888549805,x5bz8z33
606171,1.431460976600647,5icuybbp
606180,1.4360415935516357,4vhawieh
606180,1.4113157987594604,x5bz8z33
606181,1.4275676012039185,5icuybbp
606181,1.4292573928833008,x5bz8z33
606189,1.421783208847046,5icuybbp
606189,1.4352431297302246,x5bz8z33
606195,1.4464629888534546,5icuybbp
606195,1.4509042501449585,x5bz8z33
606208,1.4431651830673218,5icuybbp
606217,1.4331610202789307,4vhawieh
606217,1.5926291942596436,iuxd2avq
606233,1.4575908184051514,4vhawieh
606233,1.6168053150177002,iuxd2avq
606244,1.460533857345581,4vhawieh
606244,1.4673705101013184,x5bz8z33
606254,1.475430965423584,5icuybbp
606260,1.454505205154419,4vhawieh
606260,1.5946403741836548,iuxd2avq
606261,1.4360923767089844,4vhawieh
606261,1.6284013986587524,iuxd2avq
606280,1.4330452680587769,4vhawieh
606280,1.4731577634811401,x5bz8z33
606281,1.4457358121871948,5icuybbp
606281,1.4535958766937256,x5bz8z33
606282,1.4600880146026611,5icuybbp
606291,1.4461591243743896,4vhawieh
606291,1.4259434938430786,x5bz8z33
606298,1.427924394607544,5icuybbp
606298,1.4297287464141846,x5bz8z33
606311,1.4386066198349,5icuybbp
606314,1.4394032955169678,4vhawieh
606314,1.6249157190322876,iuxd2avq
606319,1.4345340728759766,4vhawieh
606319,1.46253502368927,x5bz8z33
606322,1.4637799263000488,5icuybbp
606323,1.4334971904754639,4vhawieh
606323,1.4414782524108887,x5bz8z33
606324,1.4305436611175537,5icuybbp
606326,1.4467861652374268,4vhawieh
606326,1.4517053365707397,x5bz8z33
606329,1.4362061023712158,5icuybbp
606336,1.4661988019943237,4vhawieh
606336,1.6172423362731934,iuxd2avq
606339,1.4566789865493774,4vhawieh
606339,1.449715256690979,x5bz8z33
606340,1.4157377481460571,5icuybbp
606340,1.4423844814300537,x5bz8z33
606345,1.442084550857544,5icuybbp
606354,1.4590598344802856,4vhawieh
606354,1.610545039176941,iuxd2avq
606361,1.466651201248169,4vhawieh
606361,1.620057225227356,iuxd2avq
606362,1.436855673789978,4vhawieh
606362,1.627672553062439,iuxd2avq
606366,1.4613374471664429,4vhawieh
606366,1.4638415575027466,x5bz8z33
606381,1.4211827516555786,5icuybbp
606396,1.4306442737579346,4vhawieh
606396,1.4265393018722534,x5bz8z33
606398,1.4185891151428223,5icuybbp
606398,1.4428566694259644,x5bz8z33
606403,1.4743831157684326,5icuybbp
606408,1.468423843383789,4vhawieh
606408,1.4388169050216675,x5bz8z33
606417,1.4671814441680908,5icuybbp
606420,1.4485867023468018,4vhawieh
606420,1.5900758504867554,iuxd2avq
606427,1.4427759647369385,4vhawieh
606427,1.4135093688964844,x5bz8z33
606430,1.4503494501113892,5icuybbp
606430,1.4567766189575195,x5bz8z33
606440,1.4649314880371094,5icuybbp
606440,1.461653709411621,x5bz8z33
606453,1.4347376823425293,5icuybbp
606453,1.4200248718261719,x5bz8z33
606473,1.4400779008865356,5icuybbp
606496,1.4037277698516846,4vhawieh
606496,1.4438143968582153,x5bz8z33
606498,1.4518753290176392,5icuybbp
606507,1.4372516870498657,4vhawieh
606507,1.610013484954834,iuxd2avq
606520,1.450132131576538,4vhawieh
606520,1.4049737453460693,x5bz8z33
606524,1.451528787612915,5icuybbp
606547,1.4603255987167358,4vhawieh
606547,1.4285932779312134,x5bz8z33
606549,1.4641228914260864,5icuybbp
606549,1.4799168109893799,x5bz8z33
606573,1.460797905921936,5icuybbp
606573,1.4449903964996338,x5bz8z33
606574,1.4331496953964233,5icuybbp
606574,1.4361355304718018,x5bz8z33
606584,1.4590752124786377,5icuybbp
606584,1.4562257528305054,x5bz8z33
606604,1.4420491456985474,5icuybbp
606616,1.4433976411819458,4vhawieh
606616,1.4666528701782227,x5bz8z33
606632,1.4266098737716675,5icuybbp
606633,1.4495958089828491,4vhawieh
606633,1.4545536041259766,x5bz8z33
606689,1.445915937423706,5icuybbp
606691,1.4505492448806763,4vhawieh
606691,1.4485809803009033,x5bz8z33
606696,1.4670207500457764,5icuybbp
606700,1.4463846683502197,4vhawieh
606700,1.6063978672027588,iuxd2avq
606702,1.4575705528259277,4vhawieh
606702,1.4456039667129517,x5bz8z33
606711,1.4570919275283813,5icuybbp
606711,1.464099407196045,x5bz8z33
606720,1.4254735708236694,5icuybbp
606720,1.425439476966858,x5bz8z33
606725,1.4378997087478638,5icuybbp
606725,1.4396268129348755,x5bz8z33
606726,1.417052984237671,5icuybbp
606727,1.4025299549102783,4vhawieh
606727,1.4261205196380615,x5bz8z33
606729,1.4665257930755615,5icuybbp
606739,1.4827386140823364,4vhawieh
606739,1.4565519094467163,x5bz8z33
606763,1.4515140056610107,5icuybbp
606763,1.4520864486694336,x5bz8z33
606768,1.4315204620361328,5icuybbp
606775,1.4615650177001953,4vhawieh
606775,1.4379299879074097,x5bz8z33
606793,1.4390192031860352,5icuybbp
606797,1.440868616104126,4vhawieh
606797,1.448460340499878,x5bz8z33
606799,1.440124750137329,5icuybbp
606802,1.445160984992981,4vhawieh
606802,1.4482659101486206,x5bz8z33
606813,1.4291316270828247,5icuybbp
606816,1.4427895545959473,4vhawieh
606816,1.431111216545105,x5bz8z33
606824,1.4341517686843872,5icuybbp
606834,1.4577175378799438,4vhawieh
606834,1.6162114143371582,iuxd2avq
606838,1.452594518661499,4vhawieh
606838,1.4358930587768555,x5bz8z33
606840,1.4408159255981445,5icuybbp
606840,1.4505119323730469,x5bz8z33
606871,1.452754020690918,5icuybbp
606871,1.4403921365737915,x5bz8z33
606875,1.4317508935928345,5icuybbp
606875,1.4328712224960327,x5bz8z33
606891,1.4281814098358154,5icuybbp
606891,1.4330406188964844,x5bz8z33
606909,1.4469083547592163,5icuybbp
606909,1.4328330755233765,x5bz8z33
606914,1.4303220510482788,5icuybbp
606915,1.4566069841384888,4vhawieh
606915,1.6127443313598633,iuxd2avq
606926,1.4340081214904785,4vhawieh
606926,1.4720536470413208,x5bz8z33
606928,1.4019414186477661,5icuybbp
606928,1.4323091506958008,x5bz8z33
606943,1.4182047843933105,5icuybbp
606943,1.4140056371688843,x5bz8z33
606953,1.4385557174682617,5icuybbp
606953,1.4431188106536865,x5bz8z33
606964,1.4125558137893677,5icuybbp
606966,1.4323381185531616,4vhawieh
606966,1.4182566404342651,x5bz8z33
606979,1.44217050075531,5icuybbp
606984,1.4410721063613892,4vhawieh
606984,1.607241153717041,iuxd2avq
606999,1.4481247663497925,4vhawieh
606999,1.618038535118103,iuxd2avq
607007,1.4643958806991577,4vhawieh
607007,1.42859947681427,x5bz8z33
607012,1.4451582431793213,5icuybbp
607022,1.4635684490203857,4vhawieh
607022,1.4377362728118896,x5bz8z33
607024,1.4414767026901245,5icuybbp
607027,1.4402989149093628,4vhawieh
607027,1.435196042060852,x5bz8z33
607035,1.4484572410583496,5icuybbp
607041,1.4200369119644165,4vhawieh
607041,1.478753924369812,x5bz8z33
607042,1.45180344581604,5icuybbp
607043,1.4324876070022583,4vhawieh
607043,1.5916659832000732,iuxd2avq
607050,1.413643717765808,4vhawieh
607050,1.4362664222717285,x5bz8z33
607054,1.460322618484497,5icuybbp
607056,1.4508415460586548,4vhawieh
607056,1.4434233903884888,x5bz8z33
607074,1.4492857456207275,5icuybbp
607076,1.4702571630477905,4vhawieh
607076,1.4592205286026,x5bz8z33
607082,1.4285683631896973,5icuybbp
607094,1.4475022554397583,4vhawieh
607094,1.4340777397155762,x5bz8z33
607105,1.4275109767913818,5icuybbp
607107,1.4428894519805908,4vhawieh
607107,1.603603720664978,iuxd2avq
607115,1.457876443862915,4vhawieh
607115,1.4509822130203247,x5bz8z33
607116,1.4758045673370361,5icuybbp
607116,1.442008376121521,x5bz8z33
607130,1.4527722597122192,5icuybbp
607130,1.4333072900772095,x5bz8z33
607134,1.4461220502853394,5icuybbp
607135,1.437456488609314,4vhawieh
607135,1.6041144132614136,iuxd2avq
607143,1.4614940881729126,4vhawieh
607143,1.424195647239685,x5bz8z33
607165,1.4364135265350342,5icuybbp
607167,1.4585812091827393,4vhawieh
607167,1.4542349576950073,x5bz8z33
607173,1.4481686353683472,5icuybbp
607177,1.4735772609710693,4vhawieh
607177,1.438836693763733,x5bz8z33
607180,1.4293724298477173,5icuybbp
607180,1.454902172088623,x5bz8z33
607197,1.468306303024292,5icuybbp
607197,1.4327503442764282,x5bz8z33
607198,1.4792066812515259,5icuybbp
607198,1.4042969942092896,x5bz8z33
607204,1.4686760902404785,5icuybbp
607204,1.4308929443359375,x5bz8z33
607213,1.443471908569336,5icuybbp
607226,1.4524075984954834,4vhawieh
607226,1.417783498764038,x5bz8z33
607227,1.4323651790618896,5icuybbp
607227,1.4470510482788086,x5bz8z33
607238,1.4415563344955444,5icuybbp
607238,1.4554193019866943,x5bz8z33
607244,1.438889980316162,5icuybbp
607247,1.4724571704864502,4vhawieh
607247,1.439348578453064,x5bz8z33
607249,1.4593077898025513,5icuybbp
607263,1.4374054670333862,4vhawieh
607263,1.5894609689712524,iuxd2avq
607270,1.4275219440460205,4vhawieh
607270,1.4554200172424316,x5bz8z33
607279,1.4652165174484253,5icuybbp
607279,1.4603208303451538,x5bz8z33
607293,1.4166194200515747,5icuybbp
607296,1.4464315176010132,4vhawieh
607296,1.4278481006622314,x5bz8z33
607299,1.4382708072662354,5icuybbp
607300,1.4284189939498901,4vhawieh
607300,1.4561619758605957,x5bz8z33
607302,1.4284348487854004,5icuybbp
607302,1.436362624168396,x5bz8z33
607309,1.4382858276367188,5icuybbp
607317,1.4127771854400635,4vhawieh
607317,1.4536417722702026,x5bz8z33
607320,1.4295910596847534,5icuybbp
607324,1.4406838417053223,4vhawieh
607324,1.6328656673431396,iuxd2avq
607335,1.4553611278533936,4vhawieh
607335,1.4463472366333008,x5bz8z33
607344,1.439154028892517,5icuybbp
607348,1.419783592224121,4vhawieh
607348,1.4644176959991455,x5bz8z33
607355,1.4250762462615967,5icuybbp
607355,1.428633451461792,x5bz8z33
607356,1.4430819749832153,5icuybbp
607356,1.4462488889694214,x5bz8z33
607362,1.4505733251571655,5icuybbp
607364,1.419684648513794,4vhawieh
607364,1.4243223667144775,x5bz8z33
607365,1.421202540397644,5icuybbp
607365,1.4449827671051025,x5bz8z33
607367,1.4433187246322632,5icuybbp
607373,1.4215741157531738,4vhawieh
607373,1.4523236751556396,x5bz8z33
607378,1.429871678352356,5icuybbp
607379,1.4578940868377686,4vhawieh
607379,1.5825462341308594,iuxd2avq
607382,1.4502452611923218,4vhawieh
607382,1.4579565525054932,x5bz8z33
607383,1.4399874210357666,5icuybbp
607384,1.4614386558532715,4vhawieh
607384,1.596195101737976,iuxd2avq
607397,1.407973051071167,4vhawieh
607397,1.4338563680648804,x5bz8z33
607405,1.41926109790802,5icuybbp
607405,1.4150171279907227,x5bz8z33
607409,1.436224102973938,5icuybbp
607410,1.4497593641281128,4vhawieh
607410,1.445332646369934,x5bz8z33
607413,1.4600480794906616,5icuybbp
607426,1.4326746463775635,4vhawieh
607426,1.5774418115615845,iuxd2avq
607431,1.450228214263916,4vhawieh
607431,1.424907922744751,x5bz8z33
607439,1.4354737997055054,5icuybbp
607453,1.4353234767913818,4vhawieh
607453,1.5874501466751099,iuxd2avq
607458,1.4443154335021973,4vhawieh
607458,1.6109966039657593,iuxd2avq
607459,1.4470279216766357,4vhawieh
607459,1.59695303440094,iuxd2avq
607460,1.43253755569458,4vhawieh
607460,1.5680285692214966,iuxd2avq
607462,1.4417290687561035,4vhawieh
607462,1.4408701658248901,x5bz8z33
607465,1.444374680519104,5icuybbp
607465,1.4317244291305542,x5bz8z33
607481,1.4486008882522583,5icuybbp
607485,1.4459502696990967,4vhawieh
607485,1.4238876104354858,x5bz8z33
607488,1.4201850891113281,5icuybbp
607488,1.4443941116333008,x5bz8z33
607490,1.4471681118011475,5icuybbp
607491,1.4334269762039185,4vhawieh
607491,1.4431098699569702,x5bz8z33
607518,1.432935118675232,5icuybbp
607522,1.411186933517456,4vhawieh
607522,1.6261062622070312,iuxd2avq
607523,1.426072359085083,4vhawieh
607523,1.43757963180542,x5bz8z33
607527,1.4698132276535034,5icuybbp
607527,1.4367718696594238,x5bz8z33
607529,1.456921100616455,5icuybbp
607530,1.419312596321106,4vhawieh
607530,1.584850788116455,iuxd2avq
607533,1.4236600399017334,4vhawieh
607533,1.5778934955596924,iuxd2avq
607540,1.4558818340301514,4vhawieh
607540,1.4159373044967651,x5bz8z33
607547,1.4199049472808838,5icuybbp
607547,1.4505152702331543,x5bz8z33
607564,1.4254790544509888,5icuybbp
607564,1.4513213634490967,x5bz8z33
607570,1.4368761777877808,5icuybbp
607579,1.442542552947998,4vhawieh
607579,1.4481638669967651,x5bz8z33
607581,1.451452612876892,5icuybbp
607581,1.4129037857055664,x5bz8z33
607583,1.4049135446548462,5icuybbp
607583,1.4341745376586914,x5bz8z33
607587,1.4578840732574463,5icuybbp
607587,1.4619675874710083,x5bz8z33
607602,1.4368189573287964,5icuybbp
607610,1.4550158977508545,4vhawieh
607610,1.4586310386657715,x5bz8z33
607624,1.4308679103851318,5icuybbp
607639,1.4246079921722412,4vhawieh
607639,1.4311754703521729,x5bz8z33
607643,1.4594099521636963,5icuybbp
607645,1.444979190826416,4vhawieh
607645,1.4436405897140503,x5bz8z33
607665,1.401792287826538,5icuybbp
607670,1.4511131048202515,4vhawieh
607670,1.6239031553268433,iuxd2avq
607677,1.4331417083740234,4vhawieh
607677,1.4348701238632202,x5bz8z33
607678,1.4244472980499268,5icuybbp
607678,1.430380940437317,x5bz8z33
607687,1.4610748291015625,5icuybbp
607690,1.4509830474853516,4vhawieh
607690,1.4615896940231323,x5bz8z33
607692,1.438209891319275,5icuybbp
607693,1.439430832862854,4vhawieh
607693,1.4426316022872925,x5bz8z33
607699,1.4401835203170776,5icuybbp
607712,1.4166759252548218,4vhawieh
607712,1.44817316532135,x5bz8z33
607713,1.440432071685791,5icuybbp
607714,1.432955026626587,4vhawieh
607714,1.5887728929519653,iuxd2avq
607722,1.4335993528366089,4vhawieh
607722,1.5897289514541626,iuxd2avq
607728,1.4406191110610962,4vhawieh
607728,1.4544577598571777,x5bz8z33
607734,1.436608910560608,5icuybbp
607737,1.4390426874160767,4vhawieh
607737,1.6135584115982056,iuxd2avq
607742,1.4351580142974854,4vhawieh
607742,1.6029773950576782,iuxd2avq
607743,1.4316210746765137,4vhawieh
607743,1.4610285758972168,x5bz8z33
607746,1.431495189666748,5icuybbp
607758,1.453371286392212,4vhawieh
607758,1.4449595212936401,x5bz8z33
607761,1.4084396362304688,5icuybbp
607761,1.4154298305511475,x5bz8z33
607767,1.4527668952941895,5icuybbp
607768,1.4386645555496216,4vhawieh
607768,1.4285106658935547,x5bz8z33
607774,1.4272350072860718,5icuybbp
607774,1.433006763458252,x5bz8z33
607777,1.42411208152771,5icuybbp
607789,1.4401664733886719,4vhawieh
607789,1.431915283203125,x5bz8z33
607801,1.4633674621582031,5icuybbp
607823,1.431982398033142,4vhawieh
607823,1.4585280418395996,x5bz8z33
607831,1.4349533319473267,5icuybbp
607850,1.4302566051483154,4vhawieh
607850,1.5910489559173584,iuxd2avq
607856,1.4334007501602173,4vhawieh
607856,1.4344778060913086,x5bz8z33
607858,1.444692850112915,5icuybbp
607860,1.443795084953308,4vhawieh
607860,1.620593786239624,iuxd2avq
607862,1.4501209259033203,4vhawieh
607862,1.4161001443862915,x5bz8z33
607871,1.4401785135269165,5icuybbp
607871,1.4532146453857422,x5bz8z33
607873,1.4586677551269531,5icuybbp
607886,1.436190128326416,4vhawieh
607886,1.5800992250442505,iuxd2avq
607887,1.4531984329223633,4vhawieh
607887,1.429335355758667,x5bz8z33
607891,1.4296183586120605,5icuybbp
607902,1.4456682205200195,4vhawieh
607902,1.4266530275344849,x5bz8z33
607909,1.4021213054656982,5icuybbp
607916,1.449851632118225,4vhawieh
607916,1.4408938884735107,x5bz8z33
607917,1.4082883596420288,5icuybbp
607921,1.459997296333313,4vhawieh
607921,1.608617901802063,iuxd2avq
607923,1.4588624238967896,4vhawieh
607923,1.4608664512634277,x5bz8z33
607932,1.457040786743164,5icuybbp
607935,1.4366047382354736,4vhawieh
607935,1.4195756912231445,x5bz8z33
607939,1.4291380643844604,5icuybbp
607939,1.4161392450332642,x5bz8z33
607944,1.4193028211593628,5icuybbp
607955,1.4388238191604614,4vhawieh
607955,1.4231674671173096,x5bz8z33
607969,1.4450898170471191,5icuybbp
607976,1.4509015083312988,4vhawieh
607976,1.4230458736419678,x5bz8z33
607988,1.476245641708374,5icuybbp
608010,1.589159369468689,iuxd2avq
608065,1.5825631618499756,iuxd2avq
608105,1.6054174900054932,iuxd2avq
608155,1.586794137954712,iuxd2avq
608186,1.5876078605651855,iuxd2avq
608309,1.6047873497009277,iuxd2avq
608349,1.6059213876724243,iuxd2avq
608403,1.596886396408081,iuxd2avq
608425,1.6104801893234253,iuxd2avq
608450,1.5913751125335693,iuxd2avq
608535,1.5867648124694824,iuxd2avq
608592,1.600948691368103,iuxd2avq
608631,1.6112771034240723,iuxd2avq
608651,1.5767457485198975,iuxd2avq
608668,1.5973297357559204,iuxd2avq
608718,1.5808343887329102,iuxd2avq
608850,1.5938222408294678,iuxd2avq
608863,1.5887224674224854,iuxd2avq
608894,1.5961508750915527,iuxd2avq
608934,1.6037123203277588,iuxd2avq
608952,1.579345941543579,iuxd2avq
608980,1.6016663312911987,iuxd2avq
609024,1.5822046995162964,iuxd2avq
609048,1.5967059135437012,iuxd2avq
609078,1.5875120162963867,iuxd2avq
609082,1.6164350509643555,iuxd2avq
609157,1.5865079164505005,iuxd2avq
609289,1.5808777809143066,iuxd2avq
609301,1.5792286396026611,iuxd2avq
609411,1.6057504415512085,iuxd2avq
609441,1.5873297452926636,iuxd2avq
609468,1.5819847583770752,iuxd2avq
609653,1.588120937347412,iuxd2avq
609678,1.5917385816574097,iuxd2avq
609693,1.5741053819656372,iuxd2avq
609707,1.577698826789856,iuxd2avq
609764,1.570919394493103,iuxd2avq
609848,1.576763391494751,iuxd2avq
609909,1.594979166984558,iuxd2avq
610015,1.5779074430465698,iuxd2avq
610065,1.574995994567871,iuxd2avq
610084,1.5886553525924683,iuxd2avq
610105,1.5613329410552979,iuxd2avq
610126,1.5726714134216309,iuxd2avq
610146,1.5690369606018066,iuxd2avq
610162,1.5969252586364746,iuxd2avq
610212,1.6077191829681396,iuxd2avq
610224,1.5844926834106445,iuxd2avq
610251,1.602056860923767,iuxd2avq
610308,1.5692412853240967,iuxd2avq
610325,1.583897590637207,iuxd2avq
610390,1.5818533897399902,iuxd2avq
610466,1.5903669595718384,iuxd2avq
610488,1.5791547298431396,iuxd2avq
610524,1.592856764793396,iuxd2avq
610553,1.6195778846740723,iuxd2avq
610574,1.5853347778320312,iuxd2avq
610581,1.6002168655395508,iuxd2avq
610636,1.5950273275375366,iuxd2avq
610740,1.5751469135284424,iuxd2avq
610771,1.5841748714447021,iuxd2avq
610840,1.5770398378372192,iuxd2avq
610864,1.5680785179138184,iuxd2avq
610909,1.5754536390304565,iuxd2avq
610943,1.5832164287567139,iuxd2avq
610985,1.583866000175476,iuxd2avq
611045,1.5754526853561401,iuxd2avq
611124,1.5862736701965332,iuxd2avq
611181,1.5677670240402222,iuxd2avq
611250,1.5659750699996948,iuxd2avq
611329,1.587794542312622,iuxd2avq
611381,1.5846542119979858,iuxd2avq
611427,1.5708829164505005,iuxd2avq
611500,1.5663715600967407,iuxd2avq
611527,1.5741780996322632,iuxd2avq
611564,1.5599364042282104,iuxd2avq
611588,1.5936412811279297,iuxd2avq
611630,1.5919595956802368,iuxd2avq
611753,1.5825034379959106,iuxd2avq
611814,1.5643874406814575,iuxd2avq
611834,1.5928566455841064,iuxd2avq
611887,1.5740478038787842,iuxd2avq
611898,1.575487494468689,iuxd2avq
611965,1.6143606901168823,iuxd2avq
611999,1.5744940042495728,iuxd2avq
612048,1.56516432762146,iuxd2avq
612118,1.58163583278656,iuxd2avq
612219,1.5707740783691406,iuxd2avq
612251,1.5870578289031982,iuxd2avq
612303,1.5767066478729248,iuxd2avq
612348,1.578709363937378,iuxd2avq
612415,1.5681523084640503,iuxd2avq
612422,1.5624033212661743,iuxd2avq
612526,1.5784788131713867,iuxd2avq
612580,1.5842020511627197,iuxd2avq
612634,1.593648076057434,iuxd2avq
612680,1.5609509944915771,iuxd2avq
612764,1.576109766960144,iuxd2avq
612798,1.5597126483917236,iuxd2avq
612866,1.577250361442566,iuxd2avq
612910,1.5928540229797363,iuxd2avq
612927,1.5796550512313843,iuxd2avq
612993,1.5532245635986328,iuxd2avq
613020,1.5675526857376099,iuxd2avq
613120,1.5634630918502808,iuxd2avq
613195,1.5924588441848755,iuxd2avq
613265,1.560949683189392,iuxd2avq
613290,1.5589503049850464,iuxd2avq
613345,1.5631060600280762,iuxd2avq
613481,1.5590051412582397,iuxd2avq
613505,1.5725165605545044,iuxd2avq
613589,1.5859721899032593,iuxd2avq
613660,1.596261739730835,iuxd2avq
613713,1.5841493606567383,iuxd2avq
613736,1.5965842008590698,iuxd2avq
613783,1.5850186347961426,iuxd2avq
613796,1.5918759107589722,iuxd2avq
613803,1.585044264793396,iuxd2avq
613837,1.550004005432129,iuxd2avq
613857,1.565590739250183,iuxd2avq
613918,1.6036131381988525,iuxd2avq
613930,1.5697805881500244,iuxd2avq
613964,1.5681935548782349,iuxd2avq
613994,1.558051347732544,iuxd2avq
614046,1.559744954109192,iuxd2avq
614072,1.578540563583374,iuxd2avq
614120,1.5659945011138916,iuxd2avq
614132,1.5717684030532837,iuxd2avq
614162,1.5628412961959839,iuxd2avq
614211,1.538360595703125,iuxd2avq
614307,1.5612082481384277,iuxd2avq
614343,1.5475083589553833,iuxd2avq
614401,1.5742968320846558,iuxd2avq
614505,1.5614477396011353,iuxd2avq
614590,1.5548101663589478,iuxd2avq
614655,1.563626766204834,iuxd2avq
614757,1.5671627521514893,iuxd2avq
614791,1.5770450830459595,iuxd2avq
614835,1.557577133178711,iuxd2avq
614872,1.556138277053833,iuxd2avq
614939,1.5685149431228638,iuxd2avq
614978,1.581895112991333,iuxd2avq
615024,1.5826337337493896,iuxd2avq
615101,1.5820602178573608,iuxd2avq
615154,1.5732167959213257,iuxd2avq
615201,1.5989794731140137,iuxd2avq
615253,1.5526924133300781,iuxd2avq
615303,1.5505956411361694,iuxd2avq
615311,1.5649996995925903,iuxd2avq
615341,1.538209319114685,iuxd2avq
615388,1.538358211517334,iuxd2avq
615425,1.5631189346313477,iuxd2avq
615455,1.574369192123413,iuxd2avq
615491,1.5535248517990112,iuxd2avq
615643,1.5757616758346558,iuxd2avq
615673,1.5738369226455688,iuxd2avq
615696,1.569475531578064,iuxd2avq
615735,1.5464820861816406,iuxd2avq
615795,1.5766149759292603,iuxd2avq
615858,1.5962491035461426,iuxd2avq
615903,1.557495355606079,iuxd2avq
615942,1.557194709777832,iuxd2avq
615970,1.5443695783615112,iuxd2avq
616010,1.5626487731933594,iuxd2avq
616047,1.5395011901855469,iuxd2avq
616151,1.5327963829040527,iuxd2avq
616165,1.5518418550491333,iuxd2avq
616259,1.5464338064193726,iuxd2avq
616285,1.5663725137710571,iuxd2avq
616308,1.5737723112106323,iuxd2avq
616325,1.554770588874817,iuxd2avq
616349,1.5474035739898682,iuxd2avq
616400,1.5617974996566772,iuxd2avq
616403,1.5661938190460205,iuxd2avq
616411,1.5793631076812744,iuxd2avq
616545,1.541656494140625,iuxd2avq
616570,1.5523587465286255,iuxd2avq
616598,1.5588890314102173,iuxd2avq
616744,1.5735836029052734,iuxd2avq
616781,1.5542652606964111,iuxd2avq
616831,1.5753453969955444,iuxd2avq
616857,1.5604091882705688,iuxd2avq
616927,1.5812426805496216,iuxd2avq
616940,1.564359188079834,iuxd2avq
617000,1.5556083917617798,iuxd2avq
617047,1.5401569604873657,iuxd2avq
617098,1.5436122417449951,iuxd2avq
617130,1.538906455039978,iuxd2avq
617150,1.5382713079452515,iuxd2avq
617166,1.5452862977981567,iuxd2avq
617223,1.5465635061264038,iuxd2avq
617259,1.5685592889785767,iuxd2avq
617307,1.5514041185379028,iuxd2avq
617371,1.5674843788146973,iuxd2avq
617418,1.5680252313613892,iuxd2avq
617491,1.5530641078948975,iuxd2avq
617517,1.5769599676132202,iuxd2avq
617554,1.5582879781723022,iuxd2avq
617632,1.5405113697052002,iuxd2avq
617691,1.5532684326171875,iuxd2avq
617723,1.559504508972168,iuxd2avq
617756,1.5549700260162354,iuxd2avq
617909,1.5406999588012695,iuxd2avq
618008,1.5254051685333252,iuxd2avq
618030,1.5715608596801758,iuxd2avq
618115,1.5528643131256104,iuxd2avq
618277,1.5679280757904053,iuxd2avq
618351,1.5675493478775024,iuxd2avq
618404,1.5455447435379028,iuxd2avq
618456,1.5441762208938599,iuxd2avq
618490,1.5848896503448486,iuxd2avq
618518,1.5550508499145508,iuxd2avq
618543,1.5631135702133179,iuxd2avq
618586,1.5546350479125977,iuxd2avq
618632,1.5544264316558838,iuxd2avq
618740,1.5169776678085327,iuxd2avq
618790,1.5342192649841309,iuxd2avq
618802,1.559934139251709,iuxd2avq
618825,1.5416690111160278,iuxd2avq
618899,1.5245864391326904,iuxd2avq
618915,1.5433932542800903,iuxd2avq
619027,1.561863899230957,iuxd2avq
619052,1.5418400764465332,iuxd2avq
619074,1.5548115968704224,iuxd2avq
619106,1.5487843751907349,iuxd2avq
619161,1.5380723476409912,iuxd2avq
619185,1.5390732288360596,iuxd2avq
619316,1.5455669164657593,iuxd2avq
619398,1.5390162467956543,iuxd2avq
619438,1.5478423833847046,iuxd2avq
619446,1.5375832319259644,iuxd2avq
619512,1.560112714767456,iuxd2avq
619605,1.562554121017456,iuxd2avq
619642,1.5382351875305176,iuxd2avq
619715,1.5454522371292114,iuxd2avq
619736,1.5333510637283325,iuxd2avq
619779,1.5701367855072021,iuxd2avq
619808,1.5479837656021118,iuxd2avq
619828,1.5530414581298828,iuxd2avq
619865,1.5457720756530762,iuxd2avq
619921,1.5083500146865845,iuxd2avq
619950,1.5589182376861572,iuxd2avq
619969,1.5546910762786865,iuxd2avq
619980,1.552473545074463,iuxd2avq
620027,1.5454951524734497,iuxd2avq
620056,1.548937439918518,iuxd2avq
620086,1.5332080125808716,iuxd2avq
620134,1.5506125688552856,iuxd2avq
620166,1.5640854835510254,iuxd2avq
620199,1.5679386854171753,iuxd2avq
620266,1.530302882194519,iuxd2avq
620289,1.516752004623413,iuxd2avq
620360,1.5445688962936401,iuxd2avq
620454,1.5769375562667847,iuxd2avq
620463,1.52556312084198,iuxd2avq
620468,1.54076087474823,iuxd2avq
620488,1.5500813722610474,iuxd2avq
620510,1.5417695045471191,iuxd2avq
620586,1.5229244232177734,iuxd2avq
620591,1.531966209411621,iuxd2avq
620642,1.5354995727539062,iuxd2avq
620739,1.5250848531723022,iuxd2avq
620846,1.5485289096832275,iuxd2avq
620906,1.5299315452575684,iuxd2avq
620932,1.5519187450408936,iuxd2avq
621003,1.5373382568359375,iuxd2avq
621098,1.5577070713043213,iuxd2avq
621191,1.5564121007919312,iuxd2avq
621282,1.5255998373031616,iuxd2avq
621382,1.541184902191162,iuxd2avq
621417,1.5309408903121948,iuxd2avq
621441,1.5711898803710938,iuxd2avq
621491,1.5294901132583618,iuxd2avq
621562,1.5340572595596313,iuxd2avq
621604,1.539168119430542,iuxd2avq
621640,1.5430513620376587,iuxd2avq
621710,1.5470554828643799,iuxd2avq
621741,1.5595788955688477,iuxd2avq
621823,1.5611608028411865,iuxd2avq
621839,1.5129461288452148,iuxd2avq
621872,1.527611255645752,iuxd2avq
621909,1.5275065898895264,iuxd2avq
622074,1.5385925769805908,iuxd2avq
622118,1.5875059366226196,iuxd2avq
622196,1.508270263671875,iuxd2avq
622205,1.5341564416885376,iuxd2avq
622285,1.5615078210830688,iuxd2avq
622306,1.549910068511963,iuxd2avq
622314,1.5449122190475464,iuxd2avq
622447,1.5036005973815918,iuxd2avq
622501,1.5362215042114258,iuxd2avq
622520,1.5531443357467651,iuxd2avq
622540,1.533704400062561,iuxd2avq
622624,1.5759053230285645,iuxd2avq
622688,1.5092865228652954,iuxd2avq
622713,1.5268762111663818,iuxd2avq
622780,1.5334467887878418,iuxd2avq
622800,1.531639814376831,iuxd2avq
622806,1.5518981218338013,iuxd2avq
622895,1.525639533996582,iuxd2avq
622909,1.4989701509475708,iuxd2avq
622920,1.5328528881072998,iuxd2avq
622931,1.5237562656402588,iuxd2avq
622961,1.5674370527267456,iuxd2avq
622982,1.5217785835266113,iuxd2avq
623012,1.5228190422058105,iuxd2avq
623075,1.553628921508789,iuxd2avq
623122,1.5363860130310059,iuxd2avq
623141,1.5362871885299683,iuxd2avq
623165,1.5576227903366089,iuxd2avq
623178,1.5496621131896973,iuxd2avq
623218,1.5325913429260254,iuxd2avq
623243,1.5374888181686401,iuxd2avq
623297,1.5192888975143433,iuxd2avq
623361,1.5222070217132568,iuxd2avq
623445,1.5411092042922974,iuxd2avq
623507,1.5400760173797607,iuxd2avq
623559,1.513316035270691,iuxd2avq
623602,1.519730806350708,iuxd2avq
623616,1.5451728105545044,iuxd2avq
623660,1.5375988483428955,iuxd2avq
623748,1.5364372730255127,iuxd2avq
623801,1.525476098060608,iuxd2avq
623951,1.546202301979065,iuxd2avq
623966,1.5288246870040894,iuxd2avq
624091,1.5625646114349365,iuxd2avq
624115,1.5255635976791382,iuxd2avq
624188,1.525415062904358,iuxd2avq
624246,1.503338098526001,iuxd2avq
624313,1.5234068632125854,iuxd2avq
624406,1.5409770011901855,iuxd2avq
624461,1.5148661136627197,iuxd2avq
624497,1.5075600147247314,iuxd2avq
624507,1.5255820751190186,iuxd2avq
624532,1.5198888778686523,iuxd2avq
624607,1.5497186183929443,iuxd2avq
624647,1.5204668045043945,iuxd2avq
624684,1.5243229866027832,iuxd2avq
624777,1.5223973989486694,iuxd2avq
624802,1.5356169939041138,iuxd2avq
624843,1.536694049835205,iuxd2avq
624915,1.5255498886108398,iuxd2avq
624954,1.5243330001831055,iuxd2avq
624959,1.5453280210494995,iuxd2avq
624976,1.5468820333480835,iuxd2avq
625088,1.5063834190368652,iuxd2avq
625208,1.5229917764663696,iuxd2avq
625249,1.541114091873169,iuxd2avq
625294,1.5054991245269775,iuxd2avq
625319,1.5386157035827637,iuxd2avq
625461,1.5259360074996948,iuxd2avq
625483,1.5253098011016846,iuxd2avq
625546,1.519920825958252,iuxd2avq
625569,1.5295783281326294,iuxd2avq
625595,1.5219671726226807,iuxd2avq
625625,1.5484373569488525,iuxd2avq
625645,1.5207992792129517,iuxd2avq
625699,1.5498299598693848,iuxd2avq
625823,1.525127649307251,iuxd2avq
625860,1.5617867708206177,iuxd2avq
625894,1.5180145502090454,iuxd2avq
625944,1.52084219455719,iuxd2avq
625976,1.5207009315490723,iuxd2avq
625994,1.5193649530410767,iuxd2avq
626049,1.5124033689498901,iuxd2avq
626087,1.5031135082244873,iuxd2avq
626113,1.4974160194396973,iuxd2avq
626155,1.5403110980987549,iuxd2avq
626183,1.5200319290161133,iuxd2avq
626196,1.5374919176101685,iuxd2avq
626220,1.5288081169128418,iuxd2avq
626275,1.5378422737121582,iuxd2avq
626321,1.5203841924667358,iuxd2avq
626353,1.5352295637130737,iuxd2avq
626439,1.5045275688171387,iuxd2avq
626477,1.510211706161499,iuxd2avq
626521,1.5359318256378174,iuxd2avq
626530,1.5228890180587769,iuxd2avq
626571,1.545445203781128,iuxd2avq
626595,1.5374208688735962,iuxd2avq
626626,1.5263806581497192,iuxd2avq
626682,1.5150713920593262,iuxd2avq
626769,1.5087131261825562,iuxd2avq
626806,1.511013388633728,iuxd2avq
626826,1.5142292976379395,iuxd2avq
626834,1.5376960039138794,iuxd2avq
626918,1.509044885635376,iuxd2avq
626961,1.529026746749878,iuxd2avq
627003,1.5310256481170654,iuxd2avq
627053,1.5274441242218018,iuxd2avq
627095,1.5022789239883423,iuxd2avq
627104,1.5364389419555664,iuxd2avq
627192,1.5068519115447998,iuxd2avq
627220,1.5210175514221191,iuxd2avq
627232,1.4800466299057007,iuxd2avq
627283,1.5178006887435913,iuxd2avq
627296,1.5048191547393799,iuxd2avq
627300,1.5347570180892944,iuxd2avq
627356,1.5099895000457764,iuxd2avq
627419,1.516295075416565,iuxd2avq
627443,1.5077089071273804,iuxd2avq
627460,1.5079219341278076,iuxd2avq
627484,1.5197995901107788,iuxd2avq
627557,1.5427155494689941,iuxd2avq
627596,1.534386396408081,iuxd2avq
627631,1.5084598064422607,iuxd2avq
627644,1.5338538885116577,iuxd2avq
627682,1.5274112224578857,iuxd2avq
627761,1.5294708013534546,iuxd2avq
627793,1.5226140022277832,iuxd2avq
627824,1.5179028511047363,iuxd2avq
627850,1.5011214017868042,iuxd2avq
627869,1.5171233415603638,iuxd2avq
627982,1.4952189922332764,iuxd2avq
628028,1.5006555318832397,iuxd2avq
628054,1.5107791423797607,iuxd2avq
628074,1.514253854751587,iuxd2avq
628147,1.5207258462905884,iuxd2avq
628224,1.5221081972122192,iuxd2avq
628243,1.4861714839935303,iuxd2avq
628265,1.5208286046981812,iuxd2avq
628269,1.533166766166687,iuxd2avq
628424,1.499100923538208,iuxd2avq
628527,1.5405229330062866,iuxd2avq
628551,1.505916714668274,iuxd2avq
628586,1.5294362306594849,iuxd2avq
628686,1.529781699180603,iuxd2avq
628730,1.5143277645111084,iuxd2avq
628754,1.5191866159439087,iuxd2avq
628764,1.495665431022644,iuxd2avq
628784,1.5108944177627563,iuxd2avq
628833,1.5029778480529785,iuxd2avq
628845,1.5152003765106201,iuxd2avq
628895,1.5198349952697754,iuxd2avq
628920,1.5076321363449097,iuxd2avq
628959,1.5229851007461548,iuxd2avq
628986,1.5176199674606323,iuxd2avq
629005,1.5143320560455322,iuxd2avq
629091,1.4879943132400513,iuxd2avq
629124,1.5140575170516968,iuxd2avq
629223,1.5281347036361694,iuxd2avq
629229,1.5199030637741089,iuxd2avq
629268,1.52703058719635,iuxd2avq
629342,1.5425372123718262,iuxd2avq
629369,1.5196789503097534,iuxd2avq
629399,1.50656259059906,iuxd2avq
629432,1.499129295349121,iuxd2avq
629497,1.5200222730636597,iuxd2avq
629669,1.5160138607025146,iuxd2avq
629734,1.5131710767745972,iuxd2avq
629784,1.5057064294815063,iuxd2avq
629871,1.5344709157943726,iuxd2avq
629978,1.5202863216400146,iuxd2avq
630023,1.5093549489974976,iuxd2avq
630037,1.5212990045547485,iuxd2avq
630048,1.5005208253860474,iuxd2avq
630092,1.517072319984436,iuxd2avq
630121,1.50404691696167,iuxd2avq
630180,1.5315810441970825,iuxd2avq
630189,1.51518714427948,iuxd2avq
630236,1.5114574432373047,iuxd2avq
630272,1.5073683261871338,iuxd2avq
630294,1.5232782363891602,iuxd2avq
630385,1.4952107667922974,iuxd2avq
630425,1.497146725654602,iuxd2avq
630471,1.5138928890228271,iuxd2avq
630532,1.5304263830184937,iuxd2avq
630595,1.5079824924468994,iuxd2avq
630606,1.527071237564087,iuxd2avq
630639,1.5532647371292114,iuxd2avq
630685,1.5091660022735596,iuxd2avq
630733,1.5034661293029785,iuxd2avq
630797,1.5175247192382812,iuxd2avq
630808,1.4855992794036865,iuxd2avq
630841,1.5352849960327148,iuxd2avq
630860,1.489599347114563,iuxd2avq
630923,1.5266022682189941,iuxd2avq
630958,1.4927889108657837,iuxd2avq
630976,1.497607946395874,iuxd2avq
631018,1.513502836227417,iuxd2avq
631076,1.5054733753204346,iuxd2avq
631100,1.5205271244049072,iuxd2avq
631156,1.4962660074234009,iuxd2avq
631257,1.5183931589126587,iuxd2avq
631288,1.5187721252441406,iuxd2avq
631306,1.5273301601409912,iuxd2avq
631381,1.5110126733779907,iuxd2avq
631384,1.486748218536377,iuxd2avq
631498,1.5211812257766724,iuxd2avq
631585,1.484647512435913,iuxd2avq
631689,1.49648916721344,iuxd2avq
631821,1.5059831142425537,iuxd2avq
631823,1.5190341472625732,iuxd2avq
