_step,train/CE loss,_segment
1,1.485515832901001,j9nypgrc
2,1.9408541917800903,j9nypgrc
3,1.6102268695831299,j9nypgrc
4,1.6457148790359497,j9nypgrc
5,1.6209694147109985,j9nypgrc
6,1.600224256515503,j9nypgrc
7,1.608176589012146,j9nypgrc
8,1.6913845539093018,j9nypgrc
9,1.9575221538543701,j9nypgrc
10,1.7608873844146729,j9nypgrc
11,1.6564500331878662,j9nypgrc
12,1.6018731594085693,j9nypgrc
13,1.553222894668579,j9nypgrc
14,1.5132646560668945,j9nypgrc
15,1.6080451011657715,j9nypgrc
16,1.5433390140533447,j9nypgrc
17,1.47525954246521,j9nypgrc
18,1.4719858169555664,j9nypgrc
19,1.4582231044769287,j9nypgrc
20,1.498848795890808,j9nypgrc
21,1.534319281578064,j9nypgrc
22,1.4355583190917969,j9nypgrc
23,1.500231385231018,j9nypgrc
24,1.3882620334625244,j9nypgrc
25,1.436885952949524,j9nypgrc
26,1.4323539733886719,j9nypgrc
27,1.4450960159301758,j9nypgrc
28,1.4468952417373657,j9nypgrc
29,1.4448761940002441,j9nypgrc
30,1.453503131866455,j9nypgrc
31,1.3253307342529297,j9nypgrc
32,1.4664565324783325,j9nypgrc
33,1.4235531091690063,j9nypgrc
34,1.3649665117263794,j9nypgrc
35,1.3769803047180176,j9nypgrc
36,1.4339367151260376,j9nypgrc
37,1.468776822090149,j9nypgrc
38,1.3960188627243042,j9nypgrc
39,1.4264662265777588,j9nypgrc
40,1.4503731727600098,j9nypgrc
41,1.3731809854507446,j9nypgrc
42,1.339891791343689,j9nypgrc
43,1.444348692893982,j9nypgrc
44,1.3958008289337158,j9nypgrc
45,1.3972210884094238,j9nypgrc
46,1.4085358381271362,j9nypgrc
47,1.4010961055755615,j9nypgrc
48,1.4329386949539185,j9nypgrc
49,1.3960036039352417,j9nypgrc
50,1.4085686206817627,j9nypgrc
51,1.3987538814544678,j9nypgrc
52,1.3163872957229614,j9nypgrc
53,1.4177213907241821,j9nypgrc
54,1.3683689832687378,j9nypgrc
55,1.3800091743469238,j9nypgrc
56,1.3934435844421387,j9nypgrc
57,1.4323068857192993,j9nypgrc
58,1.3775862455368042,j9nypgrc
59,1.3753472566604614,j9nypgrc
60,1.3946000337600708,j9nypgrc
61,1.3424739837646484,j9nypgrc
62,1.4430354833602905,j9nypgrc
63,1.4124031066894531,j9nypgrc
64,1.3692340850830078,j9nypgrc
65,1.426457405090332,j9nypgrc
66,1.4544118642807007,j9nypgrc
67,1.464976191520691,j9nypgrc
68,1.4521950483322144,j9nypgrc
69,1.4176006317138672,j9nypgrc
70,1.3773629665374756,j9nypgrc
71,1.3888566493988037,j9nypgrc
72,1.4314299821853638,j9nypgrc
73,1.4028911590576172,j9nypgrc
74,1.424637794494629,j9nypgrc
75,1.4519596099853516,j9nypgrc
76,1.5016582012176514,j9nypgrc
77,1.4193729162216187,j9nypgrc
78,1.305192232131958,j9nypgrc
79,1.393019676208496,j9nypgrc
80,1.3559777736663818,j9nypgrc
81,1.3487210273742676,j9nypgrc
82,1.3918237686157227,j9nypgrc
83,1.4837912321090698,j9nypgrc
84,1.4396480321884155,j9nypgrc
85,1.3473848104476929,j9nypgrc
86,1.394494891166687,j9nypgrc
87,1.3910528421401978,j9nypgrc
88,1.7744330167770386,j9nypgrc
89,1.5831226110458374,j9nypgrc
90,1.4847283363342285,j9nypgrc
91,1.4342402219772339,j9nypgrc
92,1.4748506546020508,j9nypgrc
93,1.4758697748184204,j9nypgrc
94,1.3796350955963135,j9nypgrc
95,1.4317761659622192,j9nypgrc
96,1.4153324365615845,j9nypgrc
97,1.4357142448425293,j9nypgrc
98,1.3955087661743164,j9nypgrc
99,1.5038996934890747,j9nypgrc
100,1.4574822187423706,j9nypgrc
101,1.4138832092285156,j9nypgrc
102,1.4268858432769775,j9nypgrc
103,1.422210931777954,j9nypgrc
104,1.4062532186508179,j9nypgrc
105,1.3806889057159424,j9nypgrc
106,1.554452896118164,j9nypgrc
107,1.4087061882019043,j9nypgrc
108,1.50825834274292,j9nypgrc
109,1.3971973657608032,j9nypgrc
110,1.4304587841033936,j9nypgrc
111,1.4936283826828003,j9nypgrc
112,1.3776769638061523,j9nypgrc
113,1.371306300163269,j9nypgrc
114,1.3905521631240845,j9nypgrc
115,1.372701644897461,j9nypgrc
116,1.398319959640503,j9nypgrc
117,1.5311836004257202,j9nypgrc
118,1.3363900184631348,j9nypgrc
119,1.4349926710128784,j9nypgrc
120,1.4029232263565063,j9nypgrc
121,1.4178717136383057,j9nypgrc
122,1.3494268655776978,j9nypgrc
123,1.4362435340881348,j9nypgrc
124,1.4586255550384521,j9nypgrc
125,1.4488438367843628,j9nypgrc
126,1.444740891456604,j9nypgrc
127,1.3625565767288208,j9nypgrc
128,1.4019185304641724,j9nypgrc
129,1.4399595260620117,j9nypgrc
130,1.3477991819381714,j9nypgrc
131,1.3959168195724487,j9nypgrc
132,1.4404113292694092,j9nypgrc
133,1.4093658924102783,j9nypgrc
134,1.4269030094146729,j9nypgrc
135,1.4470810890197754,j9nypgrc
136,1.4924744367599487,j9nypgrc
137,1.4680044651031494,j9nypgrc
138,1.4074782133102417,j9nypgrc
139,1.5033258199691772,j9nypgrc
140,1.427679419517517,j9nypgrc
141,1.4390345811843872,j9nypgrc
142,1.4465746879577637,j9nypgrc
143,1.3970060348510742,j9nypgrc
144,1.4089570045471191,j9nypgrc
145,1.3484375476837158,j9nypgrc
146,1.4040851593017578,j9nypgrc
147,1.466947078704834,j9nypgrc
148,1.4110043048858643,j9nypgrc
149,1.4495980739593506,j9nypgrc
150,1.4567056894302368,j9nypgrc
151,1.4485260248184204,j9nypgrc
152,1.4476604461669922,j9nypgrc
153,1.420015811920166,j9nypgrc
154,1.3882195949554443,j9nypgrc
155,1.3705836534500122,j9nypgrc
156,1.348759651184082,j9nypgrc
157,1.4511139392852783,j9nypgrc
158,1.442122459411621,j9nypgrc
159,1.3630096912384033,j9nypgrc
160,1.4597647190093994,j9nypgrc
161,1.5277918577194214,j9nypgrc
162,1.3983858823776245,j9nypgrc
163,1.368775486946106,j9nypgrc
164,1.4276294708251953,j9nypgrc
165,1.4528005123138428,j9nypgrc
166,1.4863325357437134,j9nypgrc
167,1.405673861503601,j9nypgrc
168,1.4282631874084473,j9nypgrc
169,1.4266111850738525,j9nypgrc
170,1.4013625383377075,j9nypgrc
171,1.5046826601028442,j9nypgrc
172,1.4201178550720215,j9nypgrc
173,1.442394733428955,j9nypgrc
174,1.3756386041641235,j9nypgrc
175,1.2253684997558594,j9nypgrc
176,1.4490008354187012,j9nypgrc
177,1.4417896270751953,j9nypgrc
178,1.4214975833892822,j9nypgrc
179,1.3698160648345947,j9nypgrc
180,1.352715253829956,j9nypgrc
181,1.4401271343231201,j9nypgrc
182,1.4575730562210083,j9nypgrc
183,1.4604040384292603,j9nypgrc
184,1.4838690757751465,j9nypgrc
185,1.4034278392791748,j9nypgrc
186,1.443832278251648,j9nypgrc
187,1.4139186143875122,j9nypgrc
188,1.4737383127212524,j9nypgrc
189,1.346449851989746,j9nypgrc
190,1.5035834312438965,j9nypgrc
191,1.4229397773742676,j9nypgrc
192,1.39608633518219,j9nypgrc
193,1.4376226663589478,j9nypgrc
194,1.4451180696487427,j9nypgrc
195,1.4657888412475586,j9nypgrc
196,1.5019901990890503,j9nypgrc
197,1.3465365171432495,j9nypgrc
198,1.4721451997756958,j9nypgrc
199,1.3064583539962769,j9nypgrc
200,1.4083619117736816,j9nypgrc
201,1.4555243253707886,j9nypgrc
202,1.4128888845443726,j9nypgrc
203,1.4294588565826416,j9nypgrc
204,1.4510068893432617,j9nypgrc
205,1.4407633543014526,j9nypgrc
206,1.3968732357025146,j9nypgrc
207,1.3983417749404907,j9nypgrc
208,1.4453749656677246,j9nypgrc
209,1.4393842220306396,j9nypgrc
210,1.3759263753890991,j9nypgrc
211,1.4496114253997803,j9nypgrc
212,1.4199810028076172,j9nypgrc
213,1.4615329504013062,j9nypgrc
214,1.4764225482940674,j9nypgrc
215,1.4204132556915283,j9nypgrc
216,1.4771989583969116,j9nypgrc
217,1.3974381685256958,j9nypgrc
218,1.4077023267745972,j9nypgrc
219,1.442441701889038,j9nypgrc
220,1.4583969116210938,j9nypgrc
221,1.4231245517730713,j9nypgrc
222,1.4787046909332275,j9nypgrc
223,1.4833662509918213,j9nypgrc
224,1.3648220300674438,j9nypgrc
225,1.3854401111602783,j9nypgrc
226,1.4911142587661743,j9nypgrc
227,1.3850743770599365,j9nypgrc
228,1.384108066558838,j9nypgrc
229,1.4311511516571045,j9nypgrc
230,1.4263830184936523,j9nypgrc
231,1.4279670715332031,j9nypgrc
232,1.4450359344482422,j9nypgrc
233,1.407402753829956,j9nypgrc
234,1.3930436372756958,j9nypgrc
235,1.3505467176437378,j9nypgrc
236,1.497297763824463,j9nypgrc
237,1.3670786619186401,j9nypgrc
238,1.4191049337387085,j9nypgrc
239,1.4235082864761353,j9nypgrc
240,1.3835340738296509,j9nypgrc
241,1.4296236038208008,j9nypgrc
242,1.430376410484314,j9nypgrc
243,1.459692120552063,j9nypgrc
244,1.3927035331726074,j9nypgrc
245,1.3728114366531372,j9nypgrc
246,1.4917700290679932,j9nypgrc
247,1.3650376796722412,j9nypgrc
248,1.4727236032485962,j9nypgrc
249,1.447050929069519,j9nypgrc
250,1.4967001676559448,j9nypgrc
251,1.4091869592666626,j9nypgrc
252,1.4382740259170532,j9nypgrc
253,1.4202624559402466,j9nypgrc
254,1.45772385597229,j9nypgrc
255,1.3666980266571045,j9nypgrc
256,1.3980849981307983,j9nypgrc
257,1.3784853219985962,j9nypgrc
258,1.4567816257476807,j9nypgrc
259,1.3381725549697876,j9nypgrc
260,1.3375587463378906,j9nypgrc
261,1.4617969989776611,j9nypgrc
262,1.3401497602462769,j9nypgrc
263,1.4414293766021729,j9nypgrc
264,1.3248865604400635,j9nypgrc
265,1.4437730312347412,j9nypgrc
266,1.4709559679031372,j9nypgrc
267,1.448196291923523,j9nypgrc
268,1.4324376583099365,j9nypgrc
269,1.4704656600952148,j9nypgrc
270,1.4115668535232544,j9nypgrc
271,1.4904841184616089,j9nypgrc
272,1.4292205572128296,j9nypgrc
273,1.3671059608459473,j9nypgrc
274,1.4267807006835938,j9nypgrc
275,1.4632023572921753,j9nypgrc
276,1.4528272151947021,j9nypgrc
277,1.383468747138977,j9nypgrc
278,1.5126187801361084,j9nypgrc
279,1.4228328466415405,j9nypgrc
280,1.4464744329452515,j9nypgrc
281,1.4794899225234985,j9nypgrc
282,1.3165971040725708,j9nypgrc
283,1.391839623451233,j9nypgrc
284,1.45097815990448,j9nypgrc
285,1.4579004049301147,j9nypgrc
286,1.4659507274627686,j9nypgrc
287,1.443473219871521,j9nypgrc
288,1.4074383974075317,j9nypgrc
289,1.4941189289093018,j9nypgrc
290,1.4125443696975708,j9nypgrc
291,1.3271899223327637,j9nypgrc
292,1.4774539470672607,j9nypgrc
293,1.3795679807662964,j9nypgrc
294,1.492733359336853,j9nypgrc
295,1.3564406633377075,j9nypgrc
296,1.4222369194030762,j9nypgrc
297,1.3753767013549805,j9nypgrc
298,1.3583580255508423,j9nypgrc
299,1.3792754411697388,j9nypgrc
300,1.4217495918273926,j9nypgrc
301,1.4101808071136475,j9nypgrc
302,1.414750576019287,j9nypgrc
303,1.402303695678711,j9nypgrc
304,1.5270394086837769,j9nypgrc
305,1.486067771911621,j9nypgrc
306,1.4598486423492432,j9nypgrc
307,1.425661325454712,j9nypgrc
308,1.511950135231018,j9nypgrc
309,1.4066137075424194,j9nypgrc
310,1.405385136604309,j9nypgrc
311,1.40932297706604,j9nypgrc
312,1.4793899059295654,j9nypgrc
313,1.4080018997192383,j9nypgrc
314,1.4454169273376465,j9nypgrc
315,1.4885166883468628,j9nypgrc
316,1.4152222871780396,j9nypgrc
317,1.4581892490386963,j9nypgrc
318,1.438545823097229,j9nypgrc
319,1.4416807889938354,j9nypgrc
320,1.4172399044036865,j9nypgrc
321,1.4154844284057617,j9nypgrc
322,1.444732427597046,j9nypgrc
323,1.4987130165100098,j9nypgrc
324,1.4087878465652466,j9nypgrc
325,1.4356623888015747,j9nypgrc
326,1.4438793659210205,j9nypgrc
327,1.4089847803115845,j9nypgrc
328,1.4378199577331543,j9nypgrc
329,1.4309728145599365,j9nypgrc
330,1.4426522254943848,j9nypgrc
331,1.4217596054077148,j9nypgrc
332,1.411346435546875,j9nypgrc
333,1.3950999975204468,j9nypgrc
334,1.4302465915679932,j9nypgrc
335,1.4815834760665894,j9nypgrc
336,1.4730491638183594,j9nypgrc
337,1.4375534057617188,j9nypgrc
338,1.468654990196228,j9nypgrc
339,1.3803126811981201,j9nypgrc
340,1.3780635595321655,j9nypgrc
341,1.4651222229003906,j9nypgrc
342,1.4931918382644653,j9nypgrc
343,1.4689089059829712,j9nypgrc
344,1.4339133501052856,j9nypgrc
345,1.4254205226898193,j9nypgrc
346,1.4279658794403076,j9nypgrc
347,1.4153059720993042,j9nypgrc
348,1.4545286893844604,j9nypgrc
349,1.3860613107681274,j9nypgrc
350,1.3758740425109863,j9nypgrc
351,1.4145961999893188,j9nypgrc
352,1.3959344625473022,j9nypgrc
353,1.4160573482513428,j9nypgrc
354,1.460981845855713,j9nypgrc
355,1.34690523147583,j9nypgrc
356,1.402174711227417,j9nypgrc
357,1.4776514768600464,j9nypgrc
358,1.4291296005249023,j9nypgrc
359,1.3282420635223389,j9nypgrc
360,1.3948895931243896,j9nypgrc
361,1.4917032718658447,j9nypgrc
362,1.4210072755813599,j9nypgrc
363,1.4236419200897217,j9nypgrc
364,1.3761744499206543,j9nypgrc
365,1.469303846359253,j9nypgrc
366,1.462206244468689,j9nypgrc
367,1.3918684720993042,j9nypgrc
368,1.4840247631072998,j9nypgrc
369,1.422520637512207,j9nypgrc
370,1.3710777759552002,j9nypgrc
371,1.4228217601776123,j9nypgrc
372,1.4199563264846802,j9nypgrc
373,1.4479186534881592,j9nypgrc
374,1.337192177772522,j9nypgrc
375,1.4002102613449097,j9nypgrc
376,1.4004883766174316,j9nypgrc
377,1.4815412759780884,j9nypgrc
378,1.4521175622940063,j9nypgrc
379,1.4747233390808105,j9nypgrc
380,1.4407565593719482,j9nypgrc
381,1.4294039011001587,j9nypgrc
382,1.3747133016586304,j9nypgrc
383,1.3945673704147339,j9nypgrc
384,1.4060544967651367,j9nypgrc
385,1.4324692487716675,j9nypgrc
386,1.4267430305480957,j9nypgrc
387,1.4136837720870972,j9nypgrc
388,1.4265973567962646,j9nypgrc
389,1.48421311378479,j9nypgrc
390,1.4452526569366455,j9nypgrc
391,1.497741937637329,j9nypgrc
392,1.357803463935852,j9nypgrc
393,1.442815899848938,j9nypgrc
394,1.461537480354309,j9nypgrc
395,1.4723752737045288,j9nypgrc
396,1.450857162475586,j9nypgrc
397,1.4541041851043701,j9nypgrc
398,1.4817571640014648,j9nypgrc
399,1.4517822265625,j9nypgrc
400,1.4550856351852417,j9nypgrc
401,1.435840368270874,j9nypgrc
402,1.3889602422714233,j9nypgrc
403,1.4264329671859741,j9nypgrc
404,1.4393998384475708,j9nypgrc
405,1.4986789226531982,j9nypgrc
406,1.4103432893753052,j9nypgrc
407,1.401490569114685,j9nypgrc
408,1.3866093158721924,j9nypgrc
409,1.445727825164795,j9nypgrc
410,1.534287929534912,j9nypgrc
411,1.4625040292739868,j9nypgrc
412,1.4612376689910889,j9nypgrc
413,1.4343396425247192,j9nypgrc
414,1.449643611907959,j9nypgrc
415,1.4367427825927734,j9nypgrc
416,1.385212779045105,j9nypgrc
417,1.5333524942398071,j9nypgrc
418,1.497942328453064,j9nypgrc
419,1.5021289587020874,j9nypgrc
420,1.5076028108596802,j9nypgrc
421,1.4301121234893799,j9nypgrc
422,1.4429508447647095,j9nypgrc
423,1.4043785333633423,j9nypgrc
424,1.3695650100708008,j9nypgrc
425,1.507152795791626,j9nypgrc
426,1.4692785739898682,j9nypgrc
427,1.449700951576233,j9nypgrc
428,1.418310523033142,j9nypgrc
429,1.335620641708374,j9nypgrc
430,1.4668264389038086,j9nypgrc
431,1.4745584726333618,j9nypgrc
432,1.3946524858474731,j9nypgrc
433,1.4232268333435059,j9nypgrc
434,1.45466148853302,j9nypgrc
435,1.4121743440628052,j9nypgrc
436,1.4880478382110596,j9nypgrc
437,1.451217770576477,j9nypgrc
438,1.4725399017333984,j9nypgrc
439,1.379504680633545,j9nypgrc
440,1.4277609586715698,j9nypgrc
441,1.3432337045669556,j9nypgrc
442,1.4076404571533203,j9nypgrc
443,1.4291338920593262,j9nypgrc
444,1.402029275894165,j9nypgrc
445,1.4383063316345215,j9nypgrc
446,1.4438409805297852,j9nypgrc
447,1.4740020036697388,j9nypgrc
448,1.4426196813583374,j9nypgrc
449,1.4505267143249512,j9nypgrc
450,1.391492247581482,j9nypgrc
451,1.4260327816009521,j9nypgrc
452,1.3972837924957275,j9nypgrc
453,1.4617410898208618,j9nypgrc
454,1.4352940320968628,j9nypgrc
455,1.3953204154968262,j9nypgrc
456,1.5298023223876953,j9nypgrc
457,1.4398645162582397,j9nypgrc
458,1.443606972694397,j9nypgrc
459,1.438650369644165,j9nypgrc
460,1.4534978866577148,j9nypgrc
461,1.4052350521087646,j9nypgrc
462,1.413248062133789,j9nypgrc
463,1.4573521614074707,j9nypgrc
464,1.4064817428588867,j9nypgrc
465,1.4746739864349365,j9nypgrc
466,1.4168405532836914,j9nypgrc
467,1.4443305730819702,j9nypgrc
468,1.432221531867981,j9nypgrc
469,1.3275041580200195,j9nypgrc
470,1.3999896049499512,j9nypgrc
471,1.409873366355896,j9nypgrc
472,1.3559399843215942,j9nypgrc
473,1.43380606174469,j9nypgrc
474,1.3799688816070557,j9nypgrc
475,1.4180911779403687,j9nypgrc
476,1.3868119716644287,j9nypgrc
477,1.4549808502197266,j9nypgrc
478,1.462123990058899,j9nypgrc
479,1.4560163021087646,j9nypgrc
480,1.3792507648468018,j9nypgrc
481,1.4437484741210938,j9nypgrc
482,1.3881289958953857,j9nypgrc
483,1.4139900207519531,j9nypgrc
484,1.405450701713562,j9nypgrc
485,1.410586953163147,j9nypgrc
486,1.4278932809829712,j9nypgrc
487,1.3125618696212769,j9nypgrc
488,1.3603825569152832,j9nypgrc
489,1.4723644256591797,j9nypgrc
490,1.498473882675171,j9nypgrc
491,1.3413194417953491,j9nypgrc
492,1.3682341575622559,j9nypgrc
493,1.398236870765686,j9nypgrc
494,1.393172264099121,j9nypgrc
495,1.452697515487671,j9nypgrc
496,1.413355827331543,j9nypgrc
497,1.407058835029602,j9nypgrc
498,1.4405931234359741,j9nypgrc
499,1.4418387413024902,j9nypgrc
500,1.3664848804473877,j9nypgrc
501,1.433604121208191,j9nypgrc
502,1.4607492685317993,j9nypgrc
503,1.451061725616455,j9nypgrc
504,1.4661668539047241,j9nypgrc
505,1.423227310180664,j9nypgrc
506,1.41643226146698,j9nypgrc
507,1.4060286283493042,j9nypgrc
508,1.3894157409667969,j9nypgrc
509,1.4803552627563477,j9nypgrc
510,1.3715424537658691,j9nypgrc
511,1.495542287826538,j9nypgrc
512,1.4215679168701172,j9nypgrc
513,1.3939838409423828,j9nypgrc
514,1.4168567657470703,j9nypgrc
515,1.4909380674362183,j9nypgrc
516,1.433422565460205,j9nypgrc
517,1.4416437149047852,j9nypgrc
518,1.473009467124939,j9nypgrc
519,1.3989166021347046,j9nypgrc
520,1.478651523590088,j9nypgrc
521,1.5173850059509277,j9nypgrc
522,1.394356369972229,j9nypgrc
523,1.3740898370742798,j9nypgrc
524,1.3659262657165527,j9nypgrc
525,1.4005687236785889,j9nypgrc
526,1.3693203926086426,j9nypgrc
527,1.4232933521270752,j9nypgrc
528,1.4182320833206177,j9nypgrc
529,1.4438565969467163,j9nypgrc
530,1.3546977043151855,j9nypgrc
531,1.3780803680419922,j9nypgrc
532,1.4319208860397339,j9nypgrc
533,1.5264744758605957,j9nypgrc
534,1.4284089803695679,j9nypgrc
535,1.3455464839935303,j9nypgrc
536,1.4852827787399292,j9nypgrc
537,1.4242866039276123,j9nypgrc
538,1.4199471473693848,j9nypgrc
539,1.386207103729248,j9nypgrc
540,1.4106354713439941,j9nypgrc
541,1.4847650527954102,j9nypgrc
542,1.468907117843628,j9nypgrc
543,1.3977159261703491,j9nypgrc
544,1.4598568677902222,j9nypgrc
545,1.4288959503173828,j9nypgrc
546,1.4535681009292603,j9nypgrc
547,1.3728901147842407,j9nypgrc
548,1.4737627506256104,j9nypgrc
549,1.4453208446502686,j9nypgrc
550,1.4029345512390137,j9nypgrc
551,1.4559208154678345,j9nypgrc
552,1.4555857181549072,j9nypgrc
553,1.413821816444397,j9nypgrc
554,1.4713504314422607,j9nypgrc
555,1.3321924209594727,j9nypgrc
556,1.3551689386367798,j9nypgrc
557,1.434804081916809,j9nypgrc
558,1.3437050580978394,j9nypgrc
559,1.335316777229309,j9nypgrc
560,1.309957504272461,j9nypgrc
561,1.437930941581726,j9nypgrc
562,1.5308045148849487,j9nypgrc
563,1.4318158626556396,j9nypgrc
564,1.4369279146194458,j9nypgrc
565,1.4362651109695435,j9nypgrc
566,1.407301425933838,j9nypgrc
567,1.492853045463562,j9nypgrc
568,1.4480680227279663,j9nypgrc
569,1.458706259727478,j9nypgrc
570,1.4551643133163452,j9nypgrc
571,1.4209150075912476,j9nypgrc
572,1.4070357084274292,j9nypgrc
573,1.4360774755477905,j9nypgrc
574,1.4744848012924194,j9nypgrc
575,1.449249029159546,j9nypgrc
576,1.502174973487854,j9nypgrc
577,1.4348514080047607,j9nypgrc
578,1.4748183488845825,j9nypgrc
579,1.4646509885787964,j9nypgrc
580,1.4237011671066284,j9nypgrc
581,1.4940690994262695,j9nypgrc
582,1.4886595010757446,j9nypgrc
583,1.4140827655792236,j9nypgrc
584,1.3558924198150635,j9nypgrc
585,1.420749545097351,j9nypgrc
586,1.4636154174804688,j9nypgrc
587,1.481687307357788,j9nypgrc
588,1.443693995475769,j9nypgrc
589,1.4808121919631958,j9nypgrc
590,1.3621294498443604,j9nypgrc
591,1.4384626150131226,j9nypgrc
592,1.4057812690734863,j9nypgrc
593,1.4551770687103271,j9nypgrc
594,1.4258246421813965,j9nypgrc
595,1.4637902975082397,j9nypgrc
596,1.4181153774261475,j9nypgrc
597,1.4519500732421875,j9nypgrc
598,1.3494558334350586,j9nypgrc
599,1.4218406677246094,j9nypgrc
600,1.389893889427185,j9nypgrc
601,1.3949990272521973,j9nypgrc
602,1.4541785717010498,j9nypgrc
603,1.4077421426773071,j9nypgrc
604,1.4199154376983643,j9nypgrc
605,1.4116995334625244,j9nypgrc
606,1.50889253616333,j9nypgrc
607,1.4034051895141602,j9nypgrc
608,1.4438575506210327,j9nypgrc
609,1.4154715538024902,j9nypgrc
610,1.3721497058868408,j9nypgrc
611,1.415185809135437,j9nypgrc
612,1.4251798391342163,j9nypgrc
613,1.3830211162567139,j9nypgrc
614,1.4358288049697876,j9nypgrc
615,1.4431861639022827,j9nypgrc
616,1.4065347909927368,j9nypgrc
617,1.4333391189575195,j9nypgrc
618,1.4662854671478271,j9nypgrc
619,1.3509432077407837,j9nypgrc
620,1.3807936906814575,j9nypgrc
621,1.3349581956863403,j9nypgrc
622,1.41877019405365,j9nypgrc
623,1.4919509887695312,j9nypgrc
624,1.4628742933273315,j9nypgrc
625,1.3762625455856323,j9nypgrc
626,1.410964012145996,j9nypgrc
627,1.4643858671188354,j9nypgrc
628,1.4987982511520386,j9nypgrc
629,1.378677487373352,j9nypgrc
630,1.3846298456192017,j9nypgrc
631,1.4898271560668945,j9nypgrc
632,1.3994508981704712,j9nypgrc
633,1.4740262031555176,j9nypgrc
634,1.4320454597473145,j9nypgrc
635,1.3863691091537476,j9nypgrc
636,1.4066194295883179,j9nypgrc
637,1.5323610305786133,j9nypgrc
638,1.4261640310287476,j9nypgrc
639,1.3291000127792358,j9nypgrc
640,1.4409708976745605,j9nypgrc
641,1.4619395732879639,j9nypgrc
642,1.419805884361267,j9nypgrc
643,1.305038571357727,j9nypgrc
644,1.4248970746994019,j9nypgrc
645,1.3888174295425415,j9nypgrc
646,1.4841762781143188,j9nypgrc
647,1.3288850784301758,j9nypgrc
648,1.3822625875473022,j9nypgrc
649,1.4167336225509644,j9nypgrc
650,1.4953699111938477,j9nypgrc
651,1.474623441696167,j9nypgrc
652,1.4538012742996216,j9nypgrc
653,1.4605015516281128,j9nypgrc
654,1.4125810861587524,j9nypgrc
655,1.3554997444152832,j9nypgrc
656,1.489401936531067,j9nypgrc
657,1.4689133167266846,j9nypgrc
658,1.4482172727584839,j9nypgrc
659,1.5515453815460205,j9nypgrc
660,1.4156057834625244,j9nypgrc
661,1.442178726196289,j9nypgrc
662,1.393966555595398,j9nypgrc
663,1.4312125444412231,j9nypgrc
664,1.41997230052948,j9nypgrc
665,1.505642294883728,j9nypgrc
666,1.3783228397369385,j9nypgrc
667,1.3989129066467285,j9nypgrc
668,1.4692413806915283,j9nypgrc
669,1.3903603553771973,j9nypgrc
670,1.3332942724227905,j9nypgrc
671,1.4859297275543213,j9nypgrc
672,1.4649429321289062,j9nypgrc
673,1.4266146421432495,j9nypgrc
674,1.4060001373291016,j9nypgrc
675,1.4033489227294922,j9nypgrc
676,1.4268360137939453,j9nypgrc
677,1.3926814794540405,j9nypgrc
678,1.4294190406799316,j9nypgrc
679,1.4336676597595215,j9nypgrc
680,1.4334081411361694,j9nypgrc
681,1.4406222105026245,j9nypgrc
682,1.4123212099075317,j9nypgrc
683,1.425194263458252,j9nypgrc
684,1.4639641046524048,j9nypgrc
685,1.3816393613815308,j9nypgrc
686,1.4400269985198975,j9nypgrc
687,1.4436544179916382,j9nypgrc
688,1.4236059188842773,j9nypgrc
689,1.3684598207473755,j9nypgrc
690,1.420388102531433,j9nypgrc
691,1.456001877784729,j9nypgrc
692,1.426375389099121,j9nypgrc
693,1.3092350959777832,j9nypgrc
694,1.3609142303466797,j9nypgrc
695,1.3799248933792114,j9nypgrc
696,1.4684221744537354,j9nypgrc
697,1.3898987770080566,j9nypgrc
698,1.4547220468521118,j9nypgrc
699,1.3703142404556274,j9nypgrc
700,1.453122615814209,j9nypgrc
701,1.4659746885299683,j9nypgrc
702,1.3862704038619995,j9nypgrc
703,1.394955039024353,j9nypgrc
704,1.447056770324707,j9nypgrc
705,1.4438868761062622,j9nypgrc
706,1.4296765327453613,j9nypgrc
707,1.3059509992599487,j9nypgrc
708,1.4211902618408203,j9nypgrc
709,1.4157487154006958,j9nypgrc
710,1.499816656112671,j9nypgrc
711,1.4291200637817383,j9nypgrc
712,1.4125828742980957,j9nypgrc
713,1.446955919265747,j9nypgrc
714,1.383394479751587,j9nypgrc
715,1.4050555229187012,j9nypgrc
716,1.464900016784668,j9nypgrc
717,1.4451342821121216,j9nypgrc
718,1.3687951564788818,j9nypgrc
719,1.4557384252548218,j9nypgrc
720,1.4766587018966675,j9nypgrc
721,1.418370246887207,j9nypgrc
722,1.4932693243026733,j9nypgrc
723,1.4040037393569946,j9nypgrc
724,1.441481590270996,j9nypgrc
725,1.463033676147461,j9nypgrc
726,1.4457844495773315,j9nypgrc
727,1.3926997184753418,j9nypgrc
728,1.3406903743743896,j9nypgrc
729,1.3156495094299316,j9nypgrc
730,1.4713088274002075,j9nypgrc
731,1.3920954465866089,j9nypgrc
732,1.3990696668624878,j9nypgrc
733,1.3929916620254517,j9nypgrc
734,1.4223463535308838,j9nypgrc
735,1.456070899963379,j9nypgrc
736,1.3808473348617554,j9nypgrc
737,1.3775261640548706,j9nypgrc
738,1.4506515264511108,j9nypgrc
739,1.4425292015075684,j9nypgrc
740,1.4528461694717407,j9nypgrc
741,1.3872427940368652,j9nypgrc
742,1.3994007110595703,j9nypgrc
743,1.5145117044448853,j9nypgrc
744,1.3648886680603027,j9nypgrc
745,1.4083600044250488,j9nypgrc
746,1.396061658859253,j9nypgrc
747,1.4203070402145386,j9nypgrc
748,1.4566292762756348,j9nypgrc
749,1.4219825267791748,j9nypgrc
750,1.460686206817627,j9nypgrc
751,1.4498066902160645,j9nypgrc
752,1.470024585723877,j9nypgrc
753,1.4334076642990112,j9nypgrc
754,1.4413117170333862,j9nypgrc
755,1.4496262073516846,j9nypgrc
756,1.4275951385498047,j9nypgrc
757,1.437536358833313,j9nypgrc
758,1.4123581647872925,j9nypgrc
759,1.44717538356781,j9nypgrc
760,1.4868195056915283,j9nypgrc
761,1.4408929347991943,j9nypgrc
762,1.5008248090744019,j9nypgrc
763,1.3772565126419067,j9nypgrc
764,1.3782790899276733,j9nypgrc
765,1.4444013833999634,j9nypgrc
766,1.4623439311981201,j9nypgrc
767,1.4570249319076538,j9nypgrc
768,1.5569905042648315,j9nypgrc
769,1.4534846544265747,j9nypgrc
770,1.4361847639083862,j9nypgrc
771,1.3238404989242554,j9nypgrc
772,1.417182207107544,j9nypgrc
773,1.4257688522338867,j9nypgrc
774,1.4335887432098389,j9nypgrc
775,1.2934379577636719,j9nypgrc
776,1.4367367029190063,j9nypgrc
777,1.4367780685424805,j9nypgrc
778,1.379907250404358,j9nypgrc
779,1.4307459592819214,j9nypgrc
780,1.4346439838409424,j9nypgrc
781,1.480156421661377,j9nypgrc
782,1.499115228652954,j9nypgrc
783,1.372628092765808,j9nypgrc
784,1.4379487037658691,j9nypgrc
785,1.4289854764938354,j9nypgrc
786,1.4341129064559937,j9nypgrc
787,1.4882513284683228,j9nypgrc
788,1.4892849922180176,j9nypgrc
789,1.3448247909545898,j9nypgrc
790,1.3891595602035522,j9nypgrc
791,1.3696428537368774,j9nypgrc
792,1.3227232694625854,j9nypgrc
793,1.4552364349365234,j9nypgrc
794,1.3667227029800415,j9nypgrc
795,1.4762423038482666,j9nypgrc
796,1.413079023361206,j9nypgrc
797,1.398626446723938,j9nypgrc
798,1.4069911241531372,j9nypgrc
799,1.3842427730560303,j9nypgrc
800,1.4328274726867676,j9nypgrc
801,1.4410030841827393,j9nypgrc
802,1.4132418632507324,j9nypgrc
803,1.4150669574737549,j9nypgrc
804,1.5071871280670166,j9nypgrc
805,1.4869383573532104,j9nypgrc
806,1.4047701358795166,j9nypgrc
807,1.4492995738983154,j9nypgrc
808,1.5404447317123413,j9nypgrc
809,1.4158260822296143,j9nypgrc
810,1.429508090019226,j9nypgrc
811,1.5215799808502197,j9nypgrc
812,1.4957587718963623,j9nypgrc
813,1.3956072330474854,j9nypgrc
814,1.456081509590149,j9nypgrc
815,1.5461984872817993,j9nypgrc
816,1.3804044723510742,j9nypgrc
817,1.3386130332946777,j9nypgrc
818,1.509179711341858,j9nypgrc
819,1.4570807218551636,j9nypgrc
820,1.3623806238174438,j9nypgrc
821,1.4827582836151123,j9nypgrc
822,1.4200636148452759,j9nypgrc
823,1.455007791519165,j9nypgrc
824,1.448595643043518,j9nypgrc
825,1.415541648864746,j9nypgrc
826,1.4323441982269287,j9nypgrc
827,1.3912684917449951,j9nypgrc
828,1.3995367288589478,j9nypgrc
829,1.3711036443710327,j9nypgrc
830,1.4110323190689087,j9nypgrc
831,1.4094552993774414,j9nypgrc
832,1.4253181219100952,j9nypgrc
833,1.4348318576812744,j9nypgrc
834,1.4061989784240723,j9nypgrc
835,1.4123467206954956,j9nypgrc
836,1.472100853919983,j9nypgrc
837,1.51468026638031,j9nypgrc
838,1.4526617527008057,j9nypgrc
839,1.4126596450805664,j9nypgrc
840,1.4143013954162598,j9nypgrc
841,1.4140214920043945,j9nypgrc
842,1.4311765432357788,j9nypgrc
843,1.426296353340149,j9nypgrc
844,1.4795538187026978,j9nypgrc
845,1.4312090873718262,j9nypgrc
846,1.4195525646209717,j9nypgrc
847,1.3958520889282227,j9nypgrc
848,1.3474727869033813,j9nypgrc
849,1.409456729888916,j9nypgrc
850,1.4614636898040771,j9nypgrc
851,1.3837544918060303,j9nypgrc
852,1.4525471925735474,j9nypgrc
853,1.3859666585922241,j9nypgrc
854,1.4598530530929565,j9nypgrc
855,1.463921070098877,j9nypgrc
856,1.4971792697906494,j9nypgrc
857,1.4182405471801758,j9nypgrc
858,1.4032790660858154,j9nypgrc
859,1.3375017642974854,j9nypgrc
860,1.4643776416778564,j9nypgrc
861,1.4053826332092285,j9nypgrc
862,1.515089988708496,j9nypgrc
863,1.4367351531982422,j9nypgrc
864,1.3331185579299927,j9nypgrc
865,1.3955918550491333,j9nypgrc
866,1.3859994411468506,j9nypgrc
867,1.433883786201477,j9nypgrc
868,1.3935714960098267,j9nypgrc
869,1.4666014909744263,j9nypgrc
870,1.4131754636764526,j9nypgrc
871,1.30295729637146,j9nypgrc
872,1.3859072923660278,j9nypgrc
873,1.4185380935668945,j9nypgrc
874,1.3890291452407837,j9nypgrc
875,1.4416229724884033,j9nypgrc
876,1.4895249605178833,j9nypgrc
877,1.4316973686218262,j9nypgrc
878,1.4352879524230957,j9nypgrc
879,1.442273736000061,j9nypgrc
880,1.3676602840423584,j9nypgrc
881,1.359588623046875,j9nypgrc
882,1.3665547370910645,j9nypgrc
883,1.395056128501892,j9nypgrc
884,1.3980919122695923,j9nypgrc
885,1.5298041105270386,j9nypgrc
886,1.3974665403366089,j9nypgrc
887,1.4231265783309937,j9nypgrc
888,1.4355628490447998,j9nypgrc
889,1.3850157260894775,j9nypgrc
890,1.440812110900879,j9nypgrc
891,1.4461430311203003,j9nypgrc
892,1.4491710662841797,j9nypgrc
893,1.3184109926223755,j9nypgrc
894,1.4945000410079956,j9nypgrc
895,1.4214718341827393,j9nypgrc
896,1.3802769184112549,j9nypgrc
897,1.4811460971832275,j9nypgrc
898,1.3575198650360107,j9nypgrc
899,1.4672458171844482,j9nypgrc
900,1.3923006057739258,j9nypgrc
901,1.440656065940857,j9nypgrc
902,1.385034203529358,j9nypgrc
903,1.3965591192245483,j9nypgrc
904,1.3748080730438232,j9nypgrc
905,1.4097312688827515,j9nypgrc
906,1.4222867488861084,j9nypgrc
907,1.4298334121704102,j9nypgrc
908,1.436498999595642,j9nypgrc
909,1.408597707748413,j9nypgrc
910,1.391798973083496,j9nypgrc
911,1.4190460443496704,j9nypgrc
912,1.4507393836975098,j9nypgrc
913,1.4083846807479858,j9nypgrc
914,1.4131067991256714,j9nypgrc
915,1.4140369892120361,j9nypgrc
916,1.3569293022155762,j9nypgrc
917,1.5241193771362305,j9nypgrc
918,1.4530138969421387,j9nypgrc
919,1.4459407329559326,j9nypgrc
920,1.4329097270965576,j9nypgrc
921,1.4306023120880127,j9nypgrc
922,1.4001998901367188,j9nypgrc
923,1.401371717453003,j9nypgrc
924,1.3563239574432373,j9nypgrc
925,1.4354698657989502,j9nypgrc
926,1.4121466875076294,j9nypgrc
927,1.4096242189407349,j9nypgrc
928,1.4241989850997925,j9nypgrc
929,1.3834939002990723,j9nypgrc
930,1.457291841506958,j9nypgrc
931,1.4252890348434448,j9nypgrc
932,1.3487447500228882,j9nypgrc
933,1.4662991762161255,j9nypgrc
934,1.4217066764831543,j9nypgrc
935,1.4570525884628296,j9nypgrc
936,1.4178125858306885,j9nypgrc
937,1.442190408706665,j9nypgrc
938,1.388569951057434,j9nypgrc
939,1.3390932083129883,j9nypgrc
940,1.3912378549575806,j9nypgrc
941,1.4159455299377441,j9nypgrc
942,1.4448860883712769,j9nypgrc
943,1.3953056335449219,j9nypgrc
944,1.3852256536483765,j9nypgrc
945,1.3565940856933594,j9nypgrc
946,1.3477941751480103,j9nypgrc
947,1.4331218004226685,j9nypgrc
948,1.3471062183380127,j9nypgrc
949,1.4381332397460938,j9nypgrc
950,1.4387739896774292,j9nypgrc
951,1.3876729011535645,j9nypgrc
952,1.4079420566558838,j9nypgrc
953,1.5159672498703003,j9nypgrc
954,1.43929922580719,j9nypgrc
955,1.374857783317566,j9nypgrc
956,1.4401963949203491,j9nypgrc
957,1.4219191074371338,j9nypgrc
958,1.4561330080032349,j9nypgrc
959,1.3579246997833252,j9nypgrc
960,1.4047443866729736,j9nypgrc
961,1.4955381155014038,j9nypgrc
962,1.4248579740524292,j9nypgrc
963,1.3839550018310547,j9nypgrc
964,1.4715019464492798,j9nypgrc
965,1.364488959312439,j9nypgrc
966,1.4348844289779663,j9nypgrc
967,1.2762728929519653,j9nypgrc
968,1.3572992086410522,j9nypgrc
969,1.4415241479873657,j9nypgrc
970,1.4958069324493408,j9nypgrc
971,1.448440432548523,j9nypgrc
972,1.477090835571289,j9nypgrc
973,1.326913833618164,j9nypgrc
974,1.5076435804367065,j9nypgrc
975,1.33748197555542,j9nypgrc
976,1.4152895212173462,j9nypgrc
977,1.520557165145874,j9nypgrc
978,1.4625871181488037,j9nypgrc
979,1.4256154298782349,j9nypgrc
980,1.4209662675857544,j9nypgrc
981,1.398875117301941,j9nypgrc
982,1.43631112575531,j9nypgrc
983,1.375494360923767,j9nypgrc
984,1.3865514993667603,j9nypgrc
985,1.4282499551773071,j9nypgrc
986,1.4000715017318726,j9nypgrc
987,1.4155043363571167,j9nypgrc
988,1.4182054996490479,j9nypgrc
989,1.4756454229354858,j9nypgrc
990,1.38876473903656,j9nypgrc
991,1.4441112279891968,j9nypgrc
992,1.3208943605422974,j9nypgrc
993,1.3868876695632935,j9nypgrc
994,1.4284894466400146,j9nypgrc
995,1.423017978668213,j9nypgrc
996,1.3992834091186523,j9nypgrc
997,1.4150670766830444,j9nypgrc
998,1.406220555305481,j9nypgrc
999,1.416652798652649,j9nypgrc
1000,1.343424677848816,j9nypgrc
1001,1.3806489706039429,j9nypgrc
1002,1.4748942852020264,j9nypgrc
1003,1.4802724123001099,j9nypgrc
1004,1.5230764150619507,j9nypgrc
1005,1.4338395595550537,j9nypgrc
1006,1.4679911136627197,j9nypgrc
1007,1.4095901250839233,j9nypgrc
1008,1.3663129806518555,j9nypgrc
1009,1.4125643968582153,j9nypgrc
1010,1.3619976043701172,j9nypgrc
1011,1.3153084516525269,j9nypgrc
1012,1.3964945077896118,j9nypgrc
1013,1.4028209447860718,j9nypgrc
1014,1.3303861618041992,j9nypgrc
1015,1.441870093345642,j9nypgrc
1016,1.4778892993927002,j9nypgrc
1017,1.4867204427719116,j9nypgrc
1018,1.4136208295822144,j9nypgrc
1019,1.4083245992660522,j9nypgrc
1020,1.4243953227996826,j9nypgrc
1021,1.4414925575256348,j9nypgrc
1022,1.4892021417617798,j9nypgrc
1023,1.4651801586151123,j9nypgrc
1024,1.48722243309021,j9nypgrc
1025,1.4517099857330322,j9nypgrc
1026,1.3792608976364136,j9nypgrc
1027,1.4763659238815308,j9nypgrc
1028,1.3535715341567993,j9nypgrc
1029,1.474604845046997,j9nypgrc
1030,1.409287452697754,j9nypgrc
1031,1.3393912315368652,j9nypgrc
1032,1.4098478555679321,j9nypgrc
1033,1.458022952079773,j9nypgrc
1034,1.4622619152069092,j9nypgrc
1035,1.4504960775375366,j9nypgrc
1036,1.414962887763977,j9nypgrc
1037,1.505964994430542,j9nypgrc
1038,1.3446892499923706,j9nypgrc
1039,1.4403636455535889,j9nypgrc
1040,1.442280888557434,j9nypgrc
1041,1.3423666954040527,j9nypgrc
1042,1.4252179861068726,j9nypgrc
1043,1.3821778297424316,j9nypgrc
1044,1.4021029472351074,j9nypgrc
1045,1.4152467250823975,j9nypgrc
1046,1.3920409679412842,j9nypgrc
1047,1.4660589694976807,j9nypgrc
1048,1.37100350856781,j9nypgrc
1049,1.3802757263183594,j9nypgrc
1050,1.4509347677230835,j9nypgrc
1051,1.4013804197311401,j9nypgrc
1052,1.392167091369629,j9nypgrc
1053,1.4491702318191528,j9nypgrc
1054,1.3303967714309692,j9nypgrc
1055,1.4252605438232422,j9nypgrc
1056,1.4221882820129395,j9nypgrc
1057,1.469379186630249,j9nypgrc
1058,1.3954459428787231,j9nypgrc
1059,1.470025897026062,j9nypgrc
1060,1.3358052968978882,j9nypgrc
1061,1.4569381475448608,j9nypgrc
1062,1.435612678527832,j9nypgrc
1063,1.4861897230148315,j9nypgrc
1064,1.4142593145370483,j9nypgrc
1065,1.4388184547424316,j9nypgrc
1066,1.397348165512085,j9nypgrc
1067,1.4625794887542725,j9nypgrc
1068,1.3806283473968506,j9nypgrc
1069,1.38516366481781,j9nypgrc
1070,1.3210153579711914,j9nypgrc
1071,1.4186915159225464,j9nypgrc
1072,1.4544938802719116,j9nypgrc
1073,1.423622488975525,j9nypgrc
1074,1.439318299293518,j9nypgrc
1075,1.4859710931777954,j9nypgrc
1076,1.4499047994613647,j9nypgrc
1077,1.46687650680542,j9nypgrc
1078,1.389474868774414,j9nypgrc
1079,1.3438680171966553,j9nypgrc
1080,1.4906164407730103,j9nypgrc
1081,1.504416823387146,j9nypgrc
1082,1.3781195878982544,j9nypgrc
1083,1.4081257581710815,j9nypgrc
1084,1.4730241298675537,j9nypgrc
1085,1.4298837184906006,j9nypgrc
1086,1.3819092512130737,j9nypgrc
1087,1.4500130414962769,j9nypgrc
1088,1.408739686012268,j9nypgrc
1089,1.3656576871871948,j9nypgrc
1090,1.4097864627838135,j9nypgrc
1091,1.3386069536209106,j9nypgrc
1092,1.4202280044555664,j9nypgrc
1093,1.3850761651992798,j9nypgrc
1094,1.4065431356430054,j9nypgrc
1095,1.3905425071716309,j9nypgrc
1096,1.4519782066345215,j9nypgrc
1097,1.4572031497955322,j9nypgrc
1098,1.4186129570007324,j9nypgrc
1099,1.4762169122695923,j9nypgrc
1100,1.4698381423950195,j9nypgrc
1101,1.4025800228118896,j9nypgrc
1102,1.4984740018844604,j9nypgrc
1103,1.3722000122070312,j9nypgrc
1104,1.419764757156372,j9nypgrc
1105,1.4109385013580322,j9nypgrc
1106,1.3686872720718384,j9nypgrc
1107,1.4125168323516846,j9nypgrc
1108,1.4260355234146118,j9nypgrc
1109,1.4228754043579102,j9nypgrc
1110,1.306672215461731,j9nypgrc
1111,1.4577436447143555,j9nypgrc
1112,1.4217780828475952,j9nypgrc
1113,1.383944034576416,j9nypgrc
1114,1.4639043807983398,j9nypgrc
1115,1.3949726819992065,j9nypgrc
1116,1.4259182214736938,j9nypgrc
1117,1.3911471366882324,j9nypgrc
1118,1.4001407623291016,j9nypgrc
1119,1.4705393314361572,j9nypgrc
1120,1.343477725982666,j9nypgrc
1121,1.408772349357605,j9nypgrc
1122,1.4137945175170898,j9nypgrc
1123,1.3644659519195557,j9nypgrc
1124,1.4561396837234497,j9nypgrc
1125,1.3613287210464478,j9nypgrc
1126,1.3951736688613892,j9nypgrc
1127,1.3984179496765137,j9nypgrc
1128,1.4928544759750366,j9nypgrc
1129,1.4743475914001465,j9nypgrc
1130,1.435073971748352,j9nypgrc
1131,1.3913426399230957,j9nypgrc
1132,1.36268949508667,j9nypgrc
1133,1.409104347229004,j9nypgrc
1134,1.454460620880127,j9nypgrc
1135,1.391237735748291,j9nypgrc
1136,1.4093023538589478,j9nypgrc
1137,1.5201810598373413,j9nypgrc
1138,1.4017903804779053,j9nypgrc
1139,1.3985040187835693,j9nypgrc
1140,1.3883881568908691,j9nypgrc
1141,1.4497172832489014,j9nypgrc
1142,1.4717192649841309,j9nypgrc
1143,1.4160776138305664,j9nypgrc
1144,1.4940437078475952,j9nypgrc
1145,1.4761180877685547,j9nypgrc
1146,1.4580600261688232,j9nypgrc
1147,1.4308947324752808,j9nypgrc
1148,1.4227768182754517,j9nypgrc
1149,1.3343830108642578,j9nypgrc
1150,1.405503749847412,j9nypgrc
1151,1.3882683515548706,j9nypgrc
1152,1.5147466659545898,j9nypgrc
1153,1.3048151731491089,j9nypgrc
1154,1.4412504434585571,j9nypgrc
1155,1.4730675220489502,j9nypgrc
1156,1.387377142906189,j9nypgrc
1157,1.4290688037872314,j9nypgrc
1158,1.4387747049331665,j9nypgrc
1159,1.4722236394882202,j9nypgrc
1160,1.4866127967834473,j9nypgrc
1161,1.4038091897964478,j9nypgrc
1162,1.4031383991241455,j9nypgrc
1163,1.4696239233016968,j9nypgrc
1164,1.4259557723999023,j9nypgrc
1165,1.3768033981323242,j9nypgrc
1166,1.3441377878189087,j9nypgrc
1167,1.4218107461929321,j9nypgrc
1168,1.4145257472991943,j9nypgrc
1169,1.4734681844711304,j9nypgrc
1170,1.3835790157318115,j9nypgrc
1171,1.395700454711914,j9nypgrc
1172,1.3913204669952393,j9nypgrc
1173,1.3740092515945435,j9nypgrc
1174,1.4860585927963257,j9nypgrc
1175,1.5031490325927734,j9nypgrc
1176,1.403286099433899,j9nypgrc
1177,1.3694969415664673,j9nypgrc
1178,1.361007809638977,j9nypgrc
1179,1.405474066734314,j9nypgrc
1180,1.4349170923233032,j9nypgrc
1181,1.3398253917694092,j9nypgrc
1182,1.3622796535491943,j9nypgrc
1183,1.3899128437042236,j9nypgrc
1184,1.4054453372955322,j9nypgrc
1185,1.478116750717163,j9nypgrc
1186,1.4196782112121582,j9nypgrc
1187,1.4510939121246338,j9nypgrc
1188,1.3596374988555908,j9nypgrc
1189,1.4005227088928223,j9nypgrc
1190,1.4118343591690063,j9nypgrc
1191,1.5140085220336914,j9nypgrc
1192,1.3943978548049927,j9nypgrc
1193,1.4269170761108398,j9nypgrc
1194,1.3740471601486206,j9nypgrc
1195,1.4996289014816284,j9nypgrc
1196,1.395084023475647,j9nypgrc
1197,1.4431954622268677,j9nypgrc
1198,1.4339070320129395,j9nypgrc
1199,1.5101221799850464,j9nypgrc
1200,1.4003651142120361,j9nypgrc
1201,1.3725308179855347,j9nypgrc
1202,1.3828179836273193,j9nypgrc
1203,1.4355121850967407,j9nypgrc
1204,1.3455018997192383,j9nypgrc
1205,1.508047342300415,j9nypgrc
1206,1.4546664953231812,j9nypgrc
1207,1.4322986602783203,j9nypgrc
1208,1.3758256435394287,j9nypgrc
1209,1.4100465774536133,j9nypgrc
1210,1.4030718803405762,j9nypgrc
1211,1.4391452074050903,j9nypgrc
1212,1.4138355255126953,j9nypgrc
1213,1.4541513919830322,j9nypgrc
1214,1.4261635541915894,j9nypgrc
1215,1.406497836112976,j9nypgrc
1216,1.4280073642730713,j9nypgrc
1217,1.4049180746078491,j9nypgrc
1218,1.3892877101898193,j9nypgrc
1219,1.401102066040039,j9nypgrc
1220,1.3898628950119019,j9nypgrc
1221,1.5226064920425415,j9nypgrc
1222,1.4195080995559692,j9nypgrc
1223,1.4414821863174438,j9nypgrc
1224,1.456195592880249,j9nypgrc
1225,1.3561781644821167,j9nypgrc
1226,1.4452342987060547,j9nypgrc
1227,1.3824009895324707,j9nypgrc
1228,1.4491097927093506,j9nypgrc
1229,1.3557696342468262,j9nypgrc
1230,1.405553936958313,j9nypgrc
1231,1.4056997299194336,j9nypgrc
1232,1.4310988187789917,j9nypgrc
1233,1.3985379934310913,j9nypgrc
1234,1.426832675933838,j9nypgrc
1235,1.4227490425109863,j9nypgrc
1236,1.4856758117675781,j9nypgrc
1237,1.4443836212158203,j9nypgrc
1238,1.430191993713379,j9nypgrc
1239,1.4579904079437256,j9nypgrc
1240,1.3084559440612793,j9nypgrc
1241,1.4445099830627441,j9nypgrc
1242,1.4285730123519897,j9nypgrc
1243,1.4828407764434814,j9nypgrc
1244,1.4006237983703613,j9nypgrc
1245,1.3978540897369385,j9nypgrc
1246,1.3927361965179443,j9nypgrc
1247,1.3854833841323853,j9nypgrc
1248,1.4362292289733887,j9nypgrc
1249,1.4474955797195435,j9nypgrc
1250,1.3905400037765503,j9nypgrc
1251,1.371377944946289,j9nypgrc
1252,1.4629029035568237,j9nypgrc
1253,1.4441466331481934,j9nypgrc
1254,1.412423849105835,j9nypgrc
1255,1.3777860403060913,j9nypgrc
1256,1.335945725440979,j9nypgrc
1257,1.372577428817749,j9nypgrc
1258,1.4608855247497559,j9nypgrc
1259,1.3484728336334229,j9nypgrc
1260,1.41165030002594,j9nypgrc
1261,1.5116137266159058,j9nypgrc
1262,1.4090837240219116,j9nypgrc
1263,1.4648700952529907,j9nypgrc
1264,1.4907586574554443,j9nypgrc
1265,1.4254021644592285,j9nypgrc
1266,1.4316874742507935,j9nypgrc
1267,1.431844711303711,j9nypgrc
1268,1.478232502937317,j9nypgrc
1269,1.360272765159607,j9nypgrc
1270,1.442363977432251,j9nypgrc
1271,1.5211702585220337,j9nypgrc
1272,1.3975496292114258,j9nypgrc
1273,1.3428218364715576,j9nypgrc
1274,1.4025092124938965,j9nypgrc
1275,1.4487276077270508,j9nypgrc
1276,1.4443625211715698,j9nypgrc
1277,1.4115647077560425,j9nypgrc
1278,1.3903701305389404,j9nypgrc
1279,1.3453656435012817,j9nypgrc
1280,1.4075448513031006,j9nypgrc
1281,1.4664108753204346,j9nypgrc
1282,1.3632497787475586,j9nypgrc
1283,1.4139689207077026,j9nypgrc
1284,1.4613454341888428,j9nypgrc
1285,1.3609769344329834,j9nypgrc
1286,1.3677598237991333,j9nypgrc
1287,1.416892409324646,j9nypgrc
1288,1.4173738956451416,j9nypgrc
1289,1.4806766510009766,j9nypgrc
1290,1.4187411069869995,j9nypgrc
1291,1.3984267711639404,j9nypgrc
1292,1.4047428369522095,j9nypgrc
1293,1.5104804039001465,j9nypgrc
1294,1.3987219333648682,j9nypgrc
1295,1.5134062767028809,j9nypgrc
1296,1.419194221496582,j9nypgrc
1297,1.4154014587402344,j9nypgrc
1298,1.43550443649292,j9nypgrc
1299,1.439076542854309,j9nypgrc
1300,1.4422175884246826,j9nypgrc
1301,1.382529616355896,j9nypgrc
1302,1.4604957103729248,j9nypgrc
1303,1.4468579292297363,j9nypgrc
1304,1.4022128582000732,j9nypgrc
1305,1.3851406574249268,j9nypgrc
1306,1.4831788539886475,j9nypgrc
1307,1.401592493057251,j9nypgrc
1308,1.431713581085205,j9nypgrc
1309,1.4731587171554565,j9nypgrc
1310,1.3192747831344604,j9nypgrc
1311,1.4036575555801392,j9nypgrc
1312,1.4005110263824463,j9nypgrc
1313,1.3372645378112793,j9nypgrc
1314,1.4469695091247559,j9nypgrc
1315,1.5199384689331055,j9nypgrc
1316,1.3617902994155884,j9nypgrc
1317,1.3831276893615723,j9nypgrc
1318,1.3517922163009644,j9nypgrc
1319,1.3796889781951904,j9nypgrc
1320,1.374452829360962,j9nypgrc
1321,1.430674433708191,j9nypgrc
1322,1.3870919942855835,j9nypgrc
1323,1.4075136184692383,j9nypgrc
1324,1.3836499452590942,j9nypgrc
1325,1.4188152551651,j9nypgrc
1326,1.416617512702942,j9nypgrc
1327,1.5137590169906616,j9nypgrc
1328,1.3710216283798218,j9nypgrc
1329,1.4175989627838135,j9nypgrc
1330,1.3648624420166016,j9nypgrc
1331,1.419779658317566,j9nypgrc
1332,1.3944381475448608,j9nypgrc
1333,1.473353385925293,j9nypgrc
1334,1.4669325351715088,j9nypgrc
1335,1.328299880027771,j9nypgrc
1336,1.4739140272140503,j9nypgrc
1337,1.4461636543273926,j9nypgrc
1338,1.3791073560714722,j9nypgrc
1339,1.3602451086044312,j9nypgrc
1340,1.4828451871871948,j9nypgrc
1341,1.4045506715774536,j9nypgrc
1342,1.3991518020629883,j9nypgrc
1343,1.491996169090271,j9nypgrc
1344,1.449842095375061,j9nypgrc
1345,1.3665519952774048,j9nypgrc
1346,1.4551074504852295,j9nypgrc
1347,1.5124574899673462,j9nypgrc
1348,1.471347451210022,j9nypgrc
1349,1.449611783027649,j9nypgrc
1350,1.4582992792129517,j9nypgrc
1351,1.4073560237884521,j9nypgrc
1352,1.4532790184020996,j9nypgrc
1353,1.4402278661727905,j9nypgrc
1354,1.4780666828155518,j9nypgrc
1355,1.3747901916503906,j9nypgrc
1356,1.3713330030441284,j9nypgrc
1357,1.3553376197814941,j9nypgrc
1358,1.511378288269043,j9nypgrc
1359,1.4399290084838867,j9nypgrc
1360,1.4349825382232666,j9nypgrc
1361,1.4797816276550293,j9nypgrc
1362,1.3944083452224731,j9nypgrc
1363,1.3995757102966309,j9nypgrc
1364,1.412020206451416,j9nypgrc
1365,1.4004969596862793,j9nypgrc
1366,1.3073760271072388,j9nypgrc
1367,1.3443394899368286,j9nypgrc
1368,1.4153257608413696,j9nypgrc
1369,1.4244499206542969,j9nypgrc
1370,1.3799455165863037,j9nypgrc
1371,1.3997321128845215,j9nypgrc
1372,1.354966163635254,j9nypgrc
1373,1.37086820602417,j9nypgrc
1374,1.3919956684112549,j9nypgrc
1375,1.428035855293274,j9nypgrc
1376,1.36588454246521,j9nypgrc
1377,1.305809736251831,j9nypgrc
1378,1.5281091928482056,j9nypgrc
1379,1.3392971754074097,j9nypgrc
1380,1.4169740676879883,j9nypgrc
1381,1.339398980140686,j9nypgrc
1382,1.487621545791626,j9nypgrc
1383,1.4342901706695557,j9nypgrc
1384,1.4510475397109985,j9nypgrc
1385,1.3483071327209473,j9nypgrc
1386,1.4499348402023315,j9nypgrc
1387,1.4652222394943237,j9nypgrc
1388,1.440906286239624,j9nypgrc
1389,1.472096562385559,j9nypgrc
1390,1.4324166774749756,j9nypgrc
1391,1.372176170349121,j9nypgrc
1392,1.4955511093139648,j9nypgrc
1393,1.388431191444397,j9nypgrc
1394,1.4874714612960815,j9nypgrc
1395,1.4129117727279663,j9nypgrc
1396,1.362518310546875,j9nypgrc
1397,1.4142769575119019,j9nypgrc
1398,1.3945393562316895,j9nypgrc
1399,1.426505446434021,j9nypgrc
1400,1.5066008567810059,j9nypgrc
1401,1.514618992805481,j9nypgrc
1402,1.4002048969268799,j9nypgrc
1402,1.4001951217651367,zxv811e1
1403,1.5196774005889893,j9nypgrc
1404,1.4164189100265503,j9nypgrc
1405,1.4235172271728516,j9nypgrc
1406,1.4199397563934326,j9nypgrc
1407,1.4604477882385254,j9nypgrc
1408,1.4212067127227783,j9nypgrc
1409,1.4140725135803223,j9nypgrc
1410,1.419661521911621,j9nypgrc
1411,1.366495132446289,j9nypgrc
1412,1.3664103746414185,j9nypgrc
1413,1.4890891313552856,j9nypgrc
1414,1.369891881942749,j9nypgrc
1415,1.3861665725708008,j9nypgrc
1416,1.4269663095474243,j9nypgrc
1417,1.4269393682479858,j9nypgrc
1418,1.4121191501617432,j9nypgrc
1419,1.471585750579834,j9nypgrc
1420,1.3918590545654297,j9nypgrc
1421,1.4954798221588135,j9nypgrc
1422,1.4549189805984497,j9nypgrc
1423,1.4570261240005493,j9nypgrc
1424,1.4363552331924438,j9nypgrc
1425,1.4435755014419556,j9nypgrc
1426,1.3839212656021118,j9nypgrc
1427,1.403365969657898,j9nypgrc
1428,1.4490207433700562,j9nypgrc
1429,1.4095395803451538,j9nypgrc
1430,1.3518061637878418,j9nypgrc
1431,1.4098676443099976,j9nypgrc
1432,1.460773229598999,j9nypgrc
1433,1.406720519065857,j9nypgrc
1434,1.4475481510162354,j9nypgrc
1435,1.401007056236267,j9nypgrc
1436,1.369869351387024,j9nypgrc
1437,1.3617000579833984,j9nypgrc
1438,1.462120532989502,j9nypgrc
1439,1.4748210906982422,j9nypgrc
1440,1.3485207557678223,j9nypgrc
1441,1.386000633239746,j9nypgrc
1442,1.4814671277999878,j9nypgrc
1443,1.340058445930481,j9nypgrc
1444,1.348990559577942,j9nypgrc
1445,1.3770116567611694,j9nypgrc
1446,1.4618083238601685,j9nypgrc
1447,1.4171487092971802,j9nypgrc
1448,1.3950437307357788,j9nypgrc
1449,1.4117368459701538,j9nypgrc
1450,1.3801112174987793,j9nypgrc
1451,1.3694850206375122,j9nypgrc
1452,1.3709911108016968,j9nypgrc
1453,1.4483706951141357,j9nypgrc
1454,1.4510973691940308,j9nypgrc
1455,1.450028896331787,j9nypgrc
1456,1.4247021675109863,j9nypgrc
1457,1.440291166305542,j9nypgrc
1458,1.4166494607925415,j9nypgrc
1459,1.4422920942306519,j9nypgrc
1460,1.4720574617385864,j9nypgrc
1461,1.3127543926239014,j9nypgrc
1461,1.3129686117172241,zxv811e1
1462,1.3823573589324951,j9nypgrc
1463,1.3828227519989014,j9nypgrc
1463,1.3833143711090088,zxv811e1
1464,1.4837002754211426,j9nypgrc
1465,1.4194004535675049,j9nypgrc
1466,1.4921050071716309,j9nypgrc
1467,1.4063063859939575,j9nypgrc
1468,1.366681694984436,j9nypgrc
1469,1.3544247150421143,j9nypgrc
1470,1.4658929109573364,j9nypgrc
1471,1.4187287092208862,j9nypgrc
1472,1.398820161819458,j9nypgrc
1473,1.4086289405822754,j9nypgrc
1474,1.3986586332321167,j9nypgrc
1474,1.3986917734146118,zxv811e1
1475,1.3862630128860474,j9nypgrc
1476,1.430802583694458,j9nypgrc
1477,1.4424724578857422,j9nypgrc
1478,1.4558823108673096,j9nypgrc
1479,1.4358887672424316,j9nypgrc
1480,1.429539442062378,j9nypgrc
1481,1.34131920337677,j9nypgrc
1482,1.333097219467163,j9nypgrc
1483,1.459550380706787,j9nypgrc
1484,1.4541614055633545,j9nypgrc
1485,1.4042463302612305,j9nypgrc
1486,1.4700024127960205,j9nypgrc
1487,1.3241698741912842,j9nypgrc
1488,1.4995263814926147,j9nypgrc
1489,1.4398012161254883,j9nypgrc
1530,1.3627264499664307,zxv811e1
1582,1.3480713367462158,zxv811e1
1584,1.409915566444397,zxv811e1
1585,1.4165382385253906,zxv811e1
1589,1.4335321187973022,zxv811e1
1600,1.3894017934799194,zxv811e1
1628,1.4332664012908936,zxv811e1
1670,1.345997929573059,zxv811e1
1684,1.4478869438171387,zxv811e1
1691,1.4068598747253418,zxv811e1
1714,1.3837008476257324,zxv811e1
1722,1.3775303363800049,zxv811e1
1723,1.3946195840835571,zxv811e1
1744,1.4084961414337158,zxv811e1
1761,1.3902162313461304,zxv811e1
1771,1.3656296730041504,zxv811e1
1778,1.5425564050674438,zxv811e1
1797,1.4170591831207275,zxv811e1
1845,1.3916395902633667,zxv811e1
1846,1.4476885795593262,zxv811e1
1869,1.4790741205215454,zxv811e1
1919,1.4667240381240845,zxv811e1
1924,1.4137704372406006,zxv811e1
1965,1.3882468938827515,zxv811e1
1971,1.3303537368774414,zxv811e1
2012,1.4295912981033325,zxv811e1
2014,1.3889962434768677,zxv811e1
2043,1.3421697616577148,zxv811e1
2050,1.405837893486023,zxv811e1
2081,1.4422296285629272,zxv811e1
2108,1.4053425788879395,zxv811e1
2134,1.4575806856155396,zxv811e1
2239,1.4464483261108398,zxv811e1
2268,1.4582792520523071,zxv811e1
2277,1.4042006731033325,zxv811e1
2284,1.4244589805603027,zxv811e1
2285,1.3883390426635742,zxv811e1
2305,1.400028944015503,zxv811e1
2310,1.4419620037078857,zxv811e1
2328,1.4179801940917969,zxv811e1
2340,1.4074327945709229,zxv811e1
2437,1.4616994857788086,zxv811e1
2449,1.3612390756607056,zxv811e1
2456,1.348238468170166,zxv811e1
2468,1.3714079856872559,zxv811e1
2484,1.3999276161193848,zxv811e1
2501,1.4526119232177734,zxv811e1
2530,1.3178279399871826,zxv811e1
2534,1.4443022012710571,zxv811e1
2551,1.395816683769226,zxv811e1
2553,1.4692860841751099,zxv811e1
2565,1.4373066425323486,zxv811e1
2571,1.3253623247146606,zxv811e1
2610,1.4817880392074585,zxv811e1
2613,1.3547192811965942,zxv811e1
2664,1.3141433000564575,zxv811e1
2666,1.3949801921844482,zxv811e1
2772,1.4675374031066895,zxv811e1
2800,1.3866908550262451,zxv811e1
2813,1.4339251518249512,zxv811e1
2833,1.5095679759979248,zxv811e1
2854,1.3969273567199707,zxv811e1
2858,1.4348597526550293,zxv811e1
2891,1.3431861400604248,zxv811e1
2905,1.4287781715393066,zxv811e1
2931,1.4258229732513428,zxv811e1
2932,1.427850604057312,zxv811e1
2948,1.3982195854187012,zxv811e1
2988,1.2951703071594238,zxv811e1
3024,1.3360633850097656,zxv811e1
3053,1.3223243951797485,zxv811e1
3069,1.4126124382019043,zxv811e1
3085,1.3940941095352173,zxv811e1
3094,1.4466344118118286,zxv811e1
3097,1.4317173957824707,zxv811e1
3102,1.3443710803985596,zxv811e1
3110,1.3636934757232666,zxv811e1
3125,1.3893253803253174,zxv811e1
3170,1.3300944566726685,zxv811e1
3244,1.4725141525268555,zxv811e1
3258,1.4197335243225098,zxv811e1
3260,1.3058314323425293,zxv811e1
3275,1.368412971496582,zxv811e1
3304,1.4291197061538696,zxv811e1
3310,1.4608068466186523,zxv811e1
3314,1.3629909753799438,zxv811e1
3317,1.2483023405075073,zxv811e1
3345,1.4634790420532227,zxv811e1
3361,1.453908920288086,zxv811e1
3369,1.3710901737213135,zxv811e1
3395,1.3706252574920654,zxv811e1
3409,1.3927141427993774,zxv811e1
3435,1.391945719718933,zxv811e1
3457,1.3590872287750244,zxv811e1
3484,1.4166004657745361,zxv811e1
3527,1.3275752067565918,zxv811e1
3533,1.33022940158844,zxv811e1
3541,1.3526231050491333,zxv811e1
3584,1.3011605739593506,zxv811e1
3602,1.3729268312454224,zxv811e1
3610,1.4210712909698486,zxv811e1
3616,1.3822321891784668,zxv811e1
3646,1.4191253185272217,zxv811e1
3661,1.3841214179992676,zxv811e1
3667,1.4354584217071533,zxv811e1
3775,1.3996702432632446,zxv811e1
3778,1.4059407711029053,zxv811e1
3785,1.36227548122406,zxv811e1
3805,1.3678584098815918,zxv811e1
3814,1.4223601818084717,zxv811e1
3818,1.4448660612106323,zxv811e1
3846,1.385213851928711,zxv811e1
3853,1.4520059823989868,zxv811e1
3860,1.3405096530914307,zxv811e1
3862,1.4366289377212524,zxv811e1
3865,1.4297832250595093,zxv811e1
3878,1.4364055395126343,zxv811e1
3901,1.4120779037475586,zxv811e1
3955,1.3281842470169067,zxv811e1
3981,1.3462170362472534,zxv811e1
3989,1.4720181226730347,zxv811e1
4007,1.3496907949447632,zxv811e1
4035,1.3767262697219849,zxv811e1
4123,1.4436004161834717,zxv811e1
4125,1.3756301403045654,zxv811e1
4156,1.3241137266159058,zxv811e1
4167,1.3470726013183594,zxv811e1
4179,1.4089864492416382,zxv811e1
4186,1.366647720336914,zxv811e1
4309,1.388885498046875,zxv811e1
4385,1.4808683395385742,zxv811e1
4407,1.4995378255844116,zxv811e1
4477,1.4780243635177612,zxv811e1
4492,1.387230396270752,zxv811e1
4493,1.3158183097839355,zxv811e1
4523,1.3707002401351929,zxv811e1
4581,1.3378658294677734,zxv811e1
4589,1.3315887451171875,zxv811e1
4601,1.3886463642120361,zxv811e1
4655,1.387139081954956,zxv811e1
4672,1.377539038658142,zxv811e1
4694,1.3604457378387451,zxv811e1
4699,1.4391382932662964,zxv811e1
4721,1.3620223999023438,zxv811e1
4733,1.412402868270874,zxv811e1
4736,1.469151496887207,zxv811e1
4773,1.2843881845474243,zxv811e1
4774,1.4173495769500732,zxv811e1
4799,1.5271601676940918,zxv811e1
4825,1.4070453643798828,zxv811e1
4826,1.4226772785186768,zxv811e1
4840,1.4005677700042725,zxv811e1
4842,1.4362707138061523,zxv811e1
4848,1.3187540769577026,zxv811e1
4906,1.3773488998413086,zxv811e1
4959,1.4130171537399292,zxv811e1
4962,1.3571135997772217,zxv811e1
4974,1.3900294303894043,zxv811e1
5010,1.3802354335784912,zxv811e1
5011,1.391101598739624,zxv811e1
5028,1.3509330749511719,zxv811e1
5057,1.339263916015625,zxv811e1
5058,1.3537321090698242,zxv811e1
5075,1.31659734249115,zxv811e1
5090,1.3796144723892212,zxv811e1
5106,1.396672248840332,zxv811e1
5188,1.3519142866134644,zxv811e1
5202,1.4227709770202637,zxv811e1
5216,1.360452651977539,zxv811e1
5230,1.456405520439148,zxv811e1
5269,1.3962571620941162,zxv811e1
5272,1.4254590272903442,zxv811e1
5280,1.3275576829910278,zxv811e1
5302,1.2830448150634766,zxv811e1
5307,1.2997313737869263,zxv811e1
5313,1.3097188472747803,zxv811e1
5326,1.397810697555542,zxv811e1
5337,1.3531473875045776,zxv811e1
5355,1.4221839904785156,zxv811e1
5364,1.340328574180603,zxv811e1
5371,1.3659085035324097,zxv811e1
5401,1.3745293617248535,zxv811e1
5423,1.3821630477905273,zxv811e1
5440,1.337012529373169,zxv811e1
5481,1.4066725969314575,zxv811e1
5500,1.436845302581787,zxv811e1
5502,1.3903073072433472,zxv811e1
5522,1.3994413614273071,zxv811e1
5528,1.3658753633499146,zxv811e1
5547,1.3672840595245361,zxv811e1
5564,1.33369779586792,zxv811e1
5569,1.4095604419708252,zxv811e1
5576,1.4116462469100952,zxv811e1
5582,1.3728214502334595,zxv811e1
5637,1.3440560102462769,zxv811e1
5711,1.3960472345352173,zxv811e1
5734,1.4259657859802246,zxv811e1
5736,1.354039192199707,zxv811e1
5744,1.4219157695770264,zxv811e1
5765,1.3299710750579834,zxv811e1
5791,1.2738038301467896,zxv811e1
5804,1.4037686586380005,zxv811e1
5890,1.3531841039657593,zxv811e1
5920,1.3631997108459473,zxv811e1
5931,1.3028830289840698,zxv811e1
5938,1.3014025688171387,zxv811e1
5945,1.4473987817764282,zxv811e1
5950,1.3025169372558594,zxv811e1
5966,1.3165690898895264,zxv811e1
5997,1.3729565143585205,zxv811e1
6002,1.4066312313079834,zxv811e1
6004,1.3100266456604004,zxv811e1
6016,1.4229938983917236,zxv811e1
6049,1.296148657798767,zxv811e1
6109,1.4364879131317139,zxv811e1
6165,1.3962968587875366,zxv811e1
6177,1.4064382314682007,zxv811e1
6212,1.3128424882888794,zxv811e1
6254,1.4426720142364502,zxv811e1
6266,1.3935134410858154,zxv811e1
6276,1.4341397285461426,zxv811e1
6283,1.4210681915283203,zxv811e1
6310,1.4195667505264282,zxv811e1
6327,1.3757646083831787,zxv811e1
6347,1.4006019830703735,zxv811e1
6397,1.3668099641799927,zxv811e1
6437,1.284048080444336,zxv811e1
6448,1.3602139949798584,zxv811e1
6522,1.38991117477417,zxv811e1
6569,1.3787189722061157,zxv811e1
6593,1.3260126113891602,zxv811e1
6607,1.327466607093811,zxv811e1
6666,1.3684074878692627,zxv811e1
6683,1.4492321014404297,zxv811e1
6708,1.3147257566452026,zxv811e1
6736,1.3591746091842651,zxv811e1
6757,1.2348753213882446,zxv811e1
6788,1.3693230152130127,zxv811e1
6807,1.3729033470153809,zxv811e1
6851,1.3847888708114624,zxv811e1
6931,1.3721696138381958,zxv811e1
6942,1.3599821329116821,zxv811e1
6947,1.419015884399414,zxv811e1
6955,1.3268523216247559,zxv811e1
6956,1.3975273370742798,zxv811e1
6989,1.4308091402053833,zxv811e1
7006,1.4230843782424927,zxv811e1
7011,1.3439767360687256,zxv811e1
7045,1.3871254920959473,zxv811e1
7060,1.337419033050537,zxv811e1
7110,1.3254263401031494,zxv811e1
7111,1.3290399312973022,zxv811e1
7120,1.4312604665756226,zxv811e1
7144,1.3887733221054077,zxv811e1
7159,1.2671397924423218,zxv811e1
7206,1.4055155515670776,zxv811e1
7223,1.4365748167037964,zxv811e1
7228,1.395795464515686,zxv811e1
7229,1.3447823524475098,zxv811e1
7243,1.3444281816482544,zxv811e1
7266,1.3732595443725586,zxv811e1
7267,1.3848850727081299,zxv811e1
7335,1.3879849910736084,zxv811e1
7337,1.3165866136550903,zxv811e1
7344,1.25072181224823,zxv811e1
7363,1.4154472351074219,zxv811e1
7379,1.3503565788269043,zxv811e1
7385,1.4096300601959229,zxv811e1
7412,1.3689227104187012,zxv811e1
7433,1.3612711429595947,zxv811e1
7467,1.402245283126831,zxv811e1
7474,1.3978692293167114,zxv811e1
7479,1.3404574394226074,zxv811e1
7486,1.410984992980957,zxv811e1
7492,1.4404628276824951,zxv811e1
7501,1.3080031871795654,zxv811e1
7509,1.37721586227417,zxv811e1
7516,1.3600891828536987,zxv811e1
7531,1.295850396156311,zxv811e1
7556,1.3666239976882935,zxv811e1
7569,1.3907488584518433,zxv811e1
7585,1.4060074090957642,zxv811e1
7602,1.3746216297149658,zxv811e1
7608,1.426400065422058,zxv811e1
7621,1.394410252571106,zxv811e1
7658,1.2580406665802002,zxv811e1
7683,1.3273427486419678,zxv811e1
7768,1.3812832832336426,zxv811e1
7782,1.3300561904907227,zxv811e1
7852,1.3729541301727295,zxv811e1
7884,1.3729931116104126,zxv811e1
7914,1.4180421829223633,zxv811e1
7916,1.3028589487075806,zxv811e1
7935,1.283628225326538,zxv811e1
7937,1.304456114768982,zxv811e1
7983,1.3806959390640259,zxv811e1
8030,1.3422993421554565,zxv811e1
8062,1.2831876277923584,zxv811e1
8071,1.3255056142807007,zxv811e1
8112,1.3764290809631348,zxv811e1
8117,1.351539134979248,zxv811e1
8143,1.3306884765625,zxv811e1
8144,1.2421586513519287,zxv811e1
8186,1.322006106376648,zxv811e1
8207,1.3627216815948486,zxv811e1
8214,1.398815631866455,zxv811e1
8215,1.3268107175827026,zxv811e1
8223,1.3701961040496826,zxv811e1
8246,1.43466317653656,zxv811e1
8278,1.3734610080718994,zxv811e1
8357,1.3272068500518799,zxv811e1
8394,1.3833982944488525,zxv811e1
8431,1.3848750591278076,zxv811e1
8471,1.3198655843734741,zxv811e1
8541,1.3278701305389404,zxv811e1
8546,1.3630872964859009,zxv811e1
8566,1.3631271123886108,zxv811e1
8582,1.3105093240737915,zxv811e1
8590,1.394715428352356,zxv811e1
8594,1.3778704404830933,zxv811e1
8623,1.358493685722351,zxv811e1
8626,1.4140315055847168,zxv811e1
8635,1.3249561786651611,zxv811e1
8694,1.3122273683547974,zxv811e1
8705,1.3675884008407593,zxv811e1
8712,1.3774778842926025,zxv811e1
8771,1.3301374912261963,zxv811e1
8775,1.3271448612213135,zxv811e1
8796,1.3852434158325195,zxv811e1
8802,1.3501582145690918,zxv811e1
8841,1.3838906288146973,zxv811e1
8846,1.2841519117355347,zxv811e1
8851,1.34308660030365,zxv811e1
8878,1.3804420232772827,zxv811e1
8885,1.2557203769683838,zxv811e1
8897,1.3249354362487793,zxv811e1
8904,1.3322354555130005,zxv811e1
8926,1.3845818042755127,zxv811e1
8935,1.403662919998169,zxv811e1
8958,1.3522340059280396,zxv811e1
8968,1.3054282665252686,zxv811e1
8972,1.4014099836349487,zxv811e1
8981,1.3280152082443237,zxv811e1
8995,1.3586406707763672,zxv811e1
9028,1.3980845212936401,zxv811e1
9030,1.2949978113174438,zxv811e1
9048,1.3074578046798706,zxv811e1
9052,1.3536059856414795,zxv811e1
9064,1.3149218559265137,zxv811e1
9076,1.3159308433532715,zxv811e1
9085,1.4045072793960571,zxv811e1
9131,1.395638346672058,zxv811e1
9146,1.3307232856750488,zxv811e1
9163,1.3743083477020264,zxv811e1
9178,1.328591227531433,zxv811e1
9221,1.3332421779632568,zxv811e1
9231,1.3928813934326172,zxv811e1
9241,1.389602541923523,zxv811e1
9267,1.374008297920227,zxv811e1
9292,1.3926918506622314,zxv811e1
9322,1.3667263984680176,zxv811e1
9324,1.3471914529800415,zxv811e1
9332,1.3450838327407837,zxv811e1
9353,1.2646421194076538,zxv811e1
9415,1.3281519412994385,zxv811e1
9491,1.3301693201065063,zxv811e1
9569,1.3615297079086304,zxv811e1
9570,1.3414161205291748,zxv811e1
9582,1.3498404026031494,zxv811e1
9602,1.3512468338012695,zxv811e1
9622,1.3327033519744873,zxv811e1
9648,1.3044120073318481,zxv811e1
9657,1.4286913871765137,zxv811e1
9670,1.3409159183502197,zxv811e1
9679,1.3845798969268799,zxv811e1
9690,1.3589608669281006,zxv811e1
9706,1.346186637878418,zxv811e1
9755,1.3166930675506592,zxv811e1
9778,1.2575443983078003,zxv811e1
9808,1.403536319732666,zxv811e1
9846,1.3788319826126099,zxv811e1
9848,1.3706021308898926,zxv811e1
9876,1.3584569692611694,zxv811e1
9885,1.4165747165679932,zxv811e1
9901,1.3445954322814941,zxv811e1
9921,1.3404136896133423,zxv811e1
9936,1.3688207864761353,zxv811e1
9955,1.2938977479934692,zxv811e1
9956,1.3762726783752441,zxv811e1
9967,1.307688593864441,zxv811e1
9977,1.3575248718261719,zxv811e1
9979,1.3758095502853394,zxv811e1
10066,1.3073328733444214,zxv811e1
10085,1.3213050365447998,zxv811e1
10101,1.3024721145629883,zxv811e1
10120,1.3540043830871582,zxv811e1
10150,1.3783670663833618,zxv811e1
10152,1.3211320638656616,zxv811e1
10157,1.3695945739746094,zxv811e1
10164,1.3114889860153198,zxv811e1
10182,1.3582621812820435,zxv811e1
10189,1.3865890502929688,zxv811e1
10199,1.31879460811615,zxv811e1
10205,1.3389337062835693,zxv811e1
10206,1.2788364887237549,zxv811e1
10226,1.3472058773040771,zxv811e1
10231,1.3423720598220825,zxv811e1
10249,1.306191086769104,zxv811e1
10270,1.3483140468597412,zxv811e1
10293,1.378453254699707,zxv811e1
10300,1.3599295616149902,zxv811e1
10305,1.3713040351867676,zxv811e1
10326,1.3224661350250244,zxv811e1
10335,1.287554383277893,zxv811e1
10336,1.3296294212341309,zxv811e1
10341,1.2856451272964478,zxv811e1
10343,1.3259588479995728,zxv811e1
10350,1.4093540906906128,zxv811e1
10358,1.327669382095337,zxv811e1
10371,1.2978843450546265,zxv811e1
10377,1.3808352947235107,zxv811e1
10379,1.2853612899780273,zxv811e1
10381,1.3574293851852417,zxv811e1
10421,1.3072755336761475,zxv811e1
10445,1.335382103919983,zxv811e1
10451,1.2852684259414673,zxv811e1
10466,1.4442386627197266,zxv811e1
10489,1.2198822498321533,zxv811e1
10503,1.4176006317138672,zxv811e1
10556,1.4060949087142944,zxv811e1
10561,1.3037054538726807,zxv811e1
10583,1.4125876426696777,zxv811e1
10586,1.3612463474273682,zxv811e1
10633,1.294633388519287,zxv811e1
10682,1.340672492980957,zxv811e1
10706,1.4719735383987427,zxv811e1
10716,1.2855784893035889,zxv811e1
10731,1.3740628957748413,zxv811e1
10734,1.3503111600875854,zxv811e1
10766,1.31827712059021,zxv811e1
10773,1.3397552967071533,zxv811e1
10782,1.3091059923171997,zxv811e1
10830,1.3373552560806274,zxv811e1
10845,1.3015847206115723,zxv811e1
10931,1.3091957569122314,zxv811e1
10943,1.3885248899459839,zxv811e1
10986,1.3076145648956299,zxv811e1
11017,1.2999889850616455,zxv811e1
11019,1.2970757484436035,zxv811e1
11056,1.428884506225586,zxv811e1
11065,1.3584622144699097,zxv811e1
11066,1.3016785383224487,zxv811e1
11074,1.315225601196289,zxv811e1
11075,1.3890472650527954,zxv811e1
11087,1.4121661186218262,zxv811e1
11103,1.2883409261703491,zxv811e1
11110,1.2756309509277344,zxv811e1
11114,1.3654046058654785,zxv811e1
11115,1.3049876689910889,zxv811e1
11135,1.340364933013916,zxv811e1
11138,1.419390320777893,zxv811e1
11141,1.3138165473937988,zxv811e1
11182,1.3551862239837646,zxv811e1
11187,1.3298286199569702,zxv811e1
11192,1.3404148817062378,zxv811e1
11212,1.3298825025558472,zxv811e1
11242,1.3554977178573608,zxv811e1
11243,1.4070889949798584,zxv811e1
11279,1.3312296867370605,zxv811e1
11280,1.3251609802246094,zxv811e1
11299,1.2822870016098022,zxv811e1
11317,1.2864656448364258,zxv811e1
11324,1.4316221475601196,zxv811e1
11342,1.3770289421081543,zxv811e1
11364,1.30349600315094,zxv811e1
11387,1.268702507019043,zxv811e1
11450,1.4089995622634888,zxv811e1
11472,1.3418670892715454,zxv811e1
11479,1.3899708986282349,zxv811e1
11524,1.3256148099899292,zxv811e1
11532,1.310275912284851,zxv811e1
11538,1.2615913152694702,zxv811e1
11551,1.3246062994003296,zxv811e1
11560,1.38261079788208,zxv811e1
11576,1.3213462829589844,zxv811e1
11603,1.362889051437378,zxv811e1
11604,1.3835550546646118,zxv811e1
11624,1.4012632369995117,zxv811e1
11641,1.4172829389572144,zxv811e1
11657,1.3287310600280762,zxv811e1
11679,1.3378061056137085,zxv811e1
11683,1.3140811920166016,zxv811e1
11697,1.3762178421020508,zxv811e1
11704,1.3778001070022583,zxv811e1
11705,1.3734780550003052,zxv811e1
11741,1.3060122728347778,zxv811e1
11763,1.34177827835083,zxv811e1
11773,1.3417785167694092,zxv811e1
11783,1.3043757677078247,zxv811e1
11796,1.3272427320480347,zxv811e1
11850,1.338042140007019,zxv811e1
11892,1.3137621879577637,zxv811e1
11916,1.314929723739624,zxv811e1
11917,1.2826439142227173,zxv811e1
11927,1.276912808418274,zxv811e1
11959,1.335474967956543,zxv811e1
11975,1.3897838592529297,zxv811e1
12032,1.3416966199874878,zxv811e1
12043,1.3176906108856201,zxv811e1
12054,1.3264492750167847,zxv811e1
12063,1.371039867401123,zxv811e1
12068,1.3436330556869507,zxv811e1
12106,1.2646974325180054,zxv811e1
12177,1.3455156087875366,zxv811e1
12181,1.3977649211883545,zxv811e1
12183,1.2727291584014893,zxv811e1
12214,1.3419125080108643,zxv811e1
12218,1.2755180597305298,zxv811e1
12234,1.2959105968475342,zxv811e1
12252,1.3905051946640015,zxv811e1
12258,1.36004638671875,zxv811e1
12271,1.3483268022537231,zxv811e1
12286,1.2764180898666382,zxv811e1
12296,1.3469926118850708,zxv811e1
12322,1.310153841972351,zxv811e1
12327,1.363756537437439,zxv811e1
12342,1.2997345924377441,zxv811e1
12384,1.4549208879470825,zxv811e1
12385,1.3124010562896729,zxv811e1
12386,1.3620288372039795,zxv811e1
12399,1.3780149221420288,zxv811e1
12450,1.2927188873291016,zxv811e1
12459,1.3605767488479614,zxv811e1
12473,1.4188331365585327,zxv811e1
12477,1.2382657527923584,zxv811e1
12478,1.270021915435791,zxv811e1
12508,1.3218778371810913,zxv811e1
12523,1.3322218656539917,zxv811e1
12540,1.3131473064422607,zxv811e1
12541,1.337597131729126,zxv811e1
12547,1.374953269958496,zxv811e1
12570,1.3571429252624512,zxv811e1
12581,1.333255648612976,zxv811e1
12606,1.3809183835983276,zxv811e1
12622,1.3391797542572021,zxv811e1
12645,1.3194082975387573,zxv811e1
12660,1.2771384716033936,zxv811e1
12667,1.36309814453125,zxv811e1
12698,1.3661587238311768,zxv811e1
12699,1.3156523704528809,zxv811e1
12708,1.3016160726547241,zxv811e1
12716,1.280869483947754,zxv811e1
12722,1.28213632106781,zxv811e1
12727,1.2606505155563354,zxv811e1
12748,1.3532265424728394,zxv811e1
12769,1.3625869750976562,zxv811e1
12796,1.3759475946426392,zxv811e1
12801,1.2716286182403564,zxv811e1
12802,1.3115549087524414,zxv811e1
12803,1.3725773096084595,zxv811e1
12808,1.319933533668518,zxv811e1
12831,1.3094508647918701,zxv811e1
12865,1.3229767084121704,zxv811e1
12870,1.3681819438934326,zxv811e1
12873,1.2971495389938354,zxv811e1
12876,1.313152551651001,zxv811e1
12890,1.2983543872833252,zxv811e1
12907,1.33285653591156,zxv811e1
12924,1.411362648010254,zxv811e1
12926,1.3399649858474731,zxv811e1
12930,1.361312985420227,zxv811e1
13013,1.3266595602035522,zxv811e1
13021,1.3186423778533936,zxv811e1
13057,1.3162155151367188,zxv811e1
13065,1.2197469472885132,zxv811e1
13080,1.3036589622497559,zxv811e1
13085,1.2810570001602173,zxv811e1
13104,1.259600043296814,zxv811e1
13117,1.377337098121643,zxv811e1
13193,1.3467117547988892,zxv811e1
13201,1.2209358215332031,zxv811e1
13203,1.379696249961853,zxv811e1
13214,1.3623836040496826,zxv811e1
13229,1.320746660232544,zxv811e1
13264,1.3534538745880127,zxv811e1
13282,1.2990766763687134,zxv811e1
13353,1.3108104467391968,zxv811e1
13406,1.308234691619873,zxv811e1
13408,1.2963111400604248,zxv811e1
13424,1.3687324523925781,zxv811e1
13448,1.3317257165908813,zxv811e1
13452,1.2218976020812988,zxv811e1
13465,1.3352748155593872,zxv811e1
13498,1.3211486339569092,zxv811e1
13515,1.3095507621765137,zxv811e1
13529,1.3350449800491333,zxv811e1
13544,1.343860149383545,zxv811e1
13548,1.2663837671279907,zxv811e1
13652,1.3597452640533447,zxv811e1
13677,1.3659864664077759,zxv811e1
13692,1.3199058771133423,zxv811e1
13724,1.3252179622650146,zxv811e1
13746,1.3081163167953491,zxv811e1
13748,1.3131440877914429,zxv811e1
13757,1.292521595954895,zxv811e1
13768,1.3058836460113525,zxv811e1
13778,1.3098468780517578,zxv811e1
13793,1.3309133052825928,zxv811e1
13847,1.3901374340057373,zxv811e1
13858,1.388975739479065,zxv811e1
13878,1.2777304649353027,zxv811e1
13926,1.351833462715149,zxv811e1
13935,1.3890386819839478,zxv811e1
13941,1.374719500541687,zxv811e1
13953,1.241724967956543,zxv811e1
13974,1.264251708984375,zxv811e1
13988,1.290855050086975,zxv811e1
13994,1.3229516744613647,zxv811e1
13998,1.258657455444336,zxv811e1
14011,1.245158314704895,zxv811e1
14059,1.2984646558761597,zxv811e1
14061,1.2737233638763428,zxv811e1
14084,1.3019555807113647,zxv811e1
14193,1.3398300409317017,zxv811e1
14196,1.3026996850967407,zxv811e1
14201,1.3557159900665283,zxv811e1
14206,1.3710920810699463,zxv811e1
14228,1.345111608505249,zxv811e1
14237,1.2926535606384277,zxv811e1
14274,1.218400239944458,zxv811e1
14277,1.3326716423034668,zxv811e1
14294,1.3733189105987549,zxv811e1
14295,1.4226348400115967,zxv811e1
14311,1.3798964023590088,zxv811e1
14313,1.3609299659729004,zxv811e1
14323,1.3209657669067383,zxv811e1
14364,1.2772165536880493,zxv811e1
14367,1.2879221439361572,zxv811e1
14385,1.445947527885437,zxv811e1
14390,1.2790448665618896,zxv811e1
14391,1.3177294731140137,zxv811e1
14400,1.3281731605529785,zxv811e1
14421,1.3143662214279175,zxv811e1
14422,1.347082257270813,zxv811e1
14425,1.2914963960647583,zxv811e1
14442,1.3479266166687012,zxv811e1
14500,1.3227702379226685,zxv811e1
14580,1.3486902713775635,zxv811e1
14618,1.4169789552688599,zxv811e1
14632,1.3350069522857666,zxv811e1
14642,1.2183880805969238,zxv811e1
14644,1.2901105880737305,zxv811e1
14648,1.2966008186340332,zxv811e1
14754,1.2348629236221313,zxv811e1
14759,1.3626099824905396,zxv811e1
14784,1.3172134160995483,zxv811e1
14788,1.337307333946228,zxv811e1
14811,1.2611730098724365,zxv811e1
14823,1.3277926445007324,zxv811e1
14867,1.340808391571045,zxv811e1
14996,1.3237820863723755,zxv811e1
15006,1.4177067279815674,zxv811e1
15021,1.3669840097427368,zxv811e1
15027,1.3265386819839478,zxv811e1
15036,1.3755695819854736,zxv811e1
15037,1.2992976903915405,zxv811e1
15050,1.3631080389022827,zxv811e1
15098,1.3538868427276611,zxv811e1
15107,1.2964810132980347,zxv811e1
15139,1.2406842708587646,zxv811e1
15191,1.3402740955352783,zxv811e1
15241,1.3405028581619263,zxv811e1
15252,1.3812637329101562,zxv811e1
15282,1.3325421810150146,zxv811e1
15285,1.3360064029693604,zxv811e1
15358,1.296525478363037,zxv811e1
15395,1.272372841835022,zxv811e1
15408,1.3282480239868164,zxv811e1
15414,1.281783103942871,zxv811e1
15427,1.3124372959136963,zxv811e1
15444,1.3027236461639404,zxv811e1
15448,1.346359133720398,zxv811e1
15457,1.4111882448196411,zxv811e1
15469,1.2768292427062988,zxv811e1
15471,1.3002644777297974,zxv811e1
15489,1.3122061491012573,zxv811e1
15492,1.3358933925628662,zxv811e1
15505,1.3485417366027832,zxv811e1
15531,1.318321704864502,zxv811e1
15555,1.3718496561050415,zxv811e1
15556,1.3185663223266602,zxv811e1
15567,1.3617031574249268,zxv811e1
15580,1.329666018486023,zxv811e1
15594,1.277035117149353,zxv811e1
15597,1.1698856353759766,zxv811e1
15651,1.396233081817627,zxv811e1
15660,1.3166102170944214,zxv811e1
15668,1.3309876918792725,zxv811e1
15729,1.274604320526123,zxv811e1
15733,1.2481361627578735,zxv811e1
15785,1.3799934387207031,zxv811e1
15809,1.3721897602081299,zxv811e1
15817,1.3406929969787598,zxv811e1
15831,1.3904463052749634,zxv811e1
15861,1.3626784086227417,zxv811e1
15867,1.2897059917449951,zxv811e1
15873,1.3148431777954102,zxv811e1
15896,1.2892521619796753,zxv811e1
15898,1.3226526975631714,zxv811e1
15906,1.3308112621307373,zxv811e1
15917,1.1950719356536865,zxv811e1
15920,1.32961905002594,zxv811e1
15924,1.3673334121704102,zxv811e1
15931,1.375776767730713,zxv811e1
15937,1.2564067840576172,zxv811e1
15946,1.2918531894683838,zxv811e1
15979,1.3306450843811035,zxv811e1
16071,1.300588846206665,zxv811e1
16078,1.3059457540512085,zxv811e1
16083,1.2886152267456055,zxv811e1
16091,1.3267399072647095,zxv811e1
16114,1.3650251626968384,zxv811e1
16130,1.3676655292510986,zxv811e1
16138,1.2836579084396362,zxv811e1
16156,1.4257534742355347,zxv811e1
16183,1.2561684846878052,zxv811e1
16193,1.3284591436386108,zxv811e1
16200,1.3718966245651245,zxv811e1
16207,1.3082945346832275,zxv811e1
16217,1.3141283988952637,zxv811e1
16252,1.3012585639953613,zxv811e1
16270,1.3351116180419922,zxv811e1
16286,1.2786860466003418,zxv811e1
16302,1.3707914352416992,zxv811e1
16328,1.2967603206634521,zxv811e1
16355,1.3059535026550293,zxv811e1
16386,1.3434375524520874,zxv811e1
16388,1.2804206609725952,zxv811e1
16419,1.3161969184875488,zxv811e1
16446,1.3697264194488525,zxv811e1
16467,1.2745522260665894,zxv811e1
16471,1.2741056680679321,zxv811e1
16524,1.3119693994522095,zxv811e1
16559,1.3793408870697021,zxv811e1
16586,1.3194583654403687,zxv811e1
16593,1.301628828048706,zxv811e1
16651,1.3427762985229492,zxv811e1
16672,1.3396846055984497,zxv811e1
16705,1.3094123601913452,zxv811e1
16724,1.3275811672210693,zxv811e1
16767,1.336777925491333,zxv811e1
16770,1.329077124595642,zxv811e1
16788,1.3480662107467651,zxv811e1
16843,1.338040828704834,zxv811e1
16846,1.2276147603988647,zxv811e1
16870,1.3530291318893433,zxv811e1
16887,1.28705894947052,zxv811e1
16907,1.392133116722107,zxv811e1
16927,1.3627288341522217,zxv811e1
16931,1.3319796323776245,zxv811e1
16970,1.3012193441390991,zxv811e1
16973,1.2630598545074463,zxv811e1
17037,1.2374776601791382,zxv811e1
17038,1.2997071743011475,zxv811e1
17057,1.379015326499939,zxv811e1
17096,1.2457095384597778,zxv811e1
17114,1.3643593788146973,zxv811e1
17157,1.334355354309082,zxv811e1
17170,1.2990485429763794,zxv811e1
17177,1.3136638402938843,zxv811e1
17225,1.235507607460022,zxv811e1
17230,1.2718961238861084,zxv811e1
17236,1.3026150465011597,zxv811e1
17241,1.261082410812378,zxv811e1
17250,1.2561637163162231,zxv811e1
17253,1.231793761253357,zxv811e1
17308,1.3032795190811157,zxv811e1
17329,1.2605079412460327,zxv811e1
17342,1.3107399940490723,zxv811e1
17361,1.3135943412780762,zxv811e1
17391,1.3094500303268433,zxv811e1
17445,1.3349597454071045,zxv811e1
17461,1.2651773691177368,zxv811e1
17551,1.3126659393310547,zxv811e1
17562,1.2769197225570679,zxv811e1
17589,1.2875503301620483,zxv811e1
17594,1.31556236743927,zxv811e1
17612,1.4507901668548584,zxv811e1
17646,1.3899822235107422,zxv811e1
17689,1.4106600284576416,zxv811e1
17691,1.2656763792037964,zxv811e1
17729,1.3495761156082153,zxv811e1
17735,1.2911547422409058,zxv811e1
17758,1.312719702720642,zxv811e1
17760,1.2579762935638428,zxv811e1
17765,1.3254505395889282,zxv811e1
17864,1.328848123550415,zxv811e1
17869,1.311198115348816,zxv811e1
17892,1.391533374786377,zxv811e1
17923,1.3220641613006592,zxv811e1
17952,1.3084381818771362,zxv811e1
17955,1.3639620542526245,zxv811e1
17977,1.3177982568740845,zxv811e1
18002,1.2227659225463867,zxv811e1
18004,1.2994707822799683,zxv811e1
18023,1.366757869720459,zxv811e1
18028,1.4094325304031372,zxv811e1
18039,1.308202862739563,zxv811e1
18107,1.3677635192871094,zxv811e1
18118,1.3380999565124512,zxv811e1
18123,1.3605066537857056,zxv811e1
18141,1.3185229301452637,zxv811e1
18167,1.328304648399353,zxv811e1
18209,1.304449200630188,zxv811e1
18242,1.3422421216964722,zxv811e1
18253,1.3763463497161865,zxv811e1
18255,1.2475782632827759,zxv811e1
18258,1.3746438026428223,zxv811e1
18270,1.3195297718048096,zxv811e1
18317,1.3404412269592285,zxv811e1
18336,1.370086908340454,zxv811e1
18338,1.3941066265106201,zxv811e1
18363,1.2441976070404053,zxv811e1
18374,1.2511632442474365,zxv811e1
18393,1.4011402130126953,zxv811e1
18398,1.335145354270935,zxv811e1
18429,1.2950677871704102,zxv811e1
18446,1.3369137048721313,zxv811e1
18463,1.3041188716888428,zxv811e1
18521,1.397807240486145,zxv811e1
18538,1.3211191892623901,zxv811e1
18596,1.2986186742782593,zxv811e1
18608,1.303786039352417,zxv811e1
18629,1.3811736106872559,zxv811e1
18633,1.2860708236694336,zxv811e1
18658,1.2987233400344849,zxv811e1
18688,1.2943689823150635,zxv811e1
18800,1.3497419357299805,zxv811e1
18824,1.330315113067627,zxv811e1
18839,1.3563027381896973,zxv811e1
18848,1.3712950944900513,zxv811e1
18852,1.2948698997497559,zxv811e1
18907,1.4032974243164062,zxv811e1
18932,1.3306043148040771,zxv811e1
18953,1.2794671058654785,zxv811e1
19003,1.272170901298523,zxv811e1
19008,1.278660535812378,zxv811e1
19056,1.2966690063476562,zxv811e1
19061,1.3032463788986206,zxv811e1
19079,1.2475529909133911,zxv811e1
19086,1.2532129287719727,zxv811e1
19126,1.235365629196167,zxv811e1
19133,1.2398961782455444,zxv811e1
19139,1.4567748308181763,zxv811e1
19144,1.3630491495132446,zxv811e1
19146,1.309831142425537,zxv811e1
19149,1.3168388605117798,zxv811e1
19180,1.291551947593689,zxv811e1
19196,1.2752673625946045,zxv811e1
19199,1.315307378768921,zxv811e1
19200,1.2829363346099854,zxv811e1
19251,1.3201847076416016,zxv811e1
19261,1.2576104402542114,zxv811e1
19267,1.308382511138916,zxv811e1
19273,1.298766016960144,zxv811e1
19280,1.1818784475326538,zxv811e1
19282,1.251462459564209,zxv811e1
19307,1.2805962562561035,zxv811e1
19335,1.2807648181915283,zxv811e1
19337,1.349238634109497,zxv811e1
19363,1.3025544881820679,zxv811e1
19382,1.2823339700698853,zxv811e1
19389,1.2700010538101196,zxv811e1
19400,1.3204283714294434,zxv811e1
19415,1.2900059223175049,zxv811e1
19419,1.284090518951416,zxv811e1
19463,1.2409987449645996,zxv811e1
19468,1.3009393215179443,zxv811e1
19475,1.3009823560714722,zxv811e1
19479,1.2678576707839966,zxv811e1
19505,1.3633416891098022,zxv811e1
19507,1.2107359170913696,zxv811e1
19554,1.2195067405700684,zxv811e1
19580,1.337074875831604,zxv811e1
19633,1.3010408878326416,zxv811e1
19650,1.3538812398910522,zxv811e1
19684,1.369855523109436,zxv811e1
19686,1.3691564798355103,zxv811e1
19693,1.3491015434265137,zxv811e1
19718,1.3462239503860474,zxv811e1
19744,1.3353471755981445,zxv811e1
19757,1.3294543027877808,zxv811e1
19848,1.3393460512161255,zxv811e1
19920,1.4518612623214722,zxv811e1
19933,1.302432656288147,zxv811e1
19983,1.4005343914031982,zxv811e1
19994,1.3398354053497314,zxv811e1
19998,1.385490894317627,zxv811e1
20031,1.3711423873901367,zxv811e1
20043,1.3256075382232666,zxv811e1
20044,1.3319118022918701,zxv811e1
20100,1.2799800634384155,zxv811e1
20119,1.3151659965515137,zxv811e1
20129,1.2634025812149048,zxv811e1
20134,1.3555431365966797,zxv811e1
20144,1.2657723426818848,zxv811e1
20151,1.2496235370635986,zxv811e1
20178,1.303667426109314,zxv811e1
20209,1.3015109300613403,zxv811e1
20215,1.3583084344863892,zxv811e1
20261,1.3035128116607666,zxv811e1
20282,1.2999273538589478,zxv811e1
20309,1.3577125072479248,zxv811e1
20321,1.2875765562057495,zxv811e1
20322,1.3346664905548096,zxv811e1
20367,1.2858301401138306,zxv811e1
20375,1.3475377559661865,zxv811e1
20379,1.3660483360290527,zxv811e1
20401,1.2834948301315308,zxv811e1
20410,1.2962298393249512,zxv811e1
20444,1.3605892658233643,zxv811e1
20465,1.3133918046951294,zxv811e1
20497,1.3663172721862793,zxv811e1
20538,1.323607087135315,zxv811e1
20544,1.3392914533615112,zxv811e1
20560,1.225023627281189,zxv811e1
20564,1.2053216695785522,zxv811e1
20583,1.293988585472107,zxv811e1
20584,1.2852427959442139,zxv811e1
20596,1.3655509948730469,zxv811e1
20602,1.3004199266433716,zxv811e1
20645,1.3399567604064941,zxv811e1
20646,1.3023195266723633,zxv811e1
20652,1.2702393531799316,zxv811e1
20654,1.3534084558486938,zxv811e1
20673,1.3441283702850342,zxv811e1
20684,1.3203792572021484,zxv811e1
20703,1.3584833145141602,zxv811e1
20731,1.3352831602096558,zxv811e1
20747,1.296294093132019,zxv811e1
20764,1.3386180400848389,zxv811e1
20768,1.3214739561080933,zxv811e1
20790,1.2995175123214722,zxv811e1
20798,1.2754913568496704,zxv811e1
20803,1.3014448881149292,zxv811e1
20810,1.3181836605072021,zxv811e1
20834,1.3088113069534302,zxv811e1
20843,1.3333663940429688,zxv811e1
20977,1.245880126953125,zxv811e1
20986,1.266033411026001,zxv811e1
21000,1.2799878120422363,zxv811e1
21016,1.3028925657272339,zxv811e1
21037,1.3612642288208008,zxv811e1
21039,1.312525987625122,zxv811e1
21070,1.2878656387329102,zxv811e1
21078,1.2768360376358032,zxv811e1
21124,1.2221267223358154,zxv811e1
21138,1.3375087976455688,zxv811e1
21173,1.2850154638290405,zxv811e1
21201,1.259616494178772,zxv811e1
21214,1.3416545391082764,zxv811e1
21234,1.244544267654419,zxv811e1
21246,1.3856630325317383,zxv811e1
21270,1.3274250030517578,zxv811e1
21278,1.313802719116211,zxv811e1
21281,1.2500417232513428,zxv811e1
21285,1.291722297668457,zxv811e1
21298,1.3724573850631714,zxv811e1
21313,1.2291923761367798,zxv811e1
21325,1.2268719673156738,zxv811e1
21353,1.3038688898086548,zxv811e1
21374,1.2502787113189697,zxv811e1
21381,1.2391911745071411,zxv811e1
21390,1.3931514024734497,zxv811e1
21475,1.4140654802322388,zxv811e1
21494,1.295539140701294,zxv811e1
21499,1.272494912147522,zxv811e1
21508,1.2738418579101562,zxv811e1
21516,1.2711905241012573,zxv811e1
21559,1.3050405979156494,zxv811e1
21602,1.2659660577774048,zxv811e1
21609,1.2576507329940796,zxv811e1
21628,1.3545119762420654,zxv811e1
21638,1.286942720413208,zxv811e1
21651,1.254508376121521,zxv811e1
21666,1.2529579401016235,zxv811e1
21668,1.2644816637039185,zxv811e1
21670,1.341942548751831,zxv811e1
21692,1.2180070877075195,zxv811e1
21734,1.252492904663086,zxv811e1
21743,1.2935850620269775,zxv811e1
21745,1.349904179573059,zxv811e1
21746,1.3427138328552246,zxv811e1
21751,1.3279311656951904,zxv811e1
21754,1.2546181678771973,zxv811e1
21801,1.2809981107711792,zxv811e1
21862,1.2605571746826172,zxv811e1
21888,1.2680813074111938,zxv811e1
21894,1.2119184732437134,zxv811e1
21913,1.315985918045044,zxv811e1
21923,1.2650301456451416,zxv811e1
21935,1.2552976608276367,zxv811e1
21941,1.312498688697815,zxv811e1
22075,1.3945021629333496,zxv811e1
22087,1.3393607139587402,zxv811e1
22105,1.3172985315322876,zxv811e1
22124,1.3324834108352661,zxv811e1
22144,1.3703581094741821,zxv811e1
22146,1.2795478105545044,zxv811e1
22152,1.2826648950576782,zxv811e1
22174,1.178088903427124,zxv811e1
22179,1.291492223739624,zxv811e1
22185,1.2957652807235718,zxv811e1
22200,1.2704875469207764,zxv811e1
22244,1.3241126537322998,zxv811e1
22270,1.2571961879730225,zxv811e1
22275,1.2972570657730103,zxv811e1
22283,1.3400708436965942,zxv811e1
22313,1.267331838607788,zxv811e1
22343,1.2208049297332764,zxv811e1
22378,1.2450172901153564,zxv811e1
22390,1.3197884559631348,zxv811e1
22403,1.2610485553741455,zxv811e1
22441,1.251657485961914,zxv811e1
22442,1.2715717554092407,zxv811e1
22473,1.327039122581482,zxv811e1
22492,1.3383725881576538,zxv811e1
22493,1.2338829040527344,zxv811e1
22498,1.3895845413208008,zxv811e1
22509,1.2986550331115723,zxv811e1
22533,1.3519903421401978,zxv811e1
22566,1.2653580904006958,zxv811e1
22586,1.2688997983932495,zxv811e1
22602,1.3306937217712402,zxv811e1
22644,1.3409613370895386,zxv811e1
22650,1.3137433528900146,zxv811e1
22679,1.3099842071533203,zxv811e1
22698,1.3310377597808838,zxv811e1
22714,1.3016407489776611,zxv811e1
22719,1.195090889930725,zxv811e1
22761,1.2740387916564941,zxv811e1
22786,1.3358529806137085,zxv811e1
22819,1.3145148754119873,zxv811e1
22834,1.196431279182434,zxv811e1
22848,1.3345328569412231,zxv811e1
22860,1.3411798477172852,zxv811e1
22870,1.2341386079788208,zxv811e1
22897,1.2258673906326294,zxv811e1
22912,1.260534644126892,zxv811e1
22975,1.2620917558670044,zxv811e1
23022,1.271727442741394,zxv811e1
23034,1.2557426691055298,zxv811e1
23060,1.3702332973480225,zxv811e1
23066,1.256375789642334,zxv811e1
23093,1.2826138734817505,zxv811e1
23099,1.4156150817871094,zxv811e1
23175,1.2373055219650269,zxv811e1
23181,1.3042678833007812,zxv811e1
23252,1.2714653015136719,zxv811e1
23283,1.195804476737976,zxv811e1
23324,1.2926225662231445,zxv811e1
23346,1.255558967590332,zxv811e1
23351,1.3061418533325195,zxv811e1
23354,1.2279086112976074,zxv811e1
23373,1.2126166820526123,zxv811e1
23413,1.2954685688018799,zxv811e1
23458,1.241843581199646,zxv811e1
23559,1.25021493434906,zxv811e1
23611,1.2975918054580688,zxv811e1
23620,1.285549521446228,zxv811e1
23655,1.2565972805023193,zxv811e1
23673,1.21952486038208,zxv811e1
23694,1.2568602561950684,zxv811e1
23701,1.294022798538208,zxv811e1
23747,1.310678243637085,zxv811e1
23793,1.285490870475769,zxv811e1
23796,1.2880507707595825,zxv811e1
23799,1.1676961183547974,zxv811e1
23804,1.3157737255096436,zxv811e1
23833,1.2389802932739258,zxv811e1
23839,1.2599377632141113,zxv811e1
23858,1.3290445804595947,zxv811e1
23861,1.2885466814041138,zxv811e1
23867,1.2277841567993164,zxv811e1
23876,1.3677040338516235,zxv811e1
23886,1.287658929824829,zxv811e1
23928,1.26223623752594,zxv811e1
23929,1.248901128768921,zxv811e1
23944,1.2678810358047485,zxv811e1
23956,1.3090311288833618,zxv811e1
23975,1.2930047512054443,zxv811e1
24040,1.3429062366485596,zxv811e1
24083,1.2586504220962524,zxv811e1
24099,1.3137515783309937,zxv811e1
24127,1.2958062887191772,zxv811e1
24133,1.2650940418243408,zxv811e1
24134,1.267146348953247,zxv811e1
24145,1.210232138633728,zxv811e1
24167,1.3110730648040771,zxv811e1
24168,1.2550703287124634,zxv811e1
24200,1.3464690446853638,zxv811e1
24242,1.291532039642334,zxv811e1
24257,1.2639520168304443,zxv811e1
24258,1.2993593215942383,zxv811e1
24317,1.2552787065505981,zxv811e1
24370,1.2421154975891113,zxv811e1
24385,1.2044140100479126,zxv811e1
24395,1.2548564672470093,zxv811e1
24407,1.3213413953781128,zxv811e1
24417,1.3012064695358276,zxv811e1
24434,1.3508621454238892,zxv811e1
24449,1.322672963142395,zxv811e1
24458,1.3628976345062256,zxv811e1
24504,1.2618364095687866,zxv811e1
24513,1.2013107538223267,zxv811e1
24525,1.2675122022628784,zxv811e1
24528,1.2673735618591309,zxv811e1
24580,1.3425211906433105,zxv811e1
24659,1.286508560180664,zxv811e1
24661,1.3237531185150146,zxv811e1
24702,1.253542184829712,zxv811e1
24727,1.198517084121704,zxv811e1
24741,1.363799810409546,zxv811e1
24746,1.2622969150543213,zxv811e1
24757,1.3040491342544556,zxv811e1
24781,1.30884850025177,zxv811e1
24788,1.1945985555648804,zxv811e1
24789,1.3001818656921387,zxv811e1
24851,1.3200201988220215,zxv811e1
24855,1.2775448560714722,zxv811e1
24869,1.2681318521499634,zxv811e1
24948,1.2227354049682617,zxv811e1
24968,1.259547233581543,zxv811e1
24985,1.3122923374176025,zxv811e1
25040,1.24948251247406,zxv811e1
25058,1.2964191436767578,zxv811e1
25065,1.2077072858810425,zxv811e1
25079,1.2734657526016235,zxv811e1
25091,1.2857160568237305,zxv811e1
25122,1.2964789867401123,zxv811e1
25131,1.3146418333053589,zxv811e1
25151,1.3494846820831299,zxv811e1
25164,1.2957494258880615,zxv811e1
25171,1.306761384010315,zxv811e1
25180,1.20386803150177,zxv811e1
25208,1.255429983139038,zxv811e1
25223,1.2892976999282837,zxv811e1
25232,1.3160418272018433,zxv811e1
25235,1.346315622329712,zxv811e1
25239,1.2514389753341675,zxv811e1
25264,1.2847473621368408,zxv811e1
25284,1.283785104751587,zxv811e1
25293,1.2705360651016235,zxv811e1
25302,1.341755986213684,zxv811e1
25305,1.3129551410675049,zxv811e1
25312,1.2497555017471313,zxv811e1
25313,1.3096784353256226,zxv811e1
25323,1.208182692527771,zxv811e1
25334,1.2492412328720093,zxv811e1
25369,1.2886207103729248,zxv811e1
25370,1.2394580841064453,zxv811e1
25375,1.2378979921340942,zxv811e1
25399,1.2107657194137573,zxv811e1
25408,1.2872058153152466,zxv811e1
25422,1.2461159229278564,zxv811e1
25429,1.3012950420379639,zxv811e1
25449,1.2984837293624878,zxv811e1
25477,1.2247153520584106,zxv811e1
25500,1.2909677028656006,zxv811e1
25509,1.2888544797897339,zxv811e1
25517,1.2719382047653198,zxv811e1
25542,1.3160641193389893,zxv811e1
25599,1.240639090538025,zxv811e1
25609,1.2265485525131226,zxv811e1
25612,1.2833977937698364,zxv811e1
25632,1.3594409227371216,zxv811e1
25696,1.313052773475647,zxv811e1
25703,1.2534064054489136,zxv811e1
25740,1.2367045879364014,zxv811e1
25797,1.2556191682815552,zxv811e1
25802,1.3311017751693726,zxv811e1
25806,1.3188940286636353,zxv811e1
25807,1.3023799657821655,zxv811e1
25810,1.2789301872253418,zxv811e1
25811,1.247395396232605,zxv811e1
25819,1.334956169128418,zxv811e1
25831,1.2162539958953857,zxv811e1
25851,1.2457880973815918,zxv811e1
25853,1.2442045211791992,zxv811e1
25868,1.3300938606262207,zxv811e1
25874,1.2438383102416992,zxv811e1
25929,1.2646522521972656,zxv811e1
25930,1.310383915901184,zxv811e1
25934,1.2546666860580444,zxv811e1
25958,1.2824945449829102,zxv811e1
25985,1.2214446067810059,zxv811e1
26064,1.3345094919204712,zxv811e1
26082,1.247414231300354,zxv811e1
26090,1.2335408926010132,zxv811e1
26174,1.1991263628005981,zxv811e1
26189,1.2950102090835571,zxv811e1
26197,1.292364478111267,zxv811e1
26249,1.2516651153564453,zxv811e1
26271,1.3106098175048828,zxv811e1
26275,1.3047409057617188,zxv811e1
26317,1.2454835176467896,zxv811e1
26346,1.2458773851394653,zxv811e1
26423,1.2575560808181763,zxv811e1
26439,1.2891937494277954,zxv811e1
26441,1.3143198490142822,zxv811e1
26475,1.3543155193328857,zxv811e1
26534,1.2666252851486206,zxv811e1
26592,1.260817289352417,zxv811e1
26625,1.2437119483947754,zxv811e1
26637,1.3380563259124756,zxv811e1
26647,1.3077348470687866,zxv811e1
26725,1.2403786182403564,zxv811e1
26747,1.31295645236969,zxv811e1
26760,1.1452467441558838,zxv811e1
26765,1.3201762437820435,zxv811e1
26784,1.207750916481018,zxv811e1
26797,1.257987141609192,zxv811e1
26834,1.346935510635376,zxv811e1
26868,1.2494735717773438,zxv811e1
26891,1.2434613704681396,zxv811e1
26905,1.2481409311294556,zxv811e1
26906,1.2660359144210815,zxv811e1
26947,1.2647844552993774,zxv811e1
26967,1.300207257270813,zxv811e1
26983,1.268918752670288,zxv811e1
26986,1.2635557651519775,zxv811e1
26989,1.2800416946411133,zxv811e1
27053,1.2474606037139893,zxv811e1
27072,1.2643463611602783,zxv811e1
27084,1.2131617069244385,zxv811e1
27095,1.2371697425842285,zxv811e1
27134,1.2613329887390137,zxv811e1
27166,1.265982747077942,zxv811e1
27176,1.3071191310882568,zxv811e1
27182,1.308657169342041,zxv811e1
27195,1.3758982419967651,zxv811e1
27215,1.2548326253890991,zxv811e1
27219,1.2673134803771973,zxv811e1
27252,1.2785872220993042,zxv811e1
27284,1.2928849458694458,zxv811e1
27367,1.2684406042099,zxv811e1
27413,1.2680472135543823,zxv811e1
27417,1.2995402812957764,zxv811e1
27440,1.3569117784500122,zxv811e1
27446,1.331404685974121,zxv811e1
27461,1.2682338953018188,zxv811e1
27505,1.3087793588638306,zxv811e1
27539,1.209267497062683,zxv811e1
27542,1.28209388256073,zxv811e1
27548,1.3050612211227417,zxv811e1
27553,1.320801854133606,zxv811e1
27603,1.3233823776245117,zxv811e1
27618,1.305953025817871,zxv811e1
27628,1.2653875350952148,zxv811e1
27639,1.282964825630188,zxv811e1
27645,1.3237335681915283,zxv811e1
27649,1.325774073600769,zxv811e1
27654,1.3305155038833618,zxv811e1
27655,1.2738813161849976,zxv811e1
27657,1.310600996017456,zxv811e1
27685,1.317501187324524,zxv811e1
27790,1.3344786167144775,zxv811e1
27811,1.2852368354797363,zxv811e1
27844,1.166649580001831,zxv811e1
27858,1.3162134885787964,zxv811e1
27863,1.1432156562805176,zxv811e1
27882,1.2275758981704712,zxv811e1
27883,1.2987773418426514,zxv811e1
27956,1.2671092748641968,zxv811e1
27962,1.2088919878005981,zxv811e1
27967,1.3097847700119019,zxv811e1
28020,1.3106424808502197,zxv811e1
28031,1.2977913618087769,zxv811e1
28048,1.300114631652832,zxv811e1
28055,1.3269885778427124,zxv811e1
28056,1.3472216129302979,zxv811e1
28074,1.31512451171875,zxv811e1
28112,1.170059323310852,zxv811e1
28123,1.3318499326705933,zxv811e1
28141,1.253165602684021,zxv811e1
28143,1.2600287199020386,zxv811e1
28146,1.2129464149475098,zxv811e1
28149,1.3087371587753296,zxv811e1
28156,1.3977816104888916,zxv811e1
28229,1.2073780298233032,zxv811e1
28236,1.1671624183654785,zxv811e1
28238,1.2747142314910889,zxv811e1
28246,1.3447415828704834,zxv811e1
28252,1.3216993808746338,zxv811e1
28258,1.247668743133545,zxv811e1
28263,1.290968656539917,zxv811e1
28267,1.2260493040084839,zxv811e1
28269,1.260236382484436,zxv811e1
28274,1.337669849395752,zxv811e1
28285,1.2887479066848755,zxv811e1
28304,1.2350796461105347,zxv811e1
28321,1.249987006187439,zxv811e1
28325,1.2330152988433838,zxv811e1
28353,1.1710923910140991,zxv811e1
28355,1.2931631803512573,zxv811e1
28358,1.2528488636016846,zxv811e1
28371,1.314056158065796,zxv811e1
28396,1.3868870735168457,zxv811e1
28418,1.3228839635849,zxv811e1
28434,1.3345115184783936,zxv811e1
28465,1.2187352180480957,zxv811e1
28475,1.304970383644104,zxv811e1
28484,1.2958910465240479,zxv811e1
28504,1.2930341958999634,zxv811e1
28508,1.3100829124450684,zxv811e1
28515,1.2498085498809814,zxv811e1
28521,1.223766565322876,zxv811e1
28524,1.2664260864257812,zxv811e1
28542,1.3135064840316772,zxv811e1
28561,1.173984169960022,zxv811e1
28581,1.1663271188735962,zxv811e1
28586,1.2511674165725708,zxv811e1
28587,1.3037848472595215,zxv811e1
28618,1.2790606021881104,zxv811e1
28640,1.2820212841033936,zxv811e1
28643,1.286487102508545,zxv811e1
28704,1.2885935306549072,zxv811e1
28714,1.276728868484497,zxv811e1
28757,1.2680435180664062,zxv811e1
28777,1.2452327013015747,zxv811e1
28788,1.3225852251052856,zxv811e1
28843,1.265529751777649,zxv811e1
28850,1.1891943216323853,zxv811e1
28869,1.3021316528320312,zxv811e1
28902,1.292386531829834,zxv811e1
28915,1.2514723539352417,zxv811e1
28945,1.3432422876358032,zxv811e1
28948,1.3425880670547485,zxv811e1
28959,1.1144351959228516,zxv811e1
29000,1.2540102005004883,zxv811e1
29003,1.2824840545654297,zxv811e1
29040,1.312774419784546,zxv811e1
29073,1.3177967071533203,zxv811e1
29091,1.266090750694275,zxv811e1
29111,1.2568185329437256,zxv811e1
29144,1.311807632446289,zxv811e1
29167,1.3538693189620972,zxv811e1
29221,1.249755859375,zxv811e1
29294,1.2019457817077637,zxv811e1
29296,1.3041077852249146,zxv811e1
29309,1.255933165550232,zxv811e1
29322,1.2646782398223877,zxv811e1
29434,1.2691736221313477,zxv811e1
29449,1.2766848802566528,zxv811e1
29458,1.2931790351867676,zxv811e1
29459,1.2742719650268555,zxv811e1
29479,1.1837527751922607,zxv811e1
29486,1.2880195379257202,zxv811e1
29531,1.2185219526290894,zxv811e1
29545,1.2523226737976074,zxv811e1
29584,1.3108675479888916,zxv811e1
29589,1.2290520668029785,zxv811e1
29611,1.2660040855407715,zxv811e1
29640,1.3149702548980713,zxv811e1
29656,1.2766376733779907,zxv811e1
29676,1.2749313116073608,zxv811e1
29679,1.2907133102416992,zxv811e1
29725,1.2123867273330688,zxv811e1
29749,1.1954312324523926,zxv811e1
29796,1.2701915502548218,zxv811e1
29804,1.2887825965881348,zxv811e1
29839,1.227868914604187,zxv811e1
29840,1.325041651725769,zxv811e1
29842,1.2757713794708252,zxv811e1
29843,1.2152736186981201,zxv811e1
29850,1.2753984928131104,zxv811e1
29870,1.3035926818847656,zxv811e1
29875,1.2750999927520752,zxv811e1
29923,1.234933614730835,zxv811e1
29950,1.2678805589675903,zxv811e1
29981,1.2677470445632935,zxv811e1
29990,1.2047349214553833,zxv811e1
29994,1.2315040826797485,zxv811e1
30011,1.2901239395141602,zxv811e1
30027,1.3257591724395752,zxv811e1
30050,1.2627525329589844,zxv811e1
30112,1.2809425592422485,zxv811e1
30120,1.235194206237793,zxv811e1
30133,1.323927402496338,zxv811e1
30145,1.2987011671066284,zxv811e1
30182,1.2123935222625732,zxv811e1
30186,1.2967355251312256,zxv811e1
30237,1.3375660181045532,zxv811e1
30240,1.2456411123275757,zxv811e1
30258,1.3086808919906616,zxv811e1
30268,1.2859838008880615,zxv811e1
30297,1.2489609718322754,zxv811e1
30299,1.263473629951477,zxv811e1
30302,1.2275633811950684,zxv811e1
30307,1.2918031215667725,zxv811e1
30319,1.2855720520019531,zxv811e1
30405,1.1998614072799683,zxv811e1
30420,1.3714429140090942,zxv811e1
30427,1.2575948238372803,zxv811e1
30431,1.2408043146133423,zxv811e1
30442,1.3219356536865234,zxv811e1
30551,1.367860198020935,zxv811e1
30572,1.255629301071167,zxv811e1
30592,1.3077764511108398,zxv811e1
30622,1.218766212463379,zxv811e1
30637,1.2657222747802734,zxv811e1
30648,1.2886197566986084,zxv811e1
30662,1.2182093858718872,zxv811e1
30678,1.2470310926437378,zxv811e1
30779,1.3244808912277222,zxv811e1
30804,1.1621090173721313,zxv811e1
30816,1.247910737991333,zxv811e1
30826,1.216118335723877,zxv811e1
30865,1.2749953269958496,zxv811e1
30876,1.2764228582382202,zxv811e1
30889,1.2695730924606323,zxv811e1
30902,1.2694989442825317,zxv811e1
30904,1.3205827474594116,zxv811e1
30912,1.2885781526565552,zxv811e1
30929,1.2356061935424805,zxv811e1
30938,1.2771596908569336,zxv811e1
30946,1.1340596675872803,zxv811e1
30968,1.3342159986495972,zxv811e1
30983,1.3006174564361572,zxv811e1
30988,1.2519605159759521,zxv811e1
31007,1.3258904218673706,zxv811e1
31042,1.2118698358535767,zxv811e1
31118,1.2511779069900513,zxv811e1
31166,1.298492431640625,zxv811e1
31183,1.2847168445587158,zxv811e1
31203,1.2534143924713135,zxv811e1
31214,1.3051892518997192,zxv811e1
31237,1.1981481313705444,zxv811e1
31268,1.2953885793685913,zxv811e1
31287,1.2661629915237427,zxv811e1
31290,1.2132207155227661,zxv811e1
31319,1.279030203819275,zxv811e1
31329,1.314205288887024,zxv811e1
31337,1.2951915264129639,zxv811e1
31367,1.3741254806518555,zxv811e1
31376,1.2918654680252075,zxv811e1
31392,1.3410711288452148,zxv811e1
31416,1.2614400386810303,zxv811e1
31430,1.2859187126159668,zxv811e1
31436,1.2614130973815918,zxv811e1
31446,1.284996509552002,zxv811e1
31456,1.2798006534576416,zxv811e1
31495,1.275557041168213,zxv811e1
31498,1.2515469789505005,zxv811e1
31509,1.2581943273544312,zxv811e1
31526,1.3182746171951294,zxv811e1
31527,1.147566795349121,zxv811e1
31539,1.2840354442596436,zxv811e1
31557,1.260721206665039,zxv811e1
31563,1.3220546245574951,zxv811e1
31607,1.2437875270843506,zxv811e1
31618,1.301557183265686,zxv811e1
31662,1.2690129280090332,zxv811e1
31664,1.278628945350647,zxv811e1
31692,1.175453543663025,zxv811e1
31696,1.2761672735214233,zxv811e1
31697,1.2844696044921875,zxv811e1
31774,1.2596334218978882,zxv811e1
31782,1.2462530136108398,zxv811e1
31796,1.2604000568389893,zxv811e1
31820,1.2637650966644287,zxv811e1
31840,1.2517622709274292,zxv811e1
31864,1.2960416078567505,zxv811e1
31872,1.3200806379318237,zxv811e1
31873,1.301100730895996,zxv811e1
31878,1.2607086896896362,zxv811e1
31914,1.3143649101257324,zxv811e1
31923,1.2915687561035156,zxv811e1
31938,1.2172194719314575,zxv811e1
31942,1.2636995315551758,zxv811e1
31951,1.2718780040740967,zxv811e1
31969,1.188049077987671,zxv811e1
31979,1.2704908847808838,zxv811e1
32025,1.3235386610031128,zxv811e1
32060,1.2743841409683228,zxv811e1
32092,1.2264670133590698,zxv811e1
32112,1.1392990350723267,zxv811e1
32130,1.2383226156234741,zxv811e1
32149,1.2058112621307373,zxv811e1
32164,1.2291454076766968,zxv811e1
32169,1.3404890298843384,zxv811e1
32175,1.2907801866531372,zxv811e1
32177,1.2927461862564087,zxv811e1
32198,1.284645676612854,zxv811e1
32202,1.2872240543365479,ycefe7k4
32219,1.2719873189926147,ycefe7k4
32231,1.2389904260635376,ycefe7k4
32255,1.2867088317871094,ycefe7k4
32256,1.317490577697754,ycefe7k4
32261,1.2190505266189575,ycefe7k4
32261,1.2190345525741577,zxv811e1
32263,1.201357126235962,ycefe7k4
32269,1.3254677057266235,zxv811e1
32274,1.282184362411499,ycefe7k4
32288,1.3317031860351562,ycefe7k4
32317,1.2692973613739014,ycefe7k4
32330,1.2668489217758179,ycefe7k4
32352,1.2289707660675049,ycefe7k4
32360,1.2122362852096558,ycefe7k4
32377,1.214529037475586,ycefe7k4
32382,1.1558033227920532,ycefe7k4
32384,1.230720043182373,ycefe7k4
32385,1.2270293235778809,ycefe7k4
32389,1.286643147468567,ycefe7k4
32400,1.274199366569519,ycefe7k4
32424,1.2645188570022583,ycefe7k4
32428,1.3058617115020752,ycefe7k4
32470,1.248047113418579,ycefe7k4
32474,1.1869462728500366,ycefe7k4
32480,1.2596843242645264,ycefe7k4
32482,1.1926721334457397,ycefe7k4
32484,1.1685281991958618,ycefe7k4
32491,1.3077725172042847,ycefe7k4
32495,1.26876962184906,ycefe7k4
32503,1.2832698822021484,ycefe7k4
32514,1.216221809387207,ycefe7k4
32517,1.3145718574523926,ycefe7k4
32522,1.3210984468460083,ycefe7k4
32523,1.309270977973938,ycefe7k4
32531,1.3105452060699463,ycefe7k4
32532,1.1753649711608887,ycefe7k4
32544,1.230833888053894,ycefe7k4
32553,1.3315527439117432,ycefe7k4
32561,1.2118723392486572,ycefe7k4
32571,1.2575849294662476,ycefe7k4
32578,1.263880968093872,ycefe7k4
32597,1.3134055137634277,ycefe7k4
32625,1.3178706169128418,ycefe7k4
32629,1.2726017236709595,ycefe7k4
32630,1.255432367324829,ycefe7k4
32645,1.2508265972137451,ycefe7k4
32646,1.1969259977340698,ycefe7k4
32669,1.2468010187149048,ycefe7k4
32680,1.2412225008010864,ycefe7k4
32693,1.2359733581542969,ycefe7k4
32702,1.2958035469055176,ycefe7k4
32719,1.2502360343933105,ycefe7k4
32724,1.2544167041778564,ycefe7k4
32742,1.180367112159729,ycefe7k4
32748,1.270684838294983,ycefe7k4
32765,1.3329417705535889,ycefe7k4
32771,1.2719991207122803,ycefe7k4
32812,1.3085076808929443,ycefe7k4
32814,1.2181963920593262,ycefe7k4
32823,1.2783429622650146,ycefe7k4
32838,1.300527572631836,ycefe7k4
32843,1.2408584356307983,ycefe7k4
32850,1.2315057516098022,ycefe7k4
32854,1.264931321144104,ycefe7k4
32881,1.237919807434082,ycefe7k4
32893,1.1841531991958618,ycefe7k4
32899,1.3292275667190552,ycefe7k4
32908,1.247846245765686,ycefe7k4
32921,1.2341749668121338,ycefe7k4
32930,1.2939112186431885,ycefe7k4
32934,1.2384412288665771,ycefe7k4
32952,1.2025940418243408,ycefe7k4
32957,1.1508158445358276,ycefe7k4
32969,1.2305082082748413,ycefe7k4
32991,1.2331422567367554,ycefe7k4
33003,1.2096830606460571,ycefe7k4
33037,1.33847975730896,ycefe7k4
33039,1.2771631479263306,ycefe7k4
33041,1.2202558517456055,ycefe7k4
33047,1.3378409147262573,ycefe7k4
33068,1.3094239234924316,ycefe7k4
33077,1.2253891229629517,ycefe7k4
33084,1.327826976776123,ycefe7k4
33085,1.2139737606048584,ycefe7k4
33105,1.265501618385315,ycefe7k4
33110,1.293464183807373,ycefe7k4
33112,1.2161720991134644,ycefe7k4
33120,1.2322252988815308,ycefe7k4
33122,1.2566347122192383,ycefe7k4
33125,1.3022254705429077,ycefe7k4
33128,1.331449031829834,ycefe7k4
33140,1.3104239702224731,ycefe7k4
33172,1.1688868999481201,ycefe7k4
33201,1.227461576461792,ycefe7k4
33234,1.248910665512085,ycefe7k4
33235,1.2721220254898071,ycefe7k4
33237,1.315537929534912,ycefe7k4
33243,1.3478678464889526,ycefe7k4
33249,1.2715331315994263,ycefe7k4
33256,1.2211203575134277,ycefe7k4
33268,1.2326991558074951,ycefe7k4
33273,1.325258731842041,ycefe7k4
33276,1.250286340713501,ycefe7k4
33284,1.211568832397461,ycefe7k4
33301,1.3392051458358765,ycefe7k4
33330,1.2433526515960693,ycefe7k4
33334,1.2535641193389893,ycefe7k4
33343,1.2733584642410278,ycefe7k4
33351,1.377750039100647,ycefe7k4
33353,1.236816644668579,ycefe7k4
33355,1.2789095640182495,ycefe7k4
33365,1.2558737993240356,ycefe7k4
33371,1.211643934249878,ycefe7k4
33383,1.2358773946762085,ycefe7k4
33408,1.2287341356277466,ycefe7k4
33410,1.2765904664993286,ycefe7k4
33413,1.2278505563735962,ycefe7k4
33414,1.2637978792190552,ycefe7k4
33420,1.2434087991714478,ycefe7k4
33464,1.2354485988616943,ycefe7k4
33466,1.2647839784622192,ycefe7k4
33480,1.2635058164596558,ycefe7k4
33528,1.3286092281341553,ycefe7k4
33571,1.241499423980713,ycefe7k4
33572,1.2154560089111328,ycefe7k4
33582,1.332900881767273,ycefe7k4
33600,1.1771161556243896,ycefe7k4
33613,1.3254791498184204,ycefe7k4
33626,1.2478108406066895,ycefe7k4
33633,1.1949602365493774,ycefe7k4
33643,1.227227807044983,ycefe7k4
33647,1.2470768690109253,ycefe7k4
33654,1.26131010055542,ycefe7k4
33658,1.27510404586792,ycefe7k4
33672,1.346157431602478,ycefe7k4
33684,1.248745083808899,ycefe7k4
33686,1.2231508493423462,ycefe7k4
33691,1.294137716293335,ycefe7k4
33705,1.241925835609436,ycefe7k4
33714,1.250734567642212,ycefe7k4
33728,1.268272042274475,ycefe7k4
33731,1.279634952545166,ycefe7k4
33732,1.1640148162841797,ycefe7k4
33733,1.3608063459396362,ycefe7k4
33743,1.2154370546340942,ycefe7k4
33748,1.236865520477295,ycefe7k4
33764,1.2425179481506348,ycefe7k4
33778,1.3193720579147339,ycefe7k4
33788,1.2265678644180298,ycefe7k4
33799,1.2301591634750366,ycefe7k4
33807,1.2258260250091553,ycefe7k4
33809,1.3029292821884155,ycefe7k4
33824,1.2949717044830322,ycefe7k4
33853,1.224933385848999,ycefe7k4
33869,1.2274413108825684,ycefe7k4
33881,1.2170931100845337,ycefe7k4
33882,1.2852145433425903,ycefe7k4
33885,1.257735013961792,ycefe7k4
33894,1.2285372018814087,ycefe7k4
33897,1.3198728561401367,ycefe7k4
33902,1.214551329612732,ycefe7k4
33910,1.2574790716171265,ycefe7k4
33921,1.3071751594543457,ycefe7k4
33925,1.276449203491211,ycefe7k4
33932,1.234998106956482,ycefe7k4
33938,1.2933416366577148,ycefe7k4
33941,1.2435059547424316,ycefe7k4
33955,1.1923177242279053,ycefe7k4
33960,1.306393027305603,ycefe7k4
33970,1.2617307901382446,ycefe7k4
33996,1.1734634637832642,ycefe7k4
33997,1.2162445783615112,ycefe7k4
34021,1.227160096168518,ycefe7k4
34043,1.2074440717697144,ycefe7k4
34044,1.248042345046997,ycefe7k4
34058,1.2514320611953735,ycefe7k4
34060,1.2348195314407349,ycefe7k4
34075,1.201570987701416,ycefe7k4
34104,1.2870087623596191,ycefe7k4
34110,1.214368224143982,ycefe7k4
34114,1.236409306526184,ycefe7k4
34117,1.3059161901474,ycefe7k4
34121,1.230947732925415,ycefe7k4
34124,1.1922651529312134,ycefe7k4
34126,1.3304532766342163,ycefe7k4
34145,1.270732045173645,ycefe7k4
34157,1.2831215858459473,ycefe7k4
34161,1.1958608627319336,ycefe7k4
34169,1.2514539957046509,ycefe7k4
34195,1.2566823959350586,ycefe7k4
34202,1.243598461151123,ycefe7k4
34209,1.2508488893508911,ycefe7k4
34229,1.3117249011993408,ycefe7k4
34235,1.2472896575927734,ycefe7k4
34236,1.2347279787063599,ycefe7k4
34257,1.2358100414276123,ycefe7k4
34259,1.1976840496063232,ycefe7k4
34273,1.143039345741272,ycefe7k4
34280,1.1846970319747925,ycefe7k4
34284,1.2648833990097046,ycefe7k4
34309,1.2483961582183838,ycefe7k4
34310,1.2633298635482788,ycefe7k4
34327,1.2520185708999634,ycefe7k4
34333,1.2950003147125244,ycefe7k4
34338,1.3410224914550781,ycefe7k4
34341,1.1972023248672485,ycefe7k4
34346,1.155299425125122,ycefe7k4
34354,1.2157633304595947,ycefe7k4
34368,1.2659778594970703,ycefe7k4
34374,1.2498825788497925,ycefe7k4
34384,1.2876111268997192,ycefe7k4
34391,1.2427037954330444,ycefe7k4
34399,1.2323576211929321,ycefe7k4
34402,1.2314587831497192,ycefe7k4
34410,1.1956075429916382,ycefe7k4
34416,1.3161896467208862,ycefe7k4
34446,1.335841178894043,ycefe7k4
34461,1.2774503231048584,ycefe7k4
34467,1.169301152229309,ycefe7k4
34472,1.1885303258895874,ycefe7k4
34515,1.2183185815811157,ycefe7k4
34527,1.2603861093521118,ycefe7k4
34539,1.2751880884170532,ycefe7k4
34568,1.1475481986999512,ycefe7k4
34575,1.3404502868652344,ycefe7k4
34576,1.2836743593215942,ycefe7k4
34578,1.2277336120605469,ycefe7k4
34585,1.2873910665512085,ycefe7k4
34589,1.2524206638336182,ycefe7k4
34605,1.2263342142105103,ycefe7k4
34607,1.2119965553283691,ycefe7k4
34614,1.2352296113967896,ycefe7k4
34618,1.2278985977172852,ycefe7k4
34634,1.239817500114441,ycefe7k4
34646,1.252286434173584,ycefe7k4
34653,1.2145432233810425,ycefe7k4
34656,1.260148525238037,ycefe7k4
34658,1.272737979888916,ycefe7k4
34660,1.291606068611145,ycefe7k4
34662,1.272080898284912,ycefe7k4
34664,1.3065626621246338,ycefe7k4
34665,1.1956923007965088,ycefe7k4
34674,1.2807475328445435,ycefe7k4
34678,1.2089890241622925,ycefe7k4
34686,1.2843049764633179,ycefe7k4
34701,1.1896018981933594,ycefe7k4
34708,1.2459404468536377,ycefe7k4
34716,1.2047652006149292,ycefe7k4
34719,1.2888672351837158,ycefe7k4
34755,1.3134883642196655,ycefe7k4
34758,1.2125451564788818,ycefe7k4
34781,1.1661196947097778,ycefe7k4
34789,1.2585664987564087,ycefe7k4
34807,1.2609541416168213,ycefe7k4
34810,1.2376301288604736,ycefe7k4
34812,1.3472574949264526,ycefe7k4
34816,1.1455633640289307,ycefe7k4
34821,1.2569881677627563,ycefe7k4
34835,1.2129933834075928,ycefe7k4
34836,1.244640827178955,ycefe7k4
34855,1.205096960067749,ycefe7k4
34879,1.173180341720581,ycefe7k4
34902,1.2935470342636108,ycefe7k4
34923,1.2676517963409424,ycefe7k4
34925,1.2047770023345947,ycefe7k4
34949,1.3586769104003906,ycefe7k4
34956,1.1872062683105469,ycefe7k4
34967,1.3086605072021484,ycefe7k4
34978,1.2479523420333862,ycefe7k4
34979,1.262075424194336,ycefe7k4
34986,1.2277716398239136,ycefe7k4
34987,1.2944532632827759,ycefe7k4
34988,1.328564167022705,ycefe7k4
34996,1.2730261087417603,ycefe7k4
35025,1.220464825630188,ycefe7k4
35037,1.2212923765182495,ycefe7k4
35045,1.252685546875,ycefe7k4
35048,1.2232049703598022,ycefe7k4
35059,1.3087588548660278,ycefe7k4
35064,1.2420949935913086,ycefe7k4
35109,1.2882003784179688,ycefe7k4
35123,1.1742359399795532,ycefe7k4
35176,1.2367721796035767,ycefe7k4
35185,1.2059727907180786,ycefe7k4
35207,1.2452030181884766,ycefe7k4
35236,1.2181103229522705,ycefe7k4
35246,1.2831844091415405,ycefe7k4
35263,1.265689492225647,ycefe7k4
35271,1.3270758390426636,ycefe7k4
35277,1.1874783039093018,ycefe7k4
35292,1.3097041845321655,ycefe7k4
35293,1.2271288633346558,ycefe7k4
35304,1.248817801475525,ycefe7k4
35323,1.2435805797576904,ycefe7k4
35357,1.1850014925003052,ycefe7k4
35381,1.2507429122924805,ycefe7k4
35385,1.3112967014312744,ycefe7k4
35389,1.2578455209732056,ycefe7k4
35399,1.2256358861923218,ycefe7k4
35401,1.2196202278137207,ycefe7k4
35421,1.2840192317962646,ycefe7k4
35441,1.2715060710906982,ycefe7k4
35455,1.2565914392471313,ycefe7k4
35472,1.3446736335754395,ycefe7k4
35490,1.1897858381271362,ycefe7k4
35494,1.2264347076416016,ycefe7k4
35499,1.2664459943771362,ycefe7k4
35518,1.2423633337020874,ycefe7k4
35521,1.2232099771499634,ycefe7k4
35529,1.2246365547180176,ycefe7k4
35533,1.2622435092926025,ycefe7k4
35536,1.2379757165908813,ycefe7k4
35538,1.3677083253860474,ycefe7k4
35541,1.312856912612915,ycefe7k4
35550,1.1848914623260498,ycefe7k4
35573,1.2769540548324585,ycefe7k4
35574,1.2273309230804443,ycefe7k4
35592,1.1998605728149414,ycefe7k4
35599,1.2201958894729614,ycefe7k4
35608,1.2607773542404175,ycefe7k4
35625,1.3197977542877197,ycefe7k4
35626,1.287250280380249,ycefe7k4
35640,1.2062578201293945,ycefe7k4
35642,1.2454257011413574,ycefe7k4
35648,1.2585210800170898,ycefe7k4
35706,1.3316363096237183,ycefe7k4
35712,1.2582350969314575,ycefe7k4
35759,1.2468993663787842,ycefe7k4
35762,1.3325703144073486,ycefe7k4
35763,1.2626851797103882,ycefe7k4
35774,1.2100427150726318,ycefe7k4
35810,1.2278326749801636,ycefe7k4
35811,1.3069725036621094,ycefe7k4
35828,1.3357993364334106,ycefe7k4
35838,1.2477205991744995,ycefe7k4
35857,1.256690502166748,ycefe7k4
35858,1.3085800409317017,ycefe7k4
35869,1.2852768898010254,ycefe7k4
35875,1.1809065341949463,ycefe7k4
35890,1.2463927268981934,ycefe7k4
35899,1.2923096418380737,ycefe7k4
35903,1.1875371932983398,ycefe7k4
35906,1.2443506717681885,ycefe7k4
35909,1.2295255661010742,ycefe7k4
35933,1.2960408926010132,ycefe7k4
35947,1.248332142829895,ycefe7k4
35961,1.2904826402664185,ycefe7k4
35988,1.2951915264129639,ycefe7k4
36002,1.2293049097061157,ycefe7k4
36014,1.2779066562652588,ycefe7k4
36016,1.1730363368988037,ycefe7k4
36030,1.2018951177597046,ycefe7k4
36034,1.1372021436691284,ycefe7k4
36049,1.205065369606018,ycefe7k4
36069,1.2994112968444824,ycefe7k4
36072,1.2263849973678589,ycefe7k4
36080,1.269493818283081,ycefe7k4
36090,1.190333366394043,ycefe7k4
36097,1.2185426950454712,ycefe7k4
36102,1.253833293914795,ycefe7k4
36104,1.2232897281646729,ycefe7k4
36107,1.305277943611145,ycefe7k4
36113,1.194537878036499,ycefe7k4
36126,1.3084315061569214,ycefe7k4
36137,1.2293442487716675,ycefe7k4
36155,1.3033027648925781,ycefe7k4
36164,1.2032853364944458,ycefe7k4
36171,1.3184255361557007,ycefe7k4
36180,1.2930995225906372,ycefe7k4
36201,1.2349801063537598,ycefe7k4
36217,1.3521474599838257,ycefe7k4
36223,1.2772233486175537,ycefe7k4
36240,1.2058963775634766,ycefe7k4
36265,1.1939586400985718,ycefe7k4
36281,1.292044758796692,ycefe7k4
36288,1.2859704494476318,ycefe7k4
36299,1.257902979850769,ycefe7k4
36300,1.3200228214263916,ycefe7k4
36302,1.199859619140625,ycefe7k4
36322,1.2987557649612427,ycefe7k4
36328,1.2191498279571533,ycefe7k4
36347,1.2258331775665283,ycefe7k4
36364,1.267637848854065,ycefe7k4
36366,1.2125003337860107,ycefe7k4
36368,1.2999529838562012,ycefe7k4
36369,1.2392805814743042,ycefe7k4
36371,1.2943589687347412,ycefe7k4
36376,1.2699804306030273,ycefe7k4
36382,1.2387049198150635,ycefe7k4
36422,1.2268469333648682,ycefe7k4
36430,1.3184711933135986,ycefe7k4
36437,1.2889575958251953,ycefe7k4
36443,1.2653114795684814,ycefe7k4
36453,1.296472430229187,ycefe7k4
36511,1.2335400581359863,ycefe7k4
36534,1.2087846994400024,ycefe7k4
36536,1.2211558818817139,ycefe7k4
36544,1.229014277458191,ycefe7k4
36556,1.3073240518569946,ycefe7k4
36565,1.1857818365097046,ycefe7k4
36577,1.2218304872512817,ycefe7k4
36591,1.2650803327560425,ycefe7k4
36595,1.2468689680099487,ycefe7k4
36597,1.2255414724349976,ycefe7k4
36604,1.286602258682251,ycefe7k4
36643,1.1733554601669312,ycefe7k4
36673,1.2175365686416626,ycefe7k4
36690,1.2797240018844604,ycefe7k4
36710,1.2615314722061157,ycefe7k4
36714,1.2610886096954346,ycefe7k4
36720,1.2193249464035034,ycefe7k4
36731,1.2627562284469604,ycefe7k4
36738,1.2560548782348633,ycefe7k4
36745,1.296921730041504,ycefe7k4
36748,1.2840560674667358,ycefe7k4
36750,1.2152591943740845,ycefe7k4
36766,1.1680142879486084,ycefe7k4
36768,1.2088592052459717,ycefe7k4
36777,1.2106809616088867,ycefe7k4
36791,1.2278611660003662,ycefe7k4
36797,1.287952184677124,ycefe7k4
36802,1.1951924562454224,ycefe7k4
36804,1.2744624614715576,ycefe7k4
36808,1.269345760345459,ycefe7k4
36809,1.2548810243606567,ycefe7k4
36816,1.2555221319198608,ycefe7k4
36824,1.269408941268921,ycefe7k4
36837,1.2308659553527832,ycefe7k4
36849,1.238332748413086,ycefe7k4
36871,1.2172538042068481,ycefe7k4
36909,1.2018910646438599,ycefe7k4
36923,1.34197998046875,ycefe7k4
36933,1.1825809478759766,ycefe7k4
36942,1.1644442081451416,ycefe7k4
36960,1.2942663431167603,ycefe7k4
36965,1.1881675720214844,ycefe7k4
36977,1.2434298992156982,ycefe7k4
37007,1.2096798419952393,ycefe7k4
37012,1.341629147529602,ycefe7k4
37022,1.2727348804473877,ycefe7k4
37026,1.2658843994140625,ycefe7k4
37044,1.289452314376831,ycefe7k4
37052,1.2572215795516968,ycefe7k4
37054,1.2588826417922974,ycefe7k4
37066,1.2236310243606567,ycefe7k4
37067,1.147888422012329,ycefe7k4
37072,1.1701914072036743,ycefe7k4
37076,1.2125442028045654,ycefe7k4
37083,1.2981656789779663,ycefe7k4
37086,1.2232977151870728,ycefe7k4
37110,1.2437200546264648,ycefe7k4
37127,1.155508279800415,ycefe7k4
37146,1.2448499202728271,ycefe7k4
37147,1.2074156999588013,ycefe7k4
37155,1.2189000844955444,ycefe7k4
37175,1.300378680229187,ycefe7k4
37196,1.3054187297821045,ycefe7k4
37197,1.2955282926559448,ycefe7k4
37237,1.284485936164856,ycefe7k4
37243,1.2217960357666016,ycefe7k4
37248,1.3114101886749268,ycefe7k4
37298,1.2338849306106567,ycefe7k4
37322,1.2514162063598633,ycefe7k4
37334,1.2466075420379639,ycefe7k4
37340,1.2141268253326416,ycefe7k4
37348,1.1692429780960083,ycefe7k4
37354,1.171736478805542,ycefe7k4
37355,1.298725962638855,ycefe7k4
37369,1.2450320720672607,ycefe7k4
37374,1.2327368259429932,ycefe7k4
37393,1.2883036136627197,ycefe7k4
37407,1.204542636871338,ycefe7k4
37420,1.2557713985443115,ycefe7k4
37430,1.2157816886901855,ycefe7k4
37446,1.2188773155212402,ycefe7k4
37450,1.2056385278701782,ycefe7k4
37466,1.1900107860565186,ycefe7k4
37471,1.2848060131072998,ycefe7k4
37479,1.3318414688110352,ycefe7k4
37483,1.2836003303527832,ycefe7k4
37508,1.2492766380310059,ycefe7k4
37524,1.2404873371124268,ycefe7k4
37534,1.2235641479492188,ycefe7k4
37535,1.2440673112869263,ycefe7k4
37536,1.3005139827728271,ycefe7k4
37557,1.3074760437011719,ycefe7k4
37560,1.1951731443405151,ycefe7k4
37588,1.2556941509246826,ycefe7k4
37607,1.3431657552719116,ycefe7k4
37609,1.248722791671753,ycefe7k4
37629,1.2878882884979248,ycefe7k4
37651,1.2386313676834106,ycefe7k4
37661,1.2613285779953003,ycefe7k4
37666,1.2929394245147705,ycefe7k4
37675,1.242351770401001,ycefe7k4
37689,1.3353617191314697,ycefe7k4
37731,1.2445933818817139,ycefe7k4
37742,1.1369507312774658,ycefe7k4
37747,1.2462660074234009,ycefe7k4
37755,1.2035624980926514,ycefe7k4
37756,1.2559040784835815,ycefe7k4
37760,1.227883219718933,ycefe7k4
37789,1.2606984376907349,ycefe7k4
37806,1.3188987970352173,ycefe7k4
37809,1.2631356716156006,ycefe7k4
37811,1.319915533065796,ycefe7k4
37817,1.2339709997177124,ycefe7k4
37845,1.2225892543792725,ycefe7k4
37855,1.2113808393478394,ycefe7k4
37860,1.1603485345840454,ycefe7k4
37886,1.2646318674087524,ycefe7k4
37888,1.2196667194366455,ycefe7k4
37905,1.2240678071975708,ycefe7k4
37910,1.276635766029358,ycefe7k4
37911,1.2424978017807007,ycefe7k4
37920,1.2467074394226074,ycefe7k4
37932,1.2436258792877197,ycefe7k4
37944,1.2372515201568604,ycefe7k4
37945,1.18911874294281,ycefe7k4
37956,1.2487374544143677,ycefe7k4
37959,1.1692050695419312,ycefe7k4
37966,1.2352439165115356,ycefe7k4
37990,1.2629599571228027,ycefe7k4
38006,1.2566242218017578,ycefe7k4
38014,1.1886029243469238,ycefe7k4
38023,1.1876972913742065,ycefe7k4
38025,1.183181643486023,ycefe7k4
38028,1.2198662757873535,ycefe7k4
38029,1.2484099864959717,ycefe7k4
38043,1.2898950576782227,ycefe7k4
38066,1.2302088737487793,ycefe7k4
38067,1.1887171268463135,ycefe7k4
38078,1.2284481525421143,ycefe7k4
38079,1.2802187204360962,ycefe7k4
38126,1.2225968837738037,ycefe7k4
38135,1.2057971954345703,ycefe7k4
38137,1.2290558815002441,ycefe7k4
38143,1.2272158861160278,ycefe7k4
38144,1.2701059579849243,ycefe7k4
38154,1.2806960344314575,ycefe7k4
38160,1.1709893941879272,ycefe7k4
38163,1.3062372207641602,ycefe7k4
38179,1.2004883289337158,ycefe7k4
38185,1.2504897117614746,ycefe7k4
38206,1.3309073448181152,ycefe7k4
38212,1.1733546257019043,ycefe7k4
38231,1.2059968709945679,ycefe7k4
38233,1.351468563079834,ycefe7k4
38252,1.3187594413757324,ycefe7k4
38267,1.2767173051834106,ycefe7k4
38274,1.2564345598220825,ycefe7k4
38279,1.2310712337493896,ycefe7k4
38286,1.2424832582473755,ycefe7k4
38292,1.226597785949707,ycefe7k4
38298,1.261260747909546,ycefe7k4
38301,1.1792385578155518,ycefe7k4
38309,1.1994664669036865,ycefe7k4
38316,1.2156343460083008,ycefe7k4
38330,1.231520414352417,ycefe7k4
38331,1.2372127771377563,ycefe7k4
38341,1.1303714513778687,ycefe7k4
38356,1.2689772844314575,ycefe7k4
38369,1.290493369102478,ycefe7k4
38371,1.2370401620864868,ycefe7k4
38375,1.273510456085205,ycefe7k4
38385,1.203757405281067,ycefe7k4
38393,1.2468839883804321,ycefe7k4
38394,1.2393068075180054,ycefe7k4
38402,1.2603811025619507,ycefe7k4
38405,1.2023569345474243,ycefe7k4
38408,1.2633990049362183,ycefe7k4
38413,1.2605323791503906,ycefe7k4
38421,1.3309534788131714,ycefe7k4
38458,1.3264343738555908,ycefe7k4
38461,1.2222529649734497,ycefe7k4
38483,1.2531135082244873,ycefe7k4
38494,1.255287766456604,ycefe7k4
38496,1.3432692289352417,ycefe7k4
38556,1.3358622789382935,ycefe7k4
38568,1.2238408327102661,ycefe7k4
38582,1.3043389320373535,ycefe7k4
38596,1.2131544351577759,ycefe7k4
38605,1.2275161743164062,ycefe7k4
38637,1.264110803604126,ycefe7k4
38650,1.2380242347717285,ycefe7k4
38652,1.1473546028137207,ycefe7k4
38658,1.199223518371582,ycefe7k4
38668,1.1668322086334229,ycefe7k4
38684,1.2257245779037476,ycefe7k4
38712,1.3228975534439087,ycefe7k4
38714,1.2354629039764404,ycefe7k4
38716,1.3004512786865234,ycefe7k4
38725,1.2392624616622925,ycefe7k4
38735,1.2609422206878662,ycefe7k4
38737,1.1562949419021606,ycefe7k4
38754,1.2058717012405396,ycefe7k4
38783,1.2529951333999634,ycefe7k4
38792,1.3277078866958618,ycefe7k4
38818,1.3144779205322266,ycefe7k4
38830,1.1384549140930176,ycefe7k4
38838,1.2526026964187622,ycefe7k4
38844,1.236234426498413,ycefe7k4
38861,1.2770776748657227,ycefe7k4
38862,1.2072829008102417,ycefe7k4
38868,1.2871131896972656,ycefe7k4
38871,1.2659555673599243,ycefe7k4
38879,1.333783507347107,ycefe7k4
38884,1.250744342803955,ycefe7k4
38912,1.2479145526885986,ycefe7k4
38917,1.208409070968628,ycefe7k4
38942,1.2092348337173462,ycefe7k4
38943,1.3370059728622437,ycefe7k4
38944,1.2958773374557495,ycefe7k4
38945,1.1970360279083252,ycefe7k4
38948,1.2587727308273315,ycefe7k4
38973,1.284192442893982,ycefe7k4
38986,1.2849112749099731,ycefe7k4
39007,1.2249305248260498,ycefe7k4
39012,1.310476303100586,ycefe7k4
39014,1.3472362756729126,ycefe7k4
39015,1.2230122089385986,ycefe7k4
39016,1.2898592948913574,ycefe7k4
39019,1.209169626235962,ycefe7k4
39023,1.2487132549285889,ycefe7k4
39039,1.2378312349319458,ycefe7k4
39046,1.2631168365478516,ycefe7k4
39063,1.2488329410552979,ycefe7k4
39077,1.3066314458847046,ycefe7k4
39078,1.2784361839294434,ycefe7k4
39084,1.2091801166534424,ycefe7k4
39105,1.2412705421447754,ycefe7k4
39110,1.233871579170227,ycefe7k4
39157,1.2335522174835205,ycefe7k4
39160,1.1822609901428223,ycefe7k4
39176,1.1836731433868408,ycefe7k4
39194,1.2996299266815186,ycefe7k4
39227,1.2623622417449951,ycefe7k4
39230,1.2072232961654663,ycefe7k4
39231,1.1767970323562622,ycefe7k4
39242,1.2629820108413696,ycefe7k4
39271,1.2362229824066162,ycefe7k4
39310,1.2543381452560425,ycefe7k4
39321,1.2414995431900024,ycefe7k4
39341,1.2493982315063477,ycefe7k4
39346,1.266984224319458,ycefe7k4
39365,1.238387107849121,ycefe7k4
39366,1.195742130279541,ycefe7k4
39382,1.2378358840942383,ycefe7k4
39390,1.2760310173034668,ycefe7k4
39394,1.2625972032546997,ycefe7k4
39410,1.1954189538955688,ycefe7k4
39423,1.136291265487671,ycefe7k4
39426,1.347725749015808,ycefe7k4
39427,1.2524771690368652,ycefe7k4
39435,1.2679873704910278,ycefe7k4
39460,1.2635133266448975,ycefe7k4
39461,1.3398370742797852,ycefe7k4
39471,1.2781976461410522,ycefe7k4
39491,1.276401162147522,ycefe7k4
39494,1.214563250541687,ycefe7k4
39505,1.185278058052063,ycefe7k4
39512,1.3245612382888794,ycefe7k4
39520,1.257425308227539,ycefe7k4
39571,1.1615254878997803,ycefe7k4
39575,1.2538009881973267,ycefe7k4
39590,1.3243452310562134,ycefe7k4
39596,1.2329940795898438,ycefe7k4
39602,1.228763461112976,ycefe7k4
39610,1.2269744873046875,ycefe7k4
39629,1.2394390106201172,ycefe7k4
39641,1.251330018043518,ycefe7k4
39646,1.198781132698059,ycefe7k4
39651,1.2401087284088135,ycefe7k4
39678,1.2518291473388672,ycefe7k4
39685,1.246396780014038,ycefe7k4
39697,1.2662112712860107,ycefe7k4
39704,1.2352888584136963,ycefe7k4
39726,1.2233930826187134,ycefe7k4
39727,1.313453197479248,ycefe7k4
39732,1.1757869720458984,ycefe7k4
39735,1.1572672128677368,ycefe7k4
39748,1.2443664073944092,ycefe7k4
39758,1.2226731777191162,ycefe7k4
39765,1.2590129375457764,ycefe7k4
39768,1.1736912727355957,ycefe7k4
39772,1.2348557710647583,ycefe7k4
39781,1.3010287284851074,ycefe7k4
39789,1.2799290418624878,ycefe7k4
39795,1.3059223890304565,ycefe7k4
39797,1.3026975393295288,ycefe7k4
39798,1.1320542097091675,ycefe7k4
39801,1.3183228969573975,ycefe7k4
39802,1.2072335481643677,ycefe7k4
39811,1.2357655763626099,ycefe7k4
39827,1.2115918397903442,ycefe7k4
39828,1.1852613687515259,ycefe7k4
39830,1.2769936323165894,ycefe7k4
39848,1.2149357795715332,ycefe7k4
39852,1.3217917680740356,ycefe7k4
39857,1.2566195726394653,ycefe7k4
39864,1.2002177238464355,ycefe7k4
39869,1.2449321746826172,ycefe7k4
39873,1.1985206604003906,ycefe7k4
39876,1.182950496673584,ycefe7k4
39878,1.1347754001617432,ycefe7k4
39885,1.1925069093704224,ycefe7k4
39905,1.2669916152954102,ycefe7k4
39913,1.208719253540039,ycefe7k4
39928,1.1941336393356323,ycefe7k4
39931,1.312984585762024,ycefe7k4
39937,1.2276091575622559,ycefe7k4
39946,1.2938628196716309,ycefe7k4
39953,1.1876399517059326,ycefe7k4
39954,1.206347107887268,ycefe7k4
39963,1.2678370475769043,ycefe7k4
39978,1.1653157472610474,ycefe7k4
39995,1.2516158819198608,ycefe7k4
40021,1.1507668495178223,ycefe7k4
40031,1.2108712196350098,ycefe7k4
40033,1.3221901655197144,ycefe7k4
40041,1.2971630096435547,ycefe7k4
40042,1.2241270542144775,ycefe7k4
40064,1.3143353462219238,ycefe7k4
40067,1.1853340864181519,ycefe7k4
40092,1.2485905885696411,ycefe7k4
40099,1.2829002141952515,ycefe7k4
40122,1.2604271173477173,ycefe7k4
40124,1.192726969718933,ycefe7k4
40132,1.2263885736465454,ycefe7k4
40135,1.2012572288513184,ycefe7k4
40136,1.343056321144104,ycefe7k4
40137,1.2741035223007202,ycefe7k4
40143,1.23910653591156,ycefe7k4
40144,1.2060596942901611,ycefe7k4
40153,1.096967339515686,ycefe7k4
40156,1.2198519706726074,ycefe7k4
40178,1.270235300064087,ycefe7k4
40195,1.1668269634246826,ycefe7k4
40196,1.2137782573699951,ycefe7k4
40204,1.1950373649597168,ycefe7k4
40208,1.2971616983413696,ycefe7k4
40215,1.2542390823364258,ycefe7k4
40218,1.1905595064163208,ycefe7k4
40236,1.2598581314086914,ycefe7k4
40243,1.172231912612915,ycefe7k4
40257,1.2517049312591553,ycefe7k4
40291,1.2421388626098633,ycefe7k4
40320,1.2170337438583374,ycefe7k4
40349,1.276931881904602,ycefe7k4
40369,1.2643375396728516,ycefe7k4
40370,1.1943464279174805,ycefe7k4
40379,1.157887578010559,ycefe7k4
40382,1.233194351196289,ycefe7k4
40396,1.192552089691162,ycefe7k4
40402,1.2222310304641724,ycefe7k4
40414,1.229257345199585,ycefe7k4
40422,1.235410213470459,ycefe7k4
40435,1.2575761079788208,ycefe7k4
40440,1.2693755626678467,ycefe7k4
40448,1.2148643732070923,ycefe7k4
40457,1.2352439165115356,ycefe7k4
40468,1.1875883340835571,ycefe7k4
40470,1.2452239990234375,ycefe7k4
40479,1.2468360662460327,ycefe7k4
40490,1.2841129302978516,ycefe7k4
40506,1.2898576259613037,ycefe7k4
40525,1.3246504068374634,ycefe7k4
40555,1.2419995069503784,ycefe7k4
40564,1.2399414777755737,ycefe7k4
40574,1.2385035753250122,ycefe7k4
40578,1.3420703411102295,ycefe7k4
40581,1.1645469665527344,ycefe7k4
40608,1.2519941329956055,ycefe7k4
40610,1.2477682828903198,ycefe7k4
40617,1.2932536602020264,ycefe7k4
40625,1.2885819673538208,ycefe7k4
40642,1.201876163482666,ycefe7k4
40645,1.1743738651275635,ycefe7k4
40646,1.2713607549667358,ycefe7k4
40648,1.1374521255493164,ycefe7k4
40666,1.2310994863510132,ycefe7k4
40676,1.2103644609451294,ycefe7k4
40685,1.2131811380386353,ycefe7k4
40693,1.2702351808547974,ycefe7k4
40697,1.2355661392211914,ycefe7k4
40701,1.2167173624038696,ycefe7k4
40708,1.2112594842910767,ycefe7k4
40714,1.1906862258911133,ycefe7k4
40717,1.2841211557388306,ycefe7k4
40721,1.3057528734207153,ycefe7k4
40728,1.2503552436828613,ycefe7k4
40736,1.2772579193115234,ycefe7k4
40751,1.2080074548721313,ycefe7k4
40755,1.2201881408691406,ycefe7k4
40756,1.201656699180603,ycefe7k4
40761,1.1931825876235962,ycefe7k4
40767,1.3031604290008545,ycefe7k4
40774,1.3130160570144653,ycefe7k4
40777,1.2653108835220337,ycefe7k4
40779,1.296310544013977,ycefe7k4
40798,1.2168946266174316,ycefe7k4
40822,1.2410359382629395,ycefe7k4
40839,1.1992039680480957,ycefe7k4
40857,1.234520435333252,ycefe7k4
40866,1.2947978973388672,ycefe7k4
40870,1.2862517833709717,ycefe7k4
40874,1.1855106353759766,ycefe7k4
40885,1.327372431755066,ycefe7k4
40888,1.2060515880584717,ycefe7k4
40895,1.2471778392791748,ycefe7k4
40896,1.238589882850647,ycefe7k4
40901,1.222445011138916,ycefe7k4
40908,1.1439507007598877,ycefe7k4
40910,1.2163927555084229,ycefe7k4
40920,1.1481366157531738,ycefe7k4
40925,1.22242271900177,ycefe7k4
40950,1.3202917575836182,ycefe7k4
40952,1.192014455795288,ycefe7k4
40957,1.2766112089157104,ycefe7k4
40963,1.2023398876190186,ycefe7k4
40964,1.196132779121399,ycefe7k4
40968,1.269726276397705,ycefe7k4
40982,1.2186514139175415,ycefe7k4
40989,1.2137489318847656,ycefe7k4
40992,1.2566266059875488,ycefe7k4
40999,1.2644449472427368,ycefe7k4
41002,1.205735445022583,ycefe7k4
41005,1.2427570819854736,ycefe7k4
41006,1.2529250383377075,ycefe7k4
41026,1.2456834316253662,ycefe7k4
41031,1.1806492805480957,ycefe7k4
41049,1.205732822418213,ycefe7k4
41051,1.2168712615966797,ycefe7k4
41055,1.1693053245544434,ycefe7k4
41070,1.2155905961990356,ycefe7k4
41086,1.1704729795455933,ycefe7k4
41093,1.2354604005813599,ycefe7k4
41100,1.2038642168045044,ycefe7k4
41105,1.245240330696106,ycefe7k4
41126,1.2166235446929932,ycefe7k4
41135,1.2245508432388306,ycefe7k4
41136,1.2193856239318848,ycefe7k4
41141,1.227872371673584,ycefe7k4
41143,1.258133053779602,ycefe7k4
41150,1.2346526384353638,ycefe7k4
41158,1.27077317237854,ycefe7k4
41171,1.2362738847732544,ycefe7k4
41177,1.2727442979812622,ycefe7k4
41179,1.2391289472579956,ycefe7k4
41181,1.212836503982544,ycefe7k4
41183,1.253466010093689,ycefe7k4
41193,1.2028412818908691,ycefe7k4
41221,1.2078953981399536,ycefe7k4
41235,1.2027443647384644,ycefe7k4
41242,1.231998085975647,ycefe7k4
41244,1.2569453716278076,ycefe7k4
41245,1.2420659065246582,ycefe7k4
41246,1.2535345554351807,ycefe7k4
41251,1.227970004081726,ycefe7k4
41261,1.3002040386199951,ycefe7k4
41266,1.1407915353775024,ycefe7k4
41289,1.173027753829956,ycefe7k4
41290,1.2187248468399048,ycefe7k4
41303,1.225461721420288,ycefe7k4
41304,1.1993097066879272,ycefe7k4
41320,1.0942647457122803,ycefe7k4
41323,1.2379618883132935,ycefe7k4
41324,1.1812279224395752,ycefe7k4
41328,1.2372056245803833,ycefe7k4
41337,1.264313817024231,ycefe7k4
41341,1.23569917678833,ycefe7k4
41356,1.1788992881774902,ycefe7k4
41361,1.182060718536377,ycefe7k4
41365,1.2097465991973877,ycefe7k4
41383,1.2841200828552246,ycefe7k4
41386,1.1699718236923218,ycefe7k4
41433,1.25250244140625,ycefe7k4
41442,1.176713466644287,ycefe7k4
41474,1.279050350189209,ycefe7k4
41482,1.25655198097229,ycefe7k4
41506,1.2068760395050049,ycefe7k4
41509,1.264959692955017,ycefe7k4
41511,1.2387945652008057,ycefe7k4
41516,1.2000232934951782,ycefe7k4
41525,1.145323395729065,ycefe7k4
41530,1.2705466747283936,ycefe7k4
41531,1.314844012260437,ycefe7k4
41534,1.2377097606658936,ycefe7k4
41566,1.2314705848693848,ycefe7k4
41573,1.209660291671753,ycefe7k4
41582,1.1798697710037231,ycefe7k4
41584,1.1676089763641357,ycefe7k4
41630,1.1612155437469482,ycefe7k4
41644,1.339430332183838,ycefe7k4
41645,1.2922141551971436,ycefe7k4
41654,1.1415373086929321,ycefe7k4
41665,1.1881412267684937,ycefe7k4
41681,1.2730097770690918,ycefe7k4
41702,1.2136192321777344,ycefe7k4
41713,1.23980712890625,ycefe7k4
41731,1.216787338256836,ycefe7k4
41733,1.268947720527649,ycefe7k4
41743,1.2921102046966553,ycefe7k4
41781,1.211554765701294,ycefe7k4
41786,1.2400580644607544,ycefe7k4
41817,1.3161879777908325,ycefe7k4
41819,1.1817089319229126,ycefe7k4
41824,1.2455894947052002,ycefe7k4
41836,1.216469407081604,ycefe7k4
41856,1.185942530632019,ycefe7k4
41865,1.226213812828064,ycefe7k4
41866,1.2134778499603271,ycefe7k4
41874,1.1845985651016235,ycefe7k4
41875,1.2469209432601929,ycefe7k4
41878,1.2800384759902954,ycefe7k4
41887,1.3012773990631104,ycefe7k4
41903,1.2956587076187134,ycefe7k4
41910,1.150132656097412,ycefe7k4
41912,1.208120584487915,ycefe7k4
41914,1.2311227321624756,ycefe7k4
41915,1.1759964227676392,ycefe7k4
41930,1.2575478553771973,ycefe7k4
41935,1.2693617343902588,ycefe7k4
41938,1.2508680820465088,ycefe7k4
41941,1.1914926767349243,ycefe7k4
41982,1.3112435340881348,ycefe7k4
41987,1.2922523021697998,ycefe7k4
41992,1.2593722343444824,ycefe7k4
41999,1.2061396837234497,ycefe7k4
42012,1.2415127754211426,ycefe7k4
42022,1.2309937477111816,ycefe7k4
42042,1.2480874061584473,ycefe7k4
42043,1.3024829626083374,ycefe7k4
42075,1.1693735122680664,ycefe7k4
42078,1.176314353942871,ycefe7k4
42079,1.2139407396316528,ycefe7k4
42080,1.314894676208496,ycefe7k4
42099,1.1990400552749634,ycefe7k4
42100,1.3117668628692627,ycefe7k4
42117,1.2634786367416382,ycefe7k4
42124,1.322709083557129,ycefe7k4
42142,1.2303105592727661,ycefe7k4
42157,1.185644268989563,ycefe7k4
42164,1.2623982429504395,ycefe7k4
42176,1.194579005241394,ycefe7k4
42187,1.2249717712402344,ycefe7k4
42206,1.2109886407852173,ycefe7k4
42219,1.1804662942886353,ycefe7k4
42235,1.3187929391860962,ycefe7k4
42243,1.1955174207687378,ycefe7k4
42248,1.2170621156692505,ycefe7k4
42250,1.2714732885360718,ycefe7k4
42260,1.2289105653762817,ycefe7k4
42262,1.3218392133712769,ycefe7k4
42266,1.2376292943954468,ycefe7k4
42272,1.215944528579712,ycefe7k4
42279,1.2051982879638672,ycefe7k4
42280,1.2282204627990723,ycefe7k4
42314,1.242271900177002,ycefe7k4
42324,1.2183456420898438,ycefe7k4
42332,1.1198028326034546,ycefe7k4
42338,1.255964994430542,ycefe7k4
42351,1.325461983680725,ycefe7k4
42360,1.304969072341919,ycefe7k4
42376,1.242550253868103,ycefe7k4
42397,1.2156797647476196,ycefe7k4
42403,1.2321747541427612,ycefe7k4
42404,1.2984983921051025,ycefe7k4
42424,1.220945119857788,ycefe7k4
42425,1.301010012626648,ycefe7k4
42434,1.2968661785125732,ycefe7k4
42441,1.2274240255355835,ycefe7k4
42454,1.2187129259109497,ycefe7k4
42457,1.1765716075897217,ycefe7k4
42462,1.1908247470855713,ycefe7k4
42465,1.1964751482009888,ycefe7k4
42466,1.2930474281311035,ycefe7k4
42467,1.2767560482025146,ycefe7k4
42479,1.2697633504867554,ycefe7k4
42482,1.1662044525146484,ycefe7k4
42483,1.3206615447998047,ycefe7k4
42488,1.1871634721755981,ycefe7k4
42497,1.2712279558181763,ycefe7k4
42504,1.2880823612213135,ycefe7k4
42505,1.174930214881897,ycefe7k4
42509,1.1679328680038452,ycefe7k4
42524,1.1240475177764893,ycefe7k4
42541,1.213403344154358,ycefe7k4
42546,1.2575899362564087,ycefe7k4
42563,1.1513595581054688,ycefe7k4
42570,1.2400503158569336,ycefe7k4
42573,1.1493808031082153,ycefe7k4
42583,1.2458271980285645,ycefe7k4
42596,1.2602910995483398,ycefe7k4
42616,1.2461979389190674,ycefe7k4
42639,1.2272623777389526,ycefe7k4
42641,1.164358377456665,ycefe7k4
42650,1.2492470741271973,ycefe7k4
42667,1.2606568336486816,ycefe7k4
42690,1.1797122955322266,ycefe7k4
42692,1.1295710802078247,ycefe7k4
42716,1.269836187362671,ycefe7k4
42717,1.1801265478134155,ycefe7k4
42727,1.1773658990859985,ycefe7k4
42759,1.2473831176757812,ycefe7k4
42775,1.1897342205047607,ycefe7k4
42832,1.181378960609436,ycefe7k4
42834,1.236108660697937,ycefe7k4
42843,1.286272406578064,ycefe7k4
42854,1.2148009538650513,ycefe7k4
42863,1.2738728523254395,ycefe7k4
42868,1.2531388998031616,ycefe7k4
42872,1.268694519996643,ycefe7k4
42906,1.114318609237671,ycefe7k4
42940,1.2323309183120728,ycefe7k4
42956,1.1845989227294922,ycefe7k4
42959,1.210657000541687,ycefe7k4
42977,1.2204660177230835,ycefe7k4
42981,1.2273876667022705,ycefe7k4
42983,1.1499743461608887,ycefe7k4
43014,1.215834617614746,ycefe7k4
43018,1.2628735303878784,ycefe7k4
43034,1.2528146505355835,ycefe7k4
43052,1.2049381732940674,ycefe7k4
43057,1.2771388292312622,ycefe7k4
43058,1.230284333229065,ycefe7k4
43069,1.1860783100128174,ycefe7k4
43071,1.2593382596969604,ycefe7k4
43086,1.2268940210342407,ycefe7k4
43096,1.1946433782577515,ycefe7k4
43109,1.2047147750854492,ycefe7k4
43122,1.215793251991272,ycefe7k4
43127,1.162040114402771,ycefe7k4
43142,1.1787101030349731,ycefe7k4
43155,1.236274242401123,ycefe7k4
43165,1.210191011428833,ycefe7k4
43167,1.2684009075164795,ycefe7k4
43184,1.176161766052246,ycefe7k4
43185,1.2125539779663086,ycefe7k4
43186,1.2699217796325684,ycefe7k4
43199,1.2583454847335815,ycefe7k4
43217,1.189239263534546,ycefe7k4
43219,1.2244571447372437,ycefe7k4
43225,1.3017486333847046,ycefe7k4
43237,1.307043194770813,ycefe7k4
43248,1.206705927848816,ycefe7k4
43250,1.1662023067474365,ycefe7k4
43259,1.2204489707946777,ycefe7k4
43273,1.144045114517212,ycefe7k4
43277,1.2181402444839478,ycefe7k4
43278,1.2342300415039062,ycefe7k4
43286,1.2186349630355835,ycefe7k4
43308,1.2736384868621826,ycefe7k4
43310,1.2981460094451904,ycefe7k4
43316,1.317826747894287,ycefe7k4
43320,1.1907246112823486,ycefe7k4
43323,1.3643094301223755,ycefe7k4
43340,1.1472173929214478,ycefe7k4
43341,1.1982548236846924,ycefe7k4
43347,1.2938041687011719,ycefe7k4
43369,1.261183500289917,ycefe7k4
43370,1.2776708602905273,ycefe7k4
43381,1.1716736555099487,ycefe7k4
43390,1.1916570663452148,ycefe7k4
43406,1.2560741901397705,ycefe7k4
43413,1.1343039274215698,ycefe7k4
43422,1.16145658493042,ycefe7k4
43439,1.2344354391098022,ycefe7k4
43442,1.1936947107315063,ycefe7k4
43443,1.162497639656067,ycefe7k4
43445,1.2310246229171753,ycefe7k4
43452,1.2412389516830444,ycefe7k4
43460,1.2244200706481934,ycefe7k4
43467,1.2621548175811768,ycefe7k4
43478,1.2367082834243774,ycefe7k4
43487,1.1915092468261719,ycefe7k4
43498,1.203136920928955,ycefe7k4
43499,1.1964012384414673,ycefe7k4
43508,1.2662484645843506,ycefe7k4
43510,1.2679047584533691,ycefe7k4
43516,1.2057040929794312,ycefe7k4
43521,1.2440437078475952,ycefe7k4
43522,1.273280382156372,ycefe7k4
43527,1.2434823513031006,ycefe7k4
43540,1.2087187767028809,ycefe7k4
43548,1.3077526092529297,ycefe7k4
43553,1.2227632999420166,ycefe7k4
43569,1.23676335811615,ycefe7k4
43596,1.222036361694336,ycefe7k4
43601,1.1131638288497925,ycefe7k4
43602,1.2679232358932495,ycefe7k4
43603,1.2174121141433716,ycefe7k4
43608,1.1694871187210083,ycefe7k4
43624,1.2039769887924194,ycefe7k4
43631,1.1866321563720703,ycefe7k4
43633,1.2122999429702759,ycefe7k4
43634,1.1703163385391235,ycefe7k4
43661,1.2121962308883667,ycefe7k4
43665,1.1708911657333374,ycefe7k4
43666,1.1922138929367065,ycefe7k4
43670,1.1727468967437744,ycefe7k4
43673,1.1976706981658936,ycefe7k4
43676,1.1447930335998535,ycefe7k4
43690,1.3536168336868286,ycefe7k4
43707,1.220958948135376,ycefe7k4
43722,1.1807219982147217,ycefe7k4
43724,1.2339885234832764,ycefe7k4
43726,1.290751338005066,ycefe7k4
43730,1.1677086353302002,ycefe7k4
43745,1.1671206951141357,ycefe7k4
43753,1.2042536735534668,ycefe7k4
43767,1.1669591665267944,ycefe7k4
43782,1.1788681745529175,ycefe7k4
43788,1.2949094772338867,ycefe7k4
43808,1.2159065008163452,ycefe7k4
43813,1.20926034450531,ycefe7k4
43820,1.2022294998168945,ycefe7k4
43821,1.2416139841079712,ycefe7k4
43830,1.1890603303909302,ycefe7k4
43835,1.2504545450210571,ycefe7k4
43842,1.2792558670043945,ycefe7k4
43856,1.2157782316207886,ycefe7k4
43857,1.2300708293914795,ycefe7k4
43865,1.1671829223632812,ycefe7k4
43880,1.2423067092895508,ycefe7k4
43885,1.2708168029785156,ycefe7k4
43889,1.2308846712112427,ycefe7k4
43904,1.2327775955200195,ycefe7k4
43910,1.2076183557510376,ycefe7k4
43917,1.213545322418213,ycefe7k4
43920,1.296378493309021,ycefe7k4
43974,1.1590543985366821,ycefe7k4
43993,1.3962342739105225,ycefe7k4
43999,1.159373164176941,ycefe7k4
44001,1.2822544574737549,ycefe7k4
44003,1.2725337743759155,ycefe7k4
44014,1.1658353805541992,ycefe7k4
44016,1.266624927520752,ycefe7k4
44029,1.2705357074737549,ycefe7k4
44030,1.2557493448257446,ycefe7k4
44034,1.154192328453064,ycefe7k4
44045,1.2631219625473022,ycefe7k4
44052,1.259634256362915,ycefe7k4
44059,1.1711666584014893,ycefe7k4
44060,1.2304946184158325,ycefe7k4
44064,1.1534167528152466,ycefe7k4
44082,1.257623314857483,ycefe7k4
44087,1.3242732286453247,ycefe7k4
44098,1.1559816598892212,ycefe7k4
44112,1.2624175548553467,ycefe7k4
44119,1.2547417879104614,ycefe7k4
44131,1.1664717197418213,ycefe7k4
44135,1.1680015325546265,ycefe7k4
44153,1.154924750328064,ycefe7k4
44155,1.1591887474060059,ycefe7k4
44162,1.2546401023864746,ycefe7k4
44206,1.2437371015548706,ycefe7k4
44208,1.242857813835144,ycefe7k4
44224,1.2280937433242798,ycefe7k4
44248,1.1967532634735107,ycefe7k4
44249,1.2451117038726807,ycefe7k4
44250,1.2179765701293945,ycefe7k4
44252,1.1826127767562866,ycefe7k4
44265,1.210416316986084,ycefe7k4
44276,1.2121963500976562,ycefe7k4
44298,1.2828896045684814,ycefe7k4
44307,1.20772385597229,ycefe7k4
44315,1.208942174911499,ycefe7k4
44329,1.1992976665496826,ycefe7k4
44344,1.25223970413208,ycefe7k4
44348,1.2194205522537231,ycefe7k4
44371,1.2199574708938599,ycefe7k4
44450,1.2529127597808838,ycefe7k4
44452,1.1719732284545898,ycefe7k4
44476,1.191611409187317,ycefe7k4
44477,1.2213549613952637,ycefe7k4
44492,1.1670299768447876,ycefe7k4
44510,1.2541860342025757,ycefe7k4
44512,1.1614373922348022,ycefe7k4
44524,1.199154019355774,ycefe7k4
44530,1.1477662324905396,ycefe7k4
44539,1.2613617181777954,ycefe7k4
44546,1.1980332136154175,ycefe7k4
44547,1.2052007913589478,ycefe7k4
44548,1.1942567825317383,ycefe7k4
44557,1.2134969234466553,ycefe7k4
44565,1.1824361085891724,ycefe7k4
44568,1.2032599449157715,ycefe7k4
44570,1.2283475399017334,ycefe7k4
44578,1.2106131315231323,ycefe7k4
44593,1.1192485094070435,ycefe7k4
44605,1.1786284446716309,ycefe7k4
44647,1.1881896257400513,ycefe7k4
44658,1.1829034090042114,ycefe7k4
44659,1.2516520023345947,ycefe7k4
44666,1.0595040321350098,ycefe7k4
44674,1.1755551099777222,ycefe7k4
44678,1.2207846641540527,ycefe7k4
44681,1.1634831428527832,ycefe7k4
44683,1.1928597688674927,ycefe7k4
44726,1.2737711668014526,ycefe7k4
44735,1.1568057537078857,ycefe7k4
44741,1.1804029941558838,ycefe7k4
44753,1.1536850929260254,ycefe7k4
44774,1.2978515625,ycefe7k4
44779,1.2217859029769897,ycefe7k4
44784,1.2299883365631104,ycefe7k4
44788,1.2200897932052612,ycefe7k4
44794,1.2987592220306396,ycefe7k4
44797,1.2488369941711426,ycefe7k4
44798,1.2610087394714355,ycefe7k4
44811,1.227441430091858,ycefe7k4
44824,1.2461479902267456,ycefe7k4
44859,1.1962863206863403,ycefe7k4
44861,1.1816658973693848,ycefe7k4
44884,1.1423288583755493,ycefe7k4
44891,1.1518343687057495,ycefe7k4
44904,1.2047463655471802,ycefe7k4
44954,1.2542896270751953,ycefe7k4
44975,1.260424017906189,ycefe7k4
44993,1.149469017982483,ycefe7k4
44996,1.168115496635437,ycefe7k4
45001,1.2723894119262695,ycefe7k4
45006,1.2559237480163574,ycefe7k4
45028,1.1657541990280151,ycefe7k4
45034,1.1593875885009766,ycefe7k4
45037,1.1893846988677979,ycefe7k4
45040,1.2858167886734009,ycefe7k4
45046,1.2280298471450806,ycefe7k4
45074,1.1293219327926636,ycefe7k4
45077,1.1139888763427734,ycefe7k4
45094,1.162117600440979,ycefe7k4
45095,1.2168384790420532,ycefe7k4
45111,1.2280683517456055,ycefe7k4
45113,1.2242488861083984,ycefe7k4
45123,1.1905215978622437,ycefe7k4
45164,1.1586726903915405,ycefe7k4
45167,1.2583632469177246,ycefe7k4
45176,1.1657724380493164,ycefe7k4
45185,1.1807516813278198,ycefe7k4
45190,1.242487907409668,ycefe7k4
45191,1.2102901935577393,ycefe7k4
45200,1.231391191482544,ycefe7k4
45204,1.2035012245178223,ycefe7k4
45214,1.2454534769058228,ycefe7k4
45221,1.2073293924331665,ycefe7k4
45222,1.255753517150879,ycefe7k4
45225,1.166368007659912,ycefe7k4
45234,1.2372746467590332,ycefe7k4
45235,1.2062227725982666,ycefe7k4
45242,1.1802178621292114,ycefe7k4
45246,1.3079508543014526,ycefe7k4
45254,1.215327262878418,ycefe7k4
45281,1.2478049993515015,ycefe7k4
45288,1.1877267360687256,ycefe7k4
45300,1.1607415676116943,ycefe7k4
45303,1.246786117553711,ycefe7k4
45354,1.2738513946533203,ycefe7k4
45380,1.2660776376724243,ycefe7k4
45382,1.155666708946228,ycefe7k4
45413,1.2380328178405762,ycefe7k4
45418,1.1877492666244507,ycefe7k4
45432,1.1893528699874878,ycefe7k4
45442,1.1757395267486572,ycefe7k4
45444,1.206876277923584,ycefe7k4
45448,1.2276639938354492,ycefe7k4
45464,1.129554033279419,ycefe7k4
45469,1.24520742893219,ycefe7k4
45481,1.1598172187805176,ycefe7k4
45512,1.2056465148925781,ycefe7k4
45526,1.248242974281311,ycefe7k4
45533,1.181134819984436,ycefe7k4
45554,1.3057689666748047,ycefe7k4
45559,1.216198205947876,ycefe7k4
45560,1.2600018978118896,ycefe7k4
45582,1.218834400177002,ycefe7k4
45584,1.1968331336975098,ycefe7k4
45588,1.2200475931167603,ycefe7k4
45590,1.2108014822006226,ycefe7k4
45597,1.179093360900879,ycefe7k4
45600,1.2416425943374634,ycefe7k4
45611,1.2606980800628662,ycefe7k4
45623,1.1743170022964478,ycefe7k4
45663,1.1931442022323608,ycefe7k4
45667,1.1242326498031616,ycefe7k4
45675,1.284819483757019,ycefe7k4
45689,1.155817985534668,ycefe7k4
45696,1.2515124082565308,ycefe7k4
45697,1.2114452123641968,ycefe7k4
45748,1.2792184352874756,ycefe7k4
45760,1.1238070726394653,ycefe7k4
45774,1.199780821800232,ycefe7k4
45776,1.2549066543579102,ycefe7k4
45784,1.1845476627349854,ycefe7k4
45789,1.2391119003295898,ycefe7k4
45796,1.2519605159759521,ycefe7k4
45806,1.1528713703155518,ycefe7k4
45821,1.2992314100265503,ycefe7k4
45827,1.250352144241333,ycefe7k4
45836,1.1641050577163696,ycefe7k4
45837,1.208612322807312,ycefe7k4
45847,1.2440930604934692,ycefe7k4
45850,1.2921292781829834,ycefe7k4
45863,1.249229073524475,ycefe7k4
45896,1.1684685945510864,ycefe7k4
45898,1.1405348777770996,ycefe7k4
45907,1.2093232870101929,ycefe7k4
45922,1.143136978149414,ycefe7k4
45923,1.2954413890838623,ycefe7k4
45927,1.215100884437561,ycefe7k4
45939,1.1843243837356567,ycefe7k4
45949,1.2377917766571045,ycefe7k4
45982,1.2018930912017822,ycefe7k4
45991,1.281821608543396,ycefe7k4
46006,1.2837921380996704,ycefe7k4
46013,1.1612051725387573,ycefe7k4
46033,1.192777395248413,ycefe7k4
46041,1.2098863124847412,ycefe7k4
46045,1.22698175907135,ycefe7k4
46052,1.1789981126785278,ycefe7k4
46054,1.2450733184814453,ycefe7k4
46082,1.2865439653396606,ycefe7k4
46084,1.1479105949401855,ycefe7k4
46085,1.272459864616394,ycefe7k4
46087,1.2202140092849731,ycefe7k4
46091,1.2005696296691895,ycefe7k4
46127,1.2526177167892456,ycefe7k4
46158,1.2928544282913208,ycefe7k4
46176,1.1917320489883423,ycefe7k4
46181,1.2138938903808594,ycefe7k4
46191,1.267469048500061,ycefe7k4
46195,1.2376784086227417,ycefe7k4
46205,1.2831647396087646,ycefe7k4
46207,1.2007598876953125,ycefe7k4
46208,1.223259449005127,ycefe7k4
46214,1.249076247215271,ycefe7k4
46227,1.301242470741272,ycefe7k4
46244,1.1596733331680298,ycefe7k4
46248,1.1043565273284912,ycefe7k4
46252,1.212015151977539,ycefe7k4
46257,1.2534980773925781,ycefe7k4
46269,1.1629102230072021,ycefe7k4
46271,1.280522108078003,ycefe7k4
46289,1.2812639474868774,ycefe7k4
46292,1.1610432863235474,ycefe7k4
46299,1.2531379461288452,ycefe7k4
46304,1.2373625040054321,ycefe7k4
46305,1.2043359279632568,ycefe7k4
46322,1.24280846118927,ycefe7k4
46331,1.2520705461502075,ycefe7k4
46344,1.207886815071106,ycefe7k4
46355,1.1806610822677612,ycefe7k4
46356,1.2509410381317139,ycefe7k4
46363,1.1913139820098877,ycefe7k4
46367,1.2487473487854004,ycefe7k4
46376,1.229333519935608,ycefe7k4
46380,1.2595614194869995,ycefe7k4
46394,1.2299493551254272,ycefe7k4
46397,1.2262866497039795,ycefe7k4
46414,1.2594040632247925,ycefe7k4
46451,1.2052103281021118,ycefe7k4
46459,1.1905955076217651,ycefe7k4
46460,1.239538550376892,ycefe7k4
46467,1.2491552829742432,ycefe7k4
46468,1.1986582279205322,ycefe7k4
46495,1.17311429977417,ycefe7k4
46509,1.2245550155639648,ycefe7k4
46514,1.2276798486709595,ycefe7k4
46517,1.2183098793029785,ycefe7k4
46526,1.2538015842437744,ycefe7k4
46529,1.1168081760406494,ycefe7k4
46533,1.2384836673736572,ycefe7k4
46546,1.202866792678833,ycefe7k4
46550,1.224607229232788,ycefe7k4
46570,1.2177842855453491,ycefe7k4
46585,1.133778691291809,ycefe7k4
46587,1.210756778717041,ycefe7k4
46591,1.15948486328125,ycefe7k4
46595,1.181719183921814,ycefe7k4
46602,1.2540485858917236,ycefe7k4
46603,1.2608414888381958,ycefe7k4
46609,1.2429730892181396,ycefe7k4
46617,1.1260755062103271,ycefe7k4
46631,1.221491813659668,ycefe7k4
46636,1.2013506889343262,ycefe7k4
46646,1.177782654762268,ycefe7k4
46647,1.206384301185608,ycefe7k4
46661,1.178242802619934,ycefe7k4
46667,1.216882586479187,ycefe7k4
46669,1.2749766111373901,ycefe7k4
46673,1.2107666730880737,ycefe7k4
46677,1.2358448505401611,ycefe7k4
46696,1.1982389688491821,ycefe7k4
46698,1.2614458799362183,ycefe7k4
46706,1.2454617023468018,ycefe7k4
46713,1.283868670463562,ycefe7k4
46717,1.2082959413528442,ycefe7k4
46720,1.1872669458389282,ycefe7k4
46721,1.1491154432296753,ycefe7k4
46724,1.2275842428207397,ycefe7k4
46729,1.2421871423721313,ycefe7k4
46730,1.1415245532989502,ycefe7k4
46731,1.227624773979187,ycefe7k4
46734,1.284934401512146,ycefe7k4
46737,1.2010072469711304,ycefe7k4
46746,1.223591685295105,ycefe7k4
46749,1.2745822668075562,ycefe7k4
46763,1.2727622985839844,ycefe7k4
46779,1.1651673316955566,ycefe7k4
46780,1.235953688621521,ycefe7k4
46811,1.296817660331726,ycefe7k4
46839,1.2670445442199707,ycefe7k4
46871,1.2312226295471191,ycefe7k4
46878,1.1477192640304565,ycefe7k4
46883,1.244364857673645,ycefe7k4
46884,1.2054816484451294,ycefe7k4
46891,1.2909878492355347,ycefe7k4
46897,1.267022967338562,ycefe7k4
46914,1.2309931516647339,ycefe7k4
46923,1.2233645915985107,ycefe7k4
46930,1.2890260219573975,ycefe7k4
46937,1.333852767944336,ycefe7k4
46938,1.2369308471679688,ycefe7k4
46945,1.2744847536087036,ycefe7k4
46946,1.249758005142212,ycefe7k4
46956,1.2539575099945068,ycefe7k4
46957,1.2226530313491821,ycefe7k4
46973,1.2127714157104492,ycefe7k4
46981,1.1382508277893066,ycefe7k4
46983,1.2014710903167725,ycefe7k4
46993,1.2190930843353271,ycefe7k4
47000,1.1626601219177246,ycefe7k4
47002,1.2198822498321533,ycefe7k4
47004,1.3025503158569336,ycefe7k4
47005,1.3753111362457275,ycefe7k4
47007,1.1648032665252686,ycefe7k4
47012,1.2740013599395752,ycefe7k4
47017,1.1969228982925415,ycefe7k4
47034,1.2838258743286133,ycefe7k4
47052,1.1003267765045166,ycefe7k4
47070,1.2076607942581177,ycefe7k4
47081,1.234488606452942,ycefe7k4
47083,1.2142448425292969,ycefe7k4
47086,1.245673656463623,ycefe7k4
47102,1.19222891330719,ycefe7k4
47125,1.1796514987945557,ycefe7k4
47128,1.2740803956985474,ycefe7k4
47134,1.2761715650558472,ycefe7k4
47141,1.2179303169250488,ycefe7k4
47150,1.2007602453231812,ycefe7k4
47155,1.1296919584274292,ycefe7k4
47186,1.2056828737258911,ycefe7k4
47188,1.2188353538513184,ycefe7k4
47191,1.236133337020874,ycefe7k4
47196,1.294782280921936,ycefe7k4
47217,1.2483571767807007,ycefe7k4
47219,1.2533435821533203,ycefe7k4
47236,1.1304645538330078,ycefe7k4
47246,1.1954237222671509,ycefe7k4
47260,1.312925100326538,ycefe7k4
47265,1.2643532752990723,ycefe7k4
47267,1.1443147659301758,ycefe7k4
47271,1.2731600999832153,ycefe7k4
47302,1.2716693878173828,ycefe7k4
47309,1.2389990091323853,ycefe7k4
47319,1.2019630670547485,ycefe7k4
47324,1.2022569179534912,ycefe7k4
47333,1.2878317832946777,ycefe7k4
47343,1.2707668542861938,ycefe7k4
47352,1.1906044483184814,ycefe7k4
47359,1.267147183418274,ycefe7k4
47364,1.2475780248641968,ycefe7k4
47380,1.1551408767700195,ycefe7k4
47386,1.2461129426956177,ycefe7k4
47390,1.2107939720153809,ycefe7k4
47393,1.2675944566726685,ycefe7k4
47396,1.176596760749817,ycefe7k4
47430,1.2143017053604126,ycefe7k4
47440,1.2487773895263672,ycefe7k4
47451,1.2436602115631104,ycefe7k4
47468,1.178170919418335,ycefe7k4
47472,1.2426599264144897,ycefe7k4
47505,1.198316216468811,ycefe7k4
47508,1.28963041305542,ycefe7k4
47518,1.1689422130584717,ycefe7k4
47520,1.3040697574615479,ycefe7k4
47524,1.236506462097168,ycefe7k4
47567,1.2742573022842407,ycefe7k4
47570,1.2642779350280762,ycefe7k4
47573,1.187059998512268,ycefe7k4
47577,1.2323304414749146,ycefe7k4
47588,1.2024548053741455,ycefe7k4
47592,1.217397928237915,ycefe7k4
47593,1.3287913799285889,ycefe7k4
47611,1.198203682899475,ycefe7k4
47613,1.1556906700134277,ycefe7k4
47630,1.2267836332321167,ycefe7k4
47632,1.2138034105300903,ycefe7k4
47643,1.241209864616394,ycefe7k4
47646,1.2071073055267334,ycefe7k4
47670,1.2117193937301636,ycefe7k4
