_step,train/CrossEntropyLoss,_segment
1,12.552985191345215,zkvpnkk2
32,8.399090766906738,zkvpnkk2
63,7.370793342590332,zkvpnkk2
94,6.815364837646484,zkvpnkk2
125,6.450775146484375,zkvpnkk2
156,6.28696870803833,zkvpnkk2
187,6.011194705963135,zkvpnkk2
218,5.681966781616211,zkvpnkk2
249,5.5263166427612305,zkvpnkk2
280,5.2753496170043945,zkvpnkk2
311,5.115195274353027,zkvpnkk2
342,4.9180097579956055,zkvpnkk2
373,4.71425199508667,zkvpnkk2
404,4.492103576660156,zkvpnkk2
435,4.420424461364746,zkvpnkk2
466,4.276726722717285,zkvpnkk2
497,4.147460460662842,zkvpnkk2
528,4.050187587738037,zkvpnkk2
559,4.011675834655762,zkvpnkk2
590,3.881779193878174,zkvpnkk2
621,3.826838493347168,zkvpnkk2
652,3.815978765487671,zkvpnkk2
683,3.718212366104126,zkvpnkk2
714,3.6822962760925293,zkvpnkk2
745,3.6955044269561768,zkvpnkk2
776,3.6051337718963623,zkvpnkk2
807,3.5277929306030273,zkvpnkk2
838,3.583604574203491,zkvpnkk2
869,3.5634870529174805,zkvpnkk2
900,3.482553720474243,zkvpnkk2
931,3.7170963287353516,zkvpnkk2
962,3.4292542934417725,zkvpnkk2
993,3.503357410430908,zkvpnkk2
1024,3.3510327339172363,zkvpnkk2
1055,3.445242404937744,zkvpnkk2
1086,3.313955307006836,zkvpnkk2
1148,3.2738842964172363,wpvcpapk
1362,3.1444449424743652,wpvcpapk
1591,3.0317459106445312,wpvcpapk
1830,2.9388794898986816,wpvcpapk
2048,2.879915237426758,wpvcpapk
2302,2.840534210205078,wpvcpapk
2572,2.78639554977417,wpvcpapk
2782,2.7648444175720215,wpvcpapk
3008,2.756392002105713,wpvcpapk
3210,2.7130329608917236,wpvcpapk
3468,2.7153522968292236,wpvcpapk
3619,2.694058895111084,wpvcpapk
3867,2.6651995182037354,wpvcpapk
4076,2.658783197402954,wpvcpapk
4321,2.6457324028015137,wpvcpapk
4526,2.6190946102142334,wpvcpapk
4790,2.6384761333465576,wpvcpapk
5026,2.614370584487915,wpvcpapk
5282,2.587244987487793,wpvcpapk
5573,2.5836451053619385,wpvcpapk
5749,2.5907862186431885,wpvcpapk
5966,2.5741806030273438,wpvcpapk
6222,2.584913492202759,wpvcpapk
6457,2.5525906085968018,wpvcpapk
6689,2.559016227722168,wpvcpapk
6905,2.5452892780303955,wpvcpapk
7112,2.5360608100891113,wpvcpapk
7308,2.553687810897827,wpvcpapk
7568,2.5399889945983887,wpvcpapk
7806,2.5378642082214355,wpvcpapk
8005,2.5209858417510986,wpvcpapk
8246,2.519326686859131,wpvcpapk
8471,2.5148701667785645,wpvcpapk
8665,2.514085054397583,wpvcpapk
8837,2.5158095359802246,wpvcpapk
9044,2.5172512531280518,wpvcpapk
9348,2.5098607540130615,wpvcpapk
9566,2.4972310066223145,wpvcpapk
9765,2.488618850708008,wpvcpapk
9909,2.4812893867492676,wpvcpapk
10081,2.4957075119018555,wpvcpapk
10272,2.4824373722076416,wpvcpapk
10502,2.484278917312622,wpvcpapk
10720,2.4754955768585205,wpvcpapk
10942,2.478144645690918,wpvcpapk
11150,2.472046375274658,wpvcpapk
11365,2.4750237464904785,wpvcpapk
11550,2.469122886657715,wpvcpapk
11805,2.476372003555298,8kc2i4i3
11833,2.4657092094421387,8kc2i4i3
11859,2.4782986640930176,8kc2i4i3
11888,2.4720687866210938,8kc2i4i3
11919,2.4722139835357666,8kc2i4i3
11950,2.469846248626709,8kc2i4i3
11981,2.4606547355651855,8kc2i4i3
12012,2.4598679542541504,8kc2i4i3
12043,2.4653892517089844,8kc2i4i3
12074,2.4534318447113037,8kc2i4i3
12105,2.477180242538452,8kc2i4i3
12136,2.4618167877197266,8kc2i4i3
12167,2.464282512664795,8kc2i4i3
12198,2.462334394454956,8kc2i4i3
12219,2.461771249771118,8kc2i4i3
12242,2.4699623584747314,8kc2i4i3
12260,2.4712584018707275,dmf6o2a4
12282,2.461414098739624,8kc2i4i3
12303,2.453195810317993,dmf6o2a4
12325,2.475107431411743,8kc2i4i3
12363,2.4546377658843994,dmf6o2a4
12437,2.458299398422241,dmf6o2a4
12495,2.4524693489074707,dmf6o2a4
12563,2.456479787826538,dmf6o2a4
12646,2.4689488410949707,dmf6o2a4
12709,2.4618542194366455,dmf6o2a4
12784,2.453634023666382,dmf6o2a4
12850,2.437645196914673,dmf6o2a4
12918,2.456088066101074,dmf6o2a4
12970,2.4489338397979736,dmf6o2a4
13049,2.454185962677002,dmf6o2a4
13122,2.450883626937866,dmf6o2a4
13171,2.451354742050171,dmf6o2a4
13242,2.4711098670959473,dmf6o2a4
13294,2.453376531600952,dmf6o2a4
13368,2.4696996212005615,dmf6o2a4
13426,2.443005084991455,dmf6o2a4
13508,2.45371413230896,dmf6o2a4
13582,2.453049659729004,dmf6o2a4
13647,2.450665235519409,dmf6o2a4
13724,2.4446473121643066,dmf6o2a4
13782,2.4471967220306396,dmf6o2a4
13854,2.438697576522827,dmf6o2a4
13930,2.4441332817077637,dmf6o2a4
14003,2.4432551860809326,dmf6o2a4
14063,2.4535131454467773,dmf6o2a4
14132,2.461338996887207,dmf6o2a4
14211,2.436527729034424,dmf6o2a4
14279,2.4447109699249268,dmf6o2a4
14347,2.45393967628479,dmf6o2a4
14410,2.4488933086395264,dmf6o2a4
14478,2.440067768096924,dmf6o2a4
14564,2.444157838821411,dmf6o2a4
14634,2.4480960369110107,dmf6o2a4
14691,2.435107946395874,dmf6o2a4
14756,2.444672107696533,dmf6o2a4
14822,2.4409310817718506,dmf6o2a4
14902,2.451401948928833,dmf6o2a4
14978,2.440950393676758,dmf6o2a4
15040,2.4501235485076904,dmf6o2a4
15110,2.4237186908721924,dmf6o2a4
15181,2.419135570526123,dmf6o2a4
15259,2.429431915283203,dmf6o2a4
15322,2.4372687339782715,dmf6o2a4
15387,2.4121148586273193,dmf6o2a4
15417,2.440601348876953,pgkt28e2
15436,2.4192583560943604,pgkt28e2
15460,2.43072509765625,dmf6o2a4
15481,2.440289258956909,dmf6o2a4
15502,2.431501626968384,pgkt28e2
15530,2.4369924068450928,pgkt28e2
15561,2.440206527709961,pgkt28e2
15592,2.4370431900024414,pgkt28e2
15612,2.418119192123413,kdu4jx3c
15628,2.4249935150146484,kdu4jx3c
15659,2.453925132751465,kdu4jx3c
15690,2.44179630279541,kdu4jx3c
15721,2.4428751468658447,kdu4jx3c
15752,2.43111252784729,kdu4jx3c
15783,2.4353809356689453,kdu4jx3c
15814,2.423293352127075,kdu4jx3c
15845,2.4422693252563477,kdu4jx3c
15876,2.433710813522339,kdu4jx3c
15907,2.4310410022735596,kdu4jx3c
15938,2.437612533569336,kdu4jx3c
15969,2.422642707824707,kdu4jx3c
16000,2.441540479660034,kdu4jx3c
16031,2.4273133277893066,kdu4jx3c
16062,2.4328272342681885,kdu4jx3c
16093,2.437971591949463,kdu4jx3c
16124,2.432413101196289,kdu4jx3c
16155,2.4267051219940186,kdu4jx3c
16186,2.43009877204895,kdu4jx3c
16217,2.4287638664245605,kdu4jx3c
16248,2.4487149715423584,kdu4jx3c
16279,2.4272055625915527,kdu4jx3c
16310,2.4308273792266846,kdu4jx3c
16341,2.422159433364868,kdu4jx3c
16372,2.4307799339294434,kdu4jx3c
16403,2.432621717453003,kdu4jx3c
16434,2.4340147972106934,kdu4jx3c
16465,2.421182155609131,kdu4jx3c
16496,2.4194958209991455,kdu4jx3c
16527,2.4393815994262695,kdu4jx3c
16558,2.428065299987793,kdu4jx3c
16589,2.4246225357055664,kdu4jx3c
16610,2.4241585731506348,kdu4jx3c
16626,2.427748441696167,0fe1mlmd
16641,2.4346578121185303,kdu4jx3c
16657,2.4135947227478027,0fe1mlmd
16674,2.4302799701690674,0fe1mlmd
16705,2.4143729209899902,0fe1mlmd
16736,2.423492670059204,0fe1mlmd
16767,2.4293556213378906,0fe1mlmd
16798,2.422226905822754,0fe1mlmd
16829,2.4484684467315674,0fe1mlmd
16860,2.421868085861206,0fe1mlmd
16891,2.4322669506073,0fe1mlmd
16922,2.421082019805908,0fe1mlmd
16953,2.424300193786621,0fe1mlmd
16984,2.412172317504883,0fe1mlmd
17008,2.4244296550750732,0fe1mlmd
17023,2.4284815788269043,146706h7
17039,2.421731472015381,0fe1mlmd
17065,2.425964117050171,146706h7
17096,2.427346706390381,146706h7
17127,2.4250593185424805,146706h7
17158,2.4368743896484375,146706h7
17189,2.4331371784210205,146706h7
17220,2.4211971759796143,146706h7
17251,2.4113714694976807,146706h7
17282,2.410902261734009,146706h7
17313,2.4173743724823,146706h7
17344,2.432605028152466,146706h7
17375,2.4262173175811768,146706h7
17403,2.439953088760376,nviax6ty
17419,2.4169132709503174,146706h7
17434,2.4219961166381836,nviax6ty
17450,2.4244027137756348,146706h7
17465,2.4828200340270996,nviax6ty
17481,2.429023504257202,146706h7
17496,2.4349141120910645,nviax6ty
17512,2.423520565032959,146706h7
17527,2.401979446411133,nviax6ty
17547,2.422997236251831,nviax6ty
17578,2.413931369781494,nviax6ty
17609,2.430664300918579,nviax6ty
17640,2.4063961505889893,nviax6ty
17671,2.4275760650634766,nviax6ty
17702,2.4224767684936523,nviax6ty
17733,2.41489577293396,nviax6ty
17764,2.4209020137786865,nviax6ty
17795,2.4305458068847656,nviax6ty
17826,2.423464775085449,nviax6ty
17857,2.418302059173584,nviax6ty
17888,2.4160642623901367,nviax6ty
17919,2.426445245742798,nviax6ty
17950,2.420771598815918,nviax6ty
17981,2.4108548164367676,nviax6ty
18012,2.426164388656616,nviax6ty
18043,2.41510009765625,nviax6ty
18074,2.425842761993408,nviax6ty
18105,2.4102213382720947,nviax6ty
18136,2.4380111694335938,nviax6ty
18167,2.41269850730896,nviax6ty
18198,2.417668342590332,nviax6ty
18229,2.408046007156372,nviax6ty
18260,2.4143381118774414,nviax6ty
18291,2.426570177078247,nviax6ty
18322,2.4137885570526123,nviax6ty
18353,2.420405387878418,nviax6ty
18384,2.420971393585205,nviax6ty
18408,2.4197518825531006,jgq2hj9d
18426,2.4283978939056396,jgq2hj9d
18457,2.423046112060547,jgq2hj9d
18488,2.4087846279144287,jgq2hj9d
18519,2.403848648071289,jgq2hj9d
18550,2.419340133666992,jgq2hj9d
18581,2.4265334606170654,jgq2hj9d
18606,2.39458966255188,jgq2hj9d
18622,2.4075422286987305,dld44xjj
18637,2.4242196083068848,jgq2hj9d
18653,2.4145145416259766,dld44xjj
18668,2.4256985187530518,jgq2hj9d
18684,2.4241292476654053,dld44xjj
18699,2.4115681648254395,jgq2hj9d
18715,2.4083023071289062,dld44xjj
18730,2.4288156032562256,jgq2hj9d
18746,2.3971152305603027,dld44xjj
18761,2.410381317138672,jgq2hj9d
18777,2.412543535232544,dld44xjj
18792,2.410881996154785,jgq2hj9d
18816,2.4244375228881836,dld44xjj
18847,2.408292531967163,dld44xjj
18878,2.4269444942474365,dld44xjj
18909,2.406599283218384,dld44xjj
18940,2.42594051361084,dld44xjj
18971,2.4071362018585205,dld44xjj
19002,2.424785614013672,dld44xjj
19033,2.4115407466888428,dld44xjj
19064,2.4186248779296875,dld44xjj
19095,2.4145288467407227,dld44xjj
19126,2.418396234512329,dld44xjj
19157,2.4109115600585938,dld44xjj
19188,2.421276092529297,dld44xjj
19219,2.4185032844543457,dld44xjj
19250,2.4178895950317383,dld44xjj
19284,2.4115400314331055,dld44xjj
19315,2.4200150966644287,dld44xjj
19346,2.4113831520080566,dld44xjj
19377,2.4107940196990967,dld44xjj
19408,2.422013759613037,dld44xjj
19439,2.4131479263305664,dld44xjj
19470,2.4081881046295166,dld44xjj
19501,2.4173052310943604,dld44xjj
19532,2.4128060340881348,dld44xjj
19563,2.406689167022705,dld44xjj
19594,2.421729803085327,dld44xjj
19625,2.4095401763916016,dld44xjj
19656,2.4193222522735596,dld44xjj
19687,2.406606435775757,dld44xjj
19718,2.4222490787506104,dld44xjj
19749,2.409640312194824,dld44xjj
19780,2.429823637008667,dld44xjj
19811,2.4111688137054443,dld44xjj
19842,2.4116077423095703,dld44xjj
20134,2.394773244857788,rjm8c8zs
20887,2.4031078815460205,rjm8c8zs
21552,2.3886783123016357,rjm8c8zs
22264,2.392413377761841,rjm8c8zs
23131,2.391451358795166,rjm8c8zs
23766,2.403324604034424,rjm8c8zs
24463,2.386399030685425,rjm8c8zs
25415,2.386894941329956,rjm8c8zs
25994,2.388498067855835,rjm8c8zs
26934,2.3767333030700684,rjm8c8zs
27594,2.3970701694488525,rjm8c8zs
28419,2.37068510055542,rjm8c8zs
28849,2.3772122859954834,rjm8c8zs
29583,2.376298427581787,rjm8c8zs
30165,2.3765878677368164,rjm8c8zs
30918,2.3771159648895264,rjm8c8zs
31358,2.374133586883545,rjm8c8zs
32160,2.3805289268493652,rjm8c8zs
32832,2.362311840057373,rjm8c8zs
33659,2.369767904281616,rjm8c8zs
34285,2.357954740524292,rjm8c8zs
34856,2.369575023651123,rjm8c8zs
35704,2.3693206310272217,rjm8c8zs
36507,2.3524866104125977,rjm8c8zs
37421,2.3554892539978027,rjm8c8zs
37943,2.3488526344299316,rjm8c8zs
38869,2.3695430755615234,rjm8c8zs
39538,2.3544671535491943,rjm8c8zs
40211,2.356792688369751,rjm8c8zs
40970,2.3429155349731445,rjm8c8zs
41829,2.354327440261841,rjm8c8zs
42645,2.3600709438323975,rjm8c8zs
43446,2.3386168479919434,rjm8c8zs
43955,2.351710796356201,rjm8c8zs
44684,2.3504834175109863,rjm8c8zs
45592,2.3387672901153564,rjm8c8zs
46464,2.345290184020996,rjm8c8zs
46983,2.3490679264068604,rjm8c8zs
47652,2.3443703651428223,rjm8c8zs
48535,2.3523313999176025,rjm8c8zs
49397,2.3557322025299072,rjm8c8zs
50017,2.3360133171081543,rjm8c8zs
50657,2.3337979316711426,rjm8c8zs
51208,2.338700771331787,rjm8c8zs
51879,2.324817657470703,rjm8c8zs
52611,2.3454267978668213,rjm8c8zs
53199,2.332672595977783,rjm8c8zs
53988,2.336578607559204,rjm8c8zs
54657,2.334862232208252,rjm8c8zs
55096,2.313765525817871,lq205p5z
55751,2.3422608375549316,lq205p5z
56319,2.3359732627868652,lq205p5z
56783,2.3260531425476074,lq205p5z
57239,2.341261863708496,lq205p5z
57986,2.3252651691436768,lq205p5z
58552,2.3358161449432373,lq205p5z
59041,2.3435909748077393,lq205p5z
59625,2.336441993713379,lq205p5z
60256,2.3318123817443848,lq205p5z
60742,2.347465991973877,lq205p5z
61367,2.333069086074829,lq205p5z
61962,2.3301291465759277,lq205p5z
62381,2.3510639667510986,lq205p5z
63005,2.320535659790039,lq205p5z
63449,2.3252029418945312,lq205p5z
63770,2.3241066932678223,lq205p5z
64337,2.318101644515991,lq205p5z
64788,2.3353967666625977,lq205p5z
65313,2.3139398097991943,lq205p5z
65773,2.320810317993164,lq205p5z
66120,2.320777416229248,lq205p5z
66603,2.3238844871520996,lq205p5z
67133,2.326154947280884,lq205p5z
67635,2.3241302967071533,lq205p5z
68287,2.329655170440674,lq205p5z
68817,2.3190510272979736,lq205p5z
69187,2.319061040878296,lq205p5z
69667,2.3304781913757324,lq205p5z
70307,2.341203451156616,lq205p5z
70939,2.321213483810425,lq205p5z
71494,2.3235442638397217,lq205p5z
72029,2.3212900161743164,lq205p5z
72432,2.324357271194458,lq205p5z
72806,2.318375587463379,lq205p5z
73396,2.3117904663085938,lq205p5z
73835,2.320692539215088,lq205p5z
74268,2.314756393432617,lq205p5z
74760,2.3247106075286865,lq205p5z
75327,2.3128857612609863,lq205p5z
75750,2.3278985023498535,lq205p5z
76433,2.300715923309326,lq205p5z
77056,2.30584716796875,lq205p5z
77509,2.3120405673980713,lq205p5z
78009,2.3160195350646973,lq205p5z
78487,2.3161237239837646,lq205p5z
78861,2.3106961250305176,lq205p5z
79441,2.319653034210205,lq205p5z
79720,2.3064475059509277,ujx4i41g
79751,2.3068037033081055,ujx4i41g
79782,2.3004980087280273,ujx4i41g
79813,2.3217318058013916,ujx4i41g
79844,2.323389768600464,ujx4i41g
79875,2.3217663764953613,ujx4i41g
79906,2.307809829711914,ujx4i41g
79937,2.3042349815368652,ujx4i41g
79968,2.3177034854888916,ujx4i41g
79999,2.327240228652954,ujx4i41g
80030,2.3225836753845215,ujx4i41g
80061,2.3084192276000977,ujx4i41g
80092,2.3168554306030273,ujx4i41g
80123,2.308683156967163,ujx4i41g
80154,2.3150634765625,ujx4i41g
80185,2.322524070739746,ujx4i41g
80216,2.319794178009033,ujx4i41g
80247,2.3061766624450684,ujx4i41g
80278,2.3193531036376953,ujx4i41g
80309,2.319240093231201,ujx4i41g
80340,2.3180766105651855,ujx4i41g
80371,2.322499990463257,ujx4i41g
80402,2.314586639404297,ujx4i41g
80433,2.310002088546753,ujx4i41g
80464,2.320025682449341,ujx4i41g
80495,2.330986261367798,ujx4i41g
80526,2.3249104022979736,ujx4i41g
80554,2.3194539546966553,jugb4a70
80578,2.3190736770629883,jugb4a70
80609,2.310063123703003,jugb4a70
80640,2.3104681968688965,jugb4a70
80671,2.319584846496582,jugb4a70
80702,2.315311908721924,jugb4a70
80733,2.3178980350494385,jugb4a70
80764,2.3051846027374268,jugb4a70
80795,2.329190969467163,jugb4a70
80826,2.325221061706543,jugb4a70
80857,2.3156917095184326,jugb4a70
80888,2.309539556503296,jugb4a70
80919,2.3049869537353516,jugb4a70
80950,2.312528371810913,jugb4a70
80981,2.329225778579712,jugb4a70
81007,2.3043980598449707,jugb4a70
81022,2.313425302505493,nv6thxr0
81039,2.309969425201416,nv6thxr0
81056,2.3070602416992188,jugb4a70
81072,2.316633939743042,jugb4a70
81088,2.3229432106018066,nv6thxr0
81105,2.322204351425171,jugb4a70
81121,2.3198916912078857,nv6thxr0
81137,2.3242313861846924,nv6thxr0
81153,2.318183660507202,jugb4a70
81170,2.3160762786865234,jugb4a70
81186,2.3126800060272217,jugb4a70
81201,2.304413318634033,nv6thxr0
81217,2.3159983158111572,jugb4a70
81233,2.310844898223877,nv6thxr0
81249,2.322979688644409,nv6thxr0
81265,2.3258461952209473,nv6thxr0
81281,2.326744318008423,jugb4a70
81297,2.3233346939086914,jugb4a70
81314,2.314396381378174,jugb4a70
81330,2.3132264614105225,jugb4a70
81346,2.323270082473755,nv6thxr0
81362,2.311739444732666,nv6thxr0
81378,2.325998067855835,nv6thxr0
81394,2.3158199787139893,nv6thxr0
81410,2.3329274654388428,nv6thxr0
81427,2.3216772079467773,jugb4a70
81445,2.3170297145843506,jugb4a70
81467,2.3082730770111084,nv6thxr0
81501,2.314575672149658,nv6thxr0
81534,2.3112592697143555,nv6thxr0
81567,2.3124806880950928,nv6thxr0
81600,2.323829412460327,nv6thxr0
81635,2.3030130863189697,nv6thxr0
81667,2.3283989429473877,nv6thxr0
81703,2.3122975826263428,nv6thxr0
81735,2.3104684352874756,nv6thxr0
81767,2.306039571762085,nv6thxr0
81798,2.3064846992492676,nv6thxr0
81833,2.317429304122925,nv6thxr0
81866,2.31754994392395,nv6thxr0
81901,2.311330556869507,nv6thxr0
81932,2.313441753387451,nv6thxr0
81964,2.3258888721466064,nv6thxr0
81997,2.3000197410583496,nv6thxr0
82028,2.3134372234344482,nv6thxr0
82061,2.3227779865264893,nv6thxr0
82093,2.3047244548797607,nv6thxr0
82128,2.3155159950256348,nv6thxr0
82163,2.3198020458221436,nv6thxr0
82194,2.3111448287963867,nv6thxr0
82227,2.3236403465270996,nv6thxr0
82260,2.3102383613586426,nv6thxr0
82292,2.311211109161377,nv6thxr0
82323,2.3305840492248535,nv6thxr0
82359,2.3237786293029785,nv6thxr0
82392,2.316835641860962,nv6thxr0
82425,2.320751190185547,nv6thxr0
82456,2.3124449253082275,nv6thxr0
82491,2.31888484954834,nv6thxr0
82525,2.313450336456299,nv6thxr0
82557,2.3122341632843018,nv6thxr0
82588,2.3117525577545166,nv6thxr0
82611,2.330048084259033,fjcdldy5
82642,2.3120603561401367,fjcdldy5
82673,2.3282320499420166,fjcdldy5
82704,2.323178291320801,fjcdldy5
82735,2.3203964233398438,fjcdldy5
82766,2.3045654296875,fjcdldy5
82797,2.319542169570923,fjcdldy5
82828,2.3131415843963623,fjcdldy5
82859,2.323572874069214,fjcdldy5
82890,2.308828830718994,fjcdldy5
82921,2.3097684383392334,fjcdldy5
82952,2.3193511962890625,fjcdldy5
82983,2.307602882385254,fjcdldy5
83014,2.3080053329467773,zip0mfkt
83045,2.306919813156128,zip0mfkt
83076,2.3608286380767822,zip0mfkt
83107,2.311892032623291,zip0mfkt
83138,2.3204095363616943,zip0mfkt
83169,2.3130855560302734,zip0mfkt
83200,2.323438882827759,zip0mfkt
83231,2.3257710933685303,zip0mfkt
83262,2.3292572498321533,zip0mfkt
83293,2.3228800296783447,zip0mfkt
83324,2.298139810562134,zip0mfkt
83355,2.3253540992736816,zip0mfkt
83386,2.3306386470794678,zip0mfkt
83417,2.3167977333068848,zip0mfkt
83448,2.3065648078918457,zip0mfkt
83479,2.303537368774414,zip0mfkt
83510,2.308354616165161,zip0mfkt
83541,2.3031599521636963,zip0mfkt
83572,2.3208653926849365,zip0mfkt
83603,2.325050115585327,zip0mfkt
83634,2.31225323677063,zip0mfkt
83665,2.312847852706909,zip0mfkt
83696,2.317099094390869,zip0mfkt
83727,2.3046774864196777,zip0mfkt
83758,2.3197638988494873,zip0mfkt
83789,2.323245048522949,zip0mfkt
83820,2.320096492767334,zip0mfkt
83851,2.3040106296539307,zip0mfkt
83882,2.3083407878875732,zip0mfkt
83913,2.3118693828582764,zip0mfkt
83944,2.307384490966797,zip0mfkt
83975,2.3248233795166016,zip0mfkt
84006,2.3060944080352783,5p2z17ki
84037,2.320788860321045,5p2z17ki
84068,2.333569049835205,5p2z17ki
84099,2.310580253601074,5p2z17ki
84130,2.3201990127563477,5p2z17ki
84161,2.300680637359619,5p2z17ki
84192,2.320256233215332,5p2z17ki
84223,2.320122718811035,5p2z17ki
84254,2.3211216926574707,5p2z17ki
84285,2.312528371810913,5p2z17ki
84316,2.3168606758117676,5p2z17ki
84347,2.3222804069519043,5p2z17ki
84378,2.3151004314422607,5p2z17ki
84409,2.30989146232605,5p2z17ki
84440,2.3136098384857178,5p2z17ki
84471,2.2982277870178223,5p2z17ki
84502,2.321640968322754,5p2z17ki
84533,2.3141331672668457,5p2z17ki
84564,2.311793565750122,5p2z17ki
84595,2.306229591369629,5p2z17ki
84626,2.3048768043518066,5p2z17ki
84657,2.313753604888916,5p2z17ki
84688,2.325206756591797,5p2z17ki
84719,2.319453001022339,5p2z17ki
84750,2.322601079940796,5p2z17ki
84781,2.32944917678833,5p2z17ki
84812,2.3106689453125,5p2z17ki
84843,2.3207714557647705,5p2z17ki
84874,2.3170673847198486,5p2z17ki
84905,2.3177661895751953,5p2z17ki
84936,2.3168251514434814,5p2z17ki
84967,2.3139114379882812,5p2z17ki
84998,2.296287775039673,5p2z17ki
85029,2.3161709308624268,5p2z17ki
85061,2.320765495300293,oxqb0hvz
85092,2.3139309883117676,oxqb0hvz
85124,2.311706066131592,oxqb0hvz
85159,2.3050284385681152,oxqb0hvz
85192,2.3095617294311523,oxqb0hvz
85224,2.3000614643096924,oxqb0hvz
85256,2.315185308456421,oxqb0hvz
85287,2.313157081604004,oxqb0hvz
85318,2.320192813873291,oxqb0hvz
85351,2.3130428791046143,oxqb0hvz
85382,2.3066980838775635,oxqb0hvz
85414,2.3110179901123047,oxqb0hvz
85446,2.3143837451934814,oxqb0hvz
85479,2.3169803619384766,oxqb0hvz
85511,2.3165791034698486,oxqb0hvz
85544,2.3283071517944336,oxqb0hvz
85576,2.310800313949585,oxqb0hvz
85608,2.3267529010772705,oxqb0hvz
85640,2.3040871620178223,oxqb0hvz
85672,2.3130104541778564,oxqb0hvz
85705,2.3318135738372803,oxqb0hvz
85737,2.310978412628174,oxqb0hvz
85768,2.3030331134796143,oxqb0hvz
85799,2.3215861320495605,oxqb0hvz
85830,2.30949068069458,oxqb0hvz
85861,2.3240249156951904,oxqb0hvz
85892,2.3116443157196045,oxqb0hvz
85923,2.3325107097625732,oxqb0hvz
85957,2.314631223678589,oxqb0hvz
85989,2.326094388961792,oxqb0hvz
86015,2.3155124187469482,586mckhm
86039,2.303734540939331,oxqb0hvz
86063,2.312293529510498,586mckhm
86087,2.2954633235931396,oxqb0hvz
86112,2.3234329223632812,oxqb0hvz
86137,2.3128373622894287,oxqb0hvz
86162,2.318251132965088,oxqb0hvz
86187,2.304274559020996,oxqb0hvz
86212,2.323201894760132,oxqb0hvz
86239,2.313666343688965,oxqb0hvz
86263,2.299812078475952,586mckhm
86285,2.318692922592163,oxqb0hvz
86310,2.317276954650879,oxqb0hvz
86334,2.3121418952941895,586mckhm
86359,2.307406425476074,oxqb0hvz
86386,2.326564311981201,oxqb0hvz
86415,2.3125627040863037,oxqb0hvz
86442,2.3193047046661377,oxqb0hvz
86469,2.327585458755493,586mckhm
86493,2.3170745372772217,586mckhm
86517,2.3142428398132324,586mckhm
86541,2.307772159576416,oxqb0hvz
86568,2.3162729740142822,586mckhm
86616,2.300570249557495,586mckhm
86723,2.304415702819824,586mckhm
86847,2.3186309337615967,586mckhm
86960,2.332136392593384,586mckhm
87068,2.3215482234954834,586mckhm
87171,2.317051649093628,586mckhm
87328,2.310023069381714,586mckhm
87454,2.322610855102539,586mckhm
87568,2.3063366413116455,586mckhm
87685,2.311002016067505,586mckhm
87817,2.3208796977996826,586mckhm
87945,2.326690196990967,586mckhm
88061,2.3161580562591553,586mckhm
88189,2.2989957332611084,586mckhm
88301,2.3278257846832275,586mckhm
88423,2.310551643371582,586mckhm
88508,2.3197524547576904,586mckhm
88614,2.3145272731781006,586mckhm
88739,2.3212368488311768,586mckhm
88845,2.303494453430176,586mckhm
88943,2.3181989192962646,586mckhm
89082,2.30120587348938,586mckhm
89182,2.3280110359191895,586mckhm
89279,2.3106584548950195,586mckhm
89397,2.310589551925659,586mckhm
89521,2.3209407329559326,586mckhm
89656,2.3021092414855957,586mckhm
89790,2.312124013900757,586mckhm
89910,2.302161693572998,586mckhm
90025,2.3057093620300293,586mckhm
90166,2.309337615966797,586mckhm
90303,2.300859212875366,586mckhm
90443,2.315009593963623,586mckhm
90536,2.3076798915863037,586mckhm
90616,2.3152847290039062,586mckhm
90737,2.299175977706909,586mckhm
90855,2.3224849700927734,586mckhm
90963,2.309952974319458,586mckhm
91110,2.3052170276641846,586mckhm
91248,2.316493511199951,586mckhm
91402,2.291149854660034,586mckhm
91520,2.316444158554077,586mckhm
91613,2.3013789653778076,586mckhm
91711,2.3051817417144775,586mckhm
91770,2.3208467960357666,fs8l0kmc
91809,2.314533233642578,fs8l0kmc
91843,2.3157460689544678,fs8l0kmc
91881,2.3100156784057617,fs8l0kmc
91915,2.326585292816162,fs8l0kmc
91949,2.313897132873535,fs8l0kmc
91982,2.301767349243164,fs8l0kmc
92015,2.311138391494751,fs8l0kmc
92047,2.312957286834717,fs8l0kmc
92083,2.305410385131836,fs8l0kmc
92120,2.3009204864501953,fs8l0kmc
92154,2.3046977519989014,fs8l0kmc
92194,2.3095338344573975,fs8l0kmc
92228,2.3083245754241943,fs8l0kmc
92263,2.313628673553467,fs8l0kmc
92299,2.3074212074279785,fs8l0kmc
92337,2.315471649169922,fs8l0kmc
92371,2.3282310962677,fs8l0kmc
92406,2.3145253658294678,fs8l0kmc
92443,2.302299976348877,fs8l0kmc
92474,2.3138041496276855,fs8l0kmc
92507,2.3089215755462646,fs8l0kmc
92538,2.310822010040283,fs8l0kmc
92574,2.3084211349487305,fs8l0kmc
92607,2.309907913208008,fs8l0kmc
92643,2.307600259780884,fs8l0kmc
92676,2.2995245456695557,fs8l0kmc
92709,2.317568778991699,fs8l0kmc
92742,2.3103408813476562,fs8l0kmc
92773,2.3095755577087402,fs8l0kmc
92806,2.3109958171844482,fs8l0kmc
92839,2.30715012550354,fs8l0kmc
92874,2.305982828140259,fs8l0kmc
92910,2.3018715381622314,fs8l0kmc
92941,2.3117423057556152,fs8l0kmc
92973,2.30163836479187,fs8l0kmc
93010,2.3117198944091797,fs8l0kmc
93044,2.3182685375213623,fs8l0kmc
93077,2.3148505687713623,fs8l0kmc
93114,2.317631244659424,fs8l0kmc
93149,2.320498466491699,fs8l0kmc
93181,2.306358575820923,fs8l0kmc
93212,2.308429479598999,fs8l0kmc
93251,2.298152446746826,fs8l0kmc
93283,2.312544584274292,fs8l0kmc
93315,2.300184726715088,fs8l0kmc
93349,2.3162779808044434,fs8l0kmc
93382,2.305813789367676,fs8l0kmc
93410,2.318892002105713,9ny1c205
93454,2.312732219696045,9ny1c205
93503,2.304816961288452,9ny1c205
93552,2.3168115615844727,9ny1c205
93598,2.293388843536377,9ny1c205
93648,2.3186206817626953,9ny1c205
93694,2.325622081756592,9ny1c205
93745,2.31256103515625,9ny1c205
93802,2.309434175491333,9ny1c205
93859,2.313052177429199,9ny1c205
93904,2.305198907852173,9ny1c205
93959,2.3029117584228516,9ny1c205
94010,2.31742262840271,9ny1c205
94056,2.3091843128204346,9ny1c205
94110,2.319091558456421,9ny1c205
94149,2.3002967834472656,9ny1c205
94200,2.2913289070129395,9ny1c205
94247,2.3105239868164062,9ny1c205
94302,2.3152129650115967,9ny1c205
94341,2.308021306991577,9ny1c205
94389,2.2928466796875,9ny1c205
94436,2.31327748298645,9ny1c205
94479,2.2994439601898193,9ny1c205
94523,2.3202133178710938,9ny1c205
94570,2.2917261123657227,9ny1c205
94615,2.2943172454833984,9ny1c205
94662,2.30053448677063,9ny1c205
94719,2.300755500793457,9ny1c205
94773,2.3024439811706543,9ny1c205
94822,2.301659107208252,9ny1c205
94872,2.323746919631958,9ny1c205
94931,2.306925058364868,9ny1c205
94979,2.3039629459381104,9ny1c205
95015,2.2997677326202393,9ny1c205
95040,2.311732769012451,9ny1c205
95069,2.315197706222534,9ny1c205
95097,2.3143203258514404,9ny1c205
95129,2.3266842365264893,9ny1c205
95155,2.2987890243530273,9ny1c205
95185,2.3119161128997803,jq8p8dhx
95214,2.3221330642700195,9ny1c205
95245,2.297060966491699,jq8p8dhx
95271,2.3095412254333496,jq8p8dhx
95301,2.2983124256134033,9ny1c205
95328,2.311506509780884,jq8p8dhx
95358,2.3081564903259277,9ny1c205
95394,2.3175854682922363,9ny1c205
95420,2.3056440353393555,9ny1c205
95454,2.3060555458068848,9ny1c205
95480,2.3027396202087402,jq8p8dhx
95506,2.301661729812622,jq8p8dhx
95533,2.3120486736297607,9ny1c205
95567,2.3121800422668457,jq8p8dhx
95591,2.2824723720550537,9ny1c205
95616,2.3118221759796143,9ny1c205
95650,2.294239044189453,jq8p8dhx
95677,2.30871319770813,jq8p8dhx
95714,2.296159505844116,jq8p8dhx
95736,2.3022992610931396,9ny1c205
95761,2.3042430877685547,9ny1c205
95791,2.3205583095550537,9ny1c205
95824,2.310656785964966,jq8p8dhx
95886,2.308877944946289,jq8p8dhx
95945,2.299423933029175,jq8p8dhx
96002,2.3113925457000732,jq8p8dhx
96065,2.3015987873077393,jq8p8dhx
96134,2.332981586456299,jq8p8dhx
96186,2.3162639141082764,jq8p8dhx
96250,2.3233766555786133,jq8p8dhx
96325,2.318152666091919,jq8p8dhx
96391,2.3135740756988525,jq8p8dhx
96452,2.311131715774536,jq8p8dhx
96527,2.3091046810150146,jq8p8dhx
96585,2.3210179805755615,jq8p8dhx
96656,2.312251567840576,jq8p8dhx
96727,2.3152148723602295,jq8p8dhx
96798,2.30267071723938,jq8p8dhx
96855,2.311439275741577,jq8p8dhx
96918,2.32627534866333,jq8p8dhx
96994,2.3158223628997803,jq8p8dhx
97056,2.302863836288452,jq8p8dhx
97130,2.3009986877441406,jq8p8dhx
97188,2.30314040184021,jq8p8dhx
97258,2.3080508708953857,jq8p8dhx
97331,2.318828582763672,jq8p8dhx
97395,2.30311918258667,jq8p8dhx
97460,2.297893762588501,jq8p8dhx
97515,2.308546781539917,jq8p8dhx
97576,2.3143391609191895,jq8p8dhx
97642,2.309210777282715,jq8p8dhx
97724,2.32185697555542,jq8p8dhx
97791,2.296441078186035,jq8p8dhx
97852,2.3234922885894775,jq8p8dhx
97917,2.3069446086883545,jq8p8dhx
97984,2.307126522064209,jq8p8dhx
98062,2.308769702911377,jq8p8dhx
98123,2.3058669567108154,jq8p8dhx
98167,2.309997081756592,9iodfs9i
98211,2.3383519649505615,9iodfs9i
98257,2.317455768585205,9iodfs9i
98302,2.299799680709839,9iodfs9i
98345,2.298172950744629,9iodfs9i
98385,2.3134853839874268,9iodfs9i
98426,2.320328950881958,9iodfs9i
98475,2.314201831817627,9iodfs9i
98521,2.3090696334838867,9iodfs9i
98572,2.305145025253296,9iodfs9i
98619,2.321392297744751,9iodfs9i
98662,2.2986443042755127,9iodfs9i
98711,2.3079028129577637,9iodfs9i
98757,2.3049511909484863,9iodfs9i
98802,2.298964023590088,9iodfs9i
98851,2.317413806915283,9iodfs9i
98888,2.3049232959747314,9iodfs9i
98925,2.296945810317993,9iodfs9i
98975,2.3061413764953613,9iodfs9i
99015,2.315732479095459,9iodfs9i
99061,2.302170753479004,9iodfs9i
99098,2.3096230030059814,9iodfs9i
99144,2.307065963745117,9iodfs9i
99190,2.2990195751190186,9iodfs9i
99231,2.3208796977996826,9iodfs9i
99273,2.292509078979492,9iodfs9i
99317,2.295187473297119,9iodfs9i
99359,2.3110387325286865,9iodfs9i
99406,2.322373867034912,9iodfs9i
99458,2.3055269718170166,9iodfs9i
99505,2.3094844818115234,9iodfs9i
99551,2.2950522899627686,9iodfs9i
99592,2.3099493980407715,9iodfs9i
99639,2.3081297874450684,9iodfs9i
99693,2.3138346672058105,9iodfs9i
99737,2.297693967819214,9iodfs9i
99774,2.299999237060547,9iodfs9i
99824,2.3091344833374023,9iodfs9i
99866,2.3097333908081055,9iodfs9i
99908,2.2917912006378174,9iodfs9i
99957,2.304046154022217,9iodfs9i
100001,2.3022685050964355,q73l600i
100034,2.2944164276123047,9iodfs9i
100065,2.3038339614868164,q73l600i
100093,2.2910220623016357,9iodfs9i
100132,2.303145170211792,q73l600i
100164,2.3148977756500244,9iodfs9i
100199,2.300356864929199,q73l600i
100234,2.3035082817077637,9iodfs9i
100267,2.3043038845062256,9iodfs9i
100294,2.315509796142578,9iodfs9i
100331,2.3174076080322266,q73l600i
100493,2.311614751815796,q73l600i
100618,2.3046932220458984,q73l600i
100729,2.310991048812866,q73l600i
100849,2.3032498359680176,q73l600i
100960,2.293057441711426,q73l600i
101068,2.3124639987945557,q73l600i
101171,2.3115155696868896,q73l600i
101313,2.309967279434204,q73l600i
101445,2.312706708908081,q73l600i
101561,2.3080551624298096,q73l600i
101677,2.311216354370117,q73l600i
101807,2.3151707649230957,q73l600i
101924,2.296510934829712,q73l600i
102036,2.2937192916870117,q73l600i
102168,2.299910068511963,q73l600i
102263,2.3155508041381836,q73l600i
102405,2.2837603092193604,q73l600i
102498,2.3090386390686035,q73l600i
102594,2.2818443775177,q73l600i
102714,2.297137975692749,q73l600i
102822,2.2939226627349854,q73l600i
102921,2.297363519668579,q73l600i
103060,2.3013739585876465,q73l600i
103161,2.2944562435150146,q73l600i
103256,2.303743839263916,q73l600i
103365,2.2895302772521973,q73l600i
103488,2.2998435497283936,q73l600i
103622,2.3098740577697754,q73l600i
103749,2.3054323196411133,q73l600i
103884,2.3035762310028076,q73l600i
103989,2.300607442855835,q73l600i
104129,2.303617000579834,q73l600i
104252,2.310927629470825,q73l600i
104395,2.2979395389556885,q73l600i
104517,2.287687063217163,q73l600i
104597,2.284754514694214,q73l600i
104709,2.3016459941864014,q73l600i
104827,2.3225765228271484,q73l600i
104938,2.313347339630127,q73l600i
105052,2.310283660888672,q73l600i
105226,2.303056240081787,q73l600i
105336,2.2898287773132324,q73l600i
105475,2.3161723613739014,q73l600i
105580,2.3325700759887695,q73l600i
105681,2.289262056350708,q73l600i
105710,2.3075530529022217,eqlqdquo
105725,2.312316417694092,eqlqdquo
105741,2.304208517074585,3zm6dh91
105756,2.303225040435791,eqlqdquo
105772,2.2982120513916016,3zm6dh91
105787,2.305461883544922,eqlqdquo
105803,2.307098388671875,3zm6dh91
105818,2.308131217956543,eqlqdquo
105847,2.310295581817627,eqlqdquo
105878,2.2938449382781982,eqlqdquo
105909,2.2995896339416504,eqlqdquo
105940,2.3085198402404785,eqlqdquo
105971,2.2966244220733643,eqlqdquo
106004,2.310410499572754,424lih4v
106038,2.2920687198638916,424lih4v
106072,2.311842918395996,424lih4v
106107,2.3105432987213135,424lih4v
106141,2.3076372146606445,424lih4v
106175,2.3079657554626465,424lih4v
106207,2.3106303215026855,424lih4v
106240,2.296726942062378,424lih4v
106273,2.29276442527771,424lih4v
106308,2.312386989593506,424lih4v
106342,2.310218572616577,424lih4v
106375,2.2920889854431152,424lih4v
106407,2.294586181640625,424lih4v
106446,2.304485321044922,424lih4v
106480,2.2986769676208496,424lih4v
106513,2.303304672241211,424lih4v
106548,2.301880359649658,424lih4v
106583,2.309781551361084,424lih4v
106615,2.3136754035949707,424lih4v
106650,2.2949228286743164,424lih4v
106686,2.3007583618164062,424lih4v
106718,2.2897636890411377,424lih4v
106750,2.298415422439575,424lih4v
106782,2.2933743000030518,424lih4v
106817,2.296597480773926,424lih4v
106849,2.30423903465271,424lih4v
106883,2.3112316131591797,424lih4v
106916,2.3244712352752686,424lih4v
106948,2.2970669269561768,424lih4v
106981,2.315519332885742,424lih4v
107012,2.3102152347564697,424lih4v
107044,2.3130815029144287,424lih4v
107077,2.2979445457458496,424lih4v
107108,2.3086745738983154,424lih4v
107144,2.314582347869873,424lih4v
107178,2.298083543777466,424lih4v
107210,2.3130874633789062,424lih4v
107243,2.3067455291748047,424lih4v
107275,2.297600746154785,424lih4v
107307,2.2995033264160156,424lih4v
107341,2.3108479976654053,424lih4v
107374,2.2904176712036133,424lih4v
107409,2.312446355819702,424lih4v
107440,2.3034331798553467,424lih4v
107472,2.3085837364196777,424lih4v
107505,2.285752058029175,dicpoxpp
107531,2.297945022583008,424lih4v
107555,2.3063807487487793,dicpoxpp
107578,2.297006845474243,dicpoxpp
107604,2.297327995300293,dicpoxpp
107696,2.2947561740875244,dicpoxpp
107808,2.295940399169922,dicpoxpp
107986,2.2872672080993652,dicpoxpp
108116,2.3160548210144043,dicpoxpp
108230,2.3084676265716553,dicpoxpp
108375,2.3065621852874756,dicpoxpp
108475,2.3093247413635254,dicpoxpp
108585,2.2975246906280518,dicpoxpp
108713,2.2951772212982178,dicpoxpp
108882,2.2972042560577393,dicpoxpp
109025,2.300723075866699,dicpoxpp
109117,2.2994842529296875,dicpoxpp
109241,2.301814317703247,dicpoxpp
109404,2.291708469390869,dicpoxpp
109514,2.310685873031616,dicpoxpp
109646,2.3025643825531006,dicpoxpp
109759,2.3036112785339355,dicpoxpp
109905,2.3082242012023926,dicpoxpp
110001,2.309495687484741,dicpoxpp
110112,2.295611619949341,dicpoxpp
110241,2.2912771701812744,dicpoxpp
110353,2.3062899112701416,dicpoxpp
110468,2.292645215988159,dicpoxpp
110601,2.3070733547210693,dicpoxpp
110703,2.302393913269043,dicpoxpp
110826,2.307436227798462,dicpoxpp
110940,2.302802801132202,dicpoxpp
111066,2.297654628753662,dicpoxpp
111209,2.3030810356140137,dicpoxpp
111349,2.300288438796997,dicpoxpp
111465,2.304126739501953,dicpoxpp
111617,2.2990012168884277,dicpoxpp
111747,2.3109240531921387,dicpoxpp
111891,2.3071272373199463,dicpoxpp
112019,2.2953128814697266,dicpoxpp
112099,2.291304588317871,dicpoxpp
112223,2.288442373275757,dicpoxpp
112345,2.31126070022583,dicpoxpp
112451,2.301759719848633,dicpoxpp
112603,2.304837226867676,dicpoxpp
112750,2.2903783321380615,dicpoxpp
112907,2.307415008544922,dicpoxpp
113031,2.3065311908721924,dicpoxpp
113129,2.2956058979034424,dicpoxpp
113244,2.3114378452301025,dicpoxpp
113355,2.3150172233581543,dicpoxpp
113479,2.2947838306427,dicpoxpp
113563,2.2944717407226562,y0669bdb
113598,2.294889450073242,y0669bdb
113635,2.302476644515991,y0669bdb
113671,2.313730478286743,y0669bdb
113706,2.3113160133361816,y0669bdb
113740,2.30275297164917,y0669bdb
113773,2.2924091815948486,y0669bdb
113806,2.305325508117676,y0669bdb
113839,2.3032875061035156,y0669bdb
113874,2.3043527603149414,y0669bdb
113911,2.2918827533721924,y0669bdb
113946,2.3027918338775635,y0669bdb
113981,2.306511878967285,y0669bdb
114020,2.3042871952056885,y0669bdb
114053,2.3108527660369873,y0669bdb
114091,2.298067092895508,y0669bdb
114127,2.2961719036102295,y0669bdb
114162,2.2950263023376465,y0669bdb
114197,2.293034315109253,y0669bdb
114233,2.3013174533843994,y0669bdb
114266,2.309906244277954,y0669bdb
114298,2.3005495071411133,y0669bdb
114330,2.3100087642669678,y0669bdb
114366,2.310955286026001,y0669bdb
114399,2.308234691619873,y0669bdb
114434,2.308842658996582,y0669bdb
114468,2.2838430404663086,y0669bdb
114500,2.317488670349121,y0669bdb
114534,2.2878835201263428,y0669bdb
114565,2.2869760990142822,y0669bdb
114597,2.3060731887817383,y0669bdb
114630,2.284329652786255,y0669bdb
114663,2.2942919731140137,y0669bdb
114699,2.3014280796051025,y0669bdb
114732,2.2918691635131836,y0669bdb
114764,2.2974560260772705,y0669bdb
114800,2.316298723220825,y0669bdb
114834,2.3018274307250977,y0669bdb
114868,2.3046531677246094,y0669bdb
114904,2.294234275817871,y0669bdb
114937,2.3050849437713623,y0669bdb
114972,2.2894396781921387,y0669bdb
115002,2.3069825172424316,9i6z1v1j
115021,2.309661626815796,y0669bdb
115043,2.289324998855591,y0669bdb
115061,2.3013176918029785,y0669bdb
115079,2.299377679824829,y0669bdb
115097,2.2972493171691895,y0669bdb
115118,2.2963948249816895,y0669bdb
115136,2.2902426719665527,y0669bdb
115154,2.294395685195923,9i6z1v1j
115172,2.2950642108917236,9i6z1v1j
115190,2.308573007583618,y0669bdb
115207,2.3020761013031006,y0669bdb
115248,2.3090620040893555,9i6z1v1j
115289,2.290076971054077,9i6z1v1j
115333,2.293469190597534,9i6z1v1j
115376,2.301722526550293,9i6z1v1j
115418,2.2989232540130615,9i6z1v1j
115464,2.2934508323669434,9i6z1v1j
115506,2.3035662174224854,9i6z1v1j
115546,2.2955093383789062,9i6z1v1j
115591,2.3000600337982178,9i6z1v1j
115633,2.305101156234741,9i6z1v1j
115675,2.313117742538452,9i6z1v1j
115717,2.3088536262512207,9i6z1v1j
115751,2.2976126670837402,9i6z1v1j
115791,2.3072710037231445,9i6z1v1j
115830,2.298269033432007,9i6z1v1j
115868,2.3008360862731934,9i6z1v1j
115908,2.285261631011963,9i6z1v1j
115945,2.300549268722534,9i6z1v1j
115984,2.2903759479522705,9i6z1v1j
116027,2.3044254779815674,9i6z1v1j
116065,2.277245283126831,9i6z1v1j
116101,2.3051490783691406,9i6z1v1j
116145,2.2875568866729736,9i6z1v1j
116181,2.3120622634887695,9i6z1v1j
116225,2.301511287689209,9i6z1v1j
116266,2.2950549125671387,9i6z1v1j
116315,2.305051565170288,9i6z1v1j
116361,2.296036958694458,9i6z1v1j
116404,2.3001599311828613,9i6z1v1j
116442,2.311513900756836,9i6z1v1j
116484,2.298966407775879,9i6z1v1j
116531,2.2988719940185547,7yep8ywv
116566,2.3107481002807617,9i6z1v1j
116603,2.3008909225463867,9i6z1v1j
116637,2.3071091175079346,9i6z1v1j
116678,2.2986574172973633,9i6z1v1j
116712,2.3026185035705566,9i6z1v1j
116749,2.3113017082214355,9i6z1v1j
116783,2.2959887981414795,9i6z1v1j
116820,2.3042359352111816,9i6z1v1j
116852,2.2891101837158203,9i6z1v1j
116890,2.304570198059082,9i6z1v1j
116926,2.3052239418029785,9i6z1v1j
116965,2.2905192375183105,9i6z1v1j
117024,2.297574758529663,7yep8ywv
117420,2.2963547706604004,7yep8ywv
117764,2.3015661239624023,7yep8ywv
118182,2.2892000675201416,7yep8ywv
118502,2.312697172164917,7yep8ywv
118878,2.3020434379577637,7yep8ywv
119179,2.2955050468444824,7yep8ywv
119685,2.296797752380371,7yep8ywv
120110,2.307478189468384,7yep8ywv
120437,2.305392026901245,7yep8ywv
120856,2.3106324672698975,7yep8ywv
121260,2.3092002868652344,7yep8ywv
121707,2.2937490940093994,7yep8ywv
122109,2.3004276752471924,7yep8ywv
122463,2.302964687347412,7yep8ywv
122794,2.2972588539123535,7yep8ywv
123248,2.286304235458374,7yep8ywv
123726,2.309828519821167,7yep8ywv
124068,2.293949842453003,7yep8ywv
124333,2.3019497394561768,7yep8ywv
124740,2.299187421798706,7yep8ywv
125036,2.2863926887512207,7yep8ywv
125331,2.301957130432129,7yep8ywv
125590,2.282493829727173,7yep8ywv
126031,2.302797555923462,7yep8ywv
126343,2.298027753829956,7yep8ywv
126703,2.2862966060638428,7yep8ywv
127027,2.311969518661499,7yep8ywv
127485,2.2949953079223633,7yep8ywv
127787,2.2785913944244385,7yep8ywv
128030,2.279555559158325,7yep8ywv
128359,2.3015077114105225,7yep8ywv
128810,2.2920234203338623,7yep8ywv
129097,2.2977099418640137,7yep8ywv
129500,2.2924892902374268,7yep8ywv
129884,2.296327590942383,7yep8ywv
130306,2.3043930530548096,7yep8ywv
130605,2.308448314666748,7yep8ywv
130936,2.290423631668091,7yep8ywv
131191,2.2813198566436768,7yep8ywv
131455,2.2806813716888428,7yep8ywv
131867,2.285186767578125,7yep8ywv
132277,2.302684783935547,7yep8ywv
132647,2.2963404655456543,7yep8ywv
133045,2.289947748184204,7yep8ywv
133463,2.288992404937744,7yep8ywv
133800,2.302973985671997,7yep8ywv
134105,2.282928228378296,dbimtgck
134341,2.299258232116699,dbimtgck
134615,2.2991278171539307,dbimtgck
134918,2.295482635498047,dbimtgck
135184,2.3012986183166504,dbimtgck
135534,2.2877326011657715,dbimtgck
135760,2.2925362586975098,dbimtgck
136045,2.2896921634674072,dbimtgck
136322,2.2839162349700928,dbimtgck
136569,2.2917425632476807,dbimtgck
136875,2.2941017150878906,dbimtgck
137225,2.2989091873168945,dbimtgck
137458,2.2970798015594482,dbimtgck
137783,2.2939841747283936,dbimtgck
138073,2.278270959854126,dbimtgck
138415,2.2937402725219727,dbimtgck
138659,2.286445140838623,dbimtgck
138922,2.291287660598755,dbimtgck
139243,2.3005988597869873,dbimtgck
139516,2.2847981452941895,dbimtgck
139782,2.291152000427246,dbimtgck
140035,2.2800447940826416,dbimtgck
140263,2.2750420570373535,dbimtgck
140608,2.290179491043091,dbimtgck
140836,2.28857684135437,dbimtgck
141147,2.2765932083129883,dbimtgck
141452,2.3011484146118164,dbimtgck
141655,2.2948191165924072,dbimtgck
141914,2.2803757190704346,dbimtgck
142229,2.2848734855651855,dbimtgck
142495,2.2917442321777344,dbimtgck
142715,2.284646511077881,dbimtgck
142881,2.294057846069336,dbimtgck
143095,2.2970387935638428,dbimtgck
143359,2.2847864627838135,dbimtgck
143636,2.2988593578338623,dbimtgck
143893,2.289813280105591,dbimtgck
144130,2.2985122203826904,dbimtgck
144355,2.296365737915039,dbimtgck
144713,2.294954776763916,dbimtgck
144992,2.2800300121307373,dbimtgck
145191,2.291753053665161,dbimtgck
145375,2.2787914276123047,dbimtgck
145572,2.302140235900879,dbimtgck
145760,2.2763829231262207,dbimtgck
146009,2.287144899368286,dbimtgck
146374,2.288567543029785,dbimtgck
146629,2.287146806716919,dbimtgck
146944,2.291693687438965,dbimtgck
147322,2.2826571464538574,v6s67et8
147841,2.286104917526245,v6s67et8
148371,2.2721657752990723,v6s67et8
148844,2.2713735103607178,v6s67et8
149267,2.2937915325164795,v6s67et8
149756,2.2891435623168945,v6s67et8
150374,2.279200553894043,v6s67et8
150907,2.2711403369903564,v6s67et8
151344,2.2883524894714355,v6s67et8
151876,2.2947545051574707,v6s67et8
152489,2.278787136077881,v6s67et8
152960,2.2837255001068115,v6s67et8
153484,2.2909791469573975,v6s67et8
153957,2.288813591003418,v6s67et8
154526,2.2845234870910645,v6s67et8
154922,2.273069381713867,v6s67et8
155501,2.2864279747009277,v6s67et8
155851,2.2884511947631836,v6s67et8
156165,2.266038417816162,v6s67et8
156687,2.2826852798461914,v6s67et8
157060,2.2715656757354736,v6s67et8
157492,2.279775619506836,v6s67et8
157986,2.2774994373321533,v6s67et8
158327,2.2854251861572266,v6s67et8
158665,2.3123269081115723,v6s67et8
159252,2.286146402359009,v6s67et8
159684,2.28574538230896,v6s67et8
160232,2.2749741077423096,v6s67et8
160841,2.298262119293213,v6s67et8
161251,2.289048671722412,v6s67et8
161639,2.2797749042510986,v6s67et8
161996,2.2753894329071045,v6s67et8
162507,2.2855007648468018,v6s67et8
163040,2.264977216720581,v6s67et8
163555,2.281501054763794,v6s67et8
164121,2.288771629333496,v6s67et8
164542,2.282898187637329,v6s67et8
164895,2.2772061824798584,v6s67et8
165318,2.2898707389831543,v6s67et8
165861,2.2794837951660156,v6s67et8
166245,2.270437479019165,v6s67et8
166670,2.2879910469055176,v6s67et8
167159,2.296595573425293,v6s67et8
167675,2.283918857574463,v6s67et8
168092,2.2748806476593018,v6s67et8
168666,2.283057928085327,v6s67et8
169255,2.2725019454956055,v6s67et8
169699,2.2881083488464355,v6s67et8
170056,2.282529592514038,rgtzrmlu
170275,2.291541576385498,rgtzrmlu
170502,2.2804958820343018,rgtzrmlu
170730,2.2868404388427734,rgtzrmlu
170940,2.280219316482544,rgtzrmlu
171151,2.2796413898468018,rgtzrmlu
171438,2.2845866680145264,rgtzrmlu
171630,2.2836337089538574,rgtzrmlu
171834,2.2779834270477295,rgtzrmlu
172036,2.2823774814605713,rgtzrmlu
172267,2.2757718563079834,rgtzrmlu
172462,2.2767348289489746,rgtzrmlu
172649,2.275331497192383,rgtzrmlu
172843,2.2781434059143066,rgtzrmlu
173077,2.27087664604187,rgtzrmlu
173299,2.275974750518799,rgtzrmlu
173541,2.275742530822754,rgtzrmlu
173788,2.290851593017578,rgtzrmlu
173965,2.2745285034179688,rgtzrmlu
174214,2.2643651962280273,rgtzrmlu
174443,2.2975785732269287,rgtzrmlu
174616,2.279149293899536,rgtzrmlu
174843,2.278581142425537,rgtzrmlu
175046,2.280208110809326,rgtzrmlu
175308,2.266615867614746,rgtzrmlu
175555,2.279736280441284,rgtzrmlu
175744,2.2898712158203125,rgtzrmlu
175950,2.282954216003418,rgtzrmlu
176144,2.2768959999084473,rgtzrmlu
176368,2.273516893386841,rgtzrmlu
176583,2.2741825580596924,rgtzrmlu
176799,2.274993658065796,rgtzrmlu
177027,2.2684764862060547,rgtzrmlu
177226,2.274444818496704,rgtzrmlu
177473,2.26625919342041,rgtzrmlu
177605,2.2824454307556152,rgtzrmlu
177831,2.2808310985565186,rgtzrmlu
178036,2.2842695713043213,rgtzrmlu
178355,2.28499436378479,rgtzrmlu
178508,2.258049964904785,rgtzrmlu
178701,2.278721570968628,rgtzrmlu
178855,2.2873904705047607,rgtzrmlu
179021,2.2812628746032715,rgtzrmlu
179229,2.2739720344543457,rgtzrmlu
179430,2.2694222927093506,rgtzrmlu
179620,2.2731070518493652,rgtzrmlu
179822,2.2712326049804688,rgtzrmlu
180006,2.2848031520843506,4tp3skfx
180020,2.2629635334014893,u3thyo2k
180038,2.2766034603118896,4tp3skfx
180053,2.290112018585205,u3thyo2k
180068,2.2653353214263916,4tp3skfx
180084,2.2738852500915527,4tp3skfx
180100,2.274691104888916,u3thyo2k
180119,2.2706997394561768,u3thyo2k
180135,2.2995381355285645,u3thyo2k
180151,2.2800309658050537,4tp3skfx
180168,2.2788822650909424,4tp3skfx
180185,2.283736228942871,4tp3skfx
180200,2.2792515754699707,u3thyo2k
180217,2.2827041149139404,4tp3skfx
180232,2.265835762023926,4tp3skfx
180249,2.2850418090820312,4tp3skfx
180266,2.2737646102905273,4tp3skfx
180283,2.2729551792144775,4tp3skfx
180302,2.288043737411499,4tp3skfx
180321,2.2815818786621094,4tp3skfx
180338,2.289910078048706,u3thyo2k
180356,2.2831335067749023,u3thyo2k
180374,2.274778127670288,4tp3skfx
180393,2.272365093231201,4tp3skfx
180410,2.269893169403076,u3thyo2k
180428,2.27646803855896,u3thyo2k
180448,2.2715535163879395,u3thyo2k
180465,2.2788069248199463,4tp3skfx
180483,2.28631854057312,4tp3skfx
180501,2.276670217514038,4tp3skfx
180519,2.2690439224243164,4tp3skfx
180535,2.2803425788879395,u3thyo2k
180553,2.2722582817077637,u3thyo2k
180572,2.26115083694458,4tp3skfx
180590,2.275193691253662,4tp3skfx
180608,2.276740550994873,4tp3skfx
180624,2.269268274307251,4tp3skfx
180643,2.2791013717651367,4tp3skfx
180660,2.2786550521850586,u3thyo2k
180678,2.2726776599884033,4tp3skfx
180696,2.281733274459839,u3thyo2k
180714,2.2779386043548584,u3thyo2k
180731,2.2674856185913086,4tp3skfx
180747,2.276904582977295,4tp3skfx
180764,2.272887945175171,u3thyo2k
180782,2.2729029655456543,4tp3skfx
180799,2.2737276554107666,u3thyo2k
180817,2.274468421936035,u3thyo2k
180833,2.2802462577819824,4tp3skfx
180850,2.2842137813568115,u3thyo2k
180867,2.2809319496154785,u3thyo2k
180892,2.2705624103546143,u3thyo2k
180930,2.2809836864471436,u3thyo2k
180969,2.290245294570923,u3thyo2k
181005,2.2848880290985107,r3kdgob1
181036,2.279879331588745,u3thyo2k
181062,2.286775827407837,u3thyo2k
181088,2.2781271934509277,u3thyo2k
181117,2.2901957035064697,u3thyo2k
181151,2.276700019836426,r3kdgob1
181178,2.2688112258911133,u3thyo2k
181204,2.2747249603271484,u3thyo2k
181237,2.261749267578125,r3kdgob1
181264,2.2799232006073,u3thyo2k
181295,2.2765419483184814,u3thyo2k
181324,2.2857413291931152,u3thyo2k
181359,2.2675061225891113,u3thyo2k
181391,2.271812915802002,u3thyo2k
181425,2.269007444381714,r3kdgob1
181453,2.2737162113189697,u3thyo2k
181485,2.2758171558380127,r3kdgob1
181516,2.273850440979004,u3thyo2k
181546,2.2758336067199707,r3kdgob1
181574,2.2690207958221436,u3thyo2k
181605,2.2674753665924072,u3thyo2k
181630,2.2709248065948486,u3thyo2k
181658,2.2629003524780273,r3kdgob1
181686,2.268091917037964,u3thyo2k
181716,2.278850555419922,u3thyo2k
181742,2.2844715118408203,u3thyo2k
181769,2.2786378860473633,r3kdgob1
181801,2.2950427532196045,u3thyo2k
181835,2.2983036041259766,u3thyo2k
181864,2.2683591842651367,u3thyo2k
181893,2.280592203140259,u3thyo2k
181919,2.277750015258789,u3thyo2k
181946,2.2674856185913086,r3kdgob1
181972,2.2733213901519775,r3kdgob1
182037,2.260857582092285,r3kdgob1
182148,2.279757261276245,r3kdgob1
182234,2.2797157764434814,r3kdgob1
182362,2.290208578109741,r3kdgob1
182451,2.2731385231018066,r3kdgob1
182562,2.2663938999176025,r3kdgob1
182675,2.284444808959961,r3kdgob1
182791,2.2724695205688477,r3kdgob1
182908,2.280728340148926,r3kdgob1
183011,2.282090425491333,r3kdgob1
183122,2.277191400527954,r3kdgob1
183206,2.276775360107422,r3kdgob1
183329,2.2730512619018555,r3kdgob1
183423,2.2935914993286133,r3kdgob1
183505,2.2771780490875244,r3kdgob1
183594,2.281836986541748,r3kdgob1
183702,2.2707676887512207,r3kdgob1
183796,2.28615140914917,r3kdgob1
183895,2.280327081680298,r3kdgob1
184013,2.271780014038086,r3kdgob1
184108,2.2864818572998047,r3kdgob1
184203,2.2718896865844727,r3kdgob1
184290,2.2650105953216553,r3kdgob1
184392,2.2810778617858887,r3kdgob1
184488,2.2691128253936768,r3kdgob1
184577,2.277426242828369,r3kdgob1
184706,2.2770345211029053,r3kdgob1
184826,2.270068645477295,r3kdgob1
184926,2.257155179977417,r3kdgob1
185032,2.262622356414795,r3kdgob1
185156,2.2817516326904297,r3kdgob1
185253,2.2807586193084717,r3kdgob1
185390,2.2736637592315674,r3kdgob1
185500,2.2727813720703125,r3kdgob1
185577,2.2682907581329346,r3kdgob1
185673,2.2788827419281006,r3kdgob1
185774,2.2542002201080322,r3kdgob1
185881,2.2729976177215576,r3kdgob1
185989,2.2725749015808105,r3kdgob1
186048,2.2753281593322754,fy2hgpw7
186104,2.255419969558716,fy2hgpw7
186164,2.2763848304748535,fy2hgpw7
186229,2.279881715774536,fy2hgpw7
186290,2.281362771987915,fy2hgpw7
186347,2.269987106323242,fy2hgpw7
186417,2.270331621170044,fy2hgpw7
186481,2.270348072052002,fy2hgpw7
186534,2.2600910663604736,fy2hgpw7
186608,2.2921695709228516,fy2hgpw7
186662,2.2584354877471924,fy2hgpw7
186729,2.287956714630127,fy2hgpw7
186777,2.2783315181732178,fy2hgpw7
186840,2.3139100074768066,fy2hgpw7
186909,2.268064498901367,fy2hgpw7
186960,2.288158893585205,fy2hgpw7
187027,2.2709951400756836,fy2hgpw7
187078,2.2686712741851807,fy2hgpw7
187145,2.2567038536071777,fy2hgpw7
187195,2.283238649368286,fy2hgpw7
187255,2.28186297416687,fy2hgpw7
187323,2.273470401763916,fy2hgpw7
187387,2.276820659637451,fy2hgpw7
187447,2.2834742069244385,fy2hgpw7
187522,2.269655227661133,fy2hgpw7
187578,2.2641544342041016,fy2hgpw7
187637,2.2632813453674316,fy2hgpw7
187706,2.268289566040039,fy2hgpw7
187773,2.2701363563537598,fy2hgpw7
187840,2.265180826187134,fy2hgpw7
187901,2.2725629806518555,fy2hgpw7
187967,2.2662014961242676,fy2hgpw7
188020,2.260425567626953,fy2hgpw7
188061,2.2746896743774414,nc72vu43
188101,2.278359889984131,fy2hgpw7
188148,2.2701733112335205,fy2hgpw7
188185,2.2816720008850098,nc72vu43
188228,2.272918462753296,fy2hgpw7
188273,2.278921127319336,fy2hgpw7
188320,2.278193235397339,fy2hgpw7
188361,2.267073392868042,fy2hgpw7
188409,2.2698590755462646,fy2hgpw7
188458,2.278661012649536,fy2hgpw7
188502,2.2759177684783936,nc72vu43
188544,2.2619266510009766,fy2hgpw7
188582,2.280757427215576,fy2hgpw7
188634,2.266723871231079,fy2hgpw7
188677,2.2721972465515137,nc72vu43
188729,2.2806015014648438,nc72vu43
188772,2.2803518772125244,fy2hgpw7
188814,2.2638680934906006,fy2hgpw7
188853,2.2817161083221436,fy2hgpw7
188902,2.2743639945983887,fy2hgpw7
188941,2.272218704223633,nc72vu43
188980,2.27416729927063,fy2hgpw7
189049,2.2838919162750244,nc72vu43
189183,2.267638683319092,nc72vu43
189371,2.2758545875549316,nc72vu43
189524,2.268625020980835,nc72vu43
189641,2.2756271362304688,nc72vu43
189831,2.272306442260742,nc72vu43
189967,2.275578498840332,nc72vu43
190110,2.275862693786621,nc72vu43
190228,2.274099826812744,nc72vu43
190414,2.2672672271728516,nc72vu43
190507,2.274963855743408,nc72vu43
190637,2.2782397270202637,nc72vu43
190793,2.273128032684326,nc72vu43
190914,2.269845485687256,nc72vu43
191086,2.2858622074127197,nc72vu43
191201,2.2581629753112793,nc72vu43
191336,2.264836311340332,nc72vu43
191480,2.2683632373809814,nc72vu43
191648,2.2965550422668457,nc72vu43
191814,2.269124984741211,nc72vu43
191954,2.2785396575927734,nc72vu43
192100,2.26528263092041,nc72vu43
192248,2.262143850326538,nc72vu43
192431,2.2701358795166016,nc72vu43
192554,2.279531240463257,nc72vu43
192678,2.2732083797454834,nc72vu43
192822,2.2687788009643555,nc72vu43
192947,2.2583165168762207,nc72vu43
193122,2.2735540866851807,nc72vu43
193292,2.2882556915283203,nc72vu43
193455,2.2797088623046875,nc72vu43
193591,2.2800538539886475,nc72vu43
193709,2.2786452770233154,nc72vu43
193845,2.265834093093872,nc72vu43
193963,2.2682697772979736,nc72vu43
194083,2.2726941108703613,nc72vu43
194189,2.2811520099639893,fhzqvpas
194294,2.2873175144195557,nc72vu43
194406,2.2708983421325684,nc72vu43
194516,2.2655997276306152,nc72vu43
194638,2.2657806873321533,fhzqvpas
194744,2.2775962352752686,nc72vu43
194849,2.288254499435425,nc72vu43
194968,2.2634658813476562,nc72vu43
195372,2.2695977687835693,fhzqvpas
195760,2.268183708190918,fhzqvpas
196191,2.2917470932006836,fhzqvpas
196508,2.274172782897949,fhzqvpas
197185,2.2586398124694824,fhzqvpas
197669,2.259413957595825,fhzqvpas
198102,2.2698814868927,fhzqvpas
198566,2.2671289443969727,fhzqvpas
199155,2.269122362136841,fhzqvpas
199705,2.274231433868408,fhzqvpas
200079,2.257308006286621,fhzqvpas
200583,2.2665038108825684,fhzqvpas
201031,2.2681641578674316,fhzqvpas
201526,2.265862226486206,fhzqvpas
201892,2.259268283843994,fhzqvpas
202446,2.264174461364746,fhzqvpas
202802,2.269792318344116,fhzqvpas
203103,2.258777618408203,fhzqvpas
203636,2.2806522846221924,fhzqvpas
203942,2.2716197967529297,fhzqvpas
204288,2.25996732711792,fhzqvpas
204818,2.264087438583374,fhzqvpas
205181,2.280494213104248,fhzqvpas
205476,2.2614903450012207,fhzqvpas
205834,2.273336172103882,fhzqvpas
206348,2.2593886852264404,fhzqvpas
206801,2.2527761459350586,fhzqvpas
207242,2.2533180713653564,fhzqvpas
207806,2.260241746902466,fhzqvpas
208167,2.2613611221313477,fhzqvpas
208521,2.257936954498291,fhzqvpas
208852,2.264988422393799,fhzqvpas
209305,2.269700288772583,fhzqvpas
209825,2.259197235107422,fhzqvpas
210246,2.2604000568389893,fhzqvpas
210767,2.2511990070343018,fhzqvpas
211258,2.271589517593384,fhzqvpas
211661,2.26674747467041,fhzqvpas
211963,2.2744665145874023,fhzqvpas
212477,2.2612686157226562,fhzqvpas
212865,2.261218786239624,fhzqvpas
213245,2.2635011672973633,fhzqvpas
213621,2.2642080783843994,fhzqvpas
213990,2.2584939002990723,fhzqvpas
214401,2.2569193840026855,fhzqvpas
214875,2.2560510635375977,fhzqvpas
215034,2.272599220275879,5kbqctx1
215075,2.272905111312866,5kbqctx1
215121,2.262103796005249,5kbqctx1
215160,2.2740283012390137,5kbqctx1
215200,2.2524304389953613,5kbqctx1
215239,2.2647738456726074,5kbqctx1
215278,2.272935390472412,5kbqctx1
215325,2.261187791824341,5kbqctx1
215368,2.2669124603271484,5kbqctx1
215411,2.2679736614227295,5kbqctx1
215458,2.272584915161133,5kbqctx1
215498,2.2681572437286377,5kbqctx1
215539,2.245377779006958,5kbqctx1
215583,2.2643239498138428,5kbqctx1
215623,2.277832269668579,5kbqctx1
215666,2.2534267902374268,5kbqctx1
215709,2.2671432495117188,5kbqctx1
215745,2.265655994415283,5kbqctx1
215784,2.253650188446045,5kbqctx1
215824,2.2367544174194336,5kbqctx1
215859,2.2825732231140137,5kbqctx1
215902,2.2718441486358643,5kbqctx1
215939,2.276404857635498,5kbqctx1
215977,2.2548422813415527,5kbqctx1
216017,2.2695066928863525,5kbqctx1
216055,2.2750368118286133,5kbqctx1
216089,2.2575714588165283,5kbqctx1
216131,2.270131826400757,5kbqctx1
216170,2.2677106857299805,5kbqctx1
216201,2.265948534011841,5kbqctx1
216243,2.25030517578125,5kbqctx1
216287,2.257833957672119,5kbqctx1
216324,2.258423089981079,5kbqctx1
216367,2.263087034225464,5kbqctx1
216407,2.26981782913208,5kbqctx1
216445,2.2726523876190186,5kbqctx1
216484,2.262359380722046,5kbqctx1
216531,2.268019437789917,5kbqctx1
216570,2.2601935863494873,5kbqctx1
216608,2.2623848915100098,5kbqctx1
216643,2.2658112049102783,5waidcyn
216681,2.2698464393615723,5waidcyn
216720,2.283677101135254,5kbqctx1
216756,2.2704010009765625,5kbqctx1
216798,2.2754147052764893,5kbqctx1
216841,2.2677526473999023,5kbqctx1
216878,2.253844976425171,5kbqctx1
216916,2.2570173740386963,5kbqctx1
216952,2.258821487426758,5kbqctx1
216997,2.247072696685791,5kbqctx1
217588,2.2528183460235596,5waidcyn
218202,2.252711534500122,5waidcyn
218985,2.257232189178467,5waidcyn
219657,2.255119800567627,5waidcyn
220176,2.2601773738861084,5waidcyn
220883,2.2547707557678223,5waidcyn
221720,2.26448655128479,5waidcyn
222208,2.257416009902954,5waidcyn
223141,2.2593066692352295,5waidcyn
223595,2.253272533416748,5waidcyn
224270,2.260815143585205,5waidcyn
224806,2.265406608581543,5waidcyn
225282,2.258434772491455,5waidcyn
225812,2.2492690086364746,5waidcyn
226341,2.2710275650024414,5waidcyn
226927,2.2576072216033936,5waidcyn
227369,2.251833915710449,5waidcyn
227882,2.2716023921966553,5waidcyn
228579,2.2563388347625732,5waidcyn
229100,2.257477283477783,5waidcyn
230008,2.266155958175659,5waidcyn
230498,2.2537338733673096,5waidcyn
231046,2.260601282119751,5waidcyn
231825,2.266871690750122,5waidcyn
232552,2.2727718353271484,5waidcyn
233196,2.2580783367156982,5waidcyn
233851,2.248354196548462,5waidcyn
234344,2.2576165199279785,5waidcyn
235010,2.2582597732543945,5waidcyn
235600,2.255314350128174,5waidcyn
236209,2.269493579864502,5waidcyn
236762,2.26751708984375,5waidcyn
237361,2.2652130126953125,5waidcyn
238273,2.250948190689087,5waidcyn
238857,2.258928060531616,5waidcyn
239548,2.2407774925231934,5waidcyn
239975,2.251006841659546,5waidcyn
240529,2.2609307765960693,5waidcyn
241397,2.276219606399536,5waidcyn
242061,2.2549538612365723,5waidcyn
242674,2.2515575885772705,5waidcyn
243084,2.2612931728363037,5waidcyn
243691,2.2508673667907715,5waidcyn
244440,2.2514290809631348,5waidcyn
245027,2.2484283447265625,5waidcyn
245783,2.2518460750579834,5waidcyn
246032,2.2563588619232178,owuzn97j
246075,2.2430312633514404,owuzn97j
246126,2.2566215991973877,5waidcyn
246177,2.2530887126922607,owuzn97j
246232,2.2438485622406006,owuzn97j
246284,2.24680495262146,owuzn97j
246338,2.257732629776001,owuzn97j
246402,2.2434489727020264,owuzn97j
246465,2.255073070526123,owuzn97j
246515,2.2507224082946777,owuzn97j
246584,2.2560224533081055,owuzn97j
246643,2.2572431564331055,owuzn97j
246704,2.249497652053833,owuzn97j
246748,2.2544407844543457,owuzn97j
246809,2.2631242275238037,owuzn97j
246871,2.2461483478546143,owuzn97j
246925,2.248849391937256,owuzn97j
246973,2.255791187286377,owuzn97j
247037,2.264434814453125,owuzn97j
247089,2.2620418071746826,owuzn97j
247153,2.260326623916626,owuzn97j
247197,2.247953414916992,owuzn97j
247258,2.247703790664673,owuzn97j
247324,2.2579121589660645,owuzn97j
247386,2.2317705154418945,owuzn97j
247444,2.2574210166931152,owuzn97j
247514,2.263420343399048,owuzn97j
247569,2.2455787658691406,owuzn97j
247620,2.2350151538848877,owuzn97j
247685,2.248526096343994,owuzn97j
247744,2.2549655437469482,owuzn97j
247809,2.2558295726776123,owuzn97j
247863,2.2451632022857666,owuzn97j
247922,2.252197504043579,owuzn97j
247995,2.2578041553497314,owuzn97j
248024,2.2585816383361816,owuzn97j
248052,2.244065761566162,owuzn97j
248081,2.245205879211426,owuzn97j
248108,2.2403132915496826,owuzn97j
248138,2.243647336959839,owuzn97j
248170,2.2444701194763184,owuzn97j
248195,2.2598583698272705,owuzn97j
248225,2.2375309467315674,owuzn97j
248259,2.2526583671569824,wh4gc1je
248282,2.2519373893737793,wh4gc1je
248321,2.2569773197174072,owuzn97j
248345,2.256209373474121,owuzn97j
248380,2.2402613162994385,wh4gc1je
248407,2.2497904300689697,owuzn97j
248442,2.2531368732452393,owuzn97j
248466,2.24941349029541,wh4gc1je
248492,2.238213062286377,wh4gc1je
248519,2.2472333908081055,owuzn97j
248555,2.2594077587127686,owuzn97j
248584,2.255424976348877,owuzn97j
248619,2.2603728771209717,owuzn97j
248648,2.2484264373779297,owuzn97j
248676,2.2484993934631348,wh4gc1je
248713,2.2581071853637695,owuzn97j
248741,2.2585103511810303,wh4gc1je
248766,2.2455549240112305,owuzn97j
248794,2.2586398124694824,owuzn97j
248824,2.262568473815918,owuzn97j
248849,2.2437844276428223,owuzn97j
248907,2.2460384368896484,wh4gc1je
248955,2.2419395446777344,wh4gc1je
249009,2.2561917304992676,wh4gc1je
249068,2.2513792514801025,wh4gc1je
249121,2.2506773471832275,wh4gc1je
249174,2.2516801357269287,wh4gc1je
249229,2.242464780807495,wh4gc1je
249293,2.2423927783966064,wh4gc1je
249359,2.244929790496826,wh4gc1je
249413,2.2485175132751465,wh4gc1je
249473,2.253405809402466,wh4gc1je
249542,2.247952938079834,wh4gc1je
249593,2.2508153915405273,wh4gc1je
249652,2.2436530590057373,wh4gc1je
249715,2.269716262817383,wh4gc1je
249772,2.245368480682373,wh4gc1je
249835,2.2635316848754883,wh4gc1je
249888,2.234104871749878,wh4gc1je
249956,2.240107536315918,wh4gc1je
250016,2.2448015213012695,wh4gc1je
250073,2.2469687461853027,wh4gc1je
250127,2.235271692276001,wh4gc1je
250183,2.2508275508880615,wh4gc1je
250233,2.2416296005249023,wh4gc1je
250291,2.2651329040527344,4v15l1a3
250344,2.257110834121704,4v15l1a3
250397,2.245944023132324,4v15l1a3
250453,2.243403196334839,wh4gc1je
250503,2.2534706592559814,wh4gc1je
250559,2.2543671131134033,wh4gc1je
250616,2.2449886798858643,wh4gc1je
250674,2.2335922718048096,wh4gc1je
250742,2.243560552597046,wh4gc1je
250796,2.2664973735809326,wh4gc1je
250868,2.246591567993164,4v15l1a3
251624,2.2451581954956055,4v15l1a3
252246,2.2452023029327393,4v15l1a3
253093,2.2433724403381348,4v15l1a3
253830,2.258490562438965,4v15l1a3
254545,2.2468230724334717,4v15l1a3
255407,2.241389751434326,4v15l1a3
256086,2.25085711479187,4v15l1a3
256846,2.2445666790008545,4v15l1a3
257628,2.263770580291748,4v15l1a3
258485,2.254481077194214,4v15l1a3
258943,2.251072645187378,4v15l1a3
259666,2.2457385063171387,4v15l1a3
260224,2.224569320678711,4v15l1a3
260886,2.237858533859253,4v15l1a3
261431,2.250994920730591,4v15l1a3
262115,2.253685235977173,4v15l1a3
262877,2.249574661254883,4v15l1a3
263637,2.241935968399048,4v15l1a3
264268,2.244356155395508,4v15l1a3
264928,2.234391212463379,4v15l1a3
265777,2.2374014854431152,4v15l1a3
266602,2.2514076232910156,4v15l1a3
267507,2.2508156299591064,4v15l1a3
268063,2.240948438644409,4v15l1a3
268922,2.2461295127868652,4v15l1a3
269637,2.2396507263183594,4v15l1a3
270292,2.266554594039917,4v15l1a3
271042,2.255190849304199,4v15l1a3
271852,2.251070022583008,4v15l1a3
272745,2.238171339035034,4v15l1a3
273548,2.2443788051605225,4v15l1a3
274100,2.2428231239318848,4v15l1a3
274849,2.248396396636963,4v15l1a3
275776,2.2279856204986572,4v15l1a3
276631,2.2434184551239014,4v15l1a3
277115,2.245180130004883,4v15l1a3
277922,2.243814468383789,4v15l1a3
278782,2.241440534591675,4v15l1a3
279546,2.240719795227051,4v15l1a3
280163,2.2455008029937744,4v15l1a3
280798,2.2406582832336426,4v15l1a3
281403,2.2439913749694824,4v15l1a3
282026,2.2459981441497803,4v15l1a3
282768,2.246840238571167,4v15l1a3
283375,2.234114646911621,4v15l1a3
284064,2.2446446418762207,4v15l1a3
284270,2.225276470184326,vj0z21l1
284446,2.238025188446045,vj0z21l1
284676,2.2434518337249756,4v15l1a3
284884,2.2435736656188965,vj0z21l1
285084,2.241347074508667,vj0z21l1
285458,2.2442288398742676,vj0z21l1
285710,2.236682653427124,vj0z21l1
286009,2.2344634532928467,vj0z21l1
286339,2.247936487197876,vj0z21l1
286581,2.2386019229888916,vj0z21l1
286848,2.2367608547210693,vj0z21l1
287281,2.2297260761260986,vj0z21l1
287563,2.2366464138031006,vj0z21l1
287890,2.2355151176452637,vj0z21l1
288176,2.2359848022460938,vj0z21l1
288545,2.2431743144989014,vj0z21l1
288822,2.2365684509277344,vj0z21l1
289154,2.2310447692871094,vj0z21l1
289461,2.2301158905029297,vj0z21l1
289745,2.230929374694824,vj0z21l1
290012,2.2404627799987793,vj0z21l1
290258,2.23612904548645,vj0z21l1
290630,2.2331409454345703,vj0z21l1
290846,2.2322659492492676,vj0z21l1
291190,2.2376062870025635,vj0z21l1
291497,2.23466420173645,vj0z21l1
291705,2.247035264968872,vj0z21l1
291978,2.235595464706421,vj0z21l1
292344,2.237461566925049,vj0z21l1
292555,2.2400879859924316,vj0z21l1
292782,2.230006456375122,vj0z21l1
292983,2.2496280670166016,vj0z21l1
293260,2.221968412399292,vj0z21l1
293543,2.227022647857666,vj0z21l1
293822,2.2286648750305176,vj0z21l1
294114,2.2260053157806396,vj0z21l1
294341,2.225062608718872,vj0z21l1
294759,2.2341344356536865,vj0z21l1
295025,2.226191520690918,vj0z21l1
295245,2.2299869060516357,vj0z21l1
295461,2.2228140830993652,vj0z21l1
295665,2.231187343597412,vj0z21l1
295919,2.2262845039367676,vj0z21l1
296300,2.2240610122680664,vj0z21l1
296574,2.245410203933716,vj0z21l1
296895,2.2430572509765625,vj0z21l1
297045,2.2295169830322266,r3rf4un4
297177,2.2450790405273438,r3rf4un4
297278,2.2176554203033447,r3rf4un4
297397,2.225363254547119,vj0z21l1
297548,2.226135015487671,vj0z21l1
297654,2.243220806121826,r3rf4un4
297783,2.2343320846557617,r3rf4un4
297904,2.2408480644226074,r3rf4un4
298034,2.2304797172546387,r3rf4un4
298210,2.2222254276275635,r3rf4un4
298458,2.219414710998535,r3rf4un4
298633,2.2272021770477295,r3rf4un4
298821,2.2308237552642822,r3rf4un4
299009,2.2547082901000977,r3rf4un4
299199,2.2333693504333496,r3rf4un4
299415,2.239771604537964,r3rf4un4
299564,2.233819007873535,r3rf4un4
299756,2.2320492267608643,r3rf4un4
299909,2.217358350753784,r3rf4un4
300154,2.223571538925171,r3rf4un4
300338,2.234358549118042,r3rf4un4
300563,2.2241110801696777,r3rf4un4
300802,2.239530086517334,r3rf4un4
300971,2.227236032485962,r3rf4un4
301187,2.2416751384735107,r3rf4un4
301431,2.2214577198028564,r3rf4un4
301604,2.2271392345428467,r3rf4un4
301812,2.241544485092163,r3rf4un4
301975,2.2387607097625732,r3rf4un4
302246,2.23736834526062,r3rf4un4
302455,2.2395997047424316,r3rf4un4
302628,2.231318950653076,r3rf4un4
302806,2.222060203552246,r3rf4un4
302995,2.2277467250823975,r3rf4un4
303177,2.238281011581421,r3rf4un4
303396,2.2197701930999756,r3rf4un4
303578,2.233229398727417,r3rf4un4
303771,2.249357223510742,r3rf4un4
303957,2.2258830070495605,r3rf4un4
304166,2.244135618209839,r3rf4un4
304351,2.2232768535614014,r3rf4un4
304531,2.231628656387329,r3rf4un4
304670,2.219313621520996,r3rf4un4
304882,2.2214345932006836,r3rf4un4
305057,2.2299487590789795,r3rf4un4
305344,2.21810245513916,r3rf4un4
305501,2.21274733543396,r3rf4un4
305695,2.2179067134857178,r3rf4un4
305830,2.2328073978424072,r3rf4un4
305979,2.2389819622039795,r3rf4un4
306063,2.219400644302368,2042ye6m
306144,2.2391088008880615,r3rf4un4
306251,2.221614360809326,r3rf4un4
306331,2.2449395656585693,r3rf4un4
306539,2.2247495651245117,2042ye6m
306721,2.219135284423828,2042ye6m
306905,2.2274391651153564,2042ye6m
307037,2.232743978500366,2042ye6m
307220,2.238945960998535,2042ye6m
307451,2.2213099002838135,2042ye6m
307607,2.230802297592163,2042ye6m
307796,2.2202911376953125,2042ye6m
307984,2.2284677028656006,2042ye6m
308141,2.2261855602264404,2042ye6m
308357,2.2252280712127686,2042ye6m
308486,2.22700572013855,2042ye6m
308649,2.2216765880584717,2042ye6m
308822,2.234086513519287,2042ye6m
308985,2.235133647918701,2042ye6m
309185,2.2254788875579834,2042ye6m
309340,2.220890998840332,2042ye6m
309560,2.2441868782043457,2042ye6m
309761,2.2222282886505127,2042ye6m
309941,2.2333316802978516,2042ye6m
310147,2.216357946395874,2042ye6m
310377,2.218226432800293,2042ye6m
310550,2.2218854427337646,2042ye6m
310712,2.2350738048553467,2042ye6m
310870,2.2398064136505127,2042ye6m
311048,2.227783679962158,2042ye6m
311283,2.2248330116271973,2042ye6m
311489,2.2305684089660645,2042ye6m
311645,2.233668804168701,2042ye6m
311803,2.2296175956726074,2042ye6m
311973,2.228255271911621,2042ye6m
312144,2.2286908626556396,2042ye6m
312366,2.225666046142578,2042ye6m
312535,2.2203056812286377,2042ye6m
312712,2.2239904403686523,2042ye6m
312855,2.2180917263031006,2042ye6m
313038,2.219967842102051,2042ye6m
313235,2.236668586730957,2042ye6m
313429,2.2278313636779785,2042ye6m
313570,2.222774028778076,2042ye6m
313728,2.228381633758545,2042ye6m
313932,2.2282893657684326,2042ye6m
314018,2.2397522926330566,2042ye6m
314061,2.2332067489624023,3qryq0e9
314113,2.221658945083618,3qryq0e9
314163,2.233198881149292,3qryq0e9
314206,2.214416027069092,2042ye6m
314262,2.2233357429504395,3qryq0e9
314306,2.234668254852295,2042ye6m
314355,2.2163331508636475,3qryq0e9
314403,2.2309389114379883,3qryq0e9
314448,2.226746082305908,2042ye6m
314490,2.218393325805664,3qryq0e9
314526,2.230160713195801,3qryq0e9
314577,2.227499008178711,2042ye6m
314636,2.2275569438934326,3qryq0e9
314676,2.2319483757019043,3qryq0e9
314721,2.2296805381774902,3qryq0e9
314766,2.220719337463379,3qryq0e9
314826,2.224815845489502,3qryq0e9
314889,2.226630210876465,3qryq0e9
314942,2.2229256629943848,3qryq0e9
315001,2.230137586593628,3qryq0e9
315062,2.2217204570770264,3qryq0e9
315123,2.2258729934692383,3qryq0e9
315180,2.224705696105957,3qryq0e9
315236,2.2265262603759766,3qryq0e9
315308,2.2269108295440674,3qryq0e9
315373,2.2228074073791504,3qryq0e9
315433,2.21736478805542,3qryq0e9
315496,2.227708578109741,3qryq0e9
315561,2.2237555980682373,3qryq0e9
315620,2.2249135971069336,3qryq0e9
315695,2.2269206047058105,3qryq0e9
315756,2.2101166248321533,3qryq0e9
315824,2.215986728668213,3qryq0e9
315880,2.21174955368042,3qryq0e9
315951,2.228245496749878,3qryq0e9
316010,2.229825258255005,3qryq0e9
316034,2.2248709201812744,iwc906ih
316060,2.2304208278656006,iwc906ih
316088,2.226013422012329,iwc906ih
316112,2.2303550243377686,3qryq0e9
316140,2.2305731773376465,iwc906ih
316168,2.2287888526916504,3qryq0e9
316189,2.2135696411132812,iwc906ih
316212,2.22841215133667,iwc906ih
316238,2.2344868183135986,iwc906ih
316263,2.23237943649292,iwc906ih
316291,2.2303640842437744,iwc906ih
316322,2.225123882293701,3qryq0e9
316346,2.231769561767578,iwc906ih
316373,2.2223005294799805,iwc906ih
316399,2.2313015460968018,3qryq0e9
316429,2.2295877933502197,iwc906ih
316455,2.2216439247131348,iwc906ih
316475,2.2259280681610107,iwc906ih
316501,2.249437093734741,3qryq0e9
316524,2.234349012374878,iwc906ih
316553,2.221212148666382,iwc906ih
316578,2.2226719856262207,iwc906ih
316608,2.2219150066375732,iwc906ih
316633,2.2349748611450195,iwc906ih
316659,2.2313997745513916,3qryq0e9
316690,2.2193634510040283,3qryq0e9
316718,2.2054295539855957,3qryq0e9
316742,2.22271728515625,iwc906ih
316766,2.2348477840423584,3qryq0e9
316790,2.2154769897460938,iwc906ih
316817,2.2215185165405273,iwc906ih
316839,2.229276418685913,iwc906ih
316861,2.2223379611968994,iwc906ih
316889,2.219666004180908,3qryq0e9
316913,2.2222542762756348,iwc906ih
316938,2.2049407958984375,3qryq0e9
316964,2.222703695297241,iwc906ih
316985,2.2228167057037354,iwc906ih
317022,2.243687391281128,iwc906ih
317062,2.218446731567383,iwc906ih
317103,2.2334682941436768,iwc906ih
317150,2.224627733230591,iwc906ih
317189,2.225609540939331,iwc906ih
317235,2.2262468338012695,iwc906ih
317284,2.21490478515625,iwc906ih
317327,2.2242562770843506,iwc906ih
317377,2.2277214527130127,iwc906ih
317422,2.2198736667633057,iwc906ih
317461,2.217725992202759,iwc906ih
317520,2.2184712886810303,iwc906ih
317562,2.2317912578582764,iwc906ih
317605,2.2298731803894043,iwc906ih
317648,2.22829532623291,iwc906ih
317694,2.2261037826538086,iwc906ih
317736,2.22054123878479,iwc906ih
317779,2.2282750606536865,iwc906ih
317826,2.2299978733062744,iwc906ih
317875,2.240659713745117,iwc906ih
317919,2.2168638706207275,iwc906ih
317961,2.2344508171081543,iwc906ih
318005,2.2245872020721436,kqmjjjy7
318028,2.211278200149536,kqmjjjy7
318048,2.241457223892212,kqmjjjy7
318069,2.2135415077209473,kqmjjjy7
318092,2.2201955318450928,iwc906ih
318113,2.234825372695923,kqmjjjy7
318136,2.2260019779205322,iwc906ih
318158,2.230926036834717,kqmjjjy7
318196,2.22590970993042,kqmjjjy7
318231,2.2166740894317627,kqmjjjy7
318269,2.220521926879883,kqmjjjy7
318308,2.2178826332092285,kqmjjjy7
318348,2.2397043704986572,kqmjjjy7
318386,2.2043681144714355,kqmjjjy7
318424,2.23309063911438,kqmjjjy7
318469,2.2229647636413574,kqmjjjy7
318506,2.2341558933258057,kqmjjjy7
318545,2.2316439151763916,kqmjjjy7
318585,2.21036696434021,kqmjjjy7
318621,2.214231014251709,kqmjjjy7
318660,2.2199528217315674,kqmjjjy7
318699,2.2323014736175537,kqmjjjy7
318734,2.232698440551758,kqmjjjy7
318768,2.22664475440979,kqmjjjy7
318805,2.2329747676849365,kqmjjjy7
318841,2.2103495597839355,kqmjjjy7
318877,2.218271255493164,kqmjjjy7
318914,2.2182414531707764,kqmjjjy7
318951,2.230424404144287,kqmjjjy7
318985,2.224409580230713,kqmjjjy7
319010,2.233954668045044,kqmjjjy7
319027,2.237161874771118,kqmjjjy7
319043,2.212007761001587,kqmjjjy7
319059,2.213773250579834,kqmjjjy7
319075,2.2352724075317383,ykbojs6u
319091,2.220898389816284,ykbojs6u
319109,2.2270939350128174,kqmjjjy7
319126,2.2219245433807373,ykbojs6u
319143,2.2182910442352295,kqmjjjy7
319160,2.2167069911956787,kqmjjjy7
319176,2.209472417831421,ykbojs6u
319192,2.219564437866211,ykbojs6u
319209,2.214184284210205,kqmjjjy7
319225,2.2100889682769775,ykbojs6u
319242,2.2261128425598145,ykbojs6u
319259,2.2448389530181885,ykbojs6u
319276,2.213740825653076,ykbojs6u
319293,2.2156007289886475,kqmjjjy7
319311,2.2130062580108643,kqmjjjy7
319327,2.2170724868774414,kqmjjjy7
319344,2.230663537979126,ykbojs6u
319362,2.2188994884490967,kqmjjjy7
319379,2.212667942047119,kqmjjjy7
319396,2.225766658782959,kqmjjjy7
319412,2.2268290519714355,kqmjjjy7
319428,2.218499183654785,ykbojs6u
319445,2.2128946781158447,kqmjjjy7
319457,2.219306468963623,kqmjjjy7
319472,2.2298004627227783,kqmjjjy7
319490,2.2210209369659424,8gd9iid3
319508,2.227357864379883,8gd9iid3
319526,2.2236857414245605,8gd9iid3
319542,2.209951639175415,kqmjjjy7
319558,2.2206876277923584,kqmjjjy7
319576,2.2296295166015625,8gd9iid3
319592,2.2216861248016357,8gd9iid3
319608,2.2165491580963135,kqmjjjy7
319624,2.231574773788452,8gd9iid3
319640,2.2167508602142334,kqmjjjy7
319657,2.225433349609375,8gd9iid3
319674,2.2210159301757812,8gd9iid3
319691,2.2240869998931885,8gd9iid3
319707,2.22173810005188,kqmjjjy7
319724,2.2316110134124756,8gd9iid3
319741,2.2204928398132324,kqmjjjy7
319757,2.2241711616516113,kqmjjjy7
319774,2.2119839191436768,8gd9iid3
319793,2.2203667163848877,8gd9iid3
319811,2.234076499938965,8gd9iid3
319842,2.2275173664093018,8gd9iid3
319873,2.234494686126709,8gd9iid3
319904,2.2163174152374268,8gd9iid3
319935,2.2161662578582764,8gd9iid3
319966,2.224416494369507,8gd9iid3
319997,2.230027914047241,8gd9iid3
320028,2.2243106365203857,8gd9iid3
320059,2.2242398262023926,8gd9iid3
320090,2.2233726978302,8gd9iid3
320121,2.21938157081604,8gd9iid3
320152,2.218585968017578,8gd9iid3
320183,2.231661796569824,8gd9iid3
320214,2.223285436630249,8gd9iid3
320245,2.225018262863159,8gd9iid3
320276,2.224642515182495,8gd9iid3
320307,2.211759090423584,8gd9iid3
320338,2.22440767288208,8gd9iid3
320369,2.205012798309326,8gd9iid3
320400,2.225154399871826,8gd9iid3
320431,2.240854501724243,8gd9iid3
320462,2.232740879058838,8gd9iid3
320493,2.2262487411499023,8gd9iid3
320514,2.2202818393707275,cb4jxft4
320545,2.2171952724456787,cb4jxft4
320576,2.2217814922332764,cb4jxft4
320607,2.227069616317749,cb4jxft4
320638,2.2402355670928955,cb4jxft4
320669,2.230865478515625,cb4jxft4
320700,2.2246146202087402,cb4jxft4
320721,2.2226929664611816,tc4qfa51
320752,2.2263736724853516,tc4qfa51
320783,2.216923236846924,tc4qfa51
320814,2.230929374694824,tc4qfa51
320845,2.2118234634399414,tc4qfa51
320876,2.2161593437194824,tc4qfa51
320907,2.2129671573638916,tc4qfa51
320938,2.221795082092285,tc4qfa51
320969,2.2174243927001953,tc4qfa51
321000,2.2264795303344727,tc4qfa51
321028,2.223330020904541,tc4qfa51
321152,2.2124545574188232,gchqiqbi
321344,2.220336675643921,gchqiqbi
321618,2.2214748859405518,gchqiqbi
321839,2.236863136291504,gchqiqbi
322027,2.2211811542510986,gchqiqbi
322214,2.2150142192840576,gchqiqbi
322505,2.2193779945373535,gchqiqbi
322692,2.2239267826080322,gchqiqbi
322914,2.2072856426239014,gchqiqbi
323110,2.2251737117767334,gchqiqbi
323334,2.2214035987854004,gchqiqbi
323501,2.224729537963867,gchqiqbi
323723,2.222573757171631,gchqiqbi
323864,2.221022844314575,gchqiqbi
324129,2.218191385269165,gchqiqbi
324336,2.2274091243743896,gchqiqbi
324566,2.2131242752075195,gchqiqbi
324814,2.21970796585083,gchqiqbi
325023,2.2178242206573486,gchqiqbi
325237,2.227935791015625,gchqiqbi
325490,2.2297415733337402,gchqiqbi
325651,2.2368502616882324,gchqiqbi
325854,2.212782859802246,gchqiqbi
326098,2.2191784381866455,gchqiqbi
326335,2.21968674659729,gchqiqbi
326569,2.21903133392334,gchqiqbi
326749,2.228759288787842,gchqiqbi
326963,2.218806266784668,gchqiqbi
327169,2.209822654724121,gchqiqbi
327382,2.224214792251587,gchqiqbi
327599,2.2371408939361572,gchqiqbi
327811,2.2078866958618164,gchqiqbi
328031,2.2151381969451904,gchqiqbi
328227,2.201350212097168,gchqiqbi
328474,2.2254161834716797,gchqiqbi
328611,2.2264769077301025,gchqiqbi
328833,2.2152373790740967,gchqiqbi
329036,2.2165465354919434,gchqiqbi
329355,2.2098312377929688,gchqiqbi
329508,2.2192494869232178,gchqiqbi
329696,2.226503372192383,gchqiqbi
329852,2.2102153301239014,gchqiqbi
329994,2.2203829288482666,gchqiqbi
330183,2.210277795791626,gchqiqbi
330389,2.2294819355010986,gchqiqbi
330616,2.218097686767578,gchqiqbi
330812,2.212393283843994,gchqiqbi
331011,2.2088582515716553,gchqiqbi
331070,2.2234089374542236,gchqiqbi
331263,2.2166614532470703,djded5pj
331480,2.2259387969970703,djded5pj
331693,2.22101092338562,djded5pj
331904,2.2249019145965576,djded5pj
332068,2.2286205291748047,djded5pj
332328,2.219317674636841,djded5pj
332551,2.213536262512207,djded5pj
332725,2.2217090129852295,djded5pj
332957,2.2259654998779297,djded5pj
333138,2.224203109741211,djded5pj
333375,2.2066097259521484,djded5pj
333516,2.2316315174102783,djded5pj
333738,2.2261486053466797,djded5pj
333885,2.196674108505249,djded5pj
334154,2.215162754058838,djded5pj
334338,2.236964702606201,djded5pj
334574,2.212730884552002,djded5pj
334816,2.218569755554199,djded5pj
335023,2.2054245471954346,djded5pj
335230,2.2208406925201416,djded5pj
335473,2.2209842205047607,djded5pj
335637,2.2080702781677246,djded5pj
335844,2.218883991241455,djded5pj
336046,2.223515272140503,djded5pj
336308,2.208322048187256,djded5pj
336530,2.213635206222534,djded5pj
336705,2.2096171379089355,djded5pj
336926,2.2276673316955566,djded5pj
337109,2.209777593612671,djded5pj
337296,2.2163619995117188,djded5pj
337535,2.213627815246582,djded5pj
337744,2.2151083946228027,djded5pj
337951,2.2159197330474854,djded5pj
338165,2.22379994392395,djded5pj
338351,2.2155210971832275,djded5pj
338535,2.2080745697021484,djded5pj
338678,2.203159809112549,djded5pj
338925,2.2116785049438477,djded5pj
339182,2.229144334793091,djded5pj
339389,2.208338975906372,djded5pj
339555,2.2225422859191895,djded5pj
339757,2.2174155712127686,djded5pj
339897,2.2316479682922363,djded5pj
340066,2.206660747528076,djded5pj
340263,2.211158514022827,djded5pj
340465,2.2107114791870117,djded5pj
340654,2.214111804962158,djded5pj
340858,2.2045438289642334,djded5pj
341125,2.2036499977111816,mtabqojk
341396,2.203474521636963,mtabqojk
341727,2.2060770988464355,mtabqojk
342001,2.2133216857910156,mtabqojk
342355,2.210707426071167,mtabqojk
342588,2.215968132019043,mtabqojk
342886,2.2131266593933105,mtabqojk
343218,2.2066853046417236,mtabqojk
343439,2.2161900997161865,mtabqojk
343698,2.212991952896118,mtabqojk
344105,2.2246387004852295,mtabqojk
344409,2.203981399536133,mtabqojk
344722,2.2091639041900635,mtabqojk
345018,2.2011678218841553,mtabqojk
345364,2.2224466800689697,mtabqojk
345610,2.2051033973693848,mtabqojk
345898,2.210348129272461,mtabqojk
346210,2.226727247238159,mtabqojk
346505,2.214887857437134,mtabqojk
346776,2.2155487537384033,mtabqojk
347019,2.198756456375122,mtabqojk
347334,2.2049756050109863,mtabqojk
347595,2.2237417697906494,mtabqojk
347882,2.2099573612213135,mtabqojk
348225,2.21209979057312,mtabqojk
348451,2.221618413925171,mtabqojk
348714,2.2110018730163574,mtabqojk
349032,2.218954563140869,mtabqojk
349316,2.217048406600952,mtabqojk
349535,2.2178537845611572,mtabqojk
349720,2.211951732635498,mtabqojk
349939,2.206592559814453,mtabqojk
350184,2.217275619506836,mtabqojk
350515,2.2097651958465576,mtabqojk
350774,2.2216622829437256,mtabqojk
351054,2.2150964736938477,mtabqojk
351266,2.2098731994628906,mtabqojk
351633,2.2061238288879395,mtabqojk
351900,2.208460807800293,mtabqojk
352113,2.2167482376098633,mtabqojk
352315,2.2182106971740723,mtabqojk
352515,2.2148423194885254,mtabqojk
352737,2.215630292892456,mtabqojk
353126,2.198859691619873,mtabqojk
353382,2.2074668407440186,mtabqojk
353690,2.213285446166992,mtabqojk
353931,2.2124526500701904,mtabqojk
354092,2.210315465927124,mtabqojk
354210,2.203667402267456,mtabqojk
354332,2.2062277793884277,q0fc2mbd
354565,2.1980583667755127,q0fc2mbd
354803,2.2160027027130127,q0fc2mbd
354998,2.2036142349243164,q0fc2mbd
355208,2.207768440246582,q0fc2mbd
355486,2.2063519954681396,q0fc2mbd
355685,2.2081139087677,q0fc2mbd
355910,2.2035186290740967,q0fc2mbd
356109,2.193617820739746,q0fc2mbd
356334,2.210160732269287,q0fc2mbd
356505,2.1986210346221924,q0fc2mbd
356725,2.2134172916412354,q0fc2mbd
356885,2.209853172302246,q0fc2mbd
357157,2.210702657699585,q0fc2mbd
357341,2.216367721557617,q0fc2mbd
357594,2.215808868408203,q0fc2mbd
357849,2.2079408168792725,q0fc2mbd
358051,2.2120676040649414,q0fc2mbd
358256,2.2033913135528564,q0fc2mbd
358517,2.2088510990142822,q0fc2mbd
358683,2.1919822692871094,q0fc2mbd
358883,2.200105667114258,q0fc2mbd
359140,2.200039863586426,q0fc2mbd
359388,2.1957595348358154,q0fc2mbd
359606,2.1984200477600098,q0fc2mbd
359806,2.207341194152832,q0fc2mbd
360007,2.216840982437134,q0fc2mbd
360202,2.2028017044067383,q0fc2mbd
360452,2.183241367340088,q0fc2mbd
360668,2.216264009475708,q0fc2mbd
360846,2.2018134593963623,q0fc2mbd
361110,2.1976897716522217,q0fc2mbd
361301,2.214099168777466,q0fc2mbd
361526,2.214411973953247,q0fc2mbd
361670,2.2213027477264404,q0fc2mbd
361905,2.2048795223236084,q0fc2mbd
362179,2.19793438911438,q0fc2mbd
362407,2.208610773086548,q0fc2mbd
362556,2.2052295207977295,q0fc2mbd
362764,2.1914570331573486,q0fc2mbd
362905,2.194082736968994,q0fc2mbd
363090,2.192254066467285,q0fc2mbd
363309,2.213228940963745,q0fc2mbd
363494,2.197585344314575,q0fc2mbd
363678,2.2047884464263916,q0fc2mbd
363899,2.222407341003418,q0fc2mbd
364079,2.2040159702301025,q0fc2mbd
364434,2.205469846725464,lv2qtd3j
364958,2.2016611099243164,lv2qtd3j
365704,2.206043243408203,lv2qtd3j
366211,2.1867449283599854,lv2qtd3j
366728,2.2030177116394043,lv2qtd3j
367583,2.2034502029418945,lv2qtd3j
368163,2.2146997451782227,lv2qtd3j
368781,2.203226089477539,lv2qtd3j
369457,2.2125184535980225,lv2qtd3j
370116,2.190424680709839,lv2qtd3j
370734,2.207159996032715,lv2qtd3j
371432,2.1974778175354004,lv2qtd3j
371898,2.1910715103149414,lv2qtd3j
372498,2.205103874206543,lv2qtd3j
373014,2.216744899749756,lv2qtd3j
373378,2.2112739086151123,lv2qtd3j
373985,2.204986572265625,lv2qtd3j
374507,2.199888229370117,lv2qtd3j
375102,2.203197717666626,lv2qtd3j
375549,2.189753293991089,lv2qtd3j
376043,2.1998722553253174,lv2qtd3j
376697,2.198279857635498,lv2qtd3j
377235,2.211087226867676,lv2qtd3j
377957,2.2003345489501953,lv2qtd3j
378510,2.20953106880188,lv2qtd3j
378988,2.2039382457733154,lv2qtd3j
379696,2.195356845855713,lv2qtd3j
380412,2.188350200653076,lv2qtd3j
381059,2.186353921890259,lv2qtd3j
381698,2.1908724308013916,lv2qtd3j
382130,2.1967525482177734,lv2qtd3j
382698,2.213956832885742,lv2qtd3j
383251,2.198110818862915,lv2qtd3j
383797,2.202094793319702,lv2qtd3j
384358,2.1937224864959717,lv2qtd3j
384937,2.20206356048584,lv2qtd3j
385494,2.1912195682525635,lv2qtd3j
386223,2.186145782470703,lv2qtd3j
386949,2.17531418800354,lv2qtd3j
387552,2.191563606262207,lv2qtd3j
388082,2.2004237174987793,lv2qtd3j
388482,2.1932995319366455,lv2qtd3j
389125,2.1849911212921143,lv2qtd3j
389836,2.198943614959717,lv2qtd3j
390478,2.1824469566345215,lv2qtd3j
390999,2.2014482021331787,lv2qtd3j
391371,2.181798219680786,lv2qtd3j
392017,2.187441110610962,lv2qtd3j
392692,2.204141139984131,lv2qtd3j
392783,2.1920292377471924,rzbajj3d
392819,2.201040029525757,rzbajj3d
392856,2.187562942504883,rzbajj3d
392894,2.1815876960754395,rzbajj3d
392929,2.1939949989318848,rzbajj3d
392962,2.1979458332061768,rzbajj3d
392995,2.1874568462371826,rzbajj3d
393028,2.1875829696655273,rzbajj3d
393064,2.187631130218506,rzbajj3d
393101,2.1823859214782715,rzbajj3d
393136,2.1965136528015137,rzbajj3d
393172,2.1823830604553223,rzbajj3d
393211,2.1928367614746094,rzbajj3d
393247,2.181101083755493,rzbajj3d
393283,2.183429479598999,rzbajj3d
393321,2.180885076522827,rzbajj3d
393359,2.1832473278045654,rzbajj3d
393396,2.1924750804901123,rzbajj3d
393431,2.1867127418518066,rzbajj3d
393466,2.1922454833984375,rzbajj3d
393498,2.1989870071411133,rzbajj3d
393530,2.1857147216796875,rzbajj3d
393567,2.2083377838134766,rzbajj3d
393600,2.1918087005615234,rzbajj3d
393635,2.180474042892456,rzbajj3d
393669,2.1900713443756104,rzbajj3d
393701,2.1879734992980957,rzbajj3d
393735,2.2073941230773926,rzbajj3d
393767,2.1770637035369873,rzbajj3d
393799,2.1914138793945312,rzbajj3d
393833,2.197134256362915,rzbajj3d
393867,2.203073501586914,rzbajj3d
393903,2.1919922828674316,rzbajj3d
393935,2.1935150623321533,rzbajj3d
393967,2.1900906562805176,rzbajj3d
394002,2.189116954803467,rzbajj3d
394018,2.1868369579315186,rzbajj3d
394034,2.201876163482666,vmvlmwb9
394051,2.1960320472717285,rzbajj3d
394067,2.189397096633911,vmvlmwb9
394084,2.1820032596588135,rzbajj3d
394101,2.1846277713775635,rzbajj3d
394117,2.1871964931488037,vmvlmwb9
394134,2.1851184368133545,rzbajj3d
394151,2.1750378608703613,rzbajj3d
394166,2.1800551414489746,vmvlmwb9
394183,2.180811643600464,rzbajj3d
394199,2.1922292709350586,rzbajj3d
394215,2.177546739578247,rzbajj3d
394232,2.1884071826934814,vmvlmwb9
394250,2.1879348754882812,vmvlmwb9
394266,2.1995222568511963,vmvlmwb9
394282,2.209294319152832,vmvlmwb9
394298,2.1872029304504395,vmvlmwb9
394314,2.1899936199188232,rzbajj3d
394330,2.188934087753296,vmvlmwb9
394346,2.1763858795166016,vmvlmwb9
394362,2.1935689449310303,vmvlmwb9
394378,2.1703834533691406,rzbajj3d
394394,2.1990137100219727,vmvlmwb9
394410,2.179607391357422,vmvlmwb9
394427,2.1983139514923096,vmvlmwb9
394449,2.1829986572265625,vmvlmwb9
394480,2.1936447620391846,vmvlmwb9
394511,2.1966934204101562,vmvlmwb9
394542,2.1864922046661377,vmvlmwb9
394573,2.195406913757324,vmvlmwb9
394604,2.1844236850738525,vmvlmwb9
394635,2.1836702823638916,vmvlmwb9
394706,2.186586618423462,4rca5z4r
394953,2.179717779159546,4rca5z4r
395273,2.179610013961792,4rca5z4r
395562,2.194258689880371,4rca5z4r
395860,2.1764211654663086,4rca5z4r
396198,2.1871442794799805,4rca5z4r
396493,2.196554183959961,4rca5z4r
396783,2.1807737350463867,4rca5z4r
397073,2.2028236389160156,4rca5z4r
397373,2.1826939582824707,4rca5z4r
397713,2.188091993331909,4rca5z4r
398000,2.1883089542388916,4rca5z4r
398349,2.184485912322998,4rca5z4r
398630,2.1901605129241943,4rca5z4r
398994,2.195582628250122,4rca5z4r
399259,2.1942849159240723,4rca5z4r
399560,2.1857523918151855,4rca5z4r
399916,2.196507453918457,4rca5z4r
400221,2.1807446479797363,4rca5z4r
400479,2.1905527114868164,4rca5z4r
400759,2.190072774887085,4rca5z4r
401055,2.1739163398742676,4rca5z4r
401367,2.1736326217651367,4rca5z4r
401644,2.191704511642456,4rca5z4r
401951,2.1853268146514893,4rca5z4r
402231,2.189242362976074,4rca5z4r
402471,2.1791038513183594,4rca5z4r
402770,2.1976237297058105,4rca5z4r
403075,2.192451000213623,4rca5z4r
403307,2.175992727279663,4rca5z4r
403501,2.1804909706115723,4rca5z4r
403716,2.1709470748901367,4rca5z4r
404011,2.1857240200042725,4rca5z4r
404316,2.1885058879852295,4rca5z4r
404592,2.1964175701141357,4rca5z4r
404874,2.178576707839966,4rca5z4r
405100,2.1908175945281982,4rca5z4r
405519,2.1759989261627197,4rca5z4r
405760,2.1824851036071777,4rca5z4r
405960,2.194910764694214,4rca5z4r
406172,2.2005410194396973,4rca5z4r
406424,2.1869471073150635,4rca5z4r
406674,2.17995548248291,4rca5z4r
407015,2.185274839401245,4rca5z4r
407334,2.1772828102111816,4rca5z4r
407641,2.1810379028320312,4rca5z4r
407919,2.1724555492401123,4rca5z4r
408061,2.178644895553589,nqw6d8dg
408198,2.174044132232666,4rca5z4r
408295,2.178788185119629,nqw6d8dg
408430,2.1752474308013916,nqw6d8dg
408563,2.1688108444213867,nqw6d8dg
408738,2.1840322017669678,nqw6d8dg
408925,2.182332754135132,nqw6d8dg
409088,2.184887647628784,nqw6d8dg
409359,2.1862549781799316,nqw6d8dg
409553,2.1744978427886963,nqw6d8dg
409710,2.181602954864502,nqw6d8dg
409924,2.184270143508911,nqw6d8dg
410110,2.181718111038208,nqw6d8dg
410333,2.1693387031555176,nqw6d8dg
410478,2.1880812644958496,nqw6d8dg
410655,2.1764068603515625,nqw6d8dg
410839,2.18554425239563,nqw6d8dg
411065,2.174293041229248,nqw6d8dg
411256,2.164532423019409,nqw6d8dg
411448,2.172534227371216,nqw6d8dg
411703,2.1898577213287354,nqw6d8dg
411907,2.1819725036621094,nqw6d8dg
412103,2.1695261001586914,nqw6d8dg
412356,2.1755809783935547,nqw6d8dg
412550,2.178959369659424,nqw6d8dg
412736,2.170933961868286,nqw6d8dg
412899,2.176039218902588,nqw6d8dg
413148,2.1633846759796143,nqw6d8dg
413388,2.1770501136779785,nqw6d8dg
413571,2.1879379749298096,nqw6d8dg
413745,2.17730712890625,nqw6d8dg
413944,2.166978597640991,nqw6d8dg
414131,2.179656505584717,nqw6d8dg
414356,2.1752936840057373,nqw6d8dg
414535,2.175431728363037,nqw6d8dg
414742,2.188656806945801,nqw6d8dg
414905,2.1774258613586426,nqw6d8dg
415112,2.1684985160827637,nqw6d8dg
415294,2.177396059036255,nqw6d8dg
415490,2.1737990379333496,nqw6d8dg
415636,2.1829328536987305,nqw6d8dg
415841,2.184217929840088,nqw6d8dg
416018,2.1735012531280518,nqw6d8dg
416308,2.171447515487671,nqw6d8dg
416493,2.173598527908325,nqw6d8dg
416674,2.1724674701690674,nqw6d8dg
416809,2.1715340614318848,nqw6d8dg
416969,2.1749489307403564,nqw6d8dg
417137,2.1865134239196777,nqw6d8dg
417334,2.182175397872925,nqw6d8dg
417498,2.1882011890411377,s21k103n
417613,2.1774141788482666,s21k103n
417739,2.1656839847564697,s21k103n
417919,2.182934522628784,s21k103n
418062,2.1752140522003174,s21k103n
418184,2.175363540649414,s21k103n
418335,2.175664186477661,s21k103n
418443,2.1734910011291504,s21k103n
418555,2.1661548614501953,s21k103n
418714,2.1691856384277344,s21k103n
418883,2.1894779205322266,s21k103n
419001,2.1841461658477783,s21k103n
419135,2.184983968734741,s21k103n
419308,2.1663291454315186,s21k103n
419439,2.1854958534240723,s21k103n
419560,2.1727802753448486,s21k103n
419675,2.176219940185547,s21k103n
419855,2.1892449855804443,s21k103n
419953,2.1841912269592285,s21k103n
420069,2.179981231689453,s21k103n
420228,2.1953208446502686,s21k103n
420335,2.1890947818756104,s21k103n
420470,2.1553735733032227,s21k103n
420604,2.1676270961761475,s21k103n
420711,2.171721935272217,s21k103n
420842,2.1675937175750732,s21k103n
420990,2.1868162155151367,s21k103n
421127,2.173673629760742,s21k103n
421284,2.188555955886841,s21k103n
421412,2.173194408416748,s21k103n
421567,2.188828468322754,s21k103n
421698,2.171537160873413,s21k103n
421854,2.1837430000305176,s21k103n
421986,2.1698355674743652,s21k103n
422099,2.1795661449432373,s21k103n
422224,2.1712806224823,s21k103n
422349,2.169243574142456,s21k103n
422485,2.182274103164673,s21k103n
422678,2.1862235069274902,s21k103n
422815,2.1775357723236084,s21k103n
422967,2.1883537769317627,s21k103n
423061,2.17154598236084,s21k103n
423160,2.182791233062744,s21k103n
423264,2.164933919906616,s21k103n
423348,2.1752166748046875,s21k103n
423446,2.1821482181549072,9old425o
423565,2.1735904216766357,9old425o
423663,2.182415008544922,s21k103n
423832,2.182811737060547,s21k103n
423923,2.180387496948242,s21k103n
424213,2.17268967628479,9old425o
424875,2.168494701385498,9old425o
425414,2.1809003353118896,9old425o
426201,2.173125982284546,9old425o
426830,2.185356616973877,9old425o
427344,2.1728968620300293,9old425o
428037,2.171489953994751,9old425o
428806,2.1636898517608643,9old425o
429258,2.1685593128204346,9old425o
430141,2.180309295654297,9old425o
430595,2.1696064472198486,9old425o
431222,2.16424298286438,9old425o
431757,2.162055015563965,9old425o
432103,2.1711180210113525,9old425o
432715,2.1637628078460693,9old425o
433241,2.1793935298919678,9old425o
433834,2.180609941482544,9old425o
434298,2.193114757537842,9old425o
434717,2.1764638423919678,9old425o
435393,2.1680023670196533,9old425o
435967,2.172902822494507,9old425o
436698,2.1606359481811523,9old425o
437260,2.1713428497314453,9old425o
437756,2.166881561279297,9old425o
438470,2.163182258605957,9old425o
439194,2.182229995727539,9old425o
439853,2.1659324169158936,9old425o
440507,2.1566579341888428,9old425o
440948,2.1635570526123047,9old425o
441594,2.162074327468872,9old425o
442144,2.1494076251983643,9old425o
442639,2.1752262115478516,9old425o
443238,2.1717121601104736,9old425o
443774,2.1752395629882812,9old425o
444386,2.1470158100128174,9old425o
445255,2.156491756439209,9old425o
445800,2.168208360671997,9old425o
446389,2.1715750694274902,9old425o
446905,2.154498815536499,9old425o
447411,2.1462135314941406,9old425o
448134,2.161750555038452,9old425o
448776,2.1617648601531982,9old425o
449390,2.1733083724975586,9old425o
449863,2.1686785221099854,9old425o
450304,2.164344072341919,9old425o
451048,2.1605288982391357,bdearw65
451196,2.1565821170806885,bdearw65
451361,2.1555840969085693,bdearw65
451571,2.156667709350586,bdearw65
451769,2.1530280113220215,bdearw65
452034,2.144326686859131,bdearw65
452371,2.158738851547241,bdearw65
452624,2.1627352237701416,bdearw65
452914,2.171736001968384,bdearw65
453174,2.160517454147339,bdearw65
453458,2.164659023284912,bdearw65
453756,2.1464908123016357,bdearw65
454064,2.155233383178711,bdearw65
454341,2.142425537109375,bdearw65
454675,2.150186061859131,bdearw65
454964,2.159080743789673,bdearw65
455311,2.151489496231079,bdearw65
455591,2.1400599479675293,bdearw65
455866,2.1538562774658203,bdearw65
456169,2.157120704650879,bdearw65
456466,2.163971185684204,bdearw65
456732,2.142301559448242,bdearw65
456985,2.152012586593628,bdearw65
457213,2.1590051651000977,bdearw65
457577,2.1524112224578857,bdearw65
457815,2.154329776763916,bdearw65
458146,2.1531739234924316,bdearw65
458446,2.160515308380127,bdearw65
458652,2.155550241470337,bdearw65
458932,2.1640303134918213,bdearw65
459248,2.160053253173828,bdearw65
459512,2.1531808376312256,bdearw65
459717,2.1512210369110107,bdearw65
459935,2.148118257522583,bdearw65
460124,2.1577134132385254,bdearw65
460400,2.1627612113952637,bdearw65
460710,2.152175188064575,bdearw65
461006,2.1410725116729736,bdearw65
461254,2.153362274169922,bdearw65
461492,2.1507680416107178,bdearw65
461857,2.147749900817871,bdearw65
462073,2.145744562149048,bdearw65
462287,2.1565957069396973,bdearw65
462470,2.163942575454712,bdearw65
462671,2.1625168323516846,bdearw65
462887,2.149052381515503,bdearw65
463276,2.1398956775665283,bdearw65
463526,2.1488583087921143,bdearw65
463837,2.1533203125,bdearw65
464054,2.152869701385498,bdearw65
464386,2.1554462909698486,5gnmk83x
464618,2.151188373565674,5gnmk83x
464894,2.1587538719177246,5gnmk83x
465200,2.1436333656311035,5gnmk83x
465457,2.149136781692505,5gnmk83x
465781,2.1443488597869873,5gnmk83x
466017,2.1371443271636963,5gnmk83x
466280,2.159677028656006,5gnmk83x
466548,2.153385877609253,5gnmk83x
466801,2.1559345722198486,5gnmk83x
467102,2.1536762714385986,5gnmk83x
467415,2.147885799407959,5gnmk83x
467661,2.153341054916382,5gnmk83x
467981,2.149911403656006,5gnmk83x
468249,2.139838218688965,5gnmk83x
468553,2.1619207859039307,5gnmk83x
468868,2.1470367908477783,5gnmk83x
469100,2.1505703926086426,5gnmk83x
469339,2.1389286518096924,5gnmk83x
469647,2.1360325813293457,5gnmk83x
469903,2.1497957706451416,5gnmk83x
470148,2.1395654678344727,5gnmk83x
470409,2.1435515880584717,5gnmk83x
470679,2.145048141479492,5gnmk83x
470961,2.13639760017395,5gnmk83x
471169,2.1514415740966797,5gnmk83x
471494,2.152801513671875,5gnmk83x
471796,2.1484436988830566,5gnmk83x
471959,2.131145715713501,5gnmk83x
472222,2.1454341411590576,5gnmk83x
472519,2.1465840339660645,5gnmk83x
472771,2.1642205715179443,5gnmk83x
472993,2.154458999633789,5gnmk83x
473172,2.15626859664917,5gnmk83x
473368,2.145373821258545,5gnmk83x
473632,2.1377105712890625,5gnmk83x
473904,2.161733865737915,5gnmk83x
474145,2.1469335556030273,5gnmk83x
474390,2.1616413593292236,5gnmk83x
474606,2.160031795501709,5gnmk83x
474955,2.134413719177246,5gnmk83x
475209,2.152576208114624,5gnmk83x
475431,2.1257266998291016,5gnmk83x
475622,2.136003017425537,5gnmk83x
475789,2.1575777530670166,5gnmk83x
475988,2.1579501628875732,5gnmk83x
476201,2.1466968059539795,5gnmk83x
476471,2.1487395763397217,5gnmk83x
476789,2.1363096237182617,5gnmk83x
477072,2.136925220489502,o8854xnc
477317,2.146289587020874,o8854xnc
477582,2.1493232250213623,o8854xnc
477849,2.139033794403076,o8854xnc
478161,2.14465069770813,o8854xnc
478412,2.147426128387451,o8854xnc
478644,2.150296449661255,o8854xnc
478921,2.1334874629974365,o8854xnc
479216,2.1511058807373047,o8854xnc
479429,2.1514525413513184,o8854xnc
479686,2.1456897258758545,o8854xnc
480029,2.134420394897461,o8854xnc
480247,2.136977434158325,o8854xnc
480554,2.149709463119507,o8854xnc
480819,2.150609254837036,o8854xnc
481162,2.1333272457122803,o8854xnc
481423,2.146158218383789,o8854xnc
481675,2.1370205879211426,o8854xnc
481911,2.1492080688476562,o8854xnc
482205,2.1342933177948,o8854xnc
482457,2.148054599761963,o8854xnc
482676,2.1312811374664307,o8854xnc
482934,2.156085252761841,o8854xnc
483204,2.1504931449890137,o8854xnc
483486,2.1327903270721436,o8854xnc
483694,2.1549911499023438,o8854xnc
484013,2.147550582885742,o8854xnc
484289,2.152625322341919,o8854xnc
484453,2.1473145484924316,o8854xnc
484690,2.142343282699585,o8854xnc
485017,2.1296825408935547,o8854xnc
485266,2.153693914413452,o8854xnc
485446,2.1193184852600098,o8854xnc
485644,2.1427671909332275,o8854xnc
485831,2.126159906387329,o8854xnc
486087,2.1497414112091064,o8854xnc
486313,2.14597225189209,o8854xnc
486586,2.1350040435791016,o8854xnc
486867,2.133875846862793,o8854xnc
487102,2.1431262493133545,o8854xnc
487311,2.1413042545318604,o8854xnc
487615,2.134460687637329,o8854xnc
487865,2.147759437561035,o8854xnc
488087,2.136338949203491,o8854xnc
488244,2.133939027786255,o8854xnc
488436,2.1471524238586426,o8854xnc
488647,2.133709669113159,o8854xnc
488871,2.1449193954467773,o8854xnc
489373,2.138788938522339,tgux6ug3
490203,2.1456637382507324,tgux6ug3
491019,2.144965648651123,tgux6ug3
491775,2.1350831985473633,tgux6ug3
492661,2.136345863342285,tgux6ug3
493386,2.1393425464630127,tgux6ug3
494438,2.1291918754577637,tgux6ug3
495151,2.1196868419647217,tgux6ug3
496121,2.1195173263549805,tgux6ug3
496781,2.131563186645508,tgux6ug3
497800,2.1442694664001465,tgux6ug3
498236,2.1487438678741455,tgux6ug3
498967,2.1537022590637207,tgux6ug3
499713,2.135695695877075,tgux6ug3
500358,2.1340982913970947,tgux6ug3
500932,2.124499559402466,tgux6ug3
501843,2.1359429359436035,tgux6ug3
502671,2.128160238265991,tgux6ug3
503310,2.129716634750366,tgux6ug3
504174,2.1294186115264893,tgux6ug3
504979,2.139082908630371,tgux6ug3
505908,2.1369762420654297,tgux6ug3
506846,2.1354596614837646,tgux6ug3
507693,2.1179139614105225,tgux6ug3
508440,2.1272964477539062,tgux6ug3
509318,2.135373830795288,tgux6ug3
510142,2.129824638366699,tgux6ug3
511108,2.117211103439331,tgux6ug3
512057,2.138577938079834,tgux6ug3
512830,2.1180505752563477,tgux6ug3
513481,2.128113031387329,tgux6ug3
514597,2.1241819858551025,tgux6ug3
515494,2.116472005844116,tgux6ug3
516084,2.132924795150757,tgux6ug3
516944,2.121279001235962,tgux6ug3
517783,2.1269898414611816,tgux6ug3
518638,2.11714506149292,tgux6ug3
519424,2.128201961517334,tgux6ug3
520097,2.1265931129455566,tgux6ug3
520675,2.120342969894409,tgux6ug3
521522,2.1130928993225098,tgux6ug3
522265,2.1285996437072754,tgux6ug3
523213,2.1245570182800293,tgux6ug3
523853,2.1129729747772217,tgux6ug3
524832,2.1214566230773926,tgux6ug3
525544,2.12554931640625,tgux6ug3
526397,2.1340222358703613,tgux6ug3
527072,2.103243112564087,tgux6ug3
527493,2.1230404376983643,tgux6ug3
527910,2.1236965656280518,dkmjngzg
528694,2.112865686416626,dkmjngzg
529414,2.1176507472991943,dkmjngzg
530333,2.1177761554718018,dkmjngzg
530955,2.1202127933502197,dkmjngzg
531812,2.122574806213379,dkmjngzg
532759,2.106221914291382,dkmjngzg
533535,2.119626998901367,dkmjngzg
534441,2.1279714107513428,dkmjngzg
535257,2.11371111869812,dkmjngzg
535900,2.116727828979492,dkmjngzg
536619,2.1355862617492676,dkmjngzg
537257,2.107631206512451,dkmjngzg
537942,2.114398241043091,dkmjngzg
538476,2.101954221725464,dkmjngzg
539292,2.103983163833618,dkmjngzg
539985,2.108707904815674,dkmjngzg
540885,2.12469744682312,dkmjngzg
541506,2.119811534881592,dkmjngzg
542370,2.1053836345672607,dkmjngzg
543194,2.1095244884490967,dkmjngzg
544121,2.112403154373169,dkmjngzg
544907,2.114471912384033,dkmjngzg
545809,2.1085870265960693,dkmjngzg
546616,2.11495304107666,dkmjngzg
547343,2.1093127727508545,dkmjngzg
548093,2.1156704425811768,dkmjngzg
549058,2.108156204223633,dkmjngzg
549970,2.1160473823547363,dkmjngzg
550751,2.1051206588745117,dkmjngzg
551402,2.1111528873443604,dkmjngzg
552365,2.099822998046875,dkmjngzg
553249,2.11558198928833,dkmjngzg
553904,2.1187903881073,dkmjngzg
554600,2.104823112487793,dkmjngzg
555550,2.1049001216888428,dkmjngzg
556489,2.1053707599639893,dkmjngzg
557139,2.1201412677764893,dkmjngzg
557861,2.10392165184021,dkmjngzg
558427,2.0983452796936035,dkmjngzg
559173,2.1142594814300537,dkmjngzg
559929,2.0893144607543945,dkmjngzg
560968,2.1048903465270996,dkmjngzg
561612,2.1187233924865723,dkmjngzg
562297,2.099248170852661,dkmjngzg
563082,2.1109039783477783,dkmjngzg
563941,2.1114983558654785,dkmjngzg
564322,2.1092453002929688,va6ko4g8
564681,2.1117806434631348,va6ko4g8
565101,2.114366292953491,va6ko4g8
565710,2.0955474376678467,va6ko4g8
566375,2.1007883548736572,va6ko4g8
567181,2.1123344898223877,va6ko4g8
567802,2.10095477104187,va6ko4g8
568336,2.1037745475769043,va6ko4g8
569048,2.1173906326293945,va6ko4g8
569829,2.112316131591797,va6ko4g8
570452,2.114502191543579,va6ko4g8
571223,2.097649574279785,va6ko4g8
571676,2.109038829803467,va6ko4g8
572355,2.110485553741455,va6ko4g8
572870,2.0993492603302,va6ko4g8
573331,2.089399576187134,va6ko4g8
573879,2.10042667388916,va6ko4g8
574383,2.114807367324829,va6ko4g8
574985,2.1065754890441895,va6ko4g8
575402,2.0974252223968506,va6ko4g8
576008,2.0968451499938965,va6ko4g8
576594,2.111910820007324,va6ko4g8
577182,2.1121110916137695,va6ko4g8
578008,2.1227962970733643,va6ko4g8
578498,2.097038984298706,va6ko4g8
579019,2.115616798400879,va6ko4g8
579777,2.1018803119659424,va6ko4g8
580492,2.1141090393066406,va6ko4g8
581121,2.1115589141845703,va6ko4g8
581774,2.1145808696746826,va6ko4g8
582259,2.1064987182617188,va6ko4g8
582922,2.106419086456299,va6ko4g8
583410,2.115899085998535,va6ko4g8
584094,2.109951972961426,va6ko4g8
584675,2.106297492980957,va6ko4g8
585202,2.108085870742798,va6ko4g8
585973,2.1097288131713867,va6ko4g8
586733,2.1100494861602783,va6ko4g8
587357,2.103618860244751,va6ko4g8
587905,2.109464168548584,va6ko4g8
588411,2.1124625205993652,va6ko4g8
589134,2.0906741619110107,va6ko4g8
589782,2.1011745929718018,va6ko4g8
590463,2.099590301513672,va6ko4g8
590921,2.0951199531555176,va6ko4g8
591450,2.1034109592437744,va6ko4g8
592189,2.1086838245391846,va6ko4g8
592837,2.115570545196533,va6ko4g8
593036,2.09222412109375,7g77ovwv
593090,2.0919291973114014,7g77ovwv
593151,2.108884572982788,va6ko4g8
593206,2.112694501876831,7g77ovwv
593270,2.1128780841827393,7g77ovwv
593328,2.1168105602264404,7g77ovwv
593396,2.117196559906006,7g77ovwv
593455,2.0908772945404053,7g77ovwv
593500,2.1165664196014404,7g77ovwv
593549,2.1070427894592285,7g77ovwv
593612,2.112318277359009,7g77ovwv
593666,2.1008472442626953,7g77ovwv
593730,2.1221518516540527,7g77ovwv
593783,2.103792428970337,7g77ovwv
593841,2.0953009128570557,7g77ovwv
593906,2.0903944969177246,7g77ovwv
593949,2.0981712341308594,7g77ovwv
594009,2.108088970184326,7g77ovwv
594071,2.1002304553985596,7g77ovwv
594132,2.107103109359741,7g77ovwv
594183,2.1125736236572266,7g77ovwv
594243,2.1134724617004395,7g77ovwv
594317,2.1072113513946533,7g77ovwv
594381,2.092021942138672,7g77ovwv
594442,2.106856346130371,7g77ovwv
594506,2.1187829971313477,7g77ovwv
594569,2.1084673404693604,7g77ovwv
594628,2.0959644317626953,7g77ovwv
594702,2.1016619205474854,7g77ovwv
594770,2.119110584259033,7g77ovwv
594835,2.1174418926239014,7g77ovwv
594890,2.1022889614105225,7g77ovwv
594961,2.107776165008545,7g77ovwv
595024,2.104708433151245,7g77ovwv
595098,2.1120591163635254,7g77ovwv
595165,2.1021580696105957,7g77ovwv
595213,2.10738468170166,7g77ovwv
595277,2.1038644313812256,7g77ovwv
595354,2.1079251766204834,7g77ovwv
595418,2.114884376525879,7g77ovwv
595472,2.0929148197174072,7g77ovwv
595530,2.115976333618164,7g77ovwv
595593,2.1124017238616943,7g77ovwv
595656,2.116095781326294,7g77ovwv
595741,2.1082398891448975,7g77ovwv
595796,2.1121647357940674,7g77ovwv
595855,2.112161636352539,7g77ovwv
595921,2.097268581390381,7g77ovwv
595984,2.086627244949341,7g77ovwv
596053,2.0956456661224365,7g77ovwv
596056,2.094888687133789,7g77ovwv
