_step,train/CrossEntropyLoss,_segment
1,12.267267227172852,syfuxa45
3,12.17922306060791,syfuxa45
5,11.984053611755371,syfuxa45
7,11.805039405822754,syfuxa45
9,11.763806343078613,syfuxa45
11,11.682035446166992,syfuxa45
13,11.552456855773926,syfuxa45
15,11.504621505737305,syfuxa45
17,11.364944458007812,syfuxa45
19,11.291905403137207,syfuxa45
21,11.182792663574219,syfuxa45
23,11.066155433654785,syfuxa45
25,11.01215934753418,syfuxa45
27,10.910304069519043,syfuxa45
29,10.829987525939941,syfuxa45
31,10.748285293579102,syfuxa45
33,10.688011169433594,syfuxa45
35,10.630873680114746,syfuxa45
37,10.54742431640625,syfuxa45
39,10.466861724853516,syfuxa45
41,10.386591911315918,syfuxa45
43,10.317861557006836,syfuxa45
45,10.221858024597168,syfuxa45
47,10.144294738769531,syfuxa45
49,10.05117416381836,syfuxa45
51,9.953593254089355,syfuxa45
53,9.851678848266602,syfuxa45
55,9.742753028869629,syfuxa45
57,9.655664443969727,syfuxa45
59,9.561009407043457,syfuxa45
61,9.429230690002441,syfuxa45
63,9.340946197509766,syfuxa45
65,9.279244422912598,syfuxa45
67,9.182341575622559,syfuxa45
69,9.056584358215332,syfuxa45
71,8.994245529174805,syfuxa45
73,8.896944046020508,syfuxa45
75,8.737757682800293,syfuxa45
77,8.670697212219238,syfuxa45
79,8.542720794677734,syfuxa45
81,8.47065258026123,syfuxa45
83,8.35066032409668,syfuxa45
85,8.27816104888916,syfuxa45
87,8.181585311889648,syfuxa45
89,8.089216232299805,syfuxa45
91,8.038798332214355,syfuxa45
93,7.954836368560791,syfuxa45
95,7.8836517333984375,syfuxa45
97,7.857832431793213,syfuxa45
99,7.846559047698975,syfuxa45
101,7.8081536293029785,syfuxa45
103,7.718647003173828,syfuxa45
105,7.657043933868408,syfuxa45
107,7.623864650726318,syfuxa45
109,7.61191987991333,syfuxa45
111,7.544966697692871,syfuxa45
113,7.53179407119751,syfuxa45
115,7.5171308517456055,syfuxa45
117,7.530093669891357,syfuxa45
119,7.476174831390381,syfuxa45
121,7.46244478225708,syfuxa45
123,7.454502582550049,syfuxa45
125,7.403393268585205,syfuxa45
127,7.410573959350586,syfuxa45
129,7.363105773925781,syfuxa45
131,7.332479953765869,syfuxa45
133,7.333683490753174,syfuxa45
135,7.356008529663086,syfuxa45
137,7.369659900665283,syfuxa45
139,7.296472072601318,syfuxa45
141,7.260496616363525,syfuxa45
143,7.352078437805176,syfuxa45
145,7.279077529907227,syfuxa45
147,7.2225236892700195,syfuxa45
149,7.182301998138428,syfuxa45
151,7.161540508270264,h42rnl7m
152,7.151337623596191,h42rnl7m
153,7.1952409744262695,h42rnl7m
154,7.149998664855957,h42rnl7m
155,7.125053882598877,h42rnl7m
156,7.0946455001831055,h42rnl7m
157,7.127718448638916,h42rnl7m
158,7.087449073791504,h42rnl7m
159,7.093476295471191,h42rnl7m
160,7.082431793212891,h42rnl7m
161,7.044430255889893,h42rnl7m
163,6.983482837677002,h42rnl7m
165,6.981439590454102,h42rnl7m
167,6.954649925231934,h42rnl7m
169,6.918313980102539,h42rnl7m
171,6.928243160247803,h42rnl7m
173,6.892765998840332,h42rnl7m
175,6.90426778793335,h42rnl7m
177,6.8350419998168945,h42rnl7m
179,6.823294162750244,h42rnl7m
181,6.835177898406982,h42rnl7m
183,6.820431232452393,h42rnl7m
185,6.796177387237549,h42rnl7m
187,6.720579147338867,h42rnl7m
189,6.763278961181641,h42rnl7m
191,6.683545112609863,h42rnl7m
193,6.674905776977539,h42rnl7m
195,6.675464153289795,h42rnl7m
197,6.659868240356445,h42rnl7m
199,6.575851917266846,h42rnl7m
201,6.630638122558594,h42rnl7m
203,6.57370138168335,h42rnl7m
205,6.594651222229004,h42rnl7m
207,6.563878059387207,h42rnl7m
209,6.5782670974731445,h42rnl7m
211,6.532775402069092,h42rnl7m
213,6.512420654296875,h42rnl7m
215,6.498311519622803,h42rnl7m
217,6.499533653259277,h42rnl7m
219,6.473988056182861,h42rnl7m
221,6.450600624084473,h42rnl7m
223,6.432995796203613,h42rnl7m
225,6.409533977508545,h42rnl7m
227,6.382948398590088,h42rnl7m
229,6.4177727699279785,h42rnl7m
231,6.448436737060547,h42rnl7m
233,6.43610143661499,h42rnl7m
235,6.408816337585449,h42rnl7m
237,6.3559393882751465,h42rnl7m
239,6.337482929229736,h42rnl7m
241,6.381199359893799,h42rnl7m
243,6.341021537780762,h42rnl7m
245,6.308858394622803,h42rnl7m
247,6.3047566413879395,h42rnl7m
249,6.289461135864258,h42rnl7m
251,6.280026912689209,h42rnl7m
253,6.30386209487915,h42rnl7m
255,6.25811767578125,h42rnl7m
257,6.245144367218018,h42rnl7m
259,6.227510452270508,h42rnl7m
261,6.1956400871276855,h42rnl7m
263,6.211067199707031,h42rnl7m
265,6.198245525360107,h42rnl7m
267,6.192705154418945,h42rnl7m
269,6.1850080490112305,h42rnl7m
271,6.162327766418457,h42rnl7m
273,6.150557041168213,h42rnl7m
275,6.135605812072754,h42rnl7m
277,6.109790802001953,h42rnl7m
279,6.111421585083008,h42rnl7m
281,6.096790313720703,h42rnl7m
283,6.1081743240356445,h42rnl7m
285,6.067183017730713,h42rnl7m
287,6.082431793212891,h42rnl7m
289,6.069643497467041,h42rnl7m
291,6.0428690910339355,h42rnl7m
293,6.038228511810303,h42rnl7m
295,6.0620503425598145,h42rnl7m
297,6.034950256347656,h42rnl7m
299,6.016750335693359,h42rnl7m
301,5.990729808807373,h42rnl7m
303,5.995923042297363,h42rnl7m
305,5.98572301864624,h42rnl7m
307,5.989880561828613,h42rnl7m
309,5.987762928009033,h42rnl7m
311,5.9690775871276855,h42rnl7m
313,5.955745220184326,h42rnl7m
315,5.931915760040283,h42rnl7m
317,5.9632158279418945,h42rnl7m
319,5.935953617095947,h42rnl7m
321,5.91337251663208,h42rnl7m
323,5.883335590362549,h42rnl7m
325,5.880821704864502,h42rnl7m
327,5.910786151885986,h42rnl7m
329,5.8875508308410645,h42rnl7m
331,5.85831880569458,h42rnl7m
333,5.841569423675537,h42rnl7m
335,5.848531723022461,h42rnl7m
337,5.829847812652588,h42rnl7m
339,5.84190559387207,h42rnl7m
341,5.806046009063721,h42rnl7m
343,5.78611421585083,h42rnl7m
345,5.8369832038879395,h42rnl7m
347,5.830537796020508,h42rnl7m
349,5.787469863891602,h42rnl7m
351,5.7961320877075195,h42rnl7m
353,5.761430263519287,h42rnl7m
355,5.783609390258789,h42rnl7m
357,5.73947286605835,h42rnl7m
359,5.736023902893066,h42rnl7m
361,5.720216274261475,h42rnl7m
363,5.699974536895752,h42rnl7m
365,5.748284816741943,h42rnl7m
367,5.730401992797852,h42rnl7m
369,5.72100830078125,h42rnl7m
371,5.700087547302246,h42rnl7m
373,5.683351993560791,h42rnl7m
375,5.669301509857178,h42rnl7m
377,5.657756328582764,h42rnl7m
379,5.668902397155762,h42rnl7m
381,5.655182838439941,h42rnl7m
383,5.636684417724609,h42rnl7m
385,5.614643096923828,h42rnl7m
387,5.598799228668213,h42rnl7m
389,5.620907306671143,h42rnl7m
391,5.6109514236450195,h42rnl7m
393,5.597403049468994,h42rnl7m
395,5.58083963394165,h42rnl7m
397,5.586879730224609,h42rnl7m
399,5.569886684417725,h42rnl7m
401,5.569550037384033,h42rnl7m
403,5.568449020385742,h42rnl7m
405,5.534608840942383,h42rnl7m
407,5.542715549468994,h42rnl7m
409,5.536928653717041,h42rnl7m
411,5.5238447189331055,h42rnl7m
413,5.509469985961914,h42rnl7m
415,5.536232948303223,h42rnl7m
417,5.531263828277588,h42rnl7m
419,5.4930596351623535,h42rnl7m
421,5.475048065185547,h42rnl7m
423,5.4986724853515625,h42rnl7m
425,5.478392124176025,h42rnl7m
427,5.4851250648498535,h42rnl7m
429,5.487168788909912,h42rnl7m
431,5.4594316482543945,h42rnl7m
433,5.439681053161621,h42rnl7m
435,5.454002380371094,h42rnl7m
437,5.435988903045654,h42rnl7m
439,5.465268135070801,h42rnl7m
441,5.432660102844238,h42rnl7m
443,5.417252063751221,h42rnl7m
445,5.433050632476807,h42rnl7m
447,5.4124932289123535,h42rnl7m
449,5.3702263832092285,h42rnl7m
451,5.40509033203125,h42rnl7m
453,5.393620491027832,h42rnl7m
455,5.392728805541992,h42rnl7m
457,5.370718479156494,h42rnl7m
459,5.399062633514404,h42rnl7m
461,5.373867034912109,h42rnl7m
463,5.381763935089111,h42rnl7m
465,5.341817378997803,h42rnl7m
467,5.389708518981934,h42rnl7m
469,5.351170063018799,h42rnl7m
471,5.355171203613281,h42rnl7m
473,5.322968482971191,h42rnl7m
475,5.327306270599365,h42rnl7m
477,5.33902645111084,h42rnl7m
479,5.325345039367676,h42rnl7m
481,5.297205924987793,h42rnl7m
483,5.300921440124512,h42rnl7m
485,5.2798590660095215,h42rnl7m
487,5.265462875366211,h42rnl7m
489,5.3285908699035645,h42rnl7m
491,5.285311222076416,h42rnl7m
493,5.27492094039917,h42rnl7m
495,5.278872489929199,h42rnl7m
497,5.251183032989502,h42rnl7m
499,5.232755661010742,h42rnl7m
501,5.304893493652344,h42rnl7m
503,5.268394947052002,h42rnl7m
505,5.257359504699707,h42rnl7m
507,5.238772392272949,h42rnl7m
509,5.23737096786499,h42rnl7m
511,5.219717502593994,h42rnl7m
513,5.21314001083374,h42rnl7m
515,5.200249195098877,h42rnl7m
517,5.176339626312256,h42rnl7m
519,5.171756267547607,h42rnl7m
521,5.1880784034729,h42rnl7m
523,5.17167854309082,h42rnl7m
525,5.168944835662842,h42rnl7m
527,5.171159744262695,h42rnl7m
529,5.13724946975708,h42rnl7m
531,5.15808629989624,h42rnl7m
533,5.16447114944458,h42rnl7m
535,5.1259260177612305,h42rnl7m
537,5.119123458862305,h42rnl7m
539,5.125827789306641,h42rnl7m
541,5.124166488647461,h42rnl7m
543,5.151414394378662,h42rnl7m
545,5.140722274780273,h42rnl7m
547,5.115436553955078,h42rnl7m
549,5.126608848571777,h42rnl7m
551,5.090334892272949,h42rnl7m
553,5.111735820770264,h42rnl7m
555,5.101661682128906,h42rnl7m
557,5.089599609375,h42rnl7m
559,5.06427526473999,h42rnl7m
561,5.073139667510986,h42rnl7m
563,5.084521293640137,h42rnl7m
565,5.079477310180664,h42rnl7m
567,5.056669235229492,h42rnl7m
569,5.05056619644165,h42rnl7m
571,5.062144756317139,h42rnl7m
573,5.048022270202637,h42rnl7m
575,5.0460734367370605,h42rnl7m
577,5.024435520172119,h42rnl7m
579,5.029390335083008,h42rnl7m
581,5.017811298370361,h42rnl7m
583,5.0492119789123535,h42rnl7m
585,5.01143741607666,h42rnl7m
587,4.994672775268555,h42rnl7m
589,4.975791931152344,h42rnl7m
591,4.979583740234375,h42rnl7m
593,4.958644866943359,h42rnl7m
595,4.963647365570068,h42rnl7m
597,4.947470188140869,h42rnl7m
599,4.949368000030518,h42rnl7m
601,4.940228462219238,acmz6z47
602,4.959407806396484,acmz6z47
603,4.948110103607178,acmz6z47
604,4.980055332183838,acmz6z47
605,4.940776824951172,acmz6z47
606,4.966394901275635,acmz6z47
607,4.945037841796875,acmz6z47
608,4.962246417999268,acmz6z47
609,4.93644905090332,acmz6z47
610,4.918480396270752,acmz6z47
611,4.91726541519165,acmz6z47
613,4.933259010314941,acmz6z47
615,4.955816268920898,acmz6z47
617,4.918706893920898,acmz6z47
619,4.901448726654053,acmz6z47
621,4.882767677307129,acmz6z47
623,4.931337356567383,acmz6z47
625,4.894428730010986,acmz6z47
627,4.896265029907227,acmz6z47
629,4.890609264373779,acmz6z47
631,4.863704204559326,acmz6z47
633,4.868358612060547,acmz6z47
635,4.862797260284424,acmz6z47
637,4.878653526306152,acmz6z47
639,4.871004581451416,acmz6z47
641,4.851931571960449,acmz6z47
643,4.850459575653076,acmz6z47
645,4.8574981689453125,acmz6z47
647,4.827057838439941,acmz6z47
649,4.812234878540039,acmz6z47
651,4.840127468109131,acmz6z47
653,4.818981170654297,acmz6z47
655,4.824218273162842,acmz6z47
657,4.796866416931152,acmz6z47
659,4.812320232391357,acmz6z47
661,4.803049087524414,acmz6z47
663,4.781296730041504,acmz6z47
665,4.7747039794921875,acmz6z47
667,4.761241912841797,acmz6z47
669,4.753631114959717,acmz6z47
671,4.758509159088135,acmz6z47
673,4.763158321380615,acmz6z47
675,4.746153354644775,acmz6z47
677,4.757293701171875,acmz6z47
679,4.735349178314209,acmz6z47
681,4.7328715324401855,acmz6z47
683,4.709861755371094,acmz6z47
685,4.717683792114258,acmz6z47
687,4.711104393005371,acmz6z47
689,4.705206394195557,acmz6z47
691,4.740203857421875,acmz6z47
693,4.701325416564941,acmz6z47
695,4.679670810699463,acmz6z47
697,4.68943977355957,acmz6z47
699,4.628915309906006,acmz6z47
701,4.679432392120361,acmz6z47
702,4.639148712158203,acmz6z47
703,4.650921821594238,acmz6z47
704,4.656022548675537,acmz6z47
705,4.658661842346191,acmz6z47
706,4.630590438842773,acmz6z47
707,4.64722204208374,acmz6z47
708,4.64845085144043,acmz6z47
709,4.64585018157959,acmz6z47
710,4.625741958618164,acmz6z47
711,4.625973701477051,poh1jr99
713,4.62185001373291,poh1jr99
715,4.633642673492432,poh1jr99
717,4.605249881744385,poh1jr99
719,4.6093430519104,poh1jr99
721,4.624554634094238,poh1jr99
723,4.611999988555908,poh1jr99
725,4.602062702178955,poh1jr99
727,4.604089736938477,poh1jr99
729,4.60529899597168,poh1jr99
731,4.572752475738525,poh1jr99
733,4.594456672668457,poh1jr99
735,4.581502437591553,poh1jr99
737,4.592668056488037,poh1jr99
739,4.586140155792236,poh1jr99
741,4.571547031402588,poh1jr99
743,4.567059516906738,poh1jr99
745,4.556337356567383,poh1jr99
747,4.535128116607666,poh1jr99
749,4.552591323852539,poh1jr99
751,4.539426803588867,poh1jr99
753,4.500358581542969,poh1jr99
755,4.5141987800598145,poh1jr99
757,4.499685287475586,poh1jr99
759,4.504336357116699,poh1jr99
761,4.488584518432617,poh1jr99
763,4.489702224731445,poh1jr99
765,4.5141472816467285,poh1jr99
767,4.48184061050415,poh1jr99
769,4.470897674560547,poh1jr99
771,4.512516975402832,poh1jr99
773,4.507702827453613,poh1jr99
775,4.510417938232422,poh1jr99
777,4.461271286010742,poh1jr99
779,4.458812236785889,poh1jr99
781,4.460832595825195,poh1jr99
783,4.479552745819092,poh1jr99
785,4.4514312744140625,poh1jr99
787,4.429390907287598,poh1jr99
789,4.441766738891602,poh1jr99
791,4.433013439178467,poh1jr99
793,4.431011199951172,poh1jr99
795,4.401074409484863,poh1jr99
797,4.430024147033691,poh1jr99
799,4.422420024871826,poh1jr99
801,4.406422138214111,poh1jr99
803,4.3950300216674805,poh1jr99
805,4.38284969329834,poh1jr99
807,4.429203987121582,poh1jr99
809,4.427140712738037,poh1jr99
811,4.407251834869385,poh1jr99
813,4.416757583618164,poh1jr99
815,4.3977952003479,poh1jr99
817,4.378599166870117,poh1jr99
819,4.350175380706787,poh1jr99
821,4.346149921417236,poh1jr99
823,4.354851245880127,poh1jr99
825,4.3581037521362305,poh1jr99
827,4.377370357513428,poh1jr99
829,4.360230922698975,poh1jr99
831,4.342623233795166,poh1jr99
833,4.371957778930664,poh1jr99
835,4.353434085845947,poh1jr99
837,4.348642826080322,poh1jr99
839,4.336016654968262,poh1jr99
841,4.326636791229248,poh1jr99
843,4.362830638885498,poh1jr99
845,4.340709209442139,poh1jr99
847,4.315624713897705,poh1jr99
849,4.313986778259277,poh1jr99
851,4.31126594543457,4cgzd4cu
852,4.282765865325928,4cgzd4cu
853,4.303001403808594,4cgzd4cu
854,4.307072639465332,4cgzd4cu
855,4.326353073120117,4cgzd4cu
856,4.303232669830322,4cgzd4cu
857,4.3209381103515625,4cgzd4cu
858,4.295928478240967,4cgzd4cu
859,4.318272113800049,4cgzd4cu
860,4.3233962059021,4cgzd4cu
861,4.327403545379639,4cgzd4cu
863,4.329334259033203,4cgzd4cu
865,4.2987380027771,4cgzd4cu
867,4.297262191772461,4cgzd4cu
869,4.308441638946533,4cgzd4cu
871,4.279903888702393,4cgzd4cu
873,4.275327205657959,4cgzd4cu
875,4.273384094238281,4cgzd4cu
877,4.251134872436523,4cgzd4cu
879,4.250787258148193,4cgzd4cu
881,4.245778560638428,4cgzd4cu
883,4.228838920593262,4cgzd4cu
885,4.240562438964844,4cgzd4cu
887,4.262094974517822,4cgzd4cu
889,4.253294944763184,4cgzd4cu
891,4.280551910400391,4cgzd4cu
893,4.266750812530518,4cgzd4cu
895,4.270986557006836,4cgzd4cu
897,4.227570056915283,4cgzd4cu
899,4.26627779006958,4cgzd4cu
901,4.269272804260254,4cgzd4cu
902,4.276721477508545,4cgzd4cu
903,4.263213157653809,4cgzd4cu
904,4.260346412658691,4cgzd4cu
905,4.237772464752197,4cgzd4cu
906,4.2246527671813965,4cgzd4cu
907,4.2298173904418945,4cgzd4cu
908,4.234745025634766,4cgzd4cu
909,4.219444274902344,4cgzd4cu
910,4.239227294921875,4cgzd4cu
911,4.230525016784668,zxl4esoc
913,4.25185489654541,zxl4esoc
915,4.255560874938965,zxl4esoc
917,4.22316837310791,zxl4esoc
919,4.21988582611084,zxl4esoc
921,4.204598903656006,zxl4esoc
923,4.184736251831055,zxl4esoc
925,4.180816650390625,zxl4esoc
927,4.179067134857178,zxl4esoc
929,4.1666436195373535,zxl4esoc
931,4.1584038734436035,zxl4esoc
933,4.19179105758667,zxl4esoc
935,4.179126262664795,zxl4esoc
937,4.163050174713135,zxl4esoc
939,4.179382801055908,zxl4esoc
941,4.190680027008057,zxl4esoc
943,4.203503608703613,zxl4esoc
945,4.193541526794434,zxl4esoc
947,4.218576431274414,zxl4esoc
949,4.187867641448975,zxl4esoc
951,4.187373161315918,zxl4esoc
953,4.195450305938721,zxl4esoc
955,4.174905300140381,zxl4esoc
957,4.183523178100586,zxl4esoc
959,4.178210735321045,zxl4esoc
961,4.177200794219971,zxl4esoc
963,4.152522087097168,zxl4esoc
965,4.140401840209961,zxl4esoc
967,4.123730659484863,zxl4esoc
969,4.099549293518066,zxl4esoc
971,4.117766380310059,zxl4esoc
973,4.081142425537109,zxl4esoc
975,4.127543926239014,zxl4esoc
977,4.102817535400391,zxl4esoc
979,4.100283145904541,zxl4esoc
981,4.119095325469971,zxl4esoc
983,4.140785217285156,zxl4esoc
985,4.1125006675720215,zxl4esoc
987,4.152866363525391,zxl4esoc
989,4.1137800216674805,zxl4esoc
991,4.135386943817139,zxl4esoc
993,4.1127800941467285,zxl4esoc
995,4.153563022613525,zxl4esoc
997,4.128046035766602,zxl4esoc
999,4.112397193908691,zxl4esoc
1001,4.114727973937988,zxl4esoc
1003,4.099364757537842,zxl4esoc
1005,4.089300155639648,zxl4esoc
1007,4.063649654388428,zxl4esoc
1009,4.066715240478516,zxl4esoc
1011,4.086461067199707,zxl4esoc
1013,4.070763111114502,zxl4esoc
1015,4.087518692016602,zxl4esoc
1017,4.08708381652832,zxl4esoc
1019,4.081343173980713,zxl4esoc
1021,4.062191963195801,zxl4esoc
1023,4.063438892364502,zxl4esoc
1025,4.0625505447387695,zxl4esoc
1027,4.0883073806762695,zxl4esoc
1029,4.080629825592041,zxl4esoc
1031,4.0866289138793945,zxl4esoc
1033,4.06127405166626,zxl4esoc
1035,4.052426815032959,zxl4esoc
1037,4.045629501342773,zxl4esoc
1039,4.062325954437256,zxl4esoc
1041,4.051574230194092,zxl4esoc
1043,4.023984432220459,zxl4esoc
1045,4.034379482269287,zxl4esoc
1047,4.036681652069092,zxl4esoc
1049,4.003937244415283,zxl4esoc
1051,4.030905246734619,zxl4esoc
1053,4.019775867462158,zxl4esoc
1055,4.022812843322754,zxl4esoc
1057,4.057199001312256,zxl4esoc
1059,4.061689853668213,zxl4esoc
1061,4.10860538482666,zxl4esoc
1063,4.071938514709473,zxl4esoc
1065,4.055661201477051,zxl4esoc
1067,4.038903713226318,zxl4esoc
1069,4.048539161682129,zxl4esoc
1071,4.015751838684082,zxl4esoc
1073,4.013621807098389,zxl4esoc
1075,4.00680685043335,zxl4esoc
1077,3.98293137550354,zxl4esoc
1079,3.9897377490997314,zxl4esoc
1081,3.9867122173309326,zxl4esoc
1083,3.977090835571289,zxl4esoc
1085,3.976973533630371,zxl4esoc
1087,3.9495162963867188,zxl4esoc
1089,3.987744092941284,zxl4esoc
1091,3.9825456142425537,zxl4esoc
1093,4.005949974060059,zxl4esoc
1095,3.9768755435943604,zxl4esoc
1097,4.019367694854736,zxl4esoc
1099,3.9990217685699463,zxl4esoc
1101,4.023824214935303,zxl4esoc
1103,4.013884544372559,zxl4esoc
1105,4.005409240722656,zxl4esoc
1107,4.018587589263916,zxl4esoc
1109,3.967907428741455,zxl4esoc
1111,3.9749996662139893,zxl4esoc
1113,3.9638640880584717,zxl4esoc
1115,3.9723806381225586,zxl4esoc
1117,3.9638712406158447,zxl4esoc
1119,3.930621385574341,zxl4esoc
1121,3.948439598083496,zxl4esoc
1123,3.9371087551116943,zxl4esoc
1125,3.938231945037842,zxl4esoc
1127,3.9245097637176514,zxl4esoc
1129,3.9280571937561035,zxl4esoc
1131,3.960491180419922,zxl4esoc
1133,3.9321961402893066,zxl4esoc
1135,3.9590346813201904,zxl4esoc
1137,3.9462103843688965,zxl4esoc
1139,3.9911510944366455,zxl4esoc
1141,3.9634382724761963,zxl4esoc
1143,3.989649534225464,zxl4esoc
1145,3.994687557220459,zxl4esoc
1147,3.988121271133423,zxl4esoc
1149,3.997133493423462,zxl4esoc
1151,3.967303514480591,zxl4esoc
1153,3.93603253364563,zxl4esoc
1155,3.9176275730133057,zxl4esoc
1157,3.8935396671295166,zxl4esoc
1159,3.9047915935516357,zxl4esoc
1161,3.910338878631592,zxl4esoc
1163,3.8978400230407715,zxl4esoc
1165,3.876213550567627,zxl4esoc
1167,3.89599347114563,zxl4esoc
1169,3.894120693206787,zxl4esoc
1171,3.918785333633423,zxl4esoc
1173,3.9075613021850586,zxl4esoc
1175,3.9185738563537598,zxl4esoc
1177,3.896075487136841,zxl4esoc
1179,3.887761116027832,zxl4esoc
1181,3.912264347076416,zxl4esoc
1183,3.9275643825531006,zxl4esoc
1185,3.9102542400360107,zxl4esoc
1187,3.9108283519744873,zxl4esoc
1189,3.9074292182922363,zxl4esoc
1191,3.8697872161865234,zxl4esoc
1193,3.911881923675537,zxl4esoc
1195,3.9028525352478027,zxl4esoc
1197,3.8867223262786865,zxl4esoc
1199,3.8808908462524414,zxl4esoc
1201,3.8700079917907715,zxl4esoc
1203,3.8832836151123047,zxl4esoc
1205,3.871623992919922,zxl4esoc
1207,3.8800864219665527,zxl4esoc
1209,3.8669636249542236,zxl4esoc
1211,3.8957455158233643,zxl4esoc
1213,3.875462770462036,zxl4esoc
1215,3.8761658668518066,zxl4esoc
1217,3.8795201778411865,zxl4esoc
1219,3.8719727993011475,zxl4esoc
1221,3.845930814743042,zxl4esoc
1223,3.820110321044922,zxl4esoc
1225,3.84763503074646,zxl4esoc
1227,3.8634541034698486,zxl4esoc
1229,3.8880059719085693,zxl4esoc
1231,3.895458936691284,zxl4esoc
1233,3.909677743911743,zxl4esoc
1235,3.8791937828063965,zxl4esoc
1237,3.860602617263794,zxl4esoc
1239,3.8651206493377686,zxl4esoc
1241,3.857651472091675,zxl4esoc
1243,3.843926429748535,zxl4esoc
1245,3.835980176925659,zxl4esoc
1247,3.823505401611328,zxl4esoc
1249,3.8096742630004883,zxl4esoc
1251,3.8288254737854004,zxl4esoc
1253,3.845120668411255,zxl4esoc
1255,3.8266239166259766,zxl4esoc
1257,3.836702585220337,zxl4esoc
1259,3.820185422897339,zxl4esoc
1261,3.836610794067383,zxl4esoc
1263,3.8421764373779297,zxl4esoc
1265,3.822687864303589,zxl4esoc
1267,3.849069833755493,zxl4esoc
1269,3.860621690750122,zxl4esoc
1271,3.8421688079833984,zxl4esoc
1273,3.8125851154327393,zxl4esoc
1275,3.8132593631744385,zxl4esoc
1277,3.8169679641723633,zxl4esoc
1279,3.8304800987243652,zxl4esoc
1281,3.7764527797698975,zxl4esoc
1283,3.8033266067504883,zxl4esoc
1285,3.814910888671875,zxl4esoc
1287,3.8117010593414307,zxl4esoc
1289,3.774524688720703,zxl4esoc
1291,3.8158483505249023,zxl4esoc
1293,3.8359060287475586,zxl4esoc
1295,3.8254201412200928,zxl4esoc
1297,3.80326509475708,zxl4esoc
1299,3.836759090423584,zxl4esoc
1301,3.787795305252075,zxl4esoc
1303,3.8121860027313232,zxl4esoc
1305,3.8008310794830322,zxl4esoc
1307,3.7771618366241455,zxl4esoc
1309,3.77751088142395,zxl4esoc
1311,3.779017686843872,zxl4esoc
1313,3.7957680225372314,zxl4esoc
1315,3.7656357288360596,zxl4esoc
1317,3.777477264404297,zxl4esoc
1319,3.7681760787963867,zxl4esoc
1321,3.772735118865967,zxl4esoc
1323,3.76009464263916,zxl4esoc
1325,3.7753145694732666,zxl4esoc
1327,3.7817769050598145,zxl4esoc
1329,3.7489659786224365,zxl4esoc
1331,3.789721727371216,zxl4esoc
1333,3.793062925338745,zxl4esoc
1335,3.765568971633911,zxl4esoc
1337,3.7969577312469482,zxl4esoc
1339,3.800126791000366,zxl4esoc
1341,3.7456367015838623,zxl4esoc
1343,3.7804431915283203,zxl4esoc
1345,3.785259485244751,zxl4esoc
1347,3.755826950073242,zxl4esoc
1349,3.729067802429199,zxl4esoc
1351,3.726161479949951,zxl4esoc
1353,3.7369720935821533,zxl4esoc
1355,3.718607187271118,zxl4esoc
1357,3.7359657287597656,zxl4esoc
1359,3.7530126571655273,zxl4esoc
1361,3.7522308826446533,zxl4esoc
1363,3.7543740272521973,zxl4esoc
1365,3.7502682209014893,zxl4esoc
1367,3.7646126747131348,zxl4esoc
1369,3.7493042945861816,zxl4esoc
1371,3.7497806549072266,zxl4esoc
1373,3.755783796310425,zxl4esoc
1375,3.745791435241699,zxl4esoc
1377,3.745913505554199,zxl4esoc
1379,3.718571662902832,zxl4esoc
1381,3.7120614051818848,zxl4esoc
1383,3.7451043128967285,zxl4esoc
1385,3.7211999893188477,zxl4esoc
1387,3.7152647972106934,zxl4esoc
1389,3.7210493087768555,zxl4esoc
1391,3.695000410079956,zxl4esoc
1393,3.686954975128174,zxl4esoc
1395,3.708491086959839,zxl4esoc
1397,3.7229084968566895,zxl4esoc
1399,3.720266580581665,zxl4esoc
1401,3.7361226081848145,zxl4esoc
1403,3.7206056118011475,zxl4esoc
1405,3.7121329307556152,zxl4esoc
1407,3.703989028930664,zxl4esoc
1409,3.7266085147857666,zxl4esoc
1411,3.7598984241485596,zxl4esoc
1413,3.7685484886169434,zxl4esoc
1415,3.77933931350708,zxl4esoc
1417,3.773468017578125,zxl4esoc
1419,3.7640891075134277,zxl4esoc
1421,3.7481813430786133,zxl4esoc
1423,3.7132320404052734,zxl4esoc
1425,3.7080585956573486,zxl4esoc
1427,3.7031495571136475,zxl4esoc
1429,3.6815736293792725,zxl4esoc
1431,3.68194842338562,zxl4esoc
1433,3.669607639312744,zxl4esoc
1435,3.6974895000457764,zxl4esoc
1437,3.6564996242523193,zxl4esoc
1439,3.665586233139038,zxl4esoc
1441,3.6781246662139893,zxl4esoc
1443,3.6460134983062744,zxl4esoc
1445,3.6613028049468994,zxl4esoc
1447,3.7025938034057617,zxl4esoc
1449,3.658186912536621,zxl4esoc
1451,3.6843693256378174,zxl4esoc
1453,3.684664249420166,zxl4esoc
1455,3.6986775398254395,zxl4esoc
1457,3.6735827922821045,zxl4esoc
1459,3.6882147789001465,zxl4esoc
1461,3.6548378467559814,zxl4esoc
1463,3.665120840072632,zxl4esoc
1465,3.6982457637786865,zxl4esoc
1467,3.686077356338501,zxl4esoc
1469,3.693298578262329,zxl4esoc
1471,3.700932264328003,zxl4esoc
1473,3.7020514011383057,zxl4esoc
1475,3.67324161529541,zxl4esoc
1477,3.6492502689361572,zxl4esoc
1479,3.6493117809295654,zxl4esoc
1481,3.6636595726013184,zxl4esoc
1483,3.6775200366973877,zxl4esoc
1485,3.663226366043091,zxl4esoc
1487,3.6781082153320312,zxl4esoc
1489,3.67864990234375,zxl4esoc
1491,3.6329541206359863,zxl4esoc
1493,3.634326696395874,zxl4esoc
1495,3.6743173599243164,zxl4esoc
1497,3.676414966583252,zxl4esoc
1499,3.6530776023864746,zxl4esoc
1501,3.651038885116577,zxl4esoc
1503,3.647106647491455,zxl4esoc
1505,3.653728485107422,zxl4esoc
1507,3.656691789627075,zxl4esoc
1509,3.659224510192871,zxl4esoc
1511,3.658364772796631,zxl4esoc
1513,3.6654489040374756,zxl4esoc
1515,3.666918992996216,zxl4esoc
1517,3.640735626220703,zxl4esoc
1519,3.62689471244812,zxl4esoc
1521,3.6410748958587646,zxl4esoc
1523,3.6388862133026123,zxl4esoc
1525,3.6398863792419434,zxl4esoc
1527,3.6460206508636475,zxl4esoc
1529,3.611236095428467,zxl4esoc
1531,3.6410396099090576,zxl4esoc
1533,3.6062862873077393,zxl4esoc
1535,3.620509624481201,zxl4esoc
1537,3.6084272861480713,zxl4esoc
1539,3.6109819412231445,zxl4esoc
1541,3.6056618690490723,zxl4esoc
1543,3.618929624557495,zxl4esoc
1545,3.6088497638702393,zxl4esoc
1547,3.628918170928955,zxl4esoc
1549,3.612029790878296,zxl4esoc
1551,3.6221911907196045,zxl4esoc
1553,3.609238624572754,zxl4esoc
1555,3.6199991703033447,zxl4esoc
1557,3.6146082878112793,zxl4esoc
1559,3.6205806732177734,zxl4esoc
1561,3.6047708988189697,zxl4esoc
1563,3.618987798690796,zxl4esoc
1565,3.636385679244995,zxl4esoc
1567,3.6213371753692627,zxl4esoc
1569,3.618723154067993,zxl4esoc
1571,3.6143579483032227,zxl4esoc
1573,3.607792615890503,zxl4esoc
1575,3.597684621810913,zxl4esoc
1577,3.60280704498291,zxl4esoc
1579,3.5961995124816895,zxl4esoc
1581,3.596421003341675,zxl4esoc
1583,3.5798752307891846,zxl4esoc
1585,3.6128740310668945,zxl4esoc
1587,3.592543125152588,zxl4esoc
1589,3.592716693878174,zxl4esoc
1591,3.5642480850219727,zxl4esoc
1593,3.596755027770996,zxl4esoc
1595,3.615762948989868,zxl4esoc
1597,3.6143240928649902,zxl4esoc
1599,3.6133415699005127,zxl4esoc
1601,3.6172313690185547,zxl4esoc
1603,3.6187288761138916,zxl4esoc
1605,3.629408121109009,zxl4esoc
1607,3.6002798080444336,zxl4esoc
1609,3.588711738586426,zxl4esoc
1611,3.585723638534546,zxl4esoc
1613,3.587156057357788,zxl4esoc
1615,3.5688209533691406,zxl4esoc
1617,3.587510347366333,zxl4esoc
1619,3.5804951190948486,zxl4esoc
1621,3.5509839057922363,zxl4esoc
1623,3.5584375858306885,zxl4esoc
1625,3.5499684810638428,zxl4esoc
1627,3.5623667240142822,zxl4esoc
1629,3.568871259689331,zxl4esoc
1631,3.584475517272949,zxl4esoc
1633,3.5692245960235596,zxl4esoc
1635,3.609964609146118,zxl4esoc
1637,3.581209659576416,zxl4esoc
1639,3.572356939315796,zxl4esoc
1641,3.570664882659912,zxl4esoc
1643,3.5449769496917725,zxl4esoc
1645,3.5600459575653076,zxl4esoc
1647,3.550351858139038,zxl4esoc
1649,3.5402910709381104,zxl4esoc
1651,3.55232310295105,zxl4esoc
1653,3.5206329822540283,zxl4esoc
1655,3.5672051906585693,zxl4esoc
1657,3.555469274520874,zxl4esoc
1659,3.5444326400756836,zxl4esoc
1661,3.5741608142852783,zxl4esoc
1663,3.5644619464874268,zxl4esoc
1665,3.562358856201172,zxl4esoc
1667,3.5895376205444336,zxl4esoc
1669,3.558445453643799,zxl4esoc
1671,3.6004066467285156,zxl4esoc
1673,3.54546856880188,zxl4esoc
1675,3.5863616466522217,zxl4esoc
1677,3.552785634994507,zxl4esoc
1679,3.547569513320923,zxl4esoc
1681,3.551856517791748,zxl4esoc
1683,3.5285844802856445,zxl4esoc
1685,3.5340425968170166,zxl4esoc
1687,3.54439640045166,zxl4esoc
1689,3.5327513217926025,zxl4esoc
1691,3.5399038791656494,zxl4esoc
1693,3.5651485919952393,zxl4esoc
1695,3.525381326675415,zxl4esoc
1697,3.532608985900879,zxl4esoc
1699,3.539919137954712,zxl4esoc
1701,3.519768476486206,zxl4esoc
1703,3.504984140396118,zxl4esoc
1705,3.5083260536193848,zxl4esoc
1707,3.5228896141052246,zxl4esoc
1709,3.5188345909118652,zxl4esoc
1711,3.517643451690674,zxl4esoc
1713,3.4903886318206787,zxl4esoc
1715,3.4917008876800537,zxl4esoc
1717,3.5268666744232178,zxl4esoc
1719,3.530600070953369,zxl4esoc
1721,3.5135903358459473,zxl4esoc
1723,3.516578435897827,zxl4esoc
1725,3.5359697341918945,zxl4esoc
1727,3.5129754543304443,zxl4esoc
1729,3.5403711795806885,zxl4esoc
1731,3.5323879718780518,zxl4esoc
1733,3.533390760421753,zxl4esoc
1735,3.535418748855591,zxl4esoc
1737,3.5253865718841553,zxl4esoc
1739,3.5315356254577637,zxl4esoc
1741,3.509552478790283,zxl4esoc
1743,3.5143020153045654,zxl4esoc
1745,3.508836269378662,zxl4esoc
1747,3.499669313430786,zxl4esoc
1749,3.5161423683166504,zxl4esoc
1751,3.4990408420562744,zxl4esoc
1753,3.494044303894043,zxl4esoc
1755,3.503096103668213,zxl4esoc
1757,3.5135817527770996,zxl4esoc
1759,3.504683494567871,zxl4esoc
1761,3.4839165210723877,zxl4esoc
1763,3.5260865688323975,zxl4esoc
1765,3.4926764965057373,zxl4esoc
1767,3.5167722702026367,zxl4esoc
1769,3.5167195796966553,zxl4esoc
1771,3.5240066051483154,zxl4esoc
1773,3.5019216537475586,zxl4esoc
1775,3.534904956817627,zxl4esoc
1777,3.4999778270721436,zxl4esoc
1779,3.505997657775879,zxl4esoc
1781,3.5102005004882812,zxl4esoc
1783,3.5079874992370605,zxl4esoc
1785,3.4829883575439453,zxl4esoc
1787,3.4613285064697266,zxl4esoc
1789,3.480250120162964,zxl4esoc
1791,3.466980218887329,zxl4esoc
1793,3.488596200942993,zxl4esoc
1795,3.465588092803955,zxl4esoc
1797,3.4854331016540527,zxl4esoc
1799,3.4659066200256348,zxl4esoc
1801,3.4572060108184814,zxl4esoc
1803,3.4703733921051025,zxl4esoc
1805,3.462848663330078,zxl4esoc
1807,3.486281633377075,zxl4esoc
1809,3.504176616668701,zxl4esoc
1811,3.4913864135742188,zxl4esoc
1813,3.47349214553833,zxl4esoc
1815,3.479701280593872,zxl4esoc
1817,3.4657351970672607,zxl4esoc
1819,3.448986768722534,zxl4esoc
1821,3.455754280090332,zxl4esoc
1823,3.4757792949676514,zxl4esoc
1825,3.448202133178711,zxl4esoc
1827,3.4855875968933105,zxl4esoc
1829,3.4757652282714844,zxl4esoc
1831,3.460721015930176,zxl4esoc
1833,3.458178997039795,zxl4esoc
1835,3.468616008758545,zxl4esoc
1837,3.4748969078063965,zxl4esoc
1839,3.467444658279419,zxl4esoc
1841,3.470355987548828,zxl4esoc
1843,3.4722869396209717,zxl4esoc
1845,3.4749131202697754,zxl4esoc
1847,3.4391674995422363,zxl4esoc
1849,3.4646928310394287,zxl4esoc
1851,3.4388163089752197,zxl4esoc
1853,3.4624381065368652,zxl4esoc
1855,3.466135025024414,zxl4esoc
1857,3.474087953567505,zxl4esoc
1859,3.4323694705963135,zxl4esoc
1861,3.467789888381958,zxl4esoc
1863,3.462378740310669,zxl4esoc
1865,3.457124710083008,zxl4esoc
1867,3.4655983448028564,zxl4esoc
1869,3.441896677017212,zxl4esoc
1871,3.4638633728027344,zxl4esoc
1873,3.4496066570281982,zxl4esoc
1875,3.4695212841033936,zxl4esoc
1877,3.4566755294799805,zxl4esoc
1879,3.4501657485961914,zxl4esoc
1881,3.4552013874053955,zxl4esoc
1883,3.452547788619995,zxl4esoc
1885,3.4203546047210693,zxl4esoc
1887,3.436603546142578,zxl4esoc
1889,3.4317619800567627,zxl4esoc
1891,3.4342305660247803,zxl4esoc
1893,3.4404125213623047,zxl4esoc
1895,3.4434633255004883,zxl4esoc
1897,3.4242236614227295,zxl4esoc
1899,3.4371025562286377,zxl4esoc
1901,3.425915479660034,zxl4esoc
1903,3.4426562786102295,zxl4esoc
1905,3.4403586387634277,zxl4esoc
1907,3.440659761428833,zxl4esoc
1909,3.4500372409820557,zxl4esoc
1911,3.4505414962768555,zxl4esoc
1913,3.4189436435699463,zxl4esoc
1915,3.4128973484039307,zxl4esoc
1917,3.4334335327148438,zxl4esoc
1919,3.4137563705444336,zxl4esoc
1921,3.42380428314209,zxl4esoc
1923,3.42136287689209,zxl4esoc
1925,3.423266887664795,zxl4esoc
1927,3.4146015644073486,zxl4esoc
1929,3.4283082485198975,zxl4esoc
1931,3.4392595291137695,zxl4esoc
1933,3.4409291744232178,zxl4esoc
1935,3.4211294651031494,zxl4esoc
1937,3.431291341781616,zxl4esoc
1939,3.4249677658081055,zxl4esoc
1941,3.40683913230896,zxl4esoc
1943,3.4386274814605713,zxl4esoc
1945,3.410649299621582,zxl4esoc
1947,3.4210000038146973,zxl4esoc
1949,3.425689220428467,zxl4esoc
1951,3.404325246810913,zxl4esoc
1953,3.418522596359253,zxl4esoc
1955,3.3989028930664062,zxl4esoc
1957,3.386626720428467,zxl4esoc
1959,3.395545482635498,zxl4esoc
1961,3.413130521774292,zxl4esoc
1963,3.4103198051452637,zxl4esoc
1965,3.4177329540252686,zxl4esoc
1967,3.396221160888672,zxl4esoc
1969,3.4115355014801025,zxl4esoc
1971,3.415828227996826,zxl4esoc
1973,3.416105270385742,zxl4esoc
1975,3.399303913116455,zxl4esoc
1977,3.430558443069458,zxl4esoc
1979,3.412513494491577,zxl4esoc
1981,3.393923282623291,zxl4esoc
1983,3.412534475326538,zxl4esoc
1985,3.4144110679626465,zxl4esoc
1987,3.418531894683838,zxl4esoc
1989,3.396873950958252,zxl4esoc
1991,3.403747320175171,zxl4esoc
1993,3.3787474632263184,zxl4esoc
1995,3.397749662399292,zxl4esoc
1997,3.3872523307800293,zxl4esoc
1999,3.37719988822937,zxl4esoc
2001,3.3875391483306885,zxl4esoc
2003,3.3894259929656982,zxl4esoc
2005,3.3847391605377197,zxl4esoc
2007,3.388073205947876,zxl4esoc
2009,3.39467453956604,zxl4esoc
2011,3.394667148590088,zxl4esoc
2013,3.3869435787200928,zxl4esoc
2015,3.380380630493164,zxl4esoc
2017,3.3913779258728027,zxl4esoc
2019,3.366304397583008,zxl4esoc
2021,3.3848233222961426,zxl4esoc
2023,3.3853604793548584,zxl4esoc
2025,3.3686182498931885,zxl4esoc
2027,3.391263961791992,zxl4esoc
2029,3.3763883113861084,zxl4esoc
2031,3.386944055557251,zxl4esoc
2033,3.4002809524536133,zxl4esoc
2035,3.378906726837158,zxl4esoc
2037,3.3919754028320312,zxl4esoc
2039,3.351428985595703,zxl4esoc
2041,3.3726110458374023,zxl4esoc
2043,3.3812623023986816,zxl4esoc
2045,3.3840503692626953,zxl4esoc
2047,3.3561131954193115,zxl4esoc
2049,3.3430068492889404,zxl4esoc
2051,3.381427049636841,zxl4esoc
2053,3.3719260692596436,zxl4esoc
2055,3.360609292984009,zxl4esoc
2057,3.3663570880889893,zxl4esoc
2059,3.38065767288208,zxl4esoc
2061,3.3572793006896973,zxl4esoc
2063,3.371091365814209,zxl4esoc
2065,3.3767125606536865,zxl4esoc
2067,3.372598648071289,zxl4esoc
2069,3.3816428184509277,zxl4esoc
2071,3.385000467300415,zxl4esoc
2073,3.357475519180298,zxl4esoc
2075,3.3742430210113525,zxl4esoc
2077,3.36922025680542,zxl4esoc
2079,3.3786535263061523,zxl4esoc
2081,3.375623941421509,zxl4esoc
2083,3.3558382987976074,zxl4esoc
2085,3.3500185012817383,zxl4esoc
2087,3.3445122241973877,zxl4esoc
2089,3.3629441261291504,zxl4esoc
2091,3.365433931350708,zxl4esoc
2093,3.357219934463501,zxl4esoc
2095,3.3144631385803223,zxl4esoc
2097,3.353799819946289,zxl4esoc
2099,3.355520725250244,zxl4esoc
2101,3.3543996810913086,zxl4esoc
2103,3.345365285873413,zxl4esoc
2105,3.3546080589294434,zxl4esoc
2107,3.3351454734802246,zxl4esoc
2109,3.3324923515319824,zxl4esoc
2111,3.3436427116394043,zxl4esoc
2113,3.3457279205322266,zxl4esoc
2115,3.3349311351776123,zxl4esoc
2117,3.351308822631836,zxl4esoc
2119,3.3335156440734863,zxl4esoc
2121,3.344646453857422,zxl4esoc
2123,3.3452212810516357,zxl4esoc
2125,3.3266024589538574,zxl4esoc
2127,3.3217978477478027,zxl4esoc
2129,3.346039295196533,zxl4esoc
2131,3.3235011100769043,zxl4esoc
2133,3.3151285648345947,zxl4esoc
2135,3.322660446166992,zxl4esoc
2137,3.3337666988372803,zxl4esoc
2139,3.3525776863098145,zxl4esoc
2141,3.3288490772247314,zxl4esoc
2143,3.3606765270233154,zxl4esoc
2145,3.3100085258483887,zxl4esoc
2147,3.344787359237671,zxl4esoc
2149,3.332426071166992,zxl4esoc
2151,3.3377726078033447,9p3ai3he
2151,3.3446969985961914,zxl4esoc
2152,3.3342418670654297,x5hb6a3f
2153,3.3371477127075195,9p3ai3he
2153,3.3413729667663574,zxl4esoc
2154,3.334355354309082,x5hb6a3f
2155,3.3176465034484863,9p3ai3he
2155,3.3260436058044434,zxl4esoc
2156,3.3375601768493652,x5hb6a3f
2157,3.31203293800354,9p3ai3he
2157,3.3124313354492188,zxl4esoc
2158,3.3142261505126953,x5hb6a3f
2159,3.3276350498199463,9p3ai3he
2159,3.3276662826538086,zxl4esoc
2160,3.3482131958007812,x5hb6a3f
2161,3.3084206581115723,9p3ai3he
2161,3.3082358837127686,zxl4esoc
2162,3.3239595890045166,x5hb6a3f
2163,3.307339668273926,9p3ai3he
2163,3.302391529083252,zxl4esoc
2164,3.34556245803833,x5hb6a3f
2165,3.3317015171051025,9p3ai3he
2165,3.329033613204956,zxl4esoc
2166,3.339747190475464,x5hb6a3f
2167,3.334646224975586,9p3ai3he
2167,3.3254730701446533,zxl4esoc
2168,3.3419015407562256,x5hb6a3f
2169,3.3422484397888184,9p3ai3he
2169,3.339590549468994,zxl4esoc
2170,3.352003812789917,x5hb6a3f
2171,3.328148365020752,9p3ai3he
2171,3.3193633556365967,zxl4esoc
2172,3.340894937515259,x5hb6a3f
2173,3.32421875,9p3ai3he
2173,3.317514181137085,zxl4esoc
2174,3.3382325172424316,x5hb6a3f
2175,3.315056562423706,9p3ai3he
2176,3.3267664909362793,9p3ai3he
2177,3.3293352127075195,9p3ai3he
2178,3.2863404750823975,9p3ai3he
2179,3.296449899673462,9p3ai3he
2180,3.333556652069092,9p3ai3he
2181,3.320953369140625,9p3ai3he
2182,3.326934576034546,9p3ai3he
2183,3.3197453022003174,9p3ai3he
2184,3.3060858249664307,9p3ai3he
2185,3.290478229522705,9p3ai3he
2186,3.3173224925994873,9p3ai3he
2187,3.3125741481781006,9p3ai3he
2188,3.312023162841797,9p3ai3he
2189,3.3030378818511963,9p3ai3he
2190,3.31858491897583,9p3ai3he
2191,3.3254778385162354,9p3ai3he
2192,3.314842700958252,9p3ai3he
2193,3.3230643272399902,9p3ai3he
2194,3.29921817779541,9p3ai3he
2195,3.2885169982910156,9p3ai3he
2196,3.3218822479248047,9p3ai3he
2197,3.332062005996704,9p3ai3he
2198,3.3103489875793457,9p3ai3he
2199,3.3290610313415527,9p3ai3he
2200,3.300152540206909,9p3ai3he
2201,3.317333221435547,9p3ai3he
2202,3.30309796333313,9p3ai3he
2203,3.3435041904449463,9p3ai3he
2204,3.3043737411499023,9p3ai3he
2205,3.3124840259552,9p3ai3he
2206,3.2977912425994873,9p3ai3he
2207,3.2928576469421387,9p3ai3he
2208,3.320035219192505,9p3ai3he
2209,3.2980446815490723,9p3ai3he
2210,3.304628610610962,9p3ai3he
2211,3.287339687347412,9p3ai3he
2212,3.2876181602478027,9p3ai3he
2213,3.3334414958953857,9p3ai3he
2214,3.2783524990081787,9p3ai3he
2215,3.322744131088257,9p3ai3he
2216,3.287301540374756,9p3ai3he
2217,3.3012752532958984,9p3ai3he
2218,3.308079242706299,9p3ai3he
2219,3.289458751678467,9p3ai3he
2220,3.295738935470581,9p3ai3he
2221,3.2667510509490967,9p3ai3he
2222,3.2913014888763428,9p3ai3he
2223,3.309368371963501,9p3ai3he
2224,3.3006389141082764,9p3ai3he
2225,3.3120477199554443,9p3ai3he
2226,3.3195316791534424,9p3ai3he
2227,3.3201708793640137,9p3ai3he
2228,3.306952476501465,9p3ai3he
2229,3.319690227508545,9p3ai3he
2230,3.3202855587005615,9p3ai3he
2231,3.3172595500946045,9p3ai3he
2232,3.307111978530884,9p3ai3he
2233,3.2933905124664307,9p3ai3he
2234,3.3046388626098633,9p3ai3he
2235,3.321793556213379,9p3ai3he
2236,3.2841014862060547,9p3ai3he
2237,3.294159173965454,9p3ai3he
2238,3.290053606033325,9p3ai3he
2239,3.293833017349243,9p3ai3he
2240,3.2915797233581543,9p3ai3he
2241,3.302004337310791,9p3ai3he
2242,3.289804697036743,9p3ai3he
2243,3.3005881309509277,9p3ai3he
2244,3.2737483978271484,9p3ai3he
2245,3.2867376804351807,9p3ai3he
2246,3.2680728435516357,9p3ai3he
2247,3.2885570526123047,9p3ai3he
2248,3.3059849739074707,9p3ai3he
2249,3.304412364959717,9p3ai3he
2250,3.289644241333008,9p3ai3he
2251,3.2750415802001953,9p3ai3he
2252,3.288856267929077,9p3ai3he
2253,3.292963981628418,9p3ai3he
2254,3.295182228088379,9p3ai3he
2255,3.286804437637329,9p3ai3he
2256,3.315328598022461,9p3ai3he
2257,3.2859244346618652,9p3ai3he
2258,3.2964258193969727,9p3ai3he
2259,3.2693302631378174,9p3ai3he
2260,3.279512405395508,9p3ai3he
2261,3.2899887561798096,9p3ai3he
2262,3.3054919242858887,9p3ai3he
2263,3.3046560287475586,9p3ai3he
2264,3.283812999725342,9p3ai3he
2265,3.299557685852051,9p3ai3he
2266,3.312434196472168,9p3ai3he
2267,3.2774884700775146,9p3ai3he
2268,3.302668571472168,9p3ai3he
2269,3.2880303859710693,9p3ai3he
2270,3.286620855331421,9p3ai3he
2271,3.28422212600708,9p3ai3he
2272,3.2431788444519043,9p3ai3he
2273,3.2911126613616943,9p3ai3he
2274,3.3083956241607666,9p3ai3he
2275,3.293842315673828,9p3ai3he
2276,3.290792465209961,9p3ai3he
2277,3.2848598957061768,9p3ai3he
2278,3.2991716861724854,9p3ai3he
2279,3.2783796787261963,9p3ai3he
2280,3.2759783267974854,9p3ai3he
2281,3.280775547027588,9p3ai3he
2282,3.266986131668091,9p3ai3he
2283,3.281672716140747,9p3ai3he
2284,3.29581356048584,9p3ai3he
2285,3.2926583290100098,9p3ai3he
2286,3.281843900680542,9p3ai3he
2287,3.275521755218506,9p3ai3he
2288,3.268852949142456,9p3ai3he
2289,3.2790448665618896,9p3ai3he
2290,3.277151584625244,9p3ai3he
2291,3.264665365219116,9p3ai3he
2292,3.281236171722412,9p3ai3he
2293,3.2753963470458984,9p3ai3he
2294,3.2651941776275635,9p3ai3he
2295,3.2653729915618896,9p3ai3he
2296,3.2629435062408447,9p3ai3he
2297,3.2565507888793945,9p3ai3he
2298,3.290592908859253,9p3ai3he
2299,3.2792744636535645,9p3ai3he
2300,3.273768901824951,9p3ai3he
2301,3.2863450050354004,9p3ai3he
2302,3.271916151046753,9p3ai3he
2303,3.2561166286468506,9p3ai3he
2304,3.2876179218292236,9p3ai3he
2305,3.285173177719116,9p3ai3he
2306,3.2606961727142334,9p3ai3he
2307,3.273618698120117,9p3ai3he
2308,3.263784170150757,9p3ai3he
2309,3.2824912071228027,9p3ai3he
2310,3.256146192550659,9p3ai3he
2311,3.259880542755127,9p3ai3he
2312,3.2541344165802,9p3ai3he
2313,3.2861528396606445,9p3ai3he
2314,3.2630808353424072,9p3ai3he
2315,3.2587437629699707,9p3ai3he
2316,3.2676234245300293,9p3ai3he
2317,3.2826128005981445,9p3ai3he
2318,3.2611427307128906,9p3ai3he
2319,3.2453649044036865,9p3ai3he
2320,3.2719573974609375,9p3ai3he
2321,3.274571180343628,9p3ai3he
2322,3.2734413146972656,9p3ai3he
2323,3.2416276931762695,9p3ai3he
2324,3.280773401260376,9p3ai3he
2325,3.2615914344787598,9p3ai3he
2326,3.257331371307373,9p3ai3he
2327,3.245514154434204,9p3ai3he
2328,3.2504689693450928,9p3ai3he
2329,3.257725477218628,9p3ai3he
2330,3.2266900539398193,9p3ai3he
2331,3.2742834091186523,9p3ai3he
2332,3.2690837383270264,9p3ai3he
2333,3.2823948860168457,9p3ai3he
2334,3.2641448974609375,9p3ai3he
2335,3.2494890689849854,9p3ai3he
2336,3.2769434452056885,9p3ai3he
2337,3.2602686882019043,9p3ai3he
2338,3.2487635612487793,9p3ai3he
2339,3.261467218399048,9p3ai3he
2340,3.2739717960357666,9p3ai3he
2341,3.272078037261963,9p3ai3he
2342,3.247206687927246,9p3ai3he
2343,3.278669595718384,9p3ai3he
2344,3.255124807357788,9p3ai3he
2345,3.2459068298339844,9p3ai3he
2346,3.234471321105957,9p3ai3he
2347,3.26228928565979,9p3ai3he
2348,3.2601318359375,9p3ai3he
2349,3.2571825981140137,9p3ai3he
2350,3.2554028034210205,9p3ai3he
2351,3.280500650405884,9p3ai3he
2352,3.2228965759277344,9p3ai3he
2353,3.2636704444885254,9p3ai3he
2354,3.24666690826416,9p3ai3he
2355,3.2467265129089355,9p3ai3he
2356,3.266085147857666,9p3ai3he
2357,3.2362968921661377,9p3ai3he
2358,3.265977382659912,9p3ai3he
2359,3.249230146408081,9p3ai3he
2360,3.2446696758270264,9p3ai3he
2361,3.236527919769287,9p3ai3he
2362,3.2535042762756348,9p3ai3he
2363,3.2459871768951416,9p3ai3he
2364,3.266852855682373,9p3ai3he
2365,3.2498159408569336,9p3ai3he
2366,3.2356176376342773,9p3ai3he
2367,3.2646713256835938,9p3ai3he
2368,3.2712395191192627,9p3ai3he
2369,3.2567286491394043,9p3ai3he
2370,3.260702133178711,9p3ai3he
2371,3.242595672607422,9p3ai3he
2372,3.2528176307678223,9p3ai3he
2373,3.268554449081421,9p3ai3he
2374,3.2623183727264404,9p3ai3he
2375,3.2303693294525146,9p3ai3he
2376,3.2462034225463867,9p3ai3he
2377,3.2557780742645264,9p3ai3he
2378,3.243232011795044,9p3ai3he
2379,3.246438980102539,9p3ai3he
2380,3.2454915046691895,9p3ai3he
2381,3.2375593185424805,9p3ai3he
2382,3.2521002292633057,9p3ai3he
2383,3.235346555709839,9p3ai3he
2384,3.230741024017334,9p3ai3he
2385,3.2546775341033936,9p3ai3he
2386,3.237217664718628,9p3ai3he
2387,3.2495975494384766,9p3ai3he
2388,3.242400884628296,9p3ai3he
2389,3.253012180328369,9p3ai3he
2390,3.247391939163208,9p3ai3he
2391,3.2557597160339355,9p3ai3he
2392,3.235994577407837,9p3ai3he
2393,3.2634193897247314,9p3ai3he
2394,3.2372472286224365,9p3ai3he
2395,3.25649356842041,9p3ai3he
2396,3.2486469745635986,9p3ai3he
2397,3.25427508354187,9p3ai3he
2398,3.2491977214813232,9p3ai3he
2399,3.2558364868164062,9p3ai3he
2400,3.266897201538086,9p3ai3he
2401,3.2345173358917236,9p3ai3he
2402,3.2572505474090576,9p3ai3he
2403,3.216855525970459,9p3ai3he
2404,3.2732462882995605,9p3ai3he
2405,3.2588000297546387,9p3ai3he
2406,3.286492347717285,9p3ai3he
2407,3.245176315307617,9p3ai3he
2408,3.250971794128418,9p3ai3he
2409,3.2417685985565186,9p3ai3he
2410,3.2442705631256104,9p3ai3he
2411,3.240975856781006,9p3ai3he
2412,3.2298951148986816,9p3ai3he
2413,3.246647357940674,9p3ai3he
2414,3.233376979827881,9p3ai3he
2415,3.2231669425964355,9p3ai3he
2416,3.241100311279297,9p3ai3he
2417,3.241748809814453,9p3ai3he
2418,3.2190663814544678,9p3ai3he
2419,3.2349185943603516,9p3ai3he
2420,3.230822801589966,9p3ai3he
2421,3.240318536758423,9p3ai3he
2422,3.2010858058929443,9p3ai3he
2423,3.232510805130005,9p3ai3he
2424,3.205533504486084,9p3ai3he
2425,3.2473223209381104,9p3ai3he
2426,3.2365059852600098,9p3ai3he
2427,3.2440602779388428,9p3ai3he
2428,3.230963945388794,9p3ai3he
2429,3.241992473602295,9p3ai3he
2430,3.22560715675354,9p3ai3he
2431,3.2481746673583984,9p3ai3he
2432,3.2303006649017334,9p3ai3he
2433,3.24413800239563,9p3ai3he
2434,3.2223353385925293,9p3ai3he
2435,3.2352535724639893,9p3ai3he
2436,3.229076385498047,9p3ai3he
2438,3.2348732948303223,9p3ai3he
2440,3.2102863788604736,9p3ai3he
2442,3.2226827144622803,9p3ai3he
2444,3.2370431423187256,9p3ai3he
2446,3.216231107711792,9p3ai3he
2448,3.2240450382232666,9p3ai3he
2450,3.227804660797119,9p3ai3he
2452,3.2428414821624756,9p3ai3he
2454,3.239501714706421,9p3ai3he
2456,3.209989309310913,9p3ai3he
2458,3.2042598724365234,9p3ai3he
2460,3.2528743743896484,9p3ai3he
2462,3.241511106491089,9p3ai3he
2464,3.221158266067505,9p3ai3he
2466,3.191525459289551,9p3ai3he
2468,3.2303240299224854,9p3ai3he
2470,3.2086246013641357,9p3ai3he
2472,3.2398195266723633,9p3ai3he
2474,3.216341972351074,9p3ai3he
2476,3.240377426147461,9p3ai3he
2478,3.2236380577087402,9p3ai3he
2480,3.232543706893921,9p3ai3he
2482,3.222210645675659,9p3ai3he
2484,3.219851493835449,9p3ai3he
2486,3.2430295944213867,9p3ai3he
2488,3.2409470081329346,9p3ai3he
2490,3.208784341812134,9p3ai3he
2492,3.209601879119873,9p3ai3he
2494,3.2005107402801514,9p3ai3he
2496,3.2126855850219727,9p3ai3he
2498,3.2132959365844727,9p3ai3he
2500,3.2191569805145264,9p3ai3he
2501,3.1993682384490967,y4x2f1ci
2502,3.2169673442840576,y4x2f1ci
2504,3.20168137550354,9p3ai3he
2505,3.1994733810424805,y4x2f1ci
2506,3.1946144104003906,y4x2f1ci
2508,3.2068371772766113,9p3ai3he
2509,3.2053210735321045,9p3ai3he
2510,3.194713592529297,9p3ai3he
2511,3.2013967037200928,9p3ai3he
2512,3.2075979709625244,9p3ai3he
2513,3.2114109992980957,9p3ai3he
2514,3.187042236328125,9p3ai3he
2515,3.1957015991210938,9p3ai3he
2516,3.1914989948272705,9p3ai3he
2517,3.2116291522979736,9p3ai3he
2518,3.2065367698669434,9p3ai3he
2519,3.203219413757324,9p3ai3he
2520,3.1885194778442383,9p3ai3he
2521,3.2071030139923096,9p3ai3he
2523,3.209178924560547,9p3ai3he
2524,3.2274417877197266,9p3ai3he
2525,3.2048356533050537,y4x2f1ci
2527,3.1946194171905518,9p3ai3he
2528,3.209172010421753,y4x2f1ci
2529,3.2146291732788086,y4x2f1ci
2530,3.190911054611206,y4x2f1ci
2531,3.1892611980438232,y4x2f1ci
2532,3.2031264305114746,y4x2f1ci
2533,3.1808643341064453,y4x2f1ci
2534,3.2086126804351807,y4x2f1ci
2536,3.202177047729492,9p3ai3he
2537,3.1884031295776367,9p3ai3he
2538,3.2105352878570557,9p3ai3he
2539,3.204698324203491,y4x2f1ci
2540,3.1856982707977295,y4x2f1ci
2542,3.1965315341949463,9p3ai3he
2543,3.2106237411499023,9p3ai3he
2544,3.2141995429992676,9p3ai3he
2545,3.1878740787506104,9p3ai3he
2546,3.2029058933258057,9p3ai3he
2547,3.2060372829437256,9p3ai3he
2548,3.2136354446411133,9p3ai3he
2549,3.2175605297088623,9p3ai3he
2550,3.21049427986145,9p3ai3he
2551,3.1960792541503906,y4x2f1ci
2553,3.1944053173065186,9p3ai3he
2554,3.2007436752319336,9p3ai3he
2555,3.178405523300171,9p3ai3he
2556,3.221511125564575,9p3ai3he
2557,3.202183961868286,9p3ai3he
2559,3.1882457733154297,9p3ai3he
2560,3.2120978832244873,9p3ai3he
2561,3.1641581058502197,9p3ai3he
2562,3.193791151046753,9p3ai3he
2563,3.181710720062256,9p3ai3he
2564,3.17696475982666,9p3ai3he
2565,3.193359375,y4x2f1ci
2566,3.1644773483276367,y4x2f1ci
2567,3.1969869136810303,y4x2f1ci
2568,3.1819002628326416,y4x2f1ci
2569,3.2079856395721436,y4x2f1ci
2570,3.169132709503174,y4x2f1ci
2572,3.1932334899902344,9p3ai3he
2573,3.2021045684814453,9p3ai3he
2574,3.215249538421631,y4x2f1ci
2575,3.183621406555176,y4x2f1ci
2577,3.2014994621276855,9p3ai3he
2578,3.1801798343658447,9p3ai3he
2579,3.1973893642425537,9p3ai3he
2580,3.1584577560424805,9p3ai3he
2581,3.1794002056121826,y4x2f1ci
2582,3.2006795406341553,y4x2f1ci
2584,3.2151002883911133,9p3ai3he
2585,3.189004421234131,9p3ai3he
2586,3.175379514694214,9p3ai3he
2587,3.1743323802948,9p3ai3he
2588,3.2065396308898926,9p3ai3he
2589,3.1568496227264404,9p3ai3he
2590,3.2028756141662598,9p3ai3he
2591,3.192336320877075,9p3ai3he
2592,3.189035654067993,9p3ai3he
2593,3.1677026748657227,9p3ai3he
2594,3.1739816665649414,9p3ai3he
2595,3.1899077892303467,9p3ai3he
2596,3.1647891998291016,9p3ai3he
2597,3.1881327629089355,9p3ai3he
2598,3.196152925491333,9p3ai3he
2599,3.1734116077423096,9p3ai3he
2600,3.174321174621582,y4x2f1ci
2601,3.1943113803863525,y4x2f1ci
2603,3.1856117248535156,9p3ai3he
2604,3.183891534805298,9p3ai3he
2605,3.205962896347046,9p3ai3he
2606,3.1753602027893066,9p3ai3he
2607,3.1963253021240234,y4x2f1ci
2609,3.2088706493377686,9p3ai3he
2610,3.198458194732666,9p3ai3he
2611,3.1938915252685547,9p3ai3he
2612,3.1886653900146484,9p3ai3he
2613,3.173027515411377,y4x2f1ci
2615,3.1687421798706055,9p3ai3he
2617,3.1811423301696777,9p3ai3he
2618,3.1902012825012207,9p3ai3he
2619,3.1886141300201416,y4x2f1ci
2620,3.184746503829956,y4x2f1ci
2621,3.186062812805176,y4x2f1ci
2622,3.2024145126342773,y4x2f1ci
2623,3.185102939605713,y4x2f1ci
2624,3.176424741744995,y4x2f1ci
2625,3.1801722049713135,y4x2f1ci
2627,3.1735148429870605,9p3ai3he
2628,3.182058572769165,y4x2f1ci
2630,3.154635429382324,9p3ai3he
2631,3.1679368019104004,9p3ai3he
2632,3.17579984664917,9p3ai3he
2633,3.1764910221099854,9p3ai3he
2634,3.1553754806518555,y4x2f1ci
2635,3.1833255290985107,y4x2f1ci
2636,3.1972291469573975,y4x2f1ci
2637,3.180938482284546,y4x2f1ci
2638,3.1664512157440186,y4x2f1ci
2639,3.1816186904907227,y4x2f1ci
2640,3.1983509063720703,y4x2f1ci
2641,3.1947572231292725,y4x2f1ci
2642,3.1616947650909424,y4x2f1ci
2643,3.1746625900268555,y4x2f1ci
2644,3.1706581115722656,y4x2f1ci
2646,3.183830499649048,9p3ai3he
2647,3.1613872051239014,9p3ai3he
2648,3.173062324523926,9p3ai3he
2649,3.181445837020874,9p3ai3he
2650,3.165411949157715,9p3ai3he
2651,3.157198190689087,9p3ai3he
2652,3.1712777614593506,9p3ai3he
2653,3.1713035106658936,9p3ai3he
2654,3.168776273727417,y4x2f1ci
2656,3.1766855716705322,9p3ai3he
2657,3.1791927814483643,9p3ai3he
2658,3.1583311557769775,y4x2f1ci
2659,3.1485204696655273,y4x2f1ci
2660,3.1598072052001953,y4x2f1ci
2661,3.1437246799468994,y4x2f1ci
2662,3.185382604598999,y4x2f1ci
2663,3.1598105430603027,y4x2f1ci
2664,3.1922647953033447,y4x2f1ci
2666,3.1531505584716797,9p3ai3he
2667,3.1720547676086426,y4x2f1ci
2668,3.1710188388824463,y4x2f1ci
2670,3.1782851219177246,9p3ai3he
2671,3.1722898483276367,9p3ai3he
2672,3.1657073497772217,9p3ai3he
2673,3.165846824645996,9p3ai3he
2674,3.1598217487335205,9p3ai3he
2675,3.168489694595337,9p3ai3he
2676,3.1557979583740234,9p3ai3he
2677,3.178373098373413,y4x2f1ci
2678,3.17441725730896,y4x2f1ci
2679,3.1615841388702393,y4x2f1ci
2681,3.151202917098999,9p3ai3he
2682,3.147855281829834,9p3ai3he
2683,3.1805450916290283,9p3ai3he
2684,3.1615712642669678,9p3ai3he
2685,3.1829264163970947,9p3ai3he
2686,3.168566942214966,9p3ai3he
2687,3.1633646488189697,9p3ai3he
2688,3.157392978668213,9p3ai3he
2689,3.159083127975464,9p3ai3he
2690,3.161134958267212,9p3ai3he
2691,3.1528115272521973,9p3ai3he
2692,3.1735618114471436,9p3ai3he
2693,3.175370931625366,9p3ai3he
2694,3.1726596355438232,y4x2f1ci
2695,3.1742770671844482,y4x2f1ci
2696,3.1366288661956787,y4x2f1ci
2697,3.1548852920532227,y4x2f1ci
2698,3.150463819503784,y4x2f1ci
2699,3.165616273880005,y4x2f1ci
2700,3.1550867557525635,y4x2f1ci
2702,3.1514110565185547,9p3ai3he
2703,3.162707567214966,9p3ai3he
2704,3.1468093395233154,9p3ai3he
2705,3.161679983139038,9p3ai3he
2706,3.1692817211151123,9p3ai3he
2707,3.1558802127838135,9p3ai3he
2708,3.1391525268554688,9p3ai3he
2709,3.157944917678833,9p3ai3he
2710,3.1473541259765625,9p3ai3he
2711,3.1872246265411377,9p3ai3he
2712,3.1535797119140625,y4x2f1ci
2713,3.1592819690704346,y4x2f1ci
2714,3.1616809368133545,y4x2f1ci
2715,3.160909414291382,y4x2f1ci
2716,3.14719557762146,y4x2f1ci
2718,3.1505579948425293,9p3ai3he
2719,3.172597646713257,9p3ai3he
2720,3.1494486331939697,9p3ai3he
2721,3.1777424812316895,9p3ai3he
2722,3.151623249053955,9p3ai3he
2723,3.1754894256591797,9p3ai3he
2724,3.1722404956817627,9p3ai3he
2725,3.1622157096862793,9p3ai3he
2726,3.167106866836548,9p3ai3he
2727,3.149628162384033,9p3ai3he
2728,3.145132064819336,9p3ai3he
2729,3.1644046306610107,9p3ai3he
2730,3.150989532470703,9p3ai3he
2731,3.1553235054016113,y4x2f1ci
2732,3.1532979011535645,y4x2f1ci
2733,3.1451802253723145,y4x2f1ci
2734,3.154360055923462,y4x2f1ci
2735,3.1646454334259033,y4x2f1ci
2736,3.1495256423950195,y4x2f1ci
2737,3.145871162414551,y4x2f1ci
2738,3.155052900314331,y4x2f1ci
2739,3.1610660552978516,y4x2f1ci
2740,3.16142201423645,y4x2f1ci
2741,3.153099298477173,y4x2f1ci
2742,3.1544787883758545,y4x2f1ci
2743,3.140030860900879,y4x2f1ci
2744,3.1620614528656006,y4x2f1ci
2745,3.1655726432800293,y4x2f1ci
2747,3.1258749961853027,9p3ai3he
2748,3.143437147140503,y4x2f1ci
2749,3.1591968536376953,y4x2f1ci
2750,3.154693841934204,y4x2f1ci
2751,3.1541249752044678,y4x2f1ci
2752,3.145251989364624,y4x2f1ci
2753,3.1554393768310547,y4x2f1ci
2754,3.1385371685028076,y4x2f1ci
2755,3.1428182125091553,y4x2f1ci
2757,3.142350912094116,9p3ai3he
2758,3.1522181034088135,9p3ai3he
2759,3.1398820877075195,9p3ai3he
2760,3.143089771270752,9p3ai3he
2761,3.146393060684204,9p3ai3he
2762,3.149475574493408,9p3ai3he
2763,3.132855176925659,9p3ai3he
2764,3.1296567916870117,9p3ai3he
2766,3.1481945514678955,9p3ai3he
2767,3.1375176906585693,9p3ai3he
2768,3.15102481842041,y4x2f1ci
2769,3.1335434913635254,y4x2f1ci
2770,3.1488332748413086,y4x2f1ci
2771,3.1546645164489746,y4x2f1ci
2772,3.125981092453003,y4x2f1ci
2773,3.149627447128296,y4x2f1ci
2774,3.1507065296173096,y4x2f1ci
2775,3.152580976486206,y4x2f1ci
2776,3.1344738006591797,y4x2f1ci
2777,3.146834373474121,y4x2f1ci
2778,3.162343978881836,y4x2f1ci
2780,3.142599582672119,9p3ai3he
2781,3.1450815200805664,9p3ai3he
2782,3.1371796131134033,y4x2f1ci
2783,3.1282098293304443,y4x2f1ci
2784,3.138136863708496,y4x2f1ci
2786,3.1468608379364014,9p3ai3he
2787,3.1540892124176025,9p3ai3he
2788,3.166033983230591,9p3ai3he
2789,3.137132406234741,y4x2f1ci
2790,3.1064529418945312,y4x2f1ci
2791,3.1326115131378174,y4x2f1ci
2792,3.138242721557617,y4x2f1ci
2793,3.1320526599884033,y4x2f1ci
2794,3.1232550144195557,y4x2f1ci
2795,3.1422362327575684,y4x2f1ci
2796,3.149047613143921,y4x2f1ci
2797,3.1501975059509277,y4x2f1ci
2798,3.1541450023651123,y4x2f1ci
2800,3.1263489723205566,9p3ai3he
2801,3.139817476272583,y4x2f1ci
2803,3.160452365875244,9p3ai3he
2804,3.1346445083618164,9p3ai3he
2805,3.137965679168701,9p3ai3he
2806,3.147263288497925,9p3ai3he
2807,3.167262077331543,y4x2f1ci
2808,3.128787040710449,y4x2f1ci
2809,3.1157140731811523,y4x2f1ci
2811,3.1439261436462402,9p3ai3he
2812,3.1222729682922363,9p3ai3he
2813,3.125088691711426,9p3ai3he
2814,3.119328498840332,9p3ai3he
2815,3.1531057357788086,9p3ai3he
2816,3.147279977798462,9p3ai3he
2817,3.151862859725952,9p3ai3he
2818,3.134397506713867,9p3ai3he
2819,3.1183884143829346,9p3ai3he
2820,3.147526264190674,9p3ai3he
2821,3.1507151126861572,y4x2f1ci
2822,3.1474921703338623,y4x2f1ci
2823,3.1275722980499268,y4x2f1ci
2824,3.1327362060546875,y4x2f1ci
2825,3.1418557167053223,y4x2f1ci
2826,3.1412901878356934,y4x2f1ci
2827,3.1417622566223145,y4x2f1ci
2828,3.140929937362671,y4x2f1ci
2830,3.121180534362793,9p3ai3he
2831,3.117654323577881,y4x2f1ci
2832,3.1259219646453857,y4x2f1ci
2833,3.1394684314727783,y4x2f1ci
2834,3.1417598724365234,y4x2f1ci
2836,3.1230685710906982,9p3ai3he
2837,3.117905378341675,9p3ai3he
2838,3.1345865726470947,y4x2f1ci
2840,3.1453323364257812,9p3ai3he
2841,3.1455001831054688,y4x2f1ci
2842,3.126147508621216,y4x2f1ci
2844,3.1134018898010254,9p3ai3he
2845,3.126926898956299,9p3ai3he
2846,3.127497434616089,9p3ai3he
2847,3.1480519771575928,9p3ai3he
2848,3.1283249855041504,9p3ai3he
2849,3.1566529273986816,9p3ai3he
2850,3.120739698410034,9p3ai3he
2851,3.1326005458831787,9p3ai3he
2853,3.1213138103485107,9p3ai3he
2854,3.125417470932007,9p3ai3he
2855,3.1380646228790283,9p3ai3he
2856,3.112217664718628,9p3ai3he
2857,3.1215524673461914,9p3ai3he
2858,3.121194839477539,y4x2f1ci
2859,3.116649627685547,y4x2f1ci
2860,3.1056814193725586,y4x2f1ci
2861,3.1286122798919678,y4x2f1ci
2862,3.1083567142486572,y4x2f1ci
2863,3.1267759799957275,y4x2f1ci
2864,3.120467185974121,y4x2f1ci
2865,3.1370537281036377,y4x2f1ci
2866,3.139153480529785,y4x2f1ci
2867,3.1371753215789795,y4x2f1ci
2868,3.134885549545288,y4x2f1ci
2870,3.1289098262786865,9p3ai3he
2871,3.1175804138183594,9p3ai3he
2872,3.1394121646881104,9p3ai3he
2873,3.1264939308166504,9p3ai3he
2874,3.123141288757324,9p3ai3he
2875,3.118189811706543,y4x2f1ci
2876,3.13189697265625,y4x2f1ci
2878,3.1157758235931396,9p3ai3he
2879,3.1193132400512695,9p3ai3he
2880,3.1345841884613037,9p3ai3he
2881,3.1208245754241943,9p3ai3he
2882,3.1311733722686768,y4x2f1ci
2883,3.133357048034668,y4x2f1ci
2884,3.1235852241516113,y4x2f1ci
2885,3.1277294158935547,y4x2f1ci
2887,3.1231606006622314,y4x2f1ci
2891,3.117014169692993,y4x2f1ci
2894,3.115513801574707,y4x2f1ci
2896,3.11118221282959,y4x2f1ci
2898,3.092433214187622,y4x2f1ci
2901,3.120555877685547,y4x2f1ci
2903,3.1274642944335938,y4x2f1ci
2905,3.1102123260498047,y4x2f1ci
2907,3.1268298625946045,y4x2f1ci
2910,3.1129629611968994,y4x2f1ci
2913,3.102372646331787,y4x2f1ci
2915,3.133535146713257,y4x2f1ci
2917,3.120204210281372,y4x2f1ci
2919,3.1269166469573975,y4x2f1ci
2922,3.1208765506744385,y4x2f1ci
2924,3.1024363040924072,y4x2f1ci
2926,3.1000022888183594,y4x2f1ci
2929,3.1169605255126953,y4x2f1ci
2931,3.1050925254821777,y4x2f1ci
2934,3.092167615890503,y4x2f1ci
2942,3.1211113929748535,y4x2f1ci
2945,3.1162145137786865,y4x2f1ci
2948,3.1165781021118164,y4x2f1ci
2952,3.130446672439575,y4x2f1ci
2954,3.108369827270508,y4x2f1ci
2956,3.099623441696167,y4x2f1ci
2958,3.1329472064971924,y4x2f1ci
2960,3.101346731185913,y4x2f1ci
2962,3.105739116668701,y4x2f1ci
2964,3.0750718116760254,y4x2f1ci
2966,3.097791910171509,y4x2f1ci
2970,3.1081113815307617,y4x2f1ci
2973,3.1107006072998047,y4x2f1ci
2975,3.104015588760376,y4x2f1ci
2977,3.098986864089966,y4x2f1ci
2980,3.112943649291992,y4x2f1ci
2982,3.097029447555542,y4x2f1ci
2985,3.093665838241577,y4x2f1ci
2987,3.100925922393799,y4x2f1ci
2989,3.0933141708374023,y4x2f1ci
2991,3.1264116764068604,y4x2f1ci
2993,3.105168342590332,y4x2f1ci
2997,3.1127922534942627,y4x2f1ci
2999,3.086784839630127,y4x2f1ci
3001,3.09006929397583,y4x2f1ci
3003,3.105619192123413,y4x2f1ci
3006,3.1015522480010986,y4x2f1ci
3009,3.1167337894439697,y4x2f1ci
3011,3.0863332748413086,y4x2f1ci
3013,3.108240842819214,y4x2f1ci
3017,3.102515459060669,y4x2f1ci
3019,3.102588653564453,y4x2f1ci
3021,3.097935199737549,y4x2f1ci
3023,3.106248140335083,y4x2f1ci
3025,3.131927013397217,y4x2f1ci
3028,3.0828707218170166,y4x2f1ci
3031,3.0717597007751465,y4x2f1ci
3033,3.0866734981536865,y4x2f1ci
3035,3.098634719848633,y4x2f1ci
3039,3.084540367126465,y4x2f1ci
3042,3.08465576171875,y4x2f1ci
3044,3.09700083732605,y4x2f1ci
3046,3.082754135131836,y4x2f1ci
3048,3.0747108459472656,y4x2f1ci
3051,3.075446367263794,y4x2f1ci
3053,3.082899332046509,y4x2f1ci
3056,3.089076042175293,y4x2f1ci
3059,3.062302827835083,y4x2f1ci
3062,3.089010000228882,y4x2f1ci
3065,3.0727360248565674,y4x2f1ci
3068,3.0723018646240234,y4x2f1ci
3070,3.0912630558013916,y4x2f1ci
3073,3.0703680515289307,y4x2f1ci
3075,3.0812361240386963,y4x2f1ci
3077,3.0954837799072266,y4x2f1ci
3079,3.0760631561279297,y4x2f1ci
3083,3.091815710067749,y4x2f1ci
3085,3.1107614040374756,y4x2f1ci
3087,3.0659971237182617,y4x2f1ci
3090,3.072244882583618,y4x2f1ci
3092,3.0944631099700928,y4x2f1ci
3095,3.093132495880127,y4x2f1ci
3097,3.0697262287139893,y4x2f1ci
3100,3.06510066986084,y4x2f1ci
3103,3.081369638442993,y4x2f1ci
3105,3.0764386653900146,y4x2f1ci
3107,3.0971028804779053,y4x2f1ci
3109,3.099107027053833,y4x2f1ci
3111,3.0889272689819336,y4x2f1ci
3113,3.084986925125122,y4x2f1ci
3115,3.0639419555664062,y4x2f1ci
3118,3.0572316646575928,y4x2f1ci
3120,3.0849921703338623,y4x2f1ci
3122,3.0781233310699463,y4x2f1ci
3124,3.0978689193725586,y4x2f1ci
3126,3.0765626430511475,y4x2f1ci
3128,3.057485818862915,y4x2f1ci
3133,3.069430351257324,y4x2f1ci
3136,3.0912086963653564,y4x2f1ci
3138,3.088674545288086,y4x2f1ci
3141,3.0636801719665527,y4x2f1ci
3144,3.089493751525879,y4x2f1ci
3146,3.0779380798339844,y4x2f1ci
3148,3.071221351623535,y4x2f1ci
3151,3.06953763961792,y4x2f1ci
3153,3.0655245780944824,y4x2f1ci
3155,3.0501649379730225,y4x2f1ci
3158,3.0727553367614746,y4x2f1ci
3160,3.0557446479797363,y4x2f1ci
3162,3.0984745025634766,y4x2f1ci
3164,3.0637197494506836,y4x2f1ci
3166,3.067755937576294,y4x2f1ci
3168,3.056462287902832,y4x2f1ci
3171,3.076348066329956,y4x2f1ci
3173,3.0825297832489014,y4x2f1ci
3176,3.0504262447357178,y4x2f1ci
3178,3.073833465576172,y4x2f1ci
3181,3.0854508876800537,y4x2f1ci
3186,3.0571234226226807,y4x2f1ci
3188,3.0639734268188477,y4x2f1ci
3190,3.073826313018799,y4x2f1ci
3193,3.0418553352355957,y4x2f1ci
3195,3.061483860015869,y4x2f1ci
3198,3.0486693382263184,y4x2f1ci
3201,3.0533177852630615,y4x2f1ci
3203,3.055774211883545,y4x2f1ci
3205,3.0593302249908447,y4x2f1ci
3207,3.0656492710113525,y4x2f1ci
3209,3.0769028663635254,y4x2f1ci
3213,3.0374014377593994,y4x2f1ci
3215,3.0617198944091797,y4x2f1ci
3217,3.07300066947937,y4x2f1ci
3219,3.063555955886841,y4x2f1ci
3221,3.0570998191833496,y4x2f1ci
3223,3.0785415172576904,y4x2f1ci
3226,3.04532527923584,y4x2f1ci
3228,3.040797710418701,y4x2f1ci
3230,3.06864333152771,y4x2f1ci
3232,3.033689498901367,y4x2f1ci
3234,3.0540390014648438,y4x2f1ci
3236,3.064391851425171,y4x2f1ci
3238,3.0386109352111816,y4x2f1ci
3240,3.053110361099243,y4x2f1ci
3242,3.06438946723938,y4x2f1ci
3244,3.078883171081543,y4x2f1ci
3246,3.056523323059082,y4x2f1ci
3248,3.064408302307129,y4x2f1ci
3250,3.0618293285369873,y4x2f1ci
3252,3.0594639778137207,y4x2f1ci
3254,3.0571811199188232,y4x2f1ci
3257,3.0499274730682373,y4x2f1ci
3260,3.037686586380005,y4x2f1ci
3262,3.049339532852173,y4x2f1ci
3264,3.0676751136779785,y4x2f1ci
3266,3.0337586402893066,y4x2f1ci
3268,3.0651774406433105,y4x2f1ci
3270,3.070173978805542,y4x2f1ci
3272,3.035477638244629,y4x2f1ci
3274,3.050750970840454,y4x2f1ci
3276,3.045902967453003,y4x2f1ci
3278,3.060260057449341,y4x2f1ci
3282,3.0511090755462646,y4x2f1ci
3284,3.0743982791900635,y4x2f1ci
3286,3.0546178817749023,y4x2f1ci
3288,3.0563342571258545,y4x2f1ci
3291,3.0462188720703125,y4x2f1ci
3293,3.064985990524292,y4x2f1ci
3295,3.0471112728118896,y4x2f1ci
3299,3.045924425125122,y4x2f1ci
3301,3.0747926235198975,y4x2f1ci
3304,3.0456249713897705,y4x2f1ci
3306,3.040928840637207,y4x2f1ci
3310,3.045207977294922,y4x2f1ci
3312,3.020529270172119,y4x2f1ci
3315,3.039050817489624,y4x2f1ci
3317,3.012397289276123,y4x2f1ci
3319,3.0514910221099854,y4x2f1ci
3321,3.0420494079589844,y4x2f1ci
3323,3.037451982498169,y4x2f1ci
3325,3.046166181564331,y4x2f1ci
3327,3.0509066581726074,y4x2f1ci
3329,3.0383455753326416,y4x2f1ci
3331,3.060940980911255,y4x2f1ci
3333,3.0377004146575928,y4x2f1ci
3337,3.0409598350524902,y4x2f1ci
3339,3.0385162830352783,y4x2f1ci
3341,3.048280715942383,y4x2f1ci
3343,3.0519967079162598,y4x2f1ci
3346,3.0444064140319824,y4x2f1ci
3349,3.038832426071167,y4x2f1ci
3351,3.0260069370269775,y4x2f1ci
3353,3.0278940200805664,y4x2f1ci
3355,3.020548105239868,y4x2f1ci
3357,3.039687156677246,y4x2f1ci
3359,3.059788227081299,y4x2f1ci
3362,3.0250244140625,y4x2f1ci
3364,3.0388481616973877,y4x2f1ci
3367,3.0534934997558594,y4x2f1ci
3369,3.0407042503356934,y4x2f1ci
3371,3.0317294597625732,y4x2f1ci
3374,3.0474205017089844,y4x2f1ci
3376,3.046001434326172,y4x2f1ci
3378,3.039355516433716,y4x2f1ci
3382,3.028778553009033,y4x2f1ci
3384,3.037304639816284,y4x2f1ci
3386,3.030992031097412,y4x2f1ci
3389,3.0511152744293213,y4x2f1ci
3391,3.0325160026550293,y4x2f1ci
3393,3.035166025161743,y4x2f1ci
3397,3.0440316200256348,y4x2f1ci
3400,3.038228750228882,y4x2f1ci
3402,3.0202536582946777,y4x2f1ci
3404,3.033076524734497,y4x2f1ci
3406,3.029026746749878,y4x2f1ci
3408,3.018096685409546,y4x2f1ci
3410,3.0201416015625,y4x2f1ci
3412,3.0343475341796875,y4x2f1ci
3414,3.0339386463165283,y4x2f1ci
3416,3.035123109817505,y4x2f1ci
3419,3.0430469512939453,y4x2f1ci
3421,3.041924238204956,y4x2f1ci
3423,3.039999485015869,y4x2f1ci
3425,3.043466329574585,y4x2f1ci
3427,2.998277425765991,y4x2f1ci
3430,3.0218007564544678,y4x2f1ci
3432,3.026822090148926,y4x2f1ci
3435,3.021404504776001,y4x2f1ci
3439,3.044400453567505,y4x2f1ci
3441,3.0294249057769775,y4x2f1ci
3443,3.041628837585449,y4x2f1ci
3445,3.039529800415039,y4x2f1ci
3447,3.036532402038574,y4x2f1ci
3449,3.0108816623687744,y4x2f1ci
3452,3.0133635997772217,y4x2f1ci
3455,3.022587299346924,y4x2f1ci
3457,3.0235233306884766,y4x2f1ci
3459,3.031190872192383,y4x2f1ci
3461,3.0180883407592773,y4x2f1ci
3463,3.0283641815185547,y4x2f1ci
3465,3.0180368423461914,y4x2f1ci
3467,3.0126209259033203,y4x2f1ci
3469,3.000173568725586,y4x2f1ci
3471,3.044154644012451,y4x2f1ci
3473,3.0190303325653076,y4x2f1ci
3476,3.0193886756896973,y4x2f1ci
3479,3.000917673110962,y4x2f1ci
3481,3.0303449630737305,y4x2f1ci
3483,3.025874614715576,y4x2f1ci
3485,3.0145018100738525,y4x2f1ci
3487,3.0263750553131104,y4x2f1ci
3490,3.016498327255249,y4x2f1ci
3493,2.9979379177093506,y4x2f1ci
3495,3.0139923095703125,y4x2f1ci
3497,3.026571273803711,y4x2f1ci
3499,3.0342185497283936,y4x2f1ci
3502,3.032486915588379,y4x2f1ci
3504,3.006880044937134,y4x2f1ci
3506,3.0245723724365234,y4x2f1ci
3508,3.0284030437469482,y4x2f1ci
3510,3.0245182514190674,y4x2f1ci
3512,3.013324022293091,y4x2f1ci
3515,3.0115044116973877,y4x2f1ci
3518,3.03236722946167,y4x2f1ci
3520,3.0103917121887207,y4x2f1ci
3522,3.0236048698425293,y4x2f1ci
3524,3.024498462677002,y4x2f1ci
3527,3.0059800148010254,y4x2f1ci
3529,3.0358643531799316,y4x2f1ci
3531,3.0149917602539062,y4x2f1ci
3534,3.006821870803833,y4x2f1ci
3536,3.0062739849090576,y4x2f1ci
3538,3.0445799827575684,y4x2f1ci
3540,3.008556365966797,y4x2f1ci
3542,3.001626491546631,y4x2f1ci
3544,3.0370240211486816,y4x2f1ci
3546,3.0291175842285156,y4x2f1ci
3548,3.020005941390991,y4x2f1ci
3550,3.0034561157226562,y4x2f1ci
3553,3.0013229846954346,y4x2f1ci
3555,3.006981611251831,y4x2f1ci
3557,3.0173609256744385,y4x2f1ci
3559,2.9928152561187744,y4x2f1ci
3562,3.0126073360443115,y4x2f1ci
3565,3.0360968112945557,y4x2f1ci
3567,3.0102531909942627,y4x2f1ci
3569,3.004110336303711,y4x2f1ci
3571,3.0070104598999023,y4x2f1ci
3573,2.9975473880767822,y4x2f1ci
3575,2.997450828552246,y4x2f1ci
3577,3.025785207748413,y4x2f1ci
3579,2.995371103286743,y4x2f1ci
3582,3.014528512954712,y4x2f1ci
3584,3.0062475204467773,y4x2f1ci
3586,2.9982476234436035,y4x2f1ci
3588,3.0179636478424072,y4x2f1ci
3590,3.016463279724121,y4x2f1ci
3592,3.022101879119873,y4x2f1ci
3595,3.012138843536377,y4x2f1ci
3598,2.9976775646209717,y4x2f1ci
3600,3.0166473388671875,y4x2f1ci
3602,3.0078630447387695,y4x2f1ci
3605,2.991724967956543,y4x2f1ci
3607,3.0403337478637695,y4x2f1ci
3610,3.0001232624053955,y4x2f1ci
3613,3.0014641284942627,y4x2f1ci
3616,2.997631311416626,y4x2f1ci
3619,2.9804723262786865,y4x2f1ci
3621,3.0101420879364014,y4x2f1ci
3623,3.021019458770752,y4x2f1ci
3625,2.999799966812134,y4x2f1ci
3628,3.024624824523926,y4x2f1ci
3631,2.9800891876220703,y4x2f1ci
3633,3.014718532562256,y4x2f1ci
3635,2.9985132217407227,y4x2f1ci
3637,2.9949991703033447,y4x2f1ci
3640,2.977170944213867,y4x2f1ci
3642,3.005359411239624,y4x2f1ci
3644,2.997271776199341,y4x2f1ci
3646,2.9961235523223877,y4x2f1ci
3649,3.0059967041015625,y4x2f1ci
3651,2.9871511459350586,y4x2f1ci
3654,3.0294086933135986,y4x2f1ci
3656,2.983170509338379,y4x2f1ci
3658,2.9897162914276123,y4x2f1ci
3662,2.986905813217163,y4x2f1ci
3664,2.9848475456237793,y4x2f1ci
3667,3.0068726539611816,y4x2f1ci
3669,2.9911131858825684,y4x2f1ci
3671,3.019805431365967,y4x2f1ci
3673,2.996330738067627,y4x2f1ci
3675,2.996567964553833,y4x2f1ci
3677,3.0153517723083496,y4x2f1ci
3679,2.9704620838165283,y4x2f1ci
3681,2.9922983646392822,y4x2f1ci
3683,3.0167336463928223,y4x2f1ci
3685,3.0134074687957764,y4x2f1ci
3687,2.9892845153808594,y4x2f1ci
3690,3.0007729530334473,y4x2f1ci
3692,2.9854464530944824,y4x2f1ci
3694,2.9916088581085205,y4x2f1ci
3696,3.0195629596710205,y4x2f1ci
3699,2.9926116466522217,y4x2f1ci
3701,2.9997198581695557,y4x2f1ci
3703,2.9968833923339844,y4x2f1ci
3706,2.9710958003997803,y4x2f1ci
3708,2.9868922233581543,y4x2f1ci
3710,2.99072527885437,y4x2f1ci
3713,2.9982073307037354,y4x2f1ci
3715,2.9990835189819336,y4x2f1ci
3717,2.987114906311035,y4x2f1ci
3719,2.988537549972534,y4x2f1ci
3721,3.0021812915802,y4x2f1ci
3723,2.987773895263672,y4x2f1ci
3726,3.0147998332977295,y4x2f1ci
3729,3.004483461380005,y4x2f1ci
3731,3.008185625076294,y4x2f1ci
3733,3.003488302230835,y4x2f1ci
3735,2.9877073764801025,y4x2f1ci
3737,2.982361316680908,y4x2f1ci
3741,2.976137161254883,y4x2f1ci
3743,2.9917280673980713,y4x2f1ci
3746,2.991048574447632,y4x2f1ci
3748,3.013362169265747,y4x2f1ci
3750,2.9944989681243896,y4x2f1ci
3753,2.9869370460510254,y4x2f1ci
3755,2.996969223022461,y4x2f1ci
3758,2.995391368865967,y4x2f1ci
3760,2.973383903503418,y4x2f1ci
3762,2.963217258453369,y4x2f1ci
3764,2.9574007987976074,y4x2f1ci
3766,2.9718430042266846,y4x2f1ci
3770,2.9867324829101562,y4x2f1ci
3772,2.9786829948425293,y4x2f1ci
3774,2.9882471561431885,y4x2f1ci
3777,2.9862959384918213,y4x2f1ci
3780,2.9646244049072266,y4x2f1ci
3782,2.9811081886291504,y4x2f1ci
3784,2.980241298675537,y4x2f1ci
3786,2.974459648132324,y4x2f1ci
3788,2.9841206073760986,y4x2f1ci
3791,2.985258102416992,y4x2f1ci
3793,2.9811794757843018,y4x2f1ci
3795,2.9909682273864746,y4x2f1ci
3800,2.959834098815918,y4x2f1ci
3802,2.977411985397339,y4x2f1ci
3804,2.977034568786621,y4x2f1ci
3807,2.9668805599212646,y4x2f1ci
3810,2.968446969985962,y4x2f1ci
3812,2.9823994636535645,y4x2f1ci
3814,2.9850122928619385,y4x2f1ci
3817,2.9673612117767334,y4x2f1ci
3819,2.980597972869873,y4x2f1ci
3821,2.9722495079040527,y4x2f1ci
3823,2.9812276363372803,y4x2f1ci
3825,2.9639346599578857,y4x2f1ci
3827,2.9861485958099365,y4x2f1ci
3831,2.9681382179260254,y4x2f1ci
3833,2.9783787727355957,y4x2f1ci
3835,2.9748635292053223,y4x2f1ci
3838,2.975480794906616,y4x2f1ci
3841,2.9736621379852295,y4x2f1ci
3843,2.979971170425415,y4x2f1ci
3845,2.9827864170074463,y4x2f1ci
3848,2.967052459716797,y4x2f1ci
3851,2.9775168895721436,y4x2f1ci
3853,2.9909815788269043,y4x2f1ci
3855,2.9891064167022705,y4x2f1ci
3859,2.9624650478363037,y4x2f1ci
3861,2.98523211479187,y4x2f1ci
3863,2.9595603942871094,y4x2f1ci
3865,2.9753315448760986,y4x2f1ci
3867,2.9558379650115967,y4x2f1ci
3870,2.9760918617248535,y4x2f1ci
3872,2.9881842136383057,y4x2f1ci
3874,2.9546847343444824,y4x2f1ci
3877,2.988245964050293,y4x2f1ci
3880,2.95662522315979,y4x2f1ci
3882,2.9900739192962646,y4x2f1ci
3884,2.9882447719573975,y4x2f1ci
3886,2.975154161453247,y4x2f1ci
3889,2.993652820587158,y4x2f1ci
3891,2.975975751876831,y4x2f1ci
3894,2.9608113765716553,y4x2f1ci
3897,2.9915831089019775,y4x2f1ci
3900,2.97087025642395,y4x2f1ci
3902,2.9675047397613525,y4x2f1ci
3904,2.9422152042388916,y4x2f1ci
3906,2.9868786334991455,y4x2f1ci
3908,2.9852325916290283,y4x2f1ci
3910,2.9776017665863037,y4x2f1ci
3912,2.9348409175872803,y4x2f1ci
3914,2.951538324356079,y4x2f1ci
3916,2.9672698974609375,y4x2f1ci
3919,2.9578022956848145,y4x2f1ci
3921,2.975029468536377,y4x2f1ci
3923,2.9752538204193115,y4x2f1ci
3926,2.94989275932312,y4x2f1ci
3928,2.9819629192352295,y4x2f1ci
3930,2.962918758392334,y4x2f1ci
3932,2.9820499420166016,y4x2f1ci
3935,2.9740757942199707,y4x2f1ci
3938,2.9695606231689453,y4x2f1ci
3940,2.961667537689209,y4x2f1ci
3942,2.980029344558716,y4x2f1ci
3944,2.9613540172576904,y4x2f1ci
3946,2.967118978500366,y4x2f1ci
3948,2.978975296020508,y4x2f1ci
3950,2.945970296859741,y4x2f1ci
3952,2.9646871089935303,y4x2f1ci
3954,2.9568357467651367,y4x2f1ci
3956,2.9856483936309814,y4x2f1ci
3958,2.9749600887298584,y4x2f1ci
3960,2.953566551208496,y4x2f1ci
3962,2.9572041034698486,y4x2f1ci
3965,2.938513994216919,y4x2f1ci
3968,2.955112934112549,y4x2f1ci
3971,2.971754312515259,y4x2f1ci
3973,2.985610246658325,y4x2f1ci
3975,2.953791856765747,y4x2f1ci
3978,2.9532108306884766,y4x2f1ci
3981,2.9881842136383057,y4x2f1ci
3984,2.955756187438965,y4x2f1ci
3986,2.9617388248443604,y4x2f1ci
3989,2.973243474960327,y4x2f1ci
3994,2.937044143676758,y4x2f1ci
3997,2.938856840133667,y4x2f1ci
3999,2.9438560009002686,y4x2f1ci
4001,2.9548728466033936,y4x2f1ci
4004,2.956472396850586,y4x2f1ci
4006,2.9616506099700928,y4x2f1ci
4009,2.94315505027771,y4x2f1ci
4011,2.960548162460327,y4x2f1ci
4014,2.9529643058776855,y4x2f1ci
4016,2.9610984325408936,y4x2f1ci
4020,2.9599783420562744,y4x2f1ci
4023,2.9553029537200928,y4x2f1ci
4025,2.953242301940918,y4x2f1ci
4027,2.950042247772217,y4x2f1ci
4029,2.9547011852264404,y4x2f1ci
4031,2.951638698577881,y4x2f1ci
4033,2.9424991607666016,y4x2f1ci
4036,2.9627363681793213,y4x2f1ci
4039,2.9281423091888428,y4x2f1ci
4041,2.9426441192626953,y4x2f1ci
4043,2.9756057262420654,y4x2f1ci
4045,2.938467025756836,y4x2f1ci
4047,2.947504758834839,y4x2f1ci
4049,2.9475088119506836,y4x2f1ci
4051,2.9603283405303955,y4x2f1ci
4053,2.932548761367798,y4x2f1ci
4055,2.955700397491455,y4x2f1ci
4058,2.9437344074249268,y4x2f1ci
4060,2.951808452606201,y4x2f1ci
4062,2.957704782485962,y4x2f1ci
4065,2.9600377082824707,y4x2f1ci
4068,2.9702765941619873,y4x2f1ci
4070,2.9496755599975586,y4x2f1ci
4072,2.944535970687866,y4x2f1ci
4074,2.9544601440429688,y4x2f1ci
4077,2.9440009593963623,y4x2f1ci
4079,2.9433391094207764,y4x2f1ci
4081,2.9501705169677734,y4x2f1ci
4083,2.9363927841186523,y4x2f1ci
4085,2.954312801361084,y4x2f1ci
4087,2.9476020336151123,y4x2f1ci
4090,2.9423828125,y4x2f1ci
4092,2.9449424743652344,y4x2f1ci
4094,2.938175678253174,y4x2f1ci
4096,2.940772294998169,y4x2f1ci
4098,2.9544546604156494,y4x2f1ci
4101,2.968548059463501,y4x2f1ci
4103,2.957204818725586,y4x2f1ci
4106,2.949235677719116,y4x2f1ci
4108,2.9482128620147705,y4x2f1ci
4110,2.9628822803497314,y4x2f1ci
4112,2.9645602703094482,y4x2f1ci
4114,2.9522273540496826,y4x2f1ci
4116,2.9473717212677,y4x2f1ci
4118,2.9664182662963867,y4x2f1ci
4120,2.954143762588501,y4x2f1ci
4122,2.9593257904052734,y4x2f1ci
4124,2.949054002761841,y4x2f1ci
4127,2.9450459480285645,y4x2f1ci
4130,2.960754156112671,y4x2f1ci
4132,2.9573445320129395,y4x2f1ci
4134,2.94364070892334,y4x2f1ci
4136,2.9719252586364746,y4x2f1ci
4138,2.942405939102173,y4x2f1ci
4140,2.929791212081909,y4x2f1ci
4143,2.937241315841675,y4x2f1ci
4146,2.931852340698242,y4x2f1ci
4148,2.9601070880889893,y4x2f1ci
4150,2.949394702911377,y4x2f1ci
4152,2.9525909423828125,y4x2f1ci
4154,2.9442379474639893,y4x2f1ci
4156,2.926320791244507,y4x2f1ci
4159,2.9627153873443604,y4x2f1ci
4161,2.9333689212799072,y4x2f1ci
4164,2.9475481510162354,y4x2f1ci
4166,2.955308437347412,y4x2f1ci
4168,2.945378303527832,y4x2f1ci
4170,2.9288110733032227,y4x2f1ci
4173,2.943956136703491,y4x2f1ci
4175,2.962829113006592,y4x2f1ci
4178,2.9451591968536377,y4x2f1ci
4181,2.957571268081665,y4x2f1ci
4183,2.9352316856384277,y4x2f1ci
4185,2.9537699222564697,y4x2f1ci
4187,2.9390623569488525,y4x2f1ci
4190,2.9636123180389404,y4x2f1ci
4194,2.920761823654175,y4x2f1ci
4196,2.9401533603668213,y4x2f1ci
4198,2.944918632507324,y4x2f1ci
4200,2.9482715129852295,y4x2f1ci
4202,2.9219133853912354,y4x2f1ci
4204,2.9416511058807373,y4x2f1ci
4206,2.9214553833007812,y4x2f1ci
4208,2.938971519470215,y4x2f1ci
4211,2.934431791305542,y4x2f1ci
4213,2.9247591495513916,y4x2f1ci
4215,2.9430606365203857,y4x2f1ci
4218,2.947223424911499,y4x2f1ci
4220,2.957526206970215,y4x2f1ci
4222,2.9288806915283203,y4x2f1ci
4225,2.9416751861572266,y4x2f1ci
4227,2.938676118850708,y4x2f1ci
4229,2.94008731842041,y4x2f1ci
4231,2.93831467628479,y4x2f1ci
4233,2.965564727783203,y4x2f1ci
4236,2.954413414001465,y4x2f1ci
4239,2.936079740524292,y4x2f1ci
4242,2.93833065032959,y4x2f1ci
4244,2.9481348991394043,y4x2f1ci
4246,2.957914352416992,y4x2f1ci
4249,2.9353621006011963,y4x2f1ci
4251,2.9246034622192383,y4x2f1ci
4253,2.9332191944122314,y4x2f1ci
4255,2.926607847213745,y4x2f1ci
4257,2.9195408821105957,y4x2f1ci
4259,2.949117422103882,y4x2f1ci
4262,2.9431121349334717,y4x2f1ci
4264,2.9459762573242188,y4x2f1ci
4267,2.9451141357421875,y4x2f1ci
4269,2.9114062786102295,y4x2f1ci
4270,2.9246065616607666,y4x2f1ci
4272,2.94816255569458,y4x2f1ci
4274,2.9346797466278076,y4x2f1ci
4278,2.931440830230713,y4x2f1ci
4280,2.939523696899414,y4x2f1ci
4283,2.9242799282073975,y4x2f1ci
4286,2.9302194118499756,y4x2f1ci
4288,2.9515669345855713,y4x2f1ci
4293,2.916393280029297,y4x2f1ci
4295,2.925750494003296,y4x2f1ci
4297,2.929980993270874,y4x2f1ci
4300,2.9388222694396973,y4x2f1ci
4303,2.927584409713745,y4x2f1ci
4322,2.935046434402466,awwjyi5w
4681,2.91133189201355,awwjyi5w
5917,2.831303596496582,awwjyi5w
6216,2.7805001735687256,awwjyi5w
6607,2.7821836471557617,awwjyi5w
7093,2.7637739181518555,awwjyi5w
7442,2.7775914669036865,awwjyi5w
7907,2.754378080368042,awwjyi5w
8709,2.701585054397583,awwjyi5w
8876,2.7138149738311768,awwjyi5w
9193,2.7053916454315186,awwjyi5w
10033,2.6912970542907715,awwjyi5w
10368,2.6971189975738525,awwjyi5w
11375,2.676945924758911,awwjyi5w
11630,2.667602777481079,awwjyi5w
12169,2.6515588760375977,awwjyi5w
12446,2.655674695968628,awwjyi5w
12757,2.637894630432129,awwjyi5w
12805,2.645157814025879,awwjyi5w
14297,2.627993583679199,awwjyi5w
14871,2.616145610809326,awwjyi5w
15322,2.6127383708953857,awwjyi5w
16277,2.5948681831359863,awwjyi5w
16478,2.59739089012146,awwjyi5w
16985,2.5793960094451904,awwjyi5w
17022,2.5893986225128174,awwjyi5w
18014,2.5819318294525146,awwjyi5w
18131,2.569899797439575,awwjyi5w
19019,2.576711416244507,awwjyi5w
19570,2.5867691040039062,awwjyi5w
20246,2.5828492641448975,awwjyi5w
20963,2.5614888668060303,awwjyi5w
21749,2.553980827331543,awwjyi5w
22734,2.5544111728668213,awwjyi5w
22922,2.5390379428863525,awwjyi5w
23678,2.52955961227417,awwjyi5w
23925,2.527377128601074,awwjyi5w
24334,2.5303773880004883,awwjyi5w
24462,2.5355234146118164,awwjyi5w
24978,2.5199387073516846,awwjyi5w
25133,2.5226621627807617,awwjyi5w
25470,2.5445520877838135,awwjyi5w
26768,2.540658950805664,awwjyi5w
27049,2.525541305541992,awwjyi5w
27548,2.516038417816162,awwjyi5w
28530,2.5267627239227295,awwjyi5w
29237,2.5079102516174316,awwjyi5w
30046,2.504307270050049,awwjyi5w
30556,2.5012316703796387,awwjyi5w
30925,2.525254964828491,awwjyi5w
31121,2.5085184574127197,awwjyi5w
32240,2.4841384887695312,awwjyi5w
32276,2.5034127235412598,awwjyi5w
32858,2.4853785037994385,awwjyi5w
33588,2.4987502098083496,awwjyi5w
34016,2.5048677921295166,awwjyi5w
34292,2.496415376663208,awwjyi5w
34730,2.4876840114593506,awwjyi5w
34999,2.476443290710449,awwjyi5w
35362,2.49320650100708,awwjyi5w
35395,2.4730145931243896,awwjyi5w
35539,2.496173620223999,awwjyi5w
36013,2.4782967567443848,awwjyi5w
36472,2.4710144996643066,awwjyi5w
36788,2.4745023250579834,awwjyi5w
37686,2.4719178676605225,awwjyi5w
37956,2.4644734859466553,awwjyi5w
38751,2.469564914703369,awwjyi5w
39019,2.4969046115875244,awwjyi5w
40442,2.4693078994750977,awwjyi5w
40528,2.4845480918884277,awwjyi5w
41320,2.4739880561828613,awwjyi5w
41667,2.4924509525299072,awwjyi5w
42242,2.470254421234131,awwjyi5w
42873,2.4756264686584473,awwjyi5w
43150,2.479923963546753,awwjyi5w
43334,2.458298444747925,awwjyi5w
43559,2.4526727199554443,awwjyi5w
44523,2.4850027561187744,awwjyi5w
44707,2.457092761993408,awwjyi5w
46066,2.4552204608917236,awwjyi5w
46565,2.4610378742218018,awwjyi5w
47020,2.467055082321167,awwjyi5w
47526,2.440683126449585,awwjyi5w
47944,2.4565486907958984,awwjyi5w
48059,2.4464011192321777,awwjyi5w
48547,2.471651792526245,awwjyi5w
48876,2.465266466140747,awwjyi5w
49452,2.4560763835906982,awwjyi5w
49600,2.444262981414795,awwjyi5w
50176,2.4638400077819824,awwjyi5w
50773,2.468322515487671,awwjyi5w
51364,2.4556097984313965,awwjyi5w
51463,2.452573537826538,awwjyi5w
51748,2.4700441360473633,awwjyi5w
52103,2.4377880096435547,awwjyi5w
53055,2.433392286300659,awwjyi5w
53350,2.4566268920898438,awwjyi5w
53739,2.4340808391571045,awwjyi5w
53910,2.4632208347320557,awwjyi5w
54309,2.4560413360595703,awwjyi5w
54817,2.4468281269073486,awwjyi5w
56447,2.4431920051574707,awwjyi5w
56939,2.4222826957702637,awwjyi5w
57894,2.423065423965454,awwjyi5w
58479,2.4454822540283203,awwjyi5w
59069,2.4454691410064697,awwjyi5w
59580,2.418081521987915,awwjyi5w
59787,2.4418678283691406,awwjyi5w
60026,2.436541795730591,awwjyi5w
60155,2.437093734741211,awwjyi5w
60916,2.4314446449279785,awwjyi5w
61074,2.4372940063476562,awwjyi5w
61651,2.437150478363037,awwjyi5w
62768,2.4482717514038086,awwjyi5w
63232,2.4508230686187744,awwjyi5w
63713,2.4445888996124268,awwjyi5w
64195,2.4343338012695312,awwjyi5w
64429,2.4380900859832764,awwjyi5w
64645,2.422414541244507,awwjyi5w
64930,2.441131353378296,awwjyi5w
65479,2.419325590133667,awwjyi5w
65913,2.443268060684204,awwjyi5w
65964,2.443790912628174,awwjyi5w
66331,2.430732250213623,awwjyi5w
66640,2.419795274734497,awwjyi5w
66771,2.4325995445251465,awwjyi5w
66855,2.4404518604278564,awwjyi5w
67565,2.4425814151763916,awwjyi5w
67627,2.422029495239258,awwjyi5w
67679,2.4308371543884277,awwjyi5w
68546,2.4114227294921875,awwjyi5w
68738,2.4202873706817627,awwjyi5w
69119,2.396193742752075,awwjyi5w
69480,2.431906223297119,awwjyi5w
69842,2.4316794872283936,awwjyi5w
70037,2.404839038848877,awwjyi5w
70663,2.4260811805725098,awwjyi5w
71039,2.418166399002075,awwjyi5w
71233,2.4297449588775635,awwjyi5w
71527,2.425546884536743,awwjyi5w
71630,2.421222686767578,awwjyi5w
72045,2.4081687927246094,awwjyi5w
72712,2.441944122314453,awwjyi5w
73443,2.4122021198272705,awwjyi5w
73676,2.427665948867798,awwjyi5w
73813,2.4390456676483154,awwjyi5w
74299,2.4376556873321533,awwjyi5w
74703,2.42476224899292,awwjyi5w
74966,2.4158880710601807,awwjyi5w
75183,2.4229352474212646,awwjyi5w
76584,2.4036266803741455,awwjyi5w
76880,2.4053361415863037,awwjyi5w
77362,2.416862726211548,awwjyi5w
78048,2.4020769596099854,awwjyi5w
78751,2.4136693477630615,awwjyi5w
79191,2.4153904914855957,awwjyi5w
79722,2.405463457107544,awwjyi5w
80040,2.38984751701355,awwjyi5w
80436,2.4221627712249756,awwjyi5w
81026,2.419344425201416,awwjyi5w
81438,2.4222538471221924,awwjyi5w
81779,2.3918838500976562,awwjyi5w
82425,2.413379669189453,awwjyi5w
82767,2.4157590866088867,awwjyi5w
83779,2.411586046218872,awwjyi5w
85149,2.4130289554595947,awwjyi5w
85605,2.411283493041992,awwjyi5w
86193,2.4366378784179688,awwjyi5w
86538,2.41369366645813,awwjyi5w
87478,2.3906562328338623,awwjyi5w
88205,2.415583848953247,awwjyi5w
88695,2.4256205558776855,awwjyi5w
89416,2.4226467609405518,awwjyi5w
90768,2.4126739501953125,awwjyi5w
91484,2.400315761566162,awwjyi5w
91515,2.392627716064453,awwjyi5w
92527,2.3987042903900146,awwjyi5w
92968,2.3948237895965576,awwjyi5w
93333,2.411177635192871,awwjyi5w
94083,2.4048068523406982,awwjyi5w
94904,2.405263662338257,awwjyi5w
95604,2.410771608352661,awwjyi5w
97077,2.403796672821045,awwjyi5w
97856,2.416740894317627,awwjyi5w
98715,2.392608165740967,awwjyi5w
99172,2.3828318119049072,awwjyi5w
99289,2.407829761505127,awwjyi5w
99898,2.392897129058838,awwjyi5w
100227,2.3888039588928223,awwjyi5w
100716,2.409930944442749,awwjyi5w
102645,2.398204803466797,awwjyi5w
103418,2.399667263031006,awwjyi5w
103617,2.3928020000457764,awwjyi5w
103800,2.383040428161621,awwjyi5w
104359,2.387472152709961,awwjyi5w
104621,2.388275146484375,awwjyi5w
105248,2.395415782928467,awwjyi5w
105550,2.4003946781158447,awwjyi5w
106058,2.4125378131866455,awwjyi5w
106491,2.3935277462005615,awwjyi5w
106595,2.402066946029663,awwjyi5w
107760,2.3828999996185303,awwjyi5w
108048,2.392848491668701,awwjyi5w
108331,2.402291774749756,awwjyi5w
108869,2.3882954120635986,awwjyi5w
110984,2.403855562210083,awwjyi5w
111878,2.3698840141296387,awwjyi5w
112048,2.3831896781921387,awwjyi5w
112186,2.3891713619232178,awwjyi5w
112744,2.3918850421905518,awwjyi5w
114118,2.3848140239715576,awwjyi5w
115267,2.391666889190674,awwjyi5w
115836,2.397819757461548,awwjyi5w
116282,2.407033920288086,awwjyi5w
116381,2.390465021133423,awwjyi5w
116631,2.390695810317993,awwjyi5w
117015,2.3961920738220215,awwjyi5w
117441,2.388624906539917,awwjyi5w
117713,2.41129207611084,awwjyi5w
118435,2.4135241508483887,awwjyi5w
118629,2.392993688583374,awwjyi5w
118820,2.3787105083465576,awwjyi5w
119656,2.379310131072998,awwjyi5w
120204,2.38610577583313,awwjyi5w
120478,2.400377035140991,awwjyi5w
121072,2.3896234035491943,awwjyi5w
121280,2.3732545375823975,awwjyi5w
122164,2.389827251434326,awwjyi5w
122630,2.3724770545959473,awwjyi5w
124077,2.3763058185577393,awwjyi5w
124593,2.3837854862213135,awwjyi5w
125523,2.381182909011841,awwjyi5w
125893,2.39982008934021,awwjyi5w
126607,2.377213716506958,awwjyi5w
126730,2.3855860233306885,awwjyi5w
127185,2.377305030822754,awwjyi5w
127561,2.3785386085510254,awwjyi5w
127922,2.377434492111206,awwjyi5w
128329,2.37532114982605,awwjyi5w
128441,2.392996072769165,awwjyi5w
128812,2.391993522644043,awwjyi5w
128974,2.3851304054260254,awwjyi5w
129207,2.391437530517578,awwjyi5w
130017,2.3950560092926025,awwjyi5w
130492,2.3774635791778564,awwjyi5w
130659,2.386490821838379,awwjyi5w
130837,2.385101318359375,awwjyi5w
130955,2.37536358833313,awwjyi5w
131236,2.369290828704834,awwjyi5w
131890,2.3781778812408447,awwjyi5w
132801,2.395371913909912,awwjyi5w
133536,2.389129877090454,awwjyi5w
134489,2.402278184890747,awwjyi5w
135285,2.375242233276367,awwjyi5w
136868,2.3754348754882812,awwjyi5w
137074,2.3747379779815674,awwjyi5w
138088,2.3554155826568604,awwjyi5w
138642,2.367464780807495,awwjyi5w
139304,2.3744399547576904,awwjyi5w
139893,2.3823845386505127,awwjyi5w
140460,2.360931873321533,awwjyi5w
141200,2.3914899826049805,awwjyi5w
141918,2.3841724395751953,awwjyi5w
142112,2.3668928146362305,awwjyi5w
145513,2.3887815475463867,awwjyi5w
146189,2.355576276779175,awwjyi5w
146977,2.3870022296905518,awwjyi5w
147528,2.362722635269165,awwjyi5w
147630,2.390921115875244,awwjyi5w
148313,2.376412868499756,awwjyi5w
148529,2.3679757118225098,awwjyi5w
148705,2.3727660179138184,awwjyi5w
148863,2.362048387527466,awwjyi5w
149018,2.3570709228515625,awwjyi5w
150095,2.38020396232605,awwjyi5w
150208,2.3915891647338867,awwjyi5w
150346,2.355929136276245,awwjyi5w
151155,2.3756790161132812,awwjyi5w
151431,2.369799852371216,awwjyi5w
151626,2.3779120445251465,awwjyi5w
152199,2.393230676651001,awwjyi5w
153268,2.358489990234375,awwjyi5w
153784,2.380155324935913,awwjyi5w
153875,2.3754868507385254,awwjyi5w
154156,2.3568978309631348,awwjyi5w
154649,2.3739562034606934,awwjyi5w
155762,2.374500036239624,awwjyi5w
156527,2.378230094909668,awwjyi5w
156803,2.3645262718200684,awwjyi5w
157018,2.347419500350952,awwjyi5w
157458,2.3691039085388184,awwjyi5w
157735,2.3793463706970215,awwjyi5w
160130,2.3460323810577393,awwjyi5w
161043,2.3709781169891357,awwjyi5w
161427,2.3581104278564453,awwjyi5w
161909,2.368203639984131,awwjyi5w
162462,2.3647515773773193,awwjyi5w
163081,2.37668514251709,awwjyi5w
163757,2.365798234939575,awwjyi5w
164076,2.3735275268554688,awwjyi5w
164313,2.362682580947876,awwjyi5w
164842,2.3542118072509766,awwjyi5w
165118,2.3759703636169434,awwjyi5w
165270,2.378652334213257,awwjyi5w
165286,2.368035316467285,awwjyi5w
165792,2.3651087284088135,awwjyi5w
166114,2.3627374172210693,awwjyi5w
167003,2.3630154132843018,awwjyi5w
167186,2.3734965324401855,awwjyi5w
167384,2.3693673610687256,awwjyi5w
167764,2.3544468879699707,awwjyi5w
167892,2.3758811950683594,awwjyi5w
167961,2.362215995788574,awwjyi5w
169011,2.3589837551116943,awwjyi5w
170693,2.371238946914673,awwjyi5w
171157,2.3580312728881836,awwjyi5w
171508,2.360053300857544,awwjyi5w
171774,2.359933614730835,awwjyi5w
173480,2.367945909500122,awwjyi5w
173769,2.3523759841918945,awwjyi5w
173955,2.3707168102264404,awwjyi5w
174572,2.3686294555664062,awwjyi5w
175290,2.374269962310791,awwjyi5w
175382,2.3639156818389893,awwjyi5w
175766,2.3732542991638184,awwjyi5w
176129,2.3483223915100098,awwjyi5w
176283,2.3624703884124756,awwjyi5w
177038,2.3645522594451904,awwjyi5w
177164,2.35467267036438,awwjyi5w
178679,2.3700873851776123,awwjyi5w
179393,2.3641648292541504,awwjyi5w
179991,2.357638359069824,awwjyi5w
182010,2.364047050476074,awwjyi5w
183104,2.3880088329315186,awwjyi5w
184770,2.3679161071777344,awwjyi5w
185956,2.348856210708618,awwjyi5w
186174,2.3600821495056152,awwjyi5w
186714,2.3710105419158936,awwjyi5w
187221,2.374688148498535,awwjyi5w
188219,2.3741767406463623,awwjyi5w
189018,2.376771926879883,awwjyi5w
189871,2.3620288372039795,awwjyi5w
190414,2.347043991088867,awwjyi5w
192309,2.345937967300415,awwjyi5w
192551,2.3628597259521484,awwjyi5w
193151,2.351102590560913,awwjyi5w
193454,2.3668010234832764,awwjyi5w
195321,2.3557004928588867,awwjyi5w
195680,2.3531839847564697,awwjyi5w
196847,2.365872859954834,awwjyi5w
197159,2.3555808067321777,awwjyi5w
197702,2.375823497772217,awwjyi5w
198178,2.362215042114258,awwjyi5w
199049,2.357567310333252,awwjyi5w
199599,2.36474347114563,awwjyi5w
200339,2.370985746383667,awwjyi5w
200638,2.356755495071411,awwjyi5w
201538,2.35437273979187,awwjyi5w
201721,2.361185312271118,awwjyi5w
201806,2.3729963302612305,awwjyi5w
201883,2.367828607559204,awwjyi5w
202703,2.3670718669891357,awwjyi5w
202917,2.354820966720581,awwjyi5w
203043,2.348179578781128,awwjyi5w
203217,2.36017107963562,awwjyi5w
203577,2.3348166942596436,awwjyi5w
203785,2.3530094623565674,awwjyi5w
204420,2.3568623065948486,awwjyi5w
205421,2.3657326698303223,awwjyi5w
205652,2.3655521869659424,awwjyi5w
206127,2.3822438716888428,awwjyi5w
207577,2.364992380142212,awwjyi5w
208024,2.347515106201172,awwjyi5w
208382,2.358158826828003,awwjyi5w
209376,2.3635618686676025,awwjyi5w
209519,2.348395586013794,awwjyi5w
209942,2.37762713432312,awwjyi5w
210977,2.3530049324035645,awwjyi5w
212075,2.32975172996521,awwjyi5w
212226,2.355435609817505,awwjyi5w
213556,2.360203742980957,awwjyi5w
213991,2.3546602725982666,awwjyi5w
214325,2.3531692028045654,awwjyi5w
215015,2.3630361557006836,awwjyi5w
215176,2.376897096633911,awwjyi5w
215972,2.3378989696502686,awwjyi5w
216216,2.361326217651367,awwjyi5w
216913,2.3733904361724854,awwjyi5w
217239,2.364675760269165,awwjyi5w
217458,2.3705801963806152,awwjyi5w
218155,2.3463127613067627,awwjyi5w
219023,2.3437917232513428,awwjyi5w
219161,2.3540027141571045,awwjyi5w
219714,2.3208870887756348,awwjyi5w
219972,2.345721960067749,awwjyi5w
220522,2.3617782592773438,awwjyi5w
221007,2.3682751655578613,awwjyi5w
221179,2.3536577224731445,awwjyi5w
222022,2.3599891662597656,awwjyi5w
222205,2.3355300426483154,awwjyi5w
223804,2.350416660308838,awwjyi5w
224496,2.3696820735931396,awwjyi5w
224851,2.341032028198242,awwjyi5w
224915,2.3571534156799316,awwjyi5w
226527,2.34722900390625,awwjyi5w
227170,2.3395121097564697,awwjyi5w
228327,2.3525631427764893,awwjyi5w
228947,2.360684633255005,awwjyi5w
229652,2.345013380050659,awwjyi5w
229983,2.3620643615722656,awwjyi5w
230370,2.339026927947998,awwjyi5w
230841,2.3558907508850098,awwjyi5w
231335,2.3360371589660645,awwjyi5w
231481,2.3374264240264893,awwjyi5w
232269,2.3252341747283936,awwjyi5w
232496,2.3583426475524902,awwjyi5w
233173,2.343677043914795,awwjyi5w
233580,2.359815835952759,awwjyi5w
234224,2.360602378845215,awwjyi5w
235127,2.3560006618499756,awwjyi5w
235339,2.3629186153411865,awwjyi5w
235618,2.3611838817596436,awwjyi5w
236099,2.3391053676605225,awwjyi5w
236427,2.3394582271575928,awwjyi5w
237203,2.357686996459961,awwjyi5w
237683,2.355295419692993,awwjyi5w
238215,2.346513271331787,awwjyi5w
238728,2.357865333557129,awwjyi5w
239012,2.3557040691375732,awwjyi5w
239201,2.370258092880249,awwjyi5w
240828,2.335550546646118,awwjyi5w
242544,2.380739212036133,awwjyi5w
243168,2.3505055904388428,awwjyi5w
243975,2.347770929336548,awwjyi5w
244619,2.3460264205932617,awwjyi5w
244700,2.349055767059326,awwjyi5w
245241,2.3667197227478027,awwjyi5w
245597,2.32820987701416,awwjyi5w
246010,2.3499228954315186,awwjyi5w
246573,2.3433101177215576,awwjyi5w
248222,2.3631505966186523,awwjyi5w
248703,2.3355774879455566,awwjyi5w
248932,2.37182354927063,awwjyi5w
249903,2.3579366207122803,awwjyi5w
250181,2.358203172683716,awwjyi5w
252355,2.350860834121704,awwjyi5w
253402,2.3609187602996826,awwjyi5w
253569,2.328206777572632,awwjyi5w
253899,2.3526530265808105,awwjyi5w
254784,2.346118211746216,awwjyi5w
255440,2.33445405960083,awwjyi5w
256273,2.3551456928253174,awwjyi5w
256405,2.373358726501465,awwjyi5w
256782,2.3493664264678955,awwjyi5w
257433,2.3422040939331055,awwjyi5w
257605,2.346358060836792,awwjyi5w
258958,2.319779396057129,awwjyi5w
259589,2.3222882747650146,awwjyi5w
259926,2.3516592979431152,awwjyi5w
260269,2.350102186203003,awwjyi5w
260610,2.3522725105285645,awwjyi5w
261745,2.3397178649902344,awwjyi5w
262312,2.347536563873291,awwjyi5w
263148,2.328643321990967,awwjyi5w
263534,2.3575234413146973,awwjyi5w
264270,2.354928493499756,awwjyi5w
264562,2.3387906551361084,awwjyi5w
265456,2.327770233154297,awwjyi5w
266141,2.3334147930145264,awwjyi5w
267597,2.335803985595703,awwjyi5w
268625,2.3380074501037598,awwjyi5w
268925,2.3533878326416016,awwjyi5w
269033,2.36348819732666,awwjyi5w
269444,2.361591100692749,awwjyi5w
271390,2.359056234359741,awwjyi5w
271973,2.361673593521118,awwjyi5w
272132,2.3490843772888184,awwjyi5w
272491,2.354840040206909,awwjyi5w
272592,2.3490090370178223,awwjyi5w
273113,2.327484130859375,awwjyi5w
273375,2.320387601852417,awwjyi5w
274509,2.3400895595550537,awwjyi5w
274749,2.357999324798584,awwjyi5w
275526,2.33998703956604,awwjyi5w
276174,2.3241257667541504,awwjyi5w
276551,2.333298683166504,awwjyi5w
276664,2.3412647247314453,awwjyi5w
277017,2.3175220489501953,awwjyi5w
277351,2.337956666946411,awwjyi5w
277885,2.360992431640625,awwjyi5w
277986,2.333498239517212,awwjyi5w
278493,2.3319509029388428,awwjyi5w
278882,2.3437018394470215,awwjyi5w
279198,2.335554599761963,awwjyi5w
279303,2.3515632152557373,awwjyi5w
279617,2.3346540927886963,awwjyi5w
280085,2.3435733318328857,awwjyi5w
280360,2.3219339847564697,awwjyi5w
281760,2.3254339694976807,awwjyi5w
282018,2.316131353378296,awwjyi5w
282244,2.3525328636169434,awwjyi5w
282443,2.330988883972168,awwjyi5w
282677,2.3350131511688232,awwjyi5w
283526,2.3468542098999023,awwjyi5w
284645,2.3407034873962402,awwjyi5w
286416,2.337212085723877,awwjyi5w
286537,2.337631940841675,awwjyi5w
287053,2.3399693965911865,awwjyi5w
287698,2.3430676460266113,awwjyi5w
287868,2.35587477684021,awwjyi5w
288253,2.343538522720337,awwjyi5w
289491,2.3432886600494385,awwjyi5w
290476,2.3316385746002197,awwjyi5w
290735,2.3275339603424072,awwjyi5w
291181,2.357919216156006,awwjyi5w
291261,2.3423285484313965,awwjyi5w
292228,2.3568849563598633,awwjyi5w
292694,2.3743903636932373,awwjyi5w
292769,2.3329272270202637,awwjyi5w
293111,2.337214469909668,awwjyi5w
293243,2.3186581134796143,awwjyi5w
293450,2.333897829055786,awwjyi5w
294797,2.3263213634490967,awwjyi5w
295256,2.3422443866729736,awwjyi5w
295744,2.3424882888793945,awwjyi5w
296149,2.307003974914551,awwjyi5w
296622,2.34505558013916,awwjyi5w
296778,2.334489107131958,awwjyi5w
297438,2.3454318046569824,awwjyi5w
298388,2.348020076751709,awwjyi5w
299180,2.341708183288574,awwjyi5w
299548,2.351480007171631,awwjyi5w
300098,2.3540751934051514,awwjyi5w
300518,2.3386189937591553,awwjyi5w
301000,2.3057167530059814,awwjyi5w
301773,2.3453433513641357,awwjyi5w
301957,2.3516786098480225,awwjyi5w
302022,2.3426167964935303,awwjyi5w
302554,2.3395516872406006,awwjyi5w
303113,2.333062171936035,awwjyi5w
304054,2.3365986347198486,awwjyi5w
304905,2.3344342708587646,awwjyi5w
305608,2.3380606174468994,awwjyi5w
306057,2.3383514881134033,awwjyi5w
307435,2.324516773223877,awwjyi5w
308222,2.342787742614746,awwjyi5w
308605,2.3519041538238525,awwjyi5w
309091,2.3227593898773193,awwjyi5w
309311,2.337662935256958,awwjyi5w
310016,2.356034278869629,awwjyi5w
310334,2.3346452713012695,awwjyi5w
310449,2.3292036056518555,awwjyi5w
311652,2.3371739387512207,awwjyi5w
312296,2.312074899673462,awwjyi5w
313087,2.3434698581695557,awwjyi5w
313679,2.334530830383301,awwjyi5w
314863,2.3486979007720947,awwjyi5w
315115,2.334315061569214,awwjyi5w
315537,2.3301494121551514,awwjyi5w
316202,2.3424415588378906,awwjyi5w
316885,2.3295977115631104,awwjyi5w
316921,2.341177463531494,awwjyi5w
317097,2.341388463973999,awwjyi5w
317426,2.3165345191955566,awwjyi5w
318882,2.3221211433410645,awwjyi5w
319372,2.3211348056793213,awwjyi5w
319725,2.357475519180298,awwjyi5w
319991,2.35311222076416,awwjyi5w
320108,2.3351504802703857,awwjyi5w
321161,2.3576488494873047,awwjyi5w
321527,2.337789297103882,awwjyi5w
322813,2.3407764434814453,awwjyi5w
323191,2.3078951835632324,awwjyi5w
323470,2.332772731781006,awwjyi5w
323603,2.3140056133270264,awwjyi5w
323873,2.3315958976745605,awwjyi5w
324180,2.3294003009796143,awwjyi5w
324491,2.3506908416748047,awwjyi5w
324904,2.3386404514312744,awwjyi5w
325370,2.354037046432495,awwjyi5w
326916,2.347961902618408,awwjyi5w
327003,2.336212635040283,awwjyi5w
328214,2.3217453956604004,awwjyi5w
328661,2.3318088054656982,awwjyi5w
329277,2.3597917556762695,awwjyi5w
329459,2.328683376312256,awwjyi5w
330259,2.345362424850464,awwjyi5w
331256,2.3092310428619385,awwjyi5w
331617,2.3344192504882812,awwjyi5w
331962,2.3253347873687744,awwjyi5w
332502,2.3172643184661865,awwjyi5w
333268,2.3381431102752686,awwjyi5w
333653,2.3447318077087402,awwjyi5w
333993,2.3470277786254883,awwjyi5w
334294,2.3294403553009033,awwjyi5w
334891,2.3025097846984863,awwjyi5w
335129,2.338893175125122,awwjyi5w
335976,2.3382444381713867,awwjyi5w
337856,2.322572708129883,awwjyi5w
338480,2.3087425231933594,awwjyi5w
340025,2.327120065689087,awwjyi5w
340144,2.3075311183929443,awwjyi5w
340713,2.3317134380340576,awwjyi5w
340949,2.3280630111694336,awwjyi5w
341210,2.324396848678589,awwjyi5w
342477,2.3230202198028564,awwjyi5w
343650,2.317871332168579,awwjyi5w
343883,2.321463108062744,awwjyi5w
344769,2.327378988265991,awwjyi5w
345105,2.330758571624756,awwjyi5w
345362,2.3245856761932373,awwjyi5w
345733,2.322347402572632,awwjyi5w
346856,2.33896803855896,awwjyi5w
347047,2.3285746574401855,awwjyi5w
347796,2.3256852626800537,awwjyi5w
349075,2.3227450847625732,awwjyi5w
349648,2.3348724842071533,awwjyi5w
350502,2.3301804065704346,awwjyi5w
350988,2.32494854927063,awwjyi5w
351055,2.3330953121185303,awwjyi5w
351699,2.3067262172698975,awwjyi5w
352272,2.3172285556793213,awwjyi5w
352389,2.3445093631744385,awwjyi5w
353009,2.3139004707336426,awwjyi5w
353762,2.325827121734619,awwjyi5w
356066,2.348876476287842,awwjyi5w
357238,2.3354203701019287,awwjyi5w
358483,2.349303722381592,awwjyi5w
360157,2.331310510635376,awwjyi5w
360659,2.3068630695343018,awwjyi5w
361155,2.312177896499634,awwjyi5w
361878,2.3294944763183594,awwjyi5w
362210,2.32081937789917,awwjyi5w
362533,2.318887710571289,awwjyi5w
362878,2.3200719356536865,awwjyi5w
363003,2.316162109375,awwjyi5w
363316,2.3232059478759766,awwjyi5w
363891,2.315286159515381,awwjyi5w
364102,2.3243112564086914,awwjyi5w
364218,2.31099271774292,awwjyi5w
365015,2.3105199337005615,awwjyi5w
365389,2.3243885040283203,awwjyi5w
365847,2.32373046875,awwjyi5w
366642,2.321307420730591,awwjyi5w
367242,2.3320913314819336,awwjyi5w
367459,2.3293800354003906,awwjyi5w
368837,2.3359434604644775,awwjyi5w
368979,2.312831401824951,awwjyi5w
369341,2.3138885498046875,awwjyi5w
369905,2.3417458534240723,awwjyi5w
370292,2.3278286457061768,awwjyi5w
370340,2.326777935028076,awwjyi5w
370502,2.320939779281616,awwjyi5w
371333,2.3222224712371826,awwjyi5w
372476,2.330742120742798,awwjyi5w
372736,2.337777853012085,awwjyi5w
373125,2.312983512878418,awwjyi5w
373675,2.3242719173431396,awwjyi5w
373993,2.3455662727355957,awwjyi5w
374141,2.321728467941284,awwjyi5w
374300,2.3361213207244873,awwjyi5w
375165,2.3225793838500977,awwjyi5w
376277,2.324632167816162,awwjyi5w
376442,2.3199968338012695,awwjyi5w
376707,2.311000347137451,awwjyi5w
376877,2.323171854019165,awwjyi5w
377197,2.3254518508911133,awwjyi5w
377492,2.3054158687591553,awwjyi5w
377876,2.317067861557007,awwjyi5w
378198,2.316885232925415,awwjyi5w
378932,2.3317906856536865,awwjyi5w
379964,2.338486433029175,awwjyi5w
380623,2.317131757736206,awwjyi5w
381044,2.3299264907836914,awwjyi5w
381599,2.3252155780792236,awwjyi5w
381684,2.3294808864593506,awwjyi5w
382078,2.3187873363494873,awwjyi5w
382156,2.3201370239257812,awwjyi5w
382431,2.3091957569122314,awwjyi5w
383453,2.3291168212890625,awwjyi5w
383571,2.3370001316070557,awwjyi5w
384065,2.3491246700286865,awwjyi5w
384769,2.3331007957458496,awwjyi5w
384876,2.3153302669525146,awwjyi5w
385280,2.3343911170959473,awwjyi5w
386440,2.3221960067749023,awwjyi5w
386837,2.328521490097046,awwjyi5w
386979,2.311992883682251,awwjyi5w
387149,2.305616855621338,awwjyi5w
387928,2.335850477218628,awwjyi5w
388617,2.3130717277526855,awwjyi5w
389157,2.3206446170806885,awwjyi5w
389837,2.3320367336273193,awwjyi5w
389968,2.3179121017456055,awwjyi5w
390230,2.3070287704467773,awwjyi5w
390601,2.338486433029175,awwjyi5w
390617,2.3267054557800293,awwjyi5w
390881,2.326702117919922,awwjyi5w
390974,2.3119168281555176,awwjyi5w
391332,2.3429155349731445,awwjyi5w
392093,2.313783884048462,awwjyi5w
393186,2.327428102493286,awwjyi5w
393245,2.3202548027038574,awwjyi5w
393584,2.316507577896118,awwjyi5w
394280,2.3119351863861084,awwjyi5w
394731,2.3333332538604736,awwjyi5w
395044,2.3218517303466797,awwjyi5w
395185,2.3238604068756104,awwjyi5w
395258,2.3253931999206543,awwjyi5w
396259,2.323582887649536,awwjyi5w
396834,2.3051862716674805,awwjyi5w
397482,2.3205668926239014,awwjyi5w
397693,2.3142244815826416,awwjyi5w
398113,2.3139989376068115,awwjyi5w
398734,2.318264961242676,awwjyi5w
398935,2.315382957458496,awwjyi5w
399223,2.3289670944213867,awwjyi5w
399425,2.311243772506714,awwjyi5w
399928,2.3321704864501953,awwjyi5w
400400,2.325698137283325,awwjyi5w
401120,2.3180179595947266,awwjyi5w
401745,2.3113045692443848,awwjyi5w
402184,2.3385114669799805,awwjyi5w
402872,2.3160994052886963,awwjyi5w
403025,2.3230230808258057,awwjyi5w
403294,2.3257057666778564,awwjyi5w
403624,2.331007480621338,awwjyi5w
403712,2.3233816623687744,awwjyi5w
404085,2.3177096843719482,awwjyi5w
404407,2.3124547004699707,awwjyi5w
404805,2.3245067596435547,awwjyi5w
405814,2.3213608264923096,awwjyi5w
406101,2.3160152435302734,awwjyi5w
406857,2.325770378112793,awwjyi5w
407512,2.3193774223327637,awwjyi5w
407847,2.3338136672973633,awwjyi5w
408434,2.3287088871002197,awwjyi5w
408721,2.3274283409118652,awwjyi5w
409232,2.302145481109619,awwjyi5w
409466,2.290196180343628,awwjyi5w
409985,2.330833673477173,awwjyi5w
410415,2.317816734313965,awwjyi5w
411915,2.3115806579589844,awwjyi5w
412219,2.3281471729278564,awwjyi5w
412636,2.304539203643799,awwjyi5w
413009,2.324625253677368,awwjyi5w
413471,2.3129029273986816,awwjyi5w
414195,2.3018839359283447,awwjyi5w
415270,2.320279359817505,uwjy7cji
415519,2.301560878753662,uwjy7cji
416917,2.3396453857421875,uwjy7cji
417216,2.322735071182251,uwjy7cji
417607,2.323387384414673,uwjy7cji
418093,2.302234411239624,uwjy7cji
418559,2.3123414516448975,uwjy7cji
419709,2.3247222900390625,uwjy7cji
419876,2.3144736289978027,uwjy7cji
420193,2.3430752754211426,uwjy7cji
421116,2.337524652481079,uwjy7cji
422223,2.322077512741089,uwjy7cji
422446,2.3233017921447754,uwjy7cji
422821,2.3309597969055176,uwjy7cji
423408,2.3147947788238525,uwjy7cji
423579,2.347072124481201,uwjy7cji
423799,2.3272764682769775,uwjy7cji
424899,2.3179640769958496,uwjy7cji
425871,2.319390296936035,uwjy7cji
426322,2.3156516551971436,uwjy7cji
427277,2.320712089538574,uwjy7cji
427478,2.319249153137207,uwjy7cji
428000,2.3150923252105713,uwjy7cji
429014,2.2987635135650635,uwjy7cji
429131,2.3009631633758545,uwjy7cji
430019,2.316398859024048,uwjy7cji
430570,2.306892156600952,uwjy7cji
431246,2.330822706222534,uwjy7cji
431963,2.304434061050415,uwjy7cji
432749,2.3122830390930176,uwjy7cji
433734,2.3267149925231934,uwjy7cji
434138,2.3123247623443604,uwjy7cji
434724,2.310908317565918,uwjy7cji
435346,2.3065378665924072,uwjy7cji
435943,2.3277175426483154,uwjy7cji
436133,2.3045995235443115,uwjy7cji
437529,2.301680088043213,uwjy7cji
437917,2.3028934001922607,uwjy7cji
438341,2.3011999130249023,uwjy7cji
439049,2.3226873874664307,uwjy7cji
440075,2.3039093017578125,uwjy7cji
441046,2.3293445110321045,uwjy7cji
441556,2.313645362854004,uwjy7cji
442108,2.3163793087005615,uwjy7cji
442142,2.303049087524414,uwjy7cji
443256,2.307100772857666,uwjy7cji
443858,2.3063666820526123,uwjy7cji
444837,2.3041746616363525,uwjy7cji
445157,2.3106391429901123,uwjy7cji
445730,2.3343427181243896,uwjy7cji
445999,2.3149361610412598,uwjy7cji
446362,2.3182342052459717,uwjy7cji
446395,2.296443223953247,uwjy7cji
446539,2.310481309890747,uwjy7cji
447090,2.3240630626678467,uwjy7cji
447704,2.299731492996216,uwjy7cji
448342,2.303624153137207,uwjy7cji
448956,2.3015058040618896,uwjy7cji
449751,2.3270046710968018,uwjy7cji
450019,2.315613031387329,uwjy7cji
451442,2.3206424713134766,uwjy7cji
451712,2.3165440559387207,uwjy7cji
452487,2.3053739070892334,uwjy7cji
453041,2.3117737770080566,uwjy7cji
453605,2.316866159439087,uwjy7cji
454334,2.2912843227386475,uwjy7cji
455563,2.3067243099212646,uwjy7cji
457066,2.303326368331909,uwjy7cji
457565,2.326270818710327,uwjy7cji
458020,2.3226068019866943,uwjy7cji
458944,2.3150460720062256,uwjy7cji
459059,2.308645248413086,uwjy7cji
459785,2.2827744483947754,uwjy7cji
460225,2.286839008331299,uwjy7cji
460626,2.284907102584839,uwjy7cji
461202,2.297006130218506,uwjy7cji
461799,2.31095290184021,uwjy7cji
462453,2.294235944747925,uwjy7cji
462751,2.302212953567505,uwjy7cji
462899,2.32017183303833,uwjy7cji
463461,2.3044533729553223,uwjy7cji
464220,2.2868008613586426,uwjy7cji
464553,2.31412935256958,uwjy7cji
464773,2.3034164905548096,uwjy7cji
465079,2.310354232788086,uwjy7cji
465664,2.3024656772613525,uwjy7cji
466235,2.314779758453369,uwjy7cji
467821,2.310781240463257,uwjy7cji
468293,2.3374485969543457,uwjy7cji
469363,2.3057353496551514,uwjy7cji
470133,2.3016767501831055,uwjy7cji
470851,2.3195040225982666,uwjy7cji
471090,2.3008129596710205,uwjy7cji
471219,2.320747137069702,uwjy7cji
472116,2.3069911003112793,uwjy7cji
472584,2.315387487411499,uwjy7cji
472934,2.299269914627075,uwjy7cji
473950,2.299917459487915,uwjy7cji
474775,2.3061599731445312,uwjy7cji
474940,2.312429904937744,uwjy7cji
475340,2.2967164516448975,uwjy7cji
475592,2.294896125793457,uwjy7cji
476172,2.2999980449676514,uwjy7cji
476947,2.3004207611083984,uwjy7cji
477014,2.324129819869995,uwjy7cji
477056,2.3071844577789307,uwjy7cji
477499,2.303340196609497,uwjy7cji
477835,2.3119657039642334,uwjy7cji
477919,2.2978665828704834,uwjy7cji
478629,2.291776657104492,uwjy7cji
478691,2.310781478881836,uwjy7cji
478743,2.3303751945495605,uwjy7cji
479610,2.317824125289917,uwjy7cji
479802,2.3152709007263184,uwjy7cji
480362,2.3141841888427734,uwjy7cji
480670,2.2923638820648193,uwjy7cji
481016,2.296074390411377,uwjy7cji
481727,2.318711757659912,uwjy7cji
482222,2.3053488731384277,uwjy7cji
482713,2.309453248977661,uwjy7cji
483425,2.3041329383850098,uwjy7cji
484406,2.2971725463867188,uwjy7cji
484795,2.292957067489624,uwjy7cji
485363,2.299532413482666,uwjy7cji
486030,2.304661273956299,uwjy7cji
486247,2.302675247192383,uwjy7cji
487934,2.319439649581909,uwjy7cji
488313,2.290025472640991,uwjy7cji
488797,2.2984516620635986,uwjy7cji
489622,2.3203341960906982,uwjy7cji
490244,2.2799808979034424,uwjy7cji
490419,2.2953410148620605,uwjy7cji
491104,2.3185341358184814,uwjy7cji
491500,2.304420232772827,uwjy7cji
492090,2.319981098175049,uwjy7cji
492502,2.3195102214813232,uwjy7cji
492843,2.295189619064331,uwjy7cji
493489,2.29229474067688,uwjy7cji
493831,2.3208866119384766,uwjy7cji
494843,2.3018698692321777,uwjy7cji
496213,2.315401792526245,uwjy7cji
497181,2.289290189743042,uwjy7cji
497334,2.294217824935913,uwjy7cji
497930,2.3063347339630127,uwjy7cji
499269,2.3189849853515625,uwjy7cji
499759,2.298112154006958,uwjy7cji
500480,2.304797410964966,uwjy7cji
501832,2.2963645458221436,uwjy7cji
502548,2.312594175338745,uwjy7cji
502698,2.3051819801330566,uwjy7cji
503909,2.3056812286376953,uwjy7cji
504148,2.285708427429199,uwjy7cji
505082,2.316023588180542,uwjy7cji
506603,2.2960500717163086,uwjy7cji
508450,2.3023366928100586,uwjy7cji
510166,2.3209879398345947,uwjy7cji
510288,2.316728115081787,uwjy7cji
510897,2.301121711730957,uwjy7cji
511226,2.309340000152588,uwjy7cji
511715,2.296360731124878,uwjy7cji
514025,2.3046984672546387,uwjy7cji
514524,2.3104758262634277,uwjy7cji
514799,2.295095682144165,uwjy7cji
515469,2.2925562858581543,uwjy7cji
516247,2.297475576400757,uwjy7cji
516549,2.3107948303222656,uwjy7cji
517460,2.309025287628174,uwjy7cji
517577,2.3127639293670654,uwjy7cji
518098,2.2865049839019775,uwjy7cji
518984,2.2951109409332275,uwjy7cji
519330,2.3071141242980957,uwjy7cji
519868,2.3148794174194336,uwjy7cji
521968,2.3198585510253906,uwjy7cji
522862,2.302778720855713,uwjy7cji
523170,2.3037056922912598,uwjy7cji
523728,2.2988338470458984,uwjy7cji
525915,2.2944812774658203,uwjy7cji
526300,2.302053213119507,uwjy7cji
526874,2.3002665042877197,uwjy7cji
527329,2.2931644916534424,uwjy7cji
527579,2.296264171600342,uwjy7cji
527963,2.307851791381836,uwjy7cji
528389,2.3029401302337646,uwjy7cji
528661,2.2910444736480713,uwjy7cji
529383,2.2744295597076416,uwjy7cji
529768,2.305180788040161,uwjy7cji
530801,2.278369903564453,uwjy7cji
531426,2.3185980319976807,uwjy7cji
532038,2.3050692081451416,uwjy7cji
533064,2.3183794021606445,uwjy7cji
533207,2.3091135025024414,uwjy7cji
533957,2.2956202030181885,uwjy7cji
535298,2.287569046020508,uwjy7cji
536166,2.2955081462860107,uwjy7cji
536591,2.299818277359009,uwjy7cji
537608,2.2923061847686768,uwjy7cji
538133,2.3075826168060303,uwjy7cji
538842,2.3199338912963867,uwjy7cji
539107,2.304375171661377,uwjy7cji
539334,2.283719301223755,uwjy7cji
539543,2.2977583408355713,uwjy7cji
540108,2.2853453159332275,uwjy7cji
540422,2.296020984649658,uwjy7cji
541440,2.30552077293396,uwjy7cji
541607,2.290550708770752,uwjy7cji
541785,2.293707847595215,uwjy7cji
541903,2.311367988586426,uwjy7cji
542184,2.3029732704162598,uwjy7cji
543749,2.3255844116210938,uwjy7cji
544484,2.301175117492676,uwjy7cji
545437,2.3038456439971924,uwjy7cji
546233,2.2971043586730957,uwjy7cji
547816,2.296066999435425,uwjy7cji
548608,2.2981934547424316,uwjy7cji
549590,2.2970316410064697,uwjy7cji
550252,2.2916855812072754,uwjy7cji
550841,2.2839834690093994,uwjy7cji
551408,2.2949860095977783,uwjy7cji
552148,2.317523717880249,uwjy7cji
553060,2.2873826026916504,uwjy7cji
556461,2.2882120609283447,uwjy7cji
557137,2.293670177459717,uwjy7cji
557925,2.3085198402404785,uwjy7cji
558532,2.302762985229492,uwjy7cji
558923,2.289041042327881,uwjy7cji
559477,2.3133177757263184,uwjy7cji
559653,2.2928619384765625,uwjy7cji
559903,2.3269810676574707,uwjy7cji
560984,2.3074371814727783,uwjy7cji
561101,2.286116600036621,uwjy7cji
561192,2.2842819690704346,uwjy7cji
562103,2.2931292057037354,uwjy7cji
562379,2.2826831340789795,uwjy7cji
562574,2.2931478023529053,uwjy7cji
563147,2.3001067638397217,uwjy7cji
564216,2.3008363246917725,uwjy7cji
564732,2.295360803604126,uwjy7cji
564823,2.2903480529785156,uwjy7cji
565104,2.304006814956665,uwjy7cji
565773,2.2905631065368652,uwjy7cji
567146,2.2810161113739014,uwjy7cji
567751,2.3061869144439697,uwjy7cji
567966,2.2899913787841797,uwjy7cji
568483,2.2691800594329834,uwjy7cji
568749,2.286781072616577,uwjy7cji
571387,2.2728636264801025,uwjy7cji
572316,2.299192190170288,uwjy7cji
573345,2.292740821838379,uwjy7cji
573577,2.29516863822937,uwjy7cji
574705,2.308377265930176,uwjy7cji
575261,2.3072566986083984,uwjy7cji
575948,2.301290988922119,uwjy7cji
576124,2.2940409183502197,uwjy7cji
576220,2.2897818088531494,uwjy7cji
577062,2.2824926376342773,uwjy7cji
577951,2.2741594314575195,uwjy7cji
578134,2.290281295776367,uwjy7cji
578332,2.2933459281921387,uwjy7cji
578848,2.2978649139404297,uwjy7cji
579674,2.2754642963409424,uwjy7cji
581641,2.2931439876556396,uwjy7cji
582105,2.3125455379486084,uwjy7cji
582456,2.26399564743042,uwjy7cji
583845,2.2867305278778076,uwjy7cji
584545,2.3061599731445312,uwjy7cji
584880,2.2988898754119873,uwjy7cji
586238,2.2757182121276855,uwjy7cji
586330,2.280092716217041,uwjy7cji
587077,2.287055730819702,uwjy7cji
587860,2.290151596069336,uwjy7cji
587989,2.290501356124878,uwjy7cji
588690,2.2968835830688477,uwjy7cji
590105,2.2808899879455566,uwjy7cji
590417,2.3006019592285156,uwjy7cji
591611,2.300079822540283,uwjy7cji
594052,2.26986026763916,uwjy7cji
595718,2.268111228942871,uwjy7cji
596913,2.2839112281799316,uwjy7cji
597470,2.269056797027588,uwjy7cji
598121,2.282564401626587,uwjy7cji
598441,2.289381980895996,uwjy7cji
599715,2.282853126525879,uwjy7cji
600819,2.287158966064453,uwjy7cji
602979,2.2872114181518555,uwjy7cji
603221,2.3064565658569336,uwjy7cji
603821,2.2867257595062256,uwjy7cji
604124,2.2866463661193848,uwjy7cji
606219,2.2940220832824707,uwjy7cji
606557,2.3033928871154785,uwjy7cji
607550,2.284284830093384,uwjy7cji
607933,2.284183979034424,uwjy7cji
608848,2.298996686935425,uwjy7cji
610159,2.2916643619537354,uwjy7cji
610948,2.301389455795288,uwjy7cji
611184,2.2804839611053467,uwjy7cji
611757,2.28568696975708,uwjy7cji
612391,2.2871296405792236,uwjy7cji
612476,2.2794382572174072,uwjy7cji
612553,2.2992746829986572,uwjy7cji
613373,2.279238224029541,uwjy7cji
613587,2.2772841453552246,uwjy7cji
613726,2.2655913829803467,uwjy7cji
614247,2.2692067623138428,uwjy7cji
614850,2.279346227645874,uwjy7cji
616091,2.2698986530303955,uwjy7cji
616521,2.281857967376709,uwjy7cji
617337,2.2750470638275146,uwjy7cji
618459,2.2731447219848633,uwjy7cji
618963,2.2898569107055664,uwjy7cji
619609,2.2910208702087402,uwjy7cji
620172,2.302354335784912,uwjy7cji
620612,2.2908596992492676,uwjy7cji
622745,2.2888505458831787,uwjy7cji
623397,2.297755718231201,uwjy7cji
624336,2.298881769180298,uwjy7cji
624909,2.2873873710632324,uwjy7cji
625424,2.2793121337890625,uwjy7cji
625783,2.3107857704162598,uwjy7cji
626642,2.2751731872558594,uwjy7cji
626886,2.27547025680542,uwjy7cji
627698,2.2923672199249268,uwjy7cji
628128,2.2900876998901367,uwjy7cji
629397,2.295504331588745,uwjy7cji
629811,2.286001682281494,uwjy7cji
630119,2.2928731441497803,uwjy7cji
630642,2.2924416065216064,uwjy7cji
631192,2.272109270095825,uwjy7cji
631716,2.2674224376678467,uwjy7cji
632692,2.2791619300842285,uwjy7cji
632875,2.277806282043457,uwjy7cji
634474,2.270451545715332,uwjy7cji
635166,2.2841455936431885,uwjy7cji
635521,2.2601523399353027,uwjy7cji
635585,2.299347400665283,uwjy7cji
637222,2.270383834838867,uwjy7cji
637865,2.2774393558502197,uwjy7cji
639022,2.290076494216919,uwjy7cji
640135,2.2814018726348877,uwjy7cji
640678,2.2642698287963867,uwjy7cji
641380,2.2824833393096924,uwjy7cji
641636,2.272850751876831,uwjy7cji
642150,2.271940231323242,uwjy7cji
642964,2.2761130332946777,uwjy7cji
643191,2.2967584133148193,uwjy7cji
643868,2.2774083614349365,uwjy7cji
644275,2.296093702316284,uwjy7cji
645822,2.273397207260132,uwjy7cji
646034,2.284743070602417,uwjy7cji
646313,2.288562774658203,uwjy7cji
646794,2.289862871170044,uwjy7cji
647363,2.2781968116760254,uwjy7cji
648378,2.264336585998535,uwjy7cji
649387,2.2751824855804443,uwjy7cji
649528,2.274425983428955,uwjy7cji
649759,2.2602198123931885,uwjy7cji
651523,2.288259983062744,uwjy7cji
653239,2.270235776901245,uwjy7cji
653863,2.278008460998535,uwjy7cji
654670,2.2791056632995605,uwjy7cji
655314,2.2557735443115234,uwjy7cji
655447,2.2740533351898193,uwjy7cji
656292,2.275787830352783,uwjy7cji
657268,2.2883903980255127,uwjy7cji
658921,2.3028433322906494,uwjy7cji
659529,2.2690258026123047,uwjy7cji
659909,2.3121349811553955,uwjy7cji
660712,2.2756450176239014,uwjy7cji
663361,2.2556684017181396,uwjy7cji
664375,2.2715020179748535,uwjy7cji
664487,2.2535805702209473,uwjy7cji
665742,2.263766050338745,uwjy7cji
666513,2.2781217098236084,uwjy7cji
667224,2.282425880432129,uwjy7cji
667574,2.272935152053833,uwjy7cji
668369,2.2642171382904053,uwjy7cji
668541,2.2633485794067383,uwjy7cji
670067,2.262608289718628,uwjy7cji
670783,2.285252571105957,uwjy7cji
671205,2.277803897857666,uwjy7cji
672402,2.2765564918518066,uwjy7cji
672782,2.274184226989746,uwjy7cji
673637,2.254225492477417,uwjy7cji
674542,2.282407522201538,uwjy7cji
675278,2.259896993637085,uwjy7cji
676116,2.244213581085205,uwjy7cji
677149,2.2576441764831543,uwjy7cji
678605,2.2894046306610107,uwjy7cji
679633,2.26334547996521,uwjy7cji
679961,2.260376453399658,uwjy7cji
680284,2.259721040725708,uwjy7cji
682308,2.277771234512329,uwjy7cji
682769,2.2735884189605713,uwjy7cji
683114,2.2783353328704834,uwjy7cji
683577,2.2744665145874023,uwjy7cji
683906,2.279625177383423,uwjy7cji
684383,2.2972326278686523,uwjy7cji
685517,2.2854130268096924,uwjy7cji
685757,2.2780959606170654,uwjy7cji
686534,2.255767583847046,uwjy7cji
687182,2.2677834033966064,uwjy7cji
687569,2.29777193069458,uwjy7cji
687860,2.285154342651367,uwjy7cji
688039,2.2757723331451416,uwjy7cji
688964,2.2671639919281006,uwjy7cji
689501,2.2702462673187256,uwjy7cji
690186,2.286146640777588,uwjy7cji
690311,2.283479690551758,uwjy7cji
690625,2.2794430255889893,uwjy7cji
692481,2.2730965614318848,uwjy7cji
693026,2.286149501800537,uwjy7cji
693359,2.268685817718506,uwjy7cji
693456,2.2654311656951904,uwjy7cji
694534,2.2582054138183594,uwjy7cji
695653,2.276324510574341,uwjy7cji
697424,2.2581710815429688,uwjy7cji
697545,2.275031805038452,uwjy7cji
698235,2.255596399307251,uwjy7cji
699074,2.2694990634918213,uwjy7cji
699740,2.280769109725952,uwjy7cji
701087,2.2753663063049316,uwjy7cji
701968,2.26581072807312,uwjy7cji
702414,2.2836735248565674,uwjy7cji
702943,2.265467643737793,uwjy7cji
703927,2.2795417308807373,uwjy7cji
704002,2.2896223068237305,uwjy7cji
704344,2.261350154876709,uwjy7cji
704461,2.287879228591919,uwjy7cji
706015,2.2573583126068115,uwjy7cji
706477,2.262619733810425,uwjy7cji
706965,2.2687695026397705,uwjy7cji
707370,2.274970054626465,uwjy7cji
707843,2.265953302383423,uwjy7cji
707999,2.2936325073242188,uwjy7cji
708659,2.2698028087615967,uwjy7cji
711412,2.272517204284668,uwjy7cji
712254,2.2653298377990723,uwjy7cji
712674,2.2773313522338867,uwjy7cji
713156,2.254190683364868,uwjy7cji
713985,2.2600691318511963,uwjy7cji
714159,2.2746498584747314,uwjy7cji
714344,2.2535452842712402,uwjy7cji
715070,2.2621090412139893,uwjy7cji
716210,2.2702510356903076,uwjy7cji
717061,2.269409656524658,uwjy7cji
717764,2.2494523525238037,uwjy7cji
718213,2.2710490226745605,uwjy7cji
719591,2.29333758354187,uwjy7cji
720378,2.254248857498169,uwjy7cji
720761,2.2539381980895996,uwjy7cji
721247,2.2466678619384766,uwjy7cji
721467,2.274453639984131,uwjy7cji
722172,2.2777533531188965,uwjy7cji
722490,2.2657811641693115,uwjy7cji
723808,2.2422120571136475,uwjy7cji
724452,2.273665189743042,uwjy7cji
725243,2.2501490116119385,uwjy7cji
725835,2.2633538246154785,uwjy7cji
727019,2.2658886909484863,uwjy7cji
727425,2.261359453201294,uwjy7cji
728524,2.2813820838928223,uwjy7cji
729077,2.266498565673828,uwjy7cji
729253,2.271951198577881,uwjy7cji
729582,2.2583489418029785,uwjy7cji
731528,2.273158073425293,uwjy7cji
731881,2.2792019844055176,uwjy7cji
732258,2.2568840980529785,uwjy7cji
732533,2.2608160972595215,uwjy7cji
733683,2.274336814880371,uwjy7cji
735144,2.2686619758605957,uwjy7cji
735626,2.265460968017578,uwjy7cji
735759,2.265908718109131,uwjy7cji
736029,2.2548441886901855,uwjy7cji
736601,2.255882740020752,uwjy7cji
737001,2.2529988288879395,uwjy7cji
737458,2.28072452545166,uwjy7cji
739072,2.259443998336792,uwjy7cji
739159,2.260225534439087,uwjy7cji
740370,2.257697582244873,uwjy7cji
740817,2.2612223625183105,uwjy7cji
741433,2.2566089630126953,uwjy7cji
741615,2.2547338008880615,uwjy7cji
742415,2.2489542961120605,uwjy7cji
743412,2.2786262035369873,uwjy7cji
743806,2.261279821395874,uwjy7cji
744467,2.2406275272369385,uwjy7cji
745004,2.2436015605926514,uwjy7cji
745453,2.2683823108673096,uwjy7cji
746149,2.262273073196411,uwjy7cji
746601,2.252692699432373,uwjy7cji
747342,2.2487411499023438,uwjy7cji
748189,2.2654502391815186,uwjy7cji
750693,2.2656643390655518,uwjy7cji
752337,2.2698991298675537,uwjy7cji
752926,2.2564032077789307,uwjy7cji
753423,2.2570149898529053,uwjy7cji
755593,2.284390687942505,uwjy7cji
756665,2.2735846042633057,uwjy7cji
757674,2.2547504901885986,uwjy7cji
758919,2.2563719749450684,uwjy7cji
759082,2.259291887283325,uwjy7cji
759361,2.2594363689422607,uwjy7cji
760549,2.2590115070343018,uwjy7cji
761351,2.252826452255249,uwjy7cji
762231,2.273059606552124,uwjy7cji
763176,2.2520833015441895,uwjy7cji
763771,2.2555654048919678,uwjy7cji
764078,2.2508809566497803,uwjy7cji
764596,2.268963098526001,uwjy7cji
765007,2.2496821880340576,uwjy7cji
765975,2.2537295818328857,uwjy7cji
769244,2.267739772796631,uwjy7cji
769778,2.259235143661499,uwjy7cji
771894,2.265026807785034,uwjy7cji
772592,2.253659248352051,uwjy7cji
773219,2.253051996231079,uwjy7cji
773553,2.243091583251953,uwjy7cji
774319,2.234449625015259,uwjy7cji
774876,2.262554883956909,uwjy7cji
775185,2.246950149536133,uwjy7cji
775529,2.258547306060791,uwjy7cji
776128,2.241689920425415,uwjy7cji
776418,2.2688345909118652,uwjy7cji
777228,2.2660281658172607,uwjy7cji
777602,2.2425947189331055,uwjy7cji
778060,2.2483394145965576,uwjy7cji
778855,2.2415285110473633,uwjy7cji
779455,2.2544713020324707,uwjy7cji
779672,2.2542731761932373,uwjy7cji
781050,2.2492189407348633,uwjy7cji
781192,2.2509050369262695,uwjy7cji
781554,2.2534172534942627,uwjy7cji
782118,2.260347366333008,uwjy7cji
782516,2.2575674057006836,uwjy7cji
782680,2.247936964035034,uwjy7cji
783546,2.256247043609619,uwjy7cji
784949,2.260465145111084,uwjy7cji
785338,2.25557279586792,uwjy7cji
785888,2.262025833129883,uwjy7cji
786206,2.226539134979248,uwjy7cji
786354,2.255526065826416,uwjy7cji
786761,2.2558507919311523,uwjy7cji
788490,2.244166374206543,uwjy7cji
788655,2.248596668243408,uwjy7cji
788920,2.2549288272857666,uwjy7cji
789405,2.255483865737915,uwjy7cji
789888,2.24043869972229,uwjy7cji
790277,2.2329788208007812,uwjy7cji
791020,2.256427049636841,uwjy7cji
791281,2.2559640407562256,uwjy7cji
792670,2.211909770965576,uwjy7cji
793054,2.252096176147461,uwjy7cji
793351,2.2584381103515625,uwjy7cji
793882,2.236358642578125,uwjy7cji
794282,2.2384982109069824,uwjy7cji
794360,2.2622711658477783,uwjy7cji
794957,2.2700154781341553,uwjy7cji
795761,2.2382314205169678,uwjy7cji
796269,2.2532663345336914,uwjy7cji
797059,2.249295473098755,uwjy7cji
797240,2.2393248081207275,uwjy7cji
798644,2.250025749206543,uwjy7cji
799074,2.2601892948150635,uwjy7cji
799243,2.2427821159362793,uwjy7cji
799478,2.2481279373168945,uwjy7cji
800249,2.237309455871582,uwjy7cji
800891,2.262150764465332,uwjy7cji
801742,2.2483603954315186,uwjy7cji
802172,2.2388126850128174,uwjy7cji
802565,2.256028413772583,uwjy7cji
802814,2.2644145488739014,uwjy7cji
802892,2.2459793090820312,uwjy7cji
803151,2.2523937225341797,uwjy7cji
803347,2.255012273788452,uwjy7cji
804817,2.2409121990203857,uwjy7cji
805449,2.261223077774048,uwjy7cji
805788,2.2465522289276123,uwjy7cji
806499,2.257612466812134,uwjy7cji
807047,2.2377350330352783,uwjy7cji
807390,2.2371344566345215,uwjy7cji
808463,2.2588703632354736,uwjy7cji
809050,2.229801893234253,uwjy7cji
809698,2.2823474407196045,uwjy7cji
809945,2.252612352371216,uwjy7cji
810896,2.245373487472534,uwjy7cji
811151,2.2334678173065186,uwjy7cji
811641,2.2426810264587402,uwjy7cji
812310,2.2902488708496094,uwjy7cji
813076,2.244739532470703,uwjy7cji
813961,2.2537662982940674,uwjy7cji
814400,2.2555081844329834,uwjy7cji
815088,2.25761079788208,uwjy7cji
815440,2.246558666229248,uwjy7cji
815648,2.243269681930542,uwjy7cji
815867,2.2456467151641846,uwjy7cji
816023,2.2460782527923584,uwjy7cji
816332,2.236483573913574,uwjy7cji
817021,2.206160068511963,uwjy7cji
818182,2.2551791667938232,uwjy7cji
819073,2.249671220779419,uwjy7cji
819728,2.2538654804229736,uwjy7cji
820523,2.2464606761932373,uwjy7cji
820930,2.263334274291992,uwjy7cji
821448,2.2485146522521973,uwjy7cji
821682,2.243011713027954,uwjy7cji
822201,2.24906849861145,uwjy7cji
822631,2.2623016834259033,uwjy7cji
824131,2.2485904693603516,uwjy7cji
824435,2.2444701194763184,uwjy7cji
824857,2.2461605072021484,uwjy7cji
825280,2.2649896144866943,uwjy7cji
827123,2.2502219676971436,uwjy7cji
828239,2.243030309677124,uwjy7cji
828673,2.2391600608825684,uwjy7cji
829917,2.249180793762207,uwjy7cji
830618,2.2287609577178955,uwjy7cji
831364,2.244438409805298,uwjy7cji
831713,2.2551586627960205,uwjy7cji
832694,2.251173734664917,uwjy7cji
834490,2.2440762519836426,uwjy7cji
835910,2.248617172241211,uwjy7cji
837090,2.2376294136047363,uwjy7cji
837805,2.2262046337127686,uwjy7cji
838208,2.246530055999756,uwjy7cji
838764,2.2468278408050537,uwjy7cji
839302,2.2395946979522705,uwjy7cji
839666,2.2593021392822266,uwjy7cji
840529,2.236071825027466,uwjy7cji
840796,2.2284200191497803,uwjy7cji
841297,2.2376339435577393,uwjy7cji
841545,2.2426164150238037,uwjy7cji
842543,2.235567331314087,uwjy7cji
842848,2.238297939300537,uwjy7cji
843387,2.2497918605804443,uwjy7cji
843919,2.240570545196533,uwjy7cji
844702,2.230160713195801,uwjy7cji
846316,2.249265432357788,uwjy7cji
846553,2.24491024017334,uwjy7cji
846855,2.2578935623168945,uwjy7cji
848659,2.2374987602233887,uwjy7cji
849407,2.2388107776641846,uwjy7cji
851130,2.2384932041168213,uwjy7cji
852091,2.245692729949951,uwjy7cji
852721,2.242495059967041,uwjy7cji
853315,2.25199294090271,uwjy7cji
854560,2.253002643585205,uwjy7cji
854653,2.234741687774658,uwjy7cji
855109,2.242053270339966,uwjy7cji
855912,2.2628936767578125,uwjy7cji
856796,2.2461376190185547,uwjy7cji
857490,2.2690536975860596,uwjy7cji
858449,2.2376954555511475,uwjy7cji
858796,2.2379355430603027,uwjy7cji
859954,2.244412660598755,uwjy7cji
860501,2.2311019897460938,uwjy7cji
860952,2.243600845336914,uwjy7cji
861272,2.252440929412842,uwjy7cji
861838,2.2523529529571533,uwjy7cji
862257,2.2467710971832275,uwjy7cji
863106,2.2475311756134033,uwjy7cji
863883,2.2220189571380615,uwjy7cji
864198,2.249990224838257,uwjy7cji
864830,2.243849754333496,uwjy7cji
866511,2.2274999618530273,uwjy7cji
867767,2.2430293560028076,uwjy7cji
868441,2.2384555339813232,uwjy7cji
868800,2.2388341426849365,uwjy7cji
869658,2.2423624992370605,uwjy7cji
870399,2.234506607055664,uwjy7cji
870986,2.2269651889801025,uwjy7cji
871676,2.2325243949890137,uwjy7cji
872472,2.2245423793792725,uwjy7cji
873187,2.2359533309936523,uwjy7cji
876519,2.2428717613220215,uwjy7cji
876732,2.2448832988739014,uwjy7cji
877389,2.244034767150879,uwjy7cji
878616,2.2458598613739014,uwjy7cji
879038,2.2333459854125977,uwjy7cji
879431,2.2536425590515137,uwjy7cji
880787,2.2301647663116455,uwjy7cji
880985,2.2292556762695312,uwjy7cji
881216,2.238210678100586,uwjy7cji
882216,2.237316846847534,uwjy7cji
883169,2.2230303287506104,uwjy7cji
884534,2.231513261795044,uwjy7cji
884774,2.2496511936187744,uwjy7cji
885512,2.215750217437744,uwjy7cji
886020,2.2159461975097656,uwjy7cji
887430,2.226674795150757,uwjy7cji
888881,2.2423593997955322,uwjy7cji
889419,2.2570300102233887,uwjy7cji
890474,2.2283735275268555,uwjy7cji
891323,2.2140300273895264,uwjy7cji
891382,2.2381949424743652,uwjy7cji
892192,2.236379623413086,uwjy7cji
892268,2.226593255996704,uwjy7cji
893004,2.2321417331695557,uwjy7cji
893451,2.2335495948791504,uwjy7cji
894387,2.239360809326172,uwjy7cji
894957,2.2347795963287354,uwjy7cji
895842,2.232329845428467,uwjy7cji
896389,2.2289209365844727,uwjy7cji
896952,2.248074769973755,uwjy7cji
897996,2.2154757976531982,uwjy7cji
898999,2.223923683166504,uwjy7cji
899433,2.206249475479126,uwjy7cji
899604,2.2265818119049072,uwjy7cji
900289,2.2276358604431152,uwjy7cji
900822,2.2421131134033203,uwjy7cji
901269,2.2388956546783447,uwjy7cji
901554,2.2423453330993652,uwjy7cji
902368,2.2084195613861084,uwjy7cji
902717,2.2382864952087402,uwjy7cji
903617,2.258995771408081,uwjy7cji
903871,2.2268929481506348,uwjy7cji
904214,2.2069334983825684,uwjy7cji
904499,2.2241806983947754,uwjy7cji
904822,2.258931875228882,uwjy7cji
905101,2.2363452911376953,uwjy7cji
906770,2.2181782722473145,uwjy7cji
907723,2.23163104057312,uwjy7cji
908033,2.2394213676452637,uwjy7cji
908326,2.2168915271759033,uwjy7cji
908549,2.2188363075256348,uwjy7cji
908580,2.2284770011901855,uwjy7cji
909552,2.2201039791107178,uwjy7cji
909746,2.232012987136841,uwjy7cji
911101,2.2359588146209717,uwjy7cji
911568,2.231935977935791,uwjy7cji
913151,2.2008938789367676,uwjy7cji
913329,2.222491502761841,uwjy7cji
914046,2.2148256301879883,uwjy7cji
914627,2.23289155960083,uwjy7cji
915442,2.231456995010376,uwjy7cji
917392,2.228292465209961,uwjy7cji
917648,2.227468490600586,uwjy7cji
918592,2.2021827697753906,uwjy7cji
919548,2.2316439151763916,uwjy7cji
919854,2.2274489402770996,uwjy7cji
920388,2.241760492324829,uwjy7cji
921155,2.2292635440826416,uwjy7cji
921702,2.2494547367095947,uwjy7cji
922229,2.235612392425537,uwjy7cji
923061,2.2312710285186768,uwjy7cji
923458,2.24396014213562,uwjy7cji
924113,2.2238593101501465,uwjy7cji
924893,2.2040886878967285,uwjy7cji
925329,2.2297208309173584,uwjy7cji
926161,2.2540831565856934,uwjy7cji
926717,2.2203152179718018,uwjy7cji
928061,2.213102340698242,uwjy7cji
928344,2.2228615283966064,uwjy7cji
