_step,train/CrossEntropyLoss,_segment
928648,1.9400699138641357,7xkf4smi
928648,1.9517080783843994,ims1w5bt
928648,1.902758002281189,m9lacg4r
928665,1.840712308883667,7xkf4smi
928665,1.7900099754333496,ims1w5bt
928665,1.798757791519165,m9lacg4r
928677,1.7852544784545898,7xkf4smi
928677,1.7849059104919434,ims1w5bt
928677,1.804601788520813,m9lacg4r
928694,1.770491361618042,7xkf4smi
928694,1.764051079750061,ims1w5bt
928694,1.7905100584030151,m9lacg4r
928700,1.739388346672058,7xkf4smi
928700,1.7688132524490356,ims1w5bt
928700,1.788991928100586,m9lacg4r
928701,1.7881356477737427,7xkf4smi
928701,1.7699249982833862,ims1w5bt
928701,1.7554928064346313,m9lacg4r
928702,1.7671595811843872,7xkf4smi
928702,1.7548474073410034,ims1w5bt
928702,1.7776881456375122,m9lacg4r
928707,1.7128757238388062,7xkf4smi
928707,1.774021863937378,ims1w5bt
928707,1.7767629623413086,m9lacg4r
928709,1.7609294652938843,7xkf4smi
928709,1.7554322481155396,ims1w5bt
928709,1.7641538381576538,m9lacg4r
928720,1.7626867294311523,7xkf4smi
928720,1.76504647731781,ims1w5bt
928720,1.725979208946228,m9lacg4r
928728,1.7373144626617432,7xkf4smi
928728,1.7200989723205566,ims1w5bt
928728,1.7318594455718994,m9lacg4r
928734,1.7638310194015503,7xkf4smi
928734,1.735846757888794,ims1w5bt
928734,1.7501916885375977,m9lacg4r
928742,1.785706877708435,7xkf4smi
928742,1.7405632734298706,ims1w5bt
928742,1.7262513637542725,m9lacg4r
928763,1.7463665008544922,7xkf4smi
928763,1.7290552854537964,ims1w5bt
928763,1.7482720613479614,m9lacg4r
928768,1.7272157669067383,7xkf4smi
928768,1.7395304441452026,ims1w5bt
928768,1.745881199836731,m9lacg4r
928776,1.736389398574829,7xkf4smi
928776,1.7348452806472778,ims1w5bt
928776,1.7212846279144287,m9lacg4r
928777,1.7408372163772583,7xkf4smi
928777,1.7490190267562866,ims1w5bt
928777,1.738516926765442,m9lacg4r
928798,1.723976731300354,7xkf4smi
928798,1.7149475812911987,ims1w5bt
928798,1.7398247718811035,m9lacg4r
928806,1.7578381299972534,7xkf4smi
928806,1.7021982669830322,ims1w5bt
928806,1.7555638551712036,m9lacg4r
928809,1.7035161256790161,7xkf4smi
928809,1.7247517108917236,ims1w5bt
928809,1.7386006116867065,m9lacg4r
928823,1.7134661674499512,7xkf4smi
928823,1.7741655111312866,ims1w5bt
928823,1.735443115234375,m9lacg4r
928828,1.753482699394226,7xkf4smi
928828,1.719378113746643,ims1w5bt
928828,1.7654606103897095,m9lacg4r
928830,1.7210973501205444,7xkf4smi
928830,1.7304513454437256,ims1w5bt
928830,1.7250295877456665,m9lacg4r
928831,1.7137459516525269,7xkf4smi
928831,1.7221565246582031,ims1w5bt
928831,1.7174428701400757,m9lacg4r
928835,1.6775076389312744,7xkf4smi
928835,1.7350322008132935,ims1w5bt
928835,1.7388637065887451,m9lacg4r
928842,1.7206454277038574,7xkf4smi
928842,1.7053375244140625,ims1w5bt
928842,1.7209128141403198,m9lacg4r
928846,1.6993337869644165,7xkf4smi
928846,1.7147504091262817,ims1w5bt
928846,1.7667982578277588,m9lacg4r
928870,1.7016030550003052,7xkf4smi
928870,1.7158122062683105,ims1w5bt
928870,1.7217086553573608,m9lacg4r
928874,1.7131710052490234,7xkf4smi
928874,1.7131285667419434,ims1w5bt
928874,1.7143754959106445,m9lacg4r
928904,1.6955294609069824,7xkf4smi
928904,1.6868332624435425,ims1w5bt
928904,1.709596037864685,m9lacg4r
928908,1.7229554653167725,7xkf4smi
928908,1.7392939329147339,ims1w5bt
928908,1.6876304149627686,m9lacg4r
928909,1.6975946426391602,7xkf4smi
928909,1.7204126119613647,ims1w5bt
928909,1.7589960098266602,m9lacg4r
928916,1.7443468570709229,7xkf4smi
928916,1.7029154300689697,ims1w5bt
928916,1.6852167844772339,m9lacg4r
928920,1.709368348121643,7xkf4smi
928920,1.6632835865020752,ims1w5bt
928920,1.7120466232299805,m9lacg4r
928921,1.7103266716003418,7xkf4smi
928921,1.6776704788208008,ims1w5bt
928921,1.6838082075119019,m9lacg4r
928926,1.7405970096588135,7xkf4smi
928926,1.6868462562561035,ims1w5bt
928926,1.6926357746124268,m9lacg4r
928928,1.6907119750976562,7xkf4smi
928928,1.6963779926300049,ims1w5bt
928928,1.7258515357971191,m9lacg4r
928930,1.712367057800293,7xkf4smi
928930,1.7110275030136108,ims1w5bt
928930,1.7174851894378662,m9lacg4r
928937,1.736886739730835,7xkf4smi
928937,1.7222448587417603,ims1w5bt
928937,1.7049633264541626,m9lacg4r
928941,1.694213628768921,7xkf4smi
928941,1.6983214616775513,ims1w5bt
928941,1.6860151290893555,m9lacg4r
928949,1.7298471927642822,7xkf4smi
928949,1.739536166191101,ims1w5bt
928949,1.702907919883728,m9lacg4r
928960,1.6665139198303223,7xkf4smi
928960,1.722399115562439,ims1w5bt
928960,1.6654711961746216,m9lacg4r
928963,1.7031924724578857,7xkf4smi
928963,1.6776328086853027,ims1w5bt
928963,1.6708775758743286,m9lacg4r
928968,1.7494499683380127,7xkf4smi
928968,1.7225074768066406,ims1w5bt
928968,1.702067494392395,m9lacg4r
928969,1.7214411497116089,7xkf4smi
928969,1.6623735427856445,ims1w5bt
928969,1.7387899160385132,m9lacg4r
928977,1.7091554403305054,7xkf4smi
928977,1.7137120962142944,ims1w5bt
928977,1.6766893863677979,m9lacg4r
928978,1.7032594680786133,7xkf4smi
928978,1.7204896211624146,ims1w5bt
928978,1.678506851196289,m9lacg4r
928990,1.7029293775558472,7xkf4smi
928990,1.7248631715774536,ims1w5bt
928990,1.7213304042816162,m9lacg4r
928999,1.669805645942688,7xkf4smi
928999,1.7059916257858276,ims1w5bt
928999,1.7105284929275513,m9lacg4r
929007,1.7140614986419678,7xkf4smi
929007,1.665728211402893,ims1w5bt
929007,1.6779065132141113,m9lacg4r
929017,1.7079721689224243,7xkf4smi
929017,1.7133500576019287,ims1w5bt
929017,1.6917222738265991,m9lacg4r
929024,1.6796557903289795,7xkf4smi
929024,1.6782119274139404,ims1w5bt
929024,1.6742961406707764,m9lacg4r
929043,1.674908995628357,7xkf4smi
929043,1.6831533908843994,ims1w5bt
929043,1.7268723249435425,m9lacg4r
929052,1.7115575075149536,7xkf4smi
929052,1.7185313701629639,ims1w5bt
929052,1.6962515115737915,m9lacg4r
929071,1.69813072681427,7xkf4smi
929071,1.682311773300171,ims1w5bt
929071,1.6776217222213745,m9lacg4r
929075,1.681816577911377,7xkf4smi
929075,1.6895047426223755,ims1w5bt
929075,1.6849002838134766,m9lacg4r
929076,1.6824465990066528,7xkf4smi
929076,1.6773650646209717,ims1w5bt
929076,1.6974390745162964,m9lacg4r
929091,1.6553051471710205,7xkf4smi
929091,1.7388025522232056,ims1w5bt
929091,1.6624205112457275,m9lacg4r
929092,1.6903036832809448,7xkf4smi
929092,1.6887996196746826,ims1w5bt
929092,1.688930869102478,m9lacg4r
929115,1.6528441905975342,7xkf4smi
929115,1.728610634803772,ims1w5bt
929115,1.7065892219543457,m9lacg4r
929126,1.6856355667114258,7xkf4smi
929126,1.6508336067199707,ims1w5bt
929126,1.7015563249588013,m9lacg4r
929137,1.6445380449295044,7xkf4smi
929137,1.7147042751312256,ims1w5bt
929137,1.6957833766937256,m9lacg4r
929139,1.679112434387207,7xkf4smi
929139,1.6982520818710327,ims1w5bt
929139,1.7045847177505493,m9lacg4r
929148,1.6927307844161987,7xkf4smi
929148,1.696964979171753,ims1w5bt
929148,1.6875230073928833,m9lacg4r
929165,1.6801397800445557,7xkf4smi
929165,1.6790908575057983,ims1w5bt
929165,1.712002158164978,m9lacg4r
929170,1.7040188312530518,7xkf4smi
929170,1.701937198638916,ims1w5bt
929170,1.7106428146362305,m9lacg4r
929185,1.673680067062378,7xkf4smi
929185,1.6885881423950195,ims1w5bt
929185,1.704697608947754,m9lacg4r
929188,1.6769603490829468,7xkf4smi
929188,1.6881340742111206,ims1w5bt
929188,1.6820358037948608,m9lacg4r
929192,1.686460018157959,7xkf4smi
929192,1.6750240325927734,ims1w5bt
929192,1.6792681217193604,m9lacg4r
929194,1.708748459815979,7xkf4smi
929194,1.6529461145401,ims1w5bt
929194,1.6685749292373657,m9lacg4r
929211,1.7191897630691528,7xkf4smi
929211,1.6677253246307373,ims1w5bt
929211,1.6937644481658936,m9lacg4r
929217,1.677179217338562,7xkf4smi
929217,1.6864769458770752,ims1w5bt
929217,1.680467128753662,m9lacg4r
929258,1.667761206626892,7xkf4smi
929258,1.662072777748108,ims1w5bt
929258,1.6990855932235718,m9lacg4r
929260,1.6561914682388306,7xkf4smi
929260,1.6687732934951782,ims1w5bt
929260,1.7015529870986938,m9lacg4r
929264,1.6797959804534912,7xkf4smi
929264,1.697007656097412,ims1w5bt
929264,1.6943225860595703,m9lacg4r
929269,1.6709774732589722,7xkf4smi
929269,1.7063913345336914,ims1w5bt
929269,1.6829699277877808,m9lacg4r
929272,1.6595518589019775,7xkf4smi
929272,1.6918009519577026,ims1w5bt
929272,1.708516240119934,m9lacg4r
929284,1.6785142421722412,7xkf4smi
929284,1.6966711282730103,ims1w5bt
929284,1.666074275970459,m9lacg4r
929289,1.6898189783096313,7xkf4smi
929289,1.6962175369262695,ims1w5bt
929289,1.6818023920059204,m9lacg4r
929290,1.6785528659820557,7xkf4smi
929290,1.6860004663467407,ims1w5bt
929290,1.6672664880752563,m9lacg4r
929296,1.6623224020004272,7xkf4smi
929296,1.677570104598999,ims1w5bt
929296,1.7271647453308105,m9lacg4r
929299,1.695281744003296,7xkf4smi
929299,1.653417706489563,ims1w5bt
929299,1.6821986436843872,m9lacg4r
929300,1.6834197044372559,7xkf4smi
929300,1.6475468873977661,ims1w5bt
929300,1.6801981925964355,m9lacg4r
929323,1.6858596801757812,7xkf4smi
929323,1.6424741744995117,ims1w5bt
929323,1.7244391441345215,m9lacg4r
929327,1.6891345977783203,7xkf4smi
929327,1.6987723112106323,ims1w5bt
929327,1.6606892347335815,m9lacg4r
929339,1.666037678718567,7xkf4smi
929339,1.6977953910827637,ims1w5bt
929339,1.6435405015945435,m9lacg4r
929345,1.6801694631576538,7xkf4smi
929345,1.6569198369979858,ims1w5bt
929345,1.6459002494812012,m9lacg4r
929354,1.6739368438720703,7xkf4smi
929354,1.6950970888137817,ims1w5bt
929354,1.6903297901153564,m9lacg4r
929360,1.701777458190918,7xkf4smi
929360,1.6858261823654175,ims1w5bt
929360,1.6922944784164429,m9lacg4r
929367,1.7050542831420898,7xkf4smi
929367,1.6887061595916748,ims1w5bt
929367,1.697736144065857,m9lacg4r
929376,1.656785011291504,7xkf4smi
929376,1.6995809078216553,ims1w5bt
929376,1.659315586090088,m9lacg4r
929380,1.659996747970581,7xkf4smi
929380,1.625180721282959,ims1w5bt
929380,1.6436842679977417,m9lacg4r
929398,1.672820806503296,7xkf4smi
929398,1.6887272596359253,ims1w5bt
929398,1.6837407350540161,m9lacg4r
929403,1.6990423202514648,7xkf4smi
929403,1.7234379053115845,ims1w5bt
929403,1.6589316129684448,m9lacg4r
929415,1.7054860591888428,7xkf4smi
929415,1.6777578592300415,ims1w5bt
929415,1.7042171955108643,m9lacg4r
929429,1.674419641494751,7xkf4smi
929429,1.6233114004135132,ims1w5bt
929429,1.6952884197235107,m9lacg4r
929437,1.6725541353225708,7xkf4smi
929437,1.6810160875320435,ims1w5bt
929437,1.6601649522781372,m9lacg4r
929449,1.6100740432739258,7xkf4smi
929449,1.6596850156784058,ims1w5bt
929449,1.6879438161849976,m9lacg4r
929483,1.6671606302261353,7xkf4smi
929483,1.6594057083129883,ims1w5bt
929483,1.688603401184082,m9lacg4r
929485,1.682418704032898,7xkf4smi
929485,1.6707810163497925,ims1w5bt
929485,1.6754789352416992,m9lacg4r
929487,1.630583643913269,7xkf4smi
929487,1.6830048561096191,ims1w5bt
929487,1.66688072681427,m9lacg4r
929493,1.676374912261963,7xkf4smi
929493,1.6175450086593628,ims1w5bt
929493,1.6996821165084839,m9lacg4r
929501,1.6504615545272827,7xkf4smi
929501,1.7100754976272583,ims1w5bt
929501,1.6914728879928589,m9lacg4r
929514,1.6922050714492798,7xkf4smi
929514,1.7038884162902832,ims1w5bt
929514,1.6578822135925293,m9lacg4r
929523,1.6671173572540283,7xkf4smi
929523,1.6836543083190918,ims1w5bt
929523,1.6463056802749634,m9lacg4r
929530,1.6639630794525146,7xkf4smi
929530,1.6628789901733398,ims1w5bt
929530,1.6726181507110596,m9lacg4r
929531,1.6933776140213013,7xkf4smi
929531,1.679739236831665,ims1w5bt
929531,1.7030106782913208,m9lacg4r
929550,1.6559545993804932,7xkf4smi
929550,1.661278486251831,ims1w5bt
929550,1.684459924697876,m9lacg4r
929551,1.678748369216919,7xkf4smi
929551,1.6615701913833618,ims1w5bt
929551,1.6774723529815674,m9lacg4r
929556,1.6530218124389648,7xkf4smi
929556,1.662822961807251,ims1w5bt
929556,1.64357590675354,m9lacg4r
929558,1.649405598640442,7xkf4smi
929558,1.683616280555725,ims1w5bt
929558,1.6321830749511719,m9lacg4r
929566,1.6622002124786377,7xkf4smi
929566,1.707597255706787,ims1w5bt
929566,1.6836119890213013,m9lacg4r
929568,1.7136073112487793,7xkf4smi
929568,1.683725118637085,ims1w5bt
929568,1.6787482500076294,m9lacg4r
929571,1.6894150972366333,7xkf4smi
929571,1.7032711505889893,ims1w5bt
929571,1.625426173210144,m9lacg4r
929574,1.6737391948699951,7xkf4smi
929574,1.628159761428833,ims1w5bt
929574,1.672459602355957,m9lacg4r
929586,1.724669337272644,7xkf4smi
929586,1.6545145511627197,ims1w5bt
929586,1.63175630569458,m9lacg4r
929587,1.6311042308807373,7xkf4smi
929587,1.6900137662887573,ims1w5bt
929587,1.6214494705200195,m9lacg4r
929592,1.6832119226455688,7xkf4smi
929592,1.6378213167190552,ims1w5bt
929592,1.6289939880371094,m9lacg4r
929594,1.6558789014816284,7xkf4smi
929594,1.6839430332183838,ims1w5bt
929594,1.6551580429077148,m9lacg4r
929618,1.6569182872772217,7xkf4smi
929618,1.6699095964431763,ims1w5bt
929618,1.7142361402511597,m9lacg4r
929628,1.6823461055755615,7xkf4smi
929628,1.6502504348754883,ims1w5bt
929628,1.6708686351776123,m9lacg4r
929639,1.6467653512954712,7xkf4smi
929639,1.660237431526184,ims1w5bt
929639,1.6982998847961426,m9lacg4r
929644,1.6905704736709595,7xkf4smi
929644,1.6624590158462524,ims1w5bt
929644,1.6423897743225098,m9lacg4r
929647,1.666698694229126,7xkf4smi
929647,1.6865196228027344,ims1w5bt
929647,1.6868503093719482,m9lacg4r
929680,1.659232258796692,7xkf4smi
929680,1.673780083656311,ims1w5bt
929680,1.649654507637024,m9lacg4r
929681,1.6652024984359741,7xkf4smi
929681,1.636288046836853,ims1w5bt
929681,1.6582404375076294,m9lacg4r
929683,1.7104219198226929,7xkf4smi
929683,1.6476763486862183,ims1w5bt
929683,1.6390907764434814,m9lacg4r
929688,1.669760823249817,7xkf4smi
929688,1.6716793775558472,ims1w5bt
929688,1.6927622556686401,m9lacg4r
929689,1.699527621269226,7xkf4smi
929689,1.692835807800293,ims1w5bt
929689,1.6531908512115479,m9lacg4r
929695,1.6586999893188477,7xkf4smi
929695,1.6868419647216797,ims1w5bt
929695,1.6698365211486816,m9lacg4r
929702,1.663790225982666,7xkf4smi
929702,1.663334608078003,ims1w5bt
929702,1.6530017852783203,m9lacg4r
929714,1.6835592985153198,7xkf4smi
929714,1.669468879699707,ims1w5bt
929714,1.6525286436080933,m9lacg4r
929717,1.675864338874817,7xkf4smi
929717,1.6756128072738647,ims1w5bt
929717,1.662615180015564,m9lacg4r
929719,1.6582581996917725,7xkf4smi
929719,1.655832052230835,ims1w5bt
929719,1.6664519309997559,m9lacg4r
929722,1.6453282833099365,7xkf4smi
929722,1.6496362686157227,ims1w5bt
929722,1.698319435119629,m9lacg4r
929730,1.6361420154571533,7xkf4smi
929730,1.671375036239624,ims1w5bt
929730,1.6521004438400269,m9lacg4r
929747,1.6218234300613403,7xkf4smi
929747,1.6773772239685059,ims1w5bt
929747,1.6552165746688843,m9lacg4r
929776,1.6412806510925293,7xkf4smi
929776,1.6723458766937256,ims1w5bt
929776,1.6870832443237305,m9lacg4r
929780,1.698153018951416,7xkf4smi
929780,1.6722633838653564,ims1w5bt
929780,1.6527202129364014,m9lacg4r
929789,1.6524324417114258,7xkf4smi
929789,1.635030746459961,ims1w5bt
929789,1.6666483879089355,m9lacg4r
929797,1.7209434509277344,7xkf4smi
929797,1.6658116579055786,ims1w5bt
929797,1.6637684106826782,m9lacg4r
929799,1.63445246219635,7xkf4smi
929799,1.7082983255386353,ims1w5bt
929799,1.6560139656066895,m9lacg4r
929801,1.6744470596313477,7xkf4smi
929801,1.6348570585250854,ims1w5bt
929801,1.6429455280303955,m9lacg4r
929811,1.662530541419983,7xkf4smi
929811,1.6491268873214722,ims1w5bt
929811,1.6916834115982056,m9lacg4r
929817,1.7130165100097656,7xkf4smi
929817,1.682063102722168,ims1w5bt
929817,1.6386314630508423,m9lacg4r
929829,1.6228665113449097,7xkf4smi
929829,1.6520565748214722,ims1w5bt
929829,1.6462628841400146,m9lacg4r
929854,1.6470458507537842,7xkf4smi
929854,1.6649001836776733,ims1w5bt
929854,1.6473562717437744,m9lacg4r
929856,1.6904652118682861,7xkf4smi
929856,1.6717625856399536,ims1w5bt
929856,1.6707115173339844,m9lacg4r
929859,1.677022099494934,7xkf4smi
929859,1.6762115955352783,ims1w5bt
929859,1.6162861585617065,m9lacg4r
929860,1.6329010725021362,7xkf4smi
929860,1.6746903657913208,ims1w5bt
929860,1.6400649547576904,m9lacg4r
929866,1.6781752109527588,7xkf4smi
929866,1.6273363828659058,ims1w5bt
929866,1.6506233215332031,m9lacg4r
929910,1.676216721534729,7xkf4smi
929910,1.6525388956069946,ims1w5bt
929910,1.67566978931427,m9lacg4r
929912,1.629340648651123,7xkf4smi
929912,1.633923053741455,ims1w5bt
929912,1.6894036531448364,m9lacg4r
929926,1.672731876373291,7xkf4smi
929926,1.6392070055007935,ims1w5bt
929926,1.694442868232727,m9lacg4r
929959,1.6846789121627808,7xkf4smi
929959,1.6423728466033936,ims1w5bt
929959,1.6228985786437988,m9lacg4r
929974,1.633814811706543,7xkf4smi
929974,1.6314102411270142,ims1w5bt
929974,1.657192349433899,m9lacg4r
930005,1.6605418920516968,7xkf4smi
930005,1.6519514322280884,ims1w5bt
930005,1.6876407861709595,m9lacg4r
930009,1.6651198863983154,7xkf4smi
930009,1.6215256452560425,ims1w5bt
930009,1.6638561487197876,m9lacg4r
930017,1.6571992635726929,7xkf4smi
930017,1.619836688041687,ims1w5bt
930017,1.6528635025024414,m9lacg4r
930018,1.6537187099456787,7xkf4smi
930018,1.6740370988845825,ims1w5bt
930018,1.65513277053833,m9lacg4r
930028,1.661169409751892,7xkf4smi
930028,1.6236677169799805,ims1w5bt
930028,1.6781940460205078,m9lacg4r
930043,1.711456537246704,7xkf4smi
930043,1.645385980606079,ims1w5bt
930043,1.6250818967819214,m9lacg4r
930046,1.660651683807373,7xkf4smi
930046,1.64678156375885,ims1w5bt
930046,1.6683847904205322,m9lacg4r
930059,1.6752029657363892,7xkf4smi
930059,1.6529637575149536,ims1w5bt
930059,1.6587848663330078,m9lacg4r
930072,1.6692538261413574,7xkf4smi
930072,1.666858196258545,ims1w5bt
930072,1.6829893589019775,m9lacg4r
930079,1.667377233505249,7xkf4smi
930079,1.6851493120193481,ims1w5bt
930079,1.6631301641464233,m9lacg4r
930089,1.6481177806854248,7xkf4smi
930089,1.6669756174087524,ims1w5bt
930089,1.6354560852050781,m9lacg4r
930093,1.6607398986816406,7xkf4smi
930093,1.6549204587936401,ims1w5bt
930093,1.624313235282898,m9lacg4r
930100,1.6801273822784424,7xkf4smi
930100,1.642067551612854,ims1w5bt
930100,1.6365001201629639,m9lacg4r
930102,1.6707847118377686,7xkf4smi
930102,1.64206862449646,ims1w5bt
930102,1.6409732103347778,m9lacg4r
930104,1.647045612335205,7xkf4smi
930104,1.6661738157272339,ims1w5bt
930104,1.672210693359375,m9lacg4r
930113,1.6426777839660645,7xkf4smi
930113,1.6515486240386963,ims1w5bt
930113,1.6382298469543457,m9lacg4r
930118,1.6843234300613403,7xkf4smi
930118,1.6552380323410034,ims1w5bt
930118,1.6577600240707397,m9lacg4r
930130,1.6519826650619507,7xkf4smi
930130,1.6383134126663208,ims1w5bt
930130,1.6296496391296387,m9lacg4r
930132,1.6548515558242798,7xkf4smi
930132,1.6593931913375854,ims1w5bt
930132,1.629650354385376,m9lacg4r
930137,1.6600151062011719,7xkf4smi
930137,1.6407324075698853,ims1w5bt
930137,1.6678417921066284,m9lacg4r
930151,1.6396880149841309,7xkf4smi
930151,1.6594035625457764,ims1w5bt
930151,1.6353577375411987,m9lacg4r
930160,1.6326600313186646,7xkf4smi
930160,1.6333039999008179,ims1w5bt
930160,1.66085946559906,m9lacg4r
930174,1.6476463079452515,7xkf4smi
930174,1.6867046356201172,ims1w5bt
930174,1.639190912246704,m9lacg4r
930177,1.6480472087860107,7xkf4smi
930177,1.659501552581787,ims1w5bt
930177,1.6805458068847656,m9lacg4r
930178,1.6787898540496826,7xkf4smi
930178,1.641525387763977,ims1w5bt
930178,1.6816225051879883,m9lacg4r
930179,1.6019442081451416,7xkf4smi
930179,1.6494630575180054,ims1w5bt
930179,1.6578702926635742,m9lacg4r
930189,1.6612720489501953,7xkf4smi
930189,1.626879334449768,ims1w5bt
930189,1.6735401153564453,m9lacg4r
930194,1.645029067993164,7xkf4smi
930194,1.634204387664795,ims1w5bt
930194,1.6309278011322021,m9lacg4r
930197,1.634607195854187,7xkf4smi
930197,1.6387962102890015,ims1w5bt
930197,1.609375238418579,m9lacg4r
930210,1.6370153427124023,7xkf4smi
930210,1.6454919576644897,ims1w5bt
930210,1.6808654069900513,m9lacg4r
930220,1.698035478591919,7xkf4smi
930220,1.6082324981689453,ims1w5bt
930220,1.6599096059799194,m9lacg4r
930224,1.6531895399093628,7xkf4smi
930224,1.6731510162353516,ims1w5bt
930224,1.6226750612258911,m9lacg4r
930225,1.633472204208374,7xkf4smi
930225,1.6838910579681396,ims1w5bt
930225,1.6936087608337402,m9lacg4r
930234,1.6220430135726929,7xkf4smi
930234,1.631562352180481,ims1w5bt
930234,1.6683685779571533,m9lacg4r
930245,1.6073284149169922,7xkf4smi
930245,1.658414363861084,ims1w5bt
930245,1.660335898399353,m9lacg4r
930253,1.6086434125900269,7xkf4smi
930253,1.6358697414398193,ims1w5bt
930253,1.6889747381210327,m9lacg4r
930255,1.6330482959747314,7xkf4smi
930255,1.6318764686584473,ims1w5bt
930255,1.6500096321105957,m9lacg4r
930270,1.6410484313964844,7xkf4smi
930270,1.6181186437606812,ims1w5bt
930270,1.6412566900253296,m9lacg4r
930279,1.6141771078109741,7xkf4smi
930279,1.6347014904022217,ims1w5bt
930279,1.6363513469696045,m9lacg4r
930287,1.6658822298049927,7xkf4smi
930287,1.6494505405426025,ims1w5bt
930287,1.6868313550949097,m9lacg4r
930299,1.660935401916504,7xkf4smi
930299,1.6363900899887085,ims1w5bt
930299,1.6539450883865356,m9lacg4r
930315,1.635442852973938,7xkf4smi
930315,1.6870259046554565,ims1w5bt
930315,1.619406819343567,m9lacg4r
930317,1.6751463413238525,7xkf4smi
930317,1.6661096811294556,ims1w5bt
930317,1.647430181503296,m9lacg4r
930327,1.6245169639587402,7xkf4smi
930327,1.6476048231124878,ims1w5bt
930327,1.627012014389038,m9lacg4r
930328,1.6971787214279175,7xkf4smi
930328,1.6949838399887085,ims1w5bt
930328,1.641318440437317,m9lacg4r
930330,1.6596266031265259,7xkf4smi
930330,1.632941484451294,ims1w5bt
930330,1.620822548866272,m9lacg4r
930331,1.6511504650115967,7xkf4smi
930331,1.628060221672058,ims1w5bt
930331,1.640480637550354,m9lacg4r
930340,1.6554416418075562,7xkf4smi
930340,1.6675529479980469,ims1w5bt
930340,1.636233925819397,m9lacg4r
930343,1.6740597486495972,7xkf4smi
930343,1.6463392972946167,ims1w5bt
930343,1.6587687730789185,m9lacg4r
930347,1.6744788885116577,7xkf4smi
930347,1.6236939430236816,ims1w5bt
930347,1.6399308443069458,m9lacg4r
930348,1.6062736511230469,7xkf4smi
930348,1.6587615013122559,ims1w5bt
930348,1.6081854104995728,m9lacg4r
930356,1.6299031972885132,7xkf4smi
930356,1.6555551290512085,ims1w5bt
930356,1.6312700510025024,m9lacg4r
930367,1.634541630744934,7xkf4smi
930367,1.6358048915863037,ims1w5bt
930367,1.6700530052185059,m9lacg4r
930371,1.6368417739868164,7xkf4smi
930371,1.6481359004974365,ims1w5bt
930371,1.6200765371322632,m9lacg4r
930378,1.6395877599716187,7xkf4smi
930378,1.6226310729980469,ims1w5bt
930378,1.6750291585922241,m9lacg4r
930384,1.6565107107162476,7xkf4smi
930384,1.6657700538635254,ims1w5bt
930384,1.674346923828125,m9lacg4r
930387,1.6481928825378418,7xkf4smi
930387,1.619983434677124,ims1w5bt
930387,1.63454270362854,m9lacg4r
930395,1.615188479423523,7xkf4smi
930395,1.66679048538208,ims1w5bt
930395,1.6789125204086304,m9lacg4r
930401,1.6326340436935425,7xkf4smi
930401,1.6443898677825928,ims1w5bt
930401,1.6672825813293457,m9lacg4r
930406,1.6700809001922607,7xkf4smi
930406,1.6518833637237549,ims1w5bt
930406,1.676776647567749,m9lacg4r
930416,1.6910489797592163,7xkf4smi
930416,1.666625738143921,ims1w5bt
930416,1.691887378692627,m9lacg4r
930442,1.6534557342529297,7xkf4smi
930442,1.6818965673446655,ims1w5bt
930442,1.679386019706726,m9lacg4r
930443,1.6705975532531738,7xkf4smi
930443,1.6321756839752197,ims1w5bt
930443,1.6342430114746094,m9lacg4r
930467,1.678267240524292,7xkf4smi
930467,1.6110739707946777,ims1w5bt
930467,1.6493128538131714,m9lacg4r
930489,1.6556990146636963,7xkf4smi
930489,1.658619999885559,ims1w5bt
930489,1.659130573272705,m9lacg4r
930490,1.619753360748291,7xkf4smi
930490,1.6497665643692017,ims1w5bt
930490,1.6138222217559814,m9lacg4r
930501,1.6427388191223145,7xkf4smi
930501,1.6335240602493286,ims1w5bt
930501,1.6355459690093994,m9lacg4r
930504,1.6196093559265137,7xkf4smi
930504,1.6269476413726807,ims1w5bt
930504,1.6743333339691162,m9lacg4r
930506,1.632444977760315,7xkf4smi
930506,1.6538269519805908,ims1w5bt
930506,1.6343119144439697,m9lacg4r
930521,1.632920265197754,7xkf4smi
930521,1.6445286273956299,ims1w5bt
930521,1.6028246879577637,m9lacg4r
930550,1.631831169128418,7xkf4smi
930550,1.6235941648483276,ims1w5bt
930550,1.6461608409881592,m9lacg4r
930554,1.6324228048324585,7xkf4smi
930554,1.6350009441375732,ims1w5bt
930554,1.609470248222351,m9lacg4r
930556,1.6461979150772095,7xkf4smi
930556,1.661872386932373,ims1w5bt
930556,1.6944407224655151,m9lacg4r
930560,1.6561580896377563,7xkf4smi
930560,1.6228938102722168,ims1w5bt
930560,1.7208412885665894,m9lacg4r
930563,1.587243676185608,7xkf4smi
930563,1.6487222909927368,ims1w5bt
930563,1.6395434141159058,m9lacg4r
930567,1.6638810634613037,7xkf4smi
930567,1.648381233215332,ims1w5bt
930567,1.6538361310958862,m9lacg4r
930568,1.6160775423049927,7xkf4smi
930568,1.6101758480072021,ims1w5bt
930568,1.6340807676315308,m9lacg4r
930570,1.6553443670272827,7xkf4smi
930570,1.6306219100952148,ims1w5bt
930570,1.6674851179122925,m9lacg4r
930572,1.6133421659469604,7xkf4smi
930572,1.6525845527648926,ims1w5bt
930572,1.6407486200332642,m9lacg4r
930591,1.65651273727417,7xkf4smi
930591,1.6550849676132202,ims1w5bt
930591,1.6244019269943237,m9lacg4r
930603,1.6380683183670044,7xkf4smi
930603,1.6797293424606323,ims1w5bt
930603,1.6408882141113281,m9lacg4r
930607,1.6599563360214233,7xkf4smi
930607,1.6344538927078247,ims1w5bt
930607,1.6307967901229858,m9lacg4r
930613,1.6952801942825317,7xkf4smi
930613,1.6730737686157227,ims1w5bt
930613,1.6453630924224854,m9lacg4r
930615,1.660976529121399,7xkf4smi
930615,1.6577051877975464,ims1w5bt
930615,1.6689777374267578,m9lacg4r
930641,1.6449862718582153,7xkf4smi
930641,1.5991668701171875,ims1w5bt
930641,1.6315964460372925,m9lacg4r
930648,1.6818352937698364,7xkf4smi
930648,1.6544405221939087,ims1w5bt
930648,1.6382890939712524,m9lacg4r
930655,1.641099452972412,7xkf4smi
930655,1.6783918142318726,ims1w5bt
930655,1.6409796476364136,m9lacg4r
930675,1.6124714612960815,7xkf4smi
930675,1.6575982570648193,ims1w5bt
930675,1.624611496925354,m9lacg4r
930681,1.6249431371688843,7xkf4smi
930681,1.6442158222198486,ims1w5bt
930681,1.6378878355026245,m9lacg4r
930682,1.6380891799926758,7xkf4smi
930682,1.633911371231079,ims1w5bt
930682,1.6180217266082764,m9lacg4r
930703,1.625593662261963,7xkf4smi
930703,1.6505389213562012,ims1w5bt
930703,1.6298214197158813,m9lacg4r
930705,1.6399587392807007,7xkf4smi
930705,1.6585012674331665,ims1w5bt
930705,1.6585208177566528,m9lacg4r
930719,1.6670913696289062,7xkf4smi
930719,1.6537528038024902,ims1w5bt
930719,1.6168489456176758,m9lacg4r
930726,1.6468169689178467,7xkf4smi
930726,1.64573073387146,ims1w5bt
930726,1.686713457107544,m9lacg4r
930730,1.6750588417053223,7xkf4smi
930730,1.6494752168655396,ims1w5bt
930730,1.6057380437850952,m9lacg4r
930755,1.635238766670227,7xkf4smi
930755,1.6381394863128662,ims1w5bt
930755,1.6281663179397583,m9lacg4r
930756,1.6610088348388672,7xkf4smi
930756,1.6783632040023804,ims1w5bt
930756,1.6686474084854126,m9lacg4r
930773,1.6273772716522217,7xkf4smi
930773,1.647076964378357,ims1w5bt
930773,1.6219488382339478,m9lacg4r
930779,1.6159865856170654,7xkf4smi
930779,1.6212297677993774,ims1w5bt
930779,1.6564303636550903,m9lacg4r
930784,1.675676941871643,7xkf4smi
930784,1.6069390773773193,ims1w5bt
930784,1.6585747003555298,m9lacg4r
930787,1.6502994298934937,7xkf4smi
930787,1.6748262643814087,ims1w5bt
930787,1.6230050325393677,m9lacg4r
930792,1.6796574592590332,7xkf4smi
930792,1.6455286741256714,ims1w5bt
930792,1.6251163482666016,m9lacg4r
930800,1.6331672668457031,7xkf4smi
930800,1.642452597618103,ims1w5bt
930800,1.6200155019760132,m9lacg4r
930814,1.642574429512024,7xkf4smi
930814,1.6596012115478516,ims1w5bt
930814,1.6627745628356934,m9lacg4r
930820,1.6493721008300781,7xkf4smi
930820,1.6469477415084839,ims1w5bt
930820,1.6873981952667236,m9lacg4r
930830,1.6086061000823975,7xkf4smi
930830,1.655608057975769,ims1w5bt
930830,1.6326098442077637,m9lacg4r
930837,1.6186271905899048,7xkf4smi
930837,1.6338967084884644,ims1w5bt
930837,1.6593143939971924,m9lacg4r
930845,1.639819860458374,7xkf4smi
930845,1.634196162223816,ims1w5bt
930845,1.6276676654815674,m9lacg4r
930848,1.6273739337921143,7xkf4smi
930848,1.6409759521484375,ims1w5bt
930848,1.6234841346740723,m9lacg4r
930852,1.635243535041809,7xkf4smi
930852,1.6573914289474487,ims1w5bt
930852,1.6258834600448608,m9lacg4r
930856,1.6498191356658936,7xkf4smi
930856,1.638597846031189,ims1w5bt
930856,1.673965334892273,m9lacg4r
930862,1.6409848928451538,7xkf4smi
930862,1.6076507568359375,ims1w5bt
930862,1.623202919960022,m9lacg4r
930871,1.6441495418548584,7xkf4smi
930871,1.6147880554199219,ims1w5bt
930871,1.595380187034607,m9lacg4r
930892,1.6504708528518677,7xkf4smi
930892,1.6204187870025635,ims1w5bt
930892,1.6354432106018066,m9lacg4r
930907,1.6085479259490967,7xkf4smi
930907,1.6379255056381226,ims1w5bt
930907,1.6133462190628052,m9lacg4r
930913,1.6441047191619873,7xkf4smi
930913,1.6245520114898682,ims1w5bt
930913,1.6815789937973022,m9lacg4r
930918,1.6192669868469238,7xkf4smi
930918,1.6518524885177612,ims1w5bt
930918,1.6101762056350708,m9lacg4r
930924,1.6559633016586304,7xkf4smi
930924,1.6579951047897339,ims1w5bt
930924,1.6548446416854858,m9lacg4r
930961,1.6426515579223633,7xkf4smi
930961,1.6350098848342896,ims1w5bt
930961,1.661710262298584,m9lacg4r
930973,1.6449825763702393,7xkf4smi
930973,1.633669137954712,ims1w5bt
930973,1.6678354740142822,m9lacg4r
930980,1.6289104223251343,7xkf4smi
930980,1.6201642751693726,ims1w5bt
930980,1.6533536911010742,m9lacg4r
930985,1.6488738059997559,7xkf4smi
930985,1.6907711029052734,ims1w5bt
930985,1.6069129705429077,m9lacg4r
931003,1.6491999626159668,7xkf4smi
931003,1.686378002166748,ims1w5bt
931003,1.641066074371338,m9lacg4r
931014,1.6673585176467896,7xkf4smi
931014,1.6530402898788452,ims1w5bt
931014,1.6706962585449219,m9lacg4r
931021,1.6167728900909424,7xkf4smi
931021,1.6040691137313843,ims1w5bt
931021,1.660455346107483,m9lacg4r
931022,1.628960132598877,7xkf4smi
931022,1.6618742942810059,ims1w5bt
931022,1.6570998430252075,m9lacg4r
931024,1.6311826705932617,7xkf4smi
931024,1.6257299184799194,ims1w5bt
931024,1.6288071870803833,m9lacg4r
931031,1.6209716796875,7xkf4smi
931031,1.6208293437957764,ims1w5bt
931031,1.6088794469833374,m9lacg4r
931035,1.6522427797317505,7xkf4smi
931035,1.6309921741485596,ims1w5bt
931035,1.665362000465393,m9lacg4r
931051,1.6333674192428589,7xkf4smi
931051,1.633638858795166,ims1w5bt
931051,1.6118370294570923,m9lacg4r
931053,1.624475121498108,7xkf4smi
931053,1.6336008310317993,ims1w5bt
931053,1.6276469230651855,m9lacg4r
931060,1.6578141450881958,7xkf4smi
931060,1.6643271446228027,ims1w5bt
931060,1.6498416662216187,m9lacg4r
931064,1.611738920211792,7xkf4smi
931064,1.6374808549880981,ims1w5bt
931064,1.647569179534912,m9lacg4r
931069,1.6302869319915771,7xkf4smi
931069,1.6508488655090332,ims1w5bt
931069,1.6700009107589722,m9lacg4r
931080,1.5943065881729126,7xkf4smi
931080,1.6211251020431519,ims1w5bt
931080,1.6676796674728394,m9lacg4r
931086,1.6578710079193115,7xkf4smi
931086,1.660292625427246,ims1w5bt
931086,1.618023157119751,m9lacg4r
931092,1.668931245803833,7xkf4smi
931092,1.6235992908477783,ims1w5bt
931092,1.6859277486801147,m9lacg4r
931099,1.6353727579116821,7xkf4smi
931099,1.6107795238494873,ims1w5bt
931099,1.667616367340088,m9lacg4r
931102,1.6509413719177246,7xkf4smi
931102,1.6575380563735962,ims1w5bt
931102,1.6692886352539062,m9lacg4r
931104,1.6531767845153809,7xkf4smi
931104,1.6635615825653076,ims1w5bt
931104,1.6241021156311035,m9lacg4r
931106,1.612514615058899,7xkf4smi
931106,1.5983940362930298,ims1w5bt
931106,1.6464613676071167,m9lacg4r
931108,1.6256694793701172,7xkf4smi
931108,1.6121264696121216,ims1w5bt
931108,1.6655892133712769,m9lacg4r
931110,1.6444178819656372,7xkf4smi
931110,1.648745059967041,ims1w5bt
931110,1.6274118423461914,m9lacg4r
931111,1.6072335243225098,7xkf4smi
931111,1.582488775253296,ims1w5bt
931111,1.627230167388916,m9lacg4r
931120,1.6343475580215454,7xkf4smi
931120,1.6418479681015015,ims1w5bt
931120,1.6238758563995361,m9lacg4r
931124,1.6486235857009888,7xkf4smi
931124,1.6209460496902466,ims1w5bt
931124,1.644407868385315,m9lacg4r
931132,1.5653254985809326,7xkf4smi
931132,1.6069560050964355,ims1w5bt
931132,1.6583319902420044,m9lacg4r
931147,1.608397126197815,7xkf4smi
931147,1.6400299072265625,ims1w5bt
931147,1.6088019609451294,m9lacg4r
931154,1.6687769889831543,7xkf4smi
931154,1.6570624113082886,ims1w5bt
931154,1.6526134014129639,m9lacg4r
931162,1.5814158916473389,7xkf4smi
931162,1.6469674110412598,ims1w5bt
931162,1.637640118598938,m9lacg4r
931165,1.611445426940918,7xkf4smi
931165,1.6583285331726074,ims1w5bt
931165,1.6270774602890015,m9lacg4r
931180,1.639249563217163,7xkf4smi
931180,1.6137595176696777,ims1w5bt
931180,1.6195125579833984,m9lacg4r
931201,1.6533660888671875,7xkf4smi
931201,1.6508029699325562,ims1w5bt
931201,1.6233261823654175,m9lacg4r
931204,1.6498383283615112,7xkf4smi
931204,1.6132168769836426,ims1w5bt
931204,1.6357954740524292,m9lacg4r
931213,1.6483886241912842,7xkf4smi
931213,1.6270320415496826,ims1w5bt
931213,1.6354436874389648,m9lacg4r
931227,1.6132917404174805,7xkf4smi
931227,1.5884366035461426,ims1w5bt
931227,1.649674415588379,m9lacg4r
931235,1.66763436794281,7xkf4smi
931235,1.6149470806121826,ims1w5bt
931235,1.657965898513794,m9lacg4r
931253,1.6187888383865356,7xkf4smi
931253,1.6177482604980469,ims1w5bt
931253,1.648459553718567,m9lacg4r
931256,1.6091639995574951,7xkf4smi
931256,1.6734036207199097,ims1w5bt
931256,1.6333023309707642,m9lacg4r
931258,1.630499243736267,7xkf4smi
931258,1.673980951309204,ims1w5bt
931258,1.6337032318115234,m9lacg4r
931262,1.6506212949752808,7xkf4smi
931262,1.653943657875061,ims1w5bt
931262,1.6274957656860352,m9lacg4r
931267,1.6575615406036377,7xkf4smi
931267,1.6136658191680908,ims1w5bt
931267,1.6131306886672974,m9lacg4r
931279,1.6530250310897827,7xkf4smi
931279,1.6062754392623901,ims1w5bt
931279,1.6298640966415405,m9lacg4r
931281,1.6530661582946777,7xkf4smi
931281,1.611610770225525,ims1w5bt
931281,1.628070592880249,m9lacg4r
931282,1.5995081663131714,7xkf4smi
931282,1.6123946905136108,ims1w5bt
931282,1.6187036037445068,m9lacg4r
931283,1.6389485597610474,7xkf4smi
931283,1.6303359270095825,ims1w5bt
931283,1.5998969078063965,m9lacg4r
931301,1.6476356983184814,7xkf4smi
931301,1.6234112977981567,ims1w5bt
931301,1.6337851285934448,m9lacg4r
931325,1.620902180671692,7xkf4smi
931325,1.6409038305282593,ims1w5bt
931325,1.6387220621109009,m9lacg4r
931348,1.6112803220748901,7xkf4smi
931348,1.627120852470398,ims1w5bt
931348,1.6371369361877441,m9lacg4r
931369,1.680461049079895,7xkf4smi
931369,1.635040521621704,ims1w5bt
931369,1.662219762802124,m9lacg4r
931371,1.6293699741363525,7xkf4smi
931371,1.652730941772461,ims1w5bt
931371,1.6547636985778809,m9lacg4r
931384,1.6417733430862427,7xkf4smi
931384,1.6509920358657837,ims1w5bt
931384,1.6636134386062622,m9lacg4r
931387,1.6318938732147217,7xkf4smi
931387,1.6279551982879639,ims1w5bt
931387,1.6241674423217773,m9lacg4r
931395,1.6707650423049927,7xkf4smi
931395,1.632784128189087,ims1w5bt
931395,1.6122466325759888,m9lacg4r
931402,1.630189299583435,7xkf4smi
931402,1.6189521551132202,ims1w5bt
931402,1.5826431512832642,m9lacg4r
931404,1.6225944757461548,7xkf4smi
931404,1.6759440898895264,ims1w5bt
931404,1.6472225189208984,m9lacg4r
931413,1.6333765983581543,7xkf4smi
931413,1.5981180667877197,ims1w5bt
931413,1.6368927955627441,m9lacg4r
931424,1.6648695468902588,7xkf4smi
931424,1.6119145154953003,ims1w5bt
931424,1.655832052230835,m9lacg4r
931425,1.5924763679504395,7xkf4smi
931425,1.6317425966262817,ims1w5bt
931425,1.655367374420166,m9lacg4r
931432,1.6570764780044556,7xkf4smi
931432,1.5986992120742798,ims1w5bt
931432,1.6281991004943848,m9lacg4r
931433,1.6371151208877563,7xkf4smi
931433,1.6321585178375244,ims1w5bt
931433,1.6120845079421997,m9lacg4r
931434,1.624263882637024,7xkf4smi
931434,1.637587308883667,ims1w5bt
931434,1.6598008871078491,m9lacg4r
931442,1.6207129955291748,7xkf4smi
931442,1.642194390296936,ims1w5bt
931442,1.674389362335205,m9lacg4r
931464,1.626130223274231,7xkf4smi
931464,1.6286598443984985,ims1w5bt
931464,1.6672396659851074,m9lacg4r
931470,1.6646113395690918,7xkf4smi
931470,1.6332038640975952,ims1w5bt
931470,1.6535145044326782,m9lacg4r
931471,1.6312458515167236,7xkf4smi
931471,1.624103307723999,ims1w5bt
931471,1.6294206380844116,m9lacg4r
931483,1.5891212224960327,7xkf4smi
931483,1.6523374319076538,ims1w5bt
931483,1.638159155845642,m9lacg4r
931484,1.623241662979126,7xkf4smi
931484,1.6399770975112915,ims1w5bt
931484,1.6262311935424805,m9lacg4r
931485,1.6159900426864624,7xkf4smi
931485,1.6328332424163818,ims1w5bt
931485,1.6641688346862793,m9lacg4r
931489,1.6230651140213013,7xkf4smi
931489,1.6198943853378296,ims1w5bt
931489,1.616597294807434,m9lacg4r
931491,1.622672438621521,7xkf4smi
931491,1.6634937524795532,ims1w5bt
931491,1.6108814477920532,m9lacg4r
931494,1.646749496459961,7xkf4smi
931494,1.6309946775436401,ims1w5bt
931494,1.635252833366394,m9lacg4r
931498,1.633742332458496,7xkf4smi
931498,1.65676748752594,ims1w5bt
931498,1.6791971921920776,m9lacg4r
931499,1.625104546546936,7xkf4smi
931499,1.6294559240341187,ims1w5bt
931499,1.6346274614334106,m9lacg4r
931505,1.6132293939590454,7xkf4smi
931505,1.6428585052490234,ims1w5bt
931505,1.6383652687072754,m9lacg4r
931510,1.6490737199783325,7xkf4smi
931510,1.6677696704864502,ims1w5bt
931510,1.6183897256851196,m9lacg4r
931555,1.5979082584381104,7xkf4smi
931555,1.6259067058563232,ims1w5bt
931555,1.6490321159362793,m9lacg4r
931569,1.6317657232284546,7xkf4smi
931569,1.6348659992218018,ims1w5bt
931569,1.6229394674301147,m9lacg4r
931589,1.6394466161727905,7xkf4smi
931589,1.6341254711151123,ims1w5bt
931589,1.577105164527893,m9lacg4r
931620,1.6319997310638428,7xkf4smi
931620,1.6274765729904175,ims1w5bt
931620,1.6483523845672607,m9lacg4r
931622,1.6395939588546753,7xkf4smi
931622,1.6172329187393188,ims1w5bt
931622,1.6335687637329102,m9lacg4r
931627,1.581916093826294,7xkf4smi
931627,1.586138129234314,ims1w5bt
931627,1.6279832124710083,m9lacg4r
931631,1.6797680854797363,7xkf4smi
931631,1.6576124429702759,ims1w5bt
931631,1.626792311668396,m9lacg4r
931653,1.6509383916854858,7xkf4smi
931653,1.648956060409546,ims1w5bt
931653,1.6123642921447754,m9lacg4r
931682,1.6537877321243286,7xkf4smi
931682,1.6098428964614868,ims1w5bt
931682,1.6692055463790894,m9lacg4r
931692,1.6411325931549072,7xkf4smi
931692,1.6393325328826904,ims1w5bt
931692,1.6181000471115112,m9lacg4r
931709,1.6094613075256348,7xkf4smi
931709,1.61525297164917,ims1w5bt
931709,1.588025689125061,m9lacg4r
931710,1.6477748155593872,7xkf4smi
931710,1.655015230178833,ims1w5bt
931710,1.6134928464889526,m9lacg4r
931711,1.6262550354003906,7xkf4smi
931711,1.6506965160369873,ims1w5bt
931711,1.6606113910675049,m9lacg4r
931717,1.6110541820526123,7xkf4smi
931717,1.6401231288909912,ims1w5bt
931717,1.5879801511764526,m9lacg4r
931723,1.5955461263656616,7xkf4smi
931723,1.6111222505569458,ims1w5bt
931723,1.6179558038711548,m9lacg4r
931738,1.6212738752365112,7xkf4smi
931738,1.6132198572158813,ims1w5bt
931738,1.6269912719726562,m9lacg4r
931739,1.619347095489502,7xkf4smi
931739,1.6065551042556763,ims1w5bt
931739,1.5854144096374512,m9lacg4r
931750,1.655235767364502,7xkf4smi
931750,1.6344166994094849,ims1w5bt
931750,1.638016700744629,m9lacg4r
931769,1.6220629215240479,7xkf4smi
931769,1.6509510278701782,ims1w5bt
931769,1.6380373239517212,m9lacg4r
931775,1.6353102922439575,7xkf4smi
931775,1.683452844619751,ims1w5bt
931775,1.6066473722457886,m9lacg4r
931799,1.6071876287460327,7xkf4smi
931799,1.6434158086776733,ims1w5bt
931799,1.6637554168701172,m9lacg4r
931803,1.663207769393921,7xkf4smi
931803,1.6545345783233643,ims1w5bt
931803,1.6001373529434204,m9lacg4r
931821,1.5987110137939453,7xkf4smi
931821,1.6349904537200928,ims1w5bt
931821,1.6347969770431519,m9lacg4r
931827,1.6315921545028687,7xkf4smi
931827,1.6366645097732544,ims1w5bt
931827,1.6347193717956543,m9lacg4r
931831,1.6372754573822021,7xkf4smi
931831,1.629847764968872,ims1w5bt
931831,1.638746738433838,m9lacg4r
931835,1.6594754457473755,7xkf4smi
931835,1.644659161567688,ims1w5bt
931835,1.5989820957183838,m9lacg4r
931845,1.564164400100708,7xkf4smi
931845,1.6147515773773193,ims1w5bt
931845,1.5900952816009521,m9lacg4r
931847,1.6343456506729126,7xkf4smi
931847,1.652153491973877,ims1w5bt
931847,1.5951182842254639,m9lacg4r
931849,1.6223503351211548,7xkf4smi
931849,1.6238429546356201,ims1w5bt
931849,1.6405119895935059,m9lacg4r
931867,1.6164017915725708,7xkf4smi
931867,1.6340830326080322,ims1w5bt
931867,1.6387203931808472,m9lacg4r
931872,1.6312206983566284,7xkf4smi
931872,1.6460622549057007,ims1w5bt
931872,1.608389139175415,m9lacg4r
931877,1.6222437620162964,7xkf4smi
931877,1.6057208776474,ims1w5bt
931877,1.6456639766693115,m9lacg4r
931881,1.6332533359527588,7xkf4smi
931881,1.6147830486297607,ims1w5bt
931881,1.6341763734817505,m9lacg4r
931887,1.645325779914856,7xkf4smi
931887,1.6488670110702515,ims1w5bt
931887,1.661896824836731,m9lacg4r
931901,1.6138652563095093,7xkf4smi
931901,1.6526615619659424,ims1w5bt
931901,1.6444220542907715,m9lacg4r
931902,1.6412427425384521,7xkf4smi
931902,1.6297715902328491,ims1w5bt
931902,1.642846703529358,m9lacg4r
931918,1.6260581016540527,7xkf4smi
931918,1.6303058862686157,ims1w5bt
931918,1.6141679286956787,m9lacg4r
931927,1.5974360704421997,7xkf4smi
931927,1.6585699319839478,ims1w5bt
931927,1.6452372074127197,m9lacg4r
931936,1.6547982692718506,7xkf4smi
931936,1.6259063482284546,ims1w5bt
931936,1.6619117259979248,m9lacg4r
931940,1.6333073377609253,7xkf4smi
931940,1.6291155815124512,ims1w5bt
931940,1.6610292196273804,m9lacg4r
931944,1.6232528686523438,7xkf4smi
931944,1.621035099029541,ims1w5bt
931944,1.6261628866195679,m9lacg4r
931945,1.6509777307510376,7xkf4smi
931945,1.6637696027755737,ims1w5bt
931945,1.6351017951965332,m9lacg4r
931964,1.631903886795044,7xkf4smi
931964,1.6351311206817627,ims1w5bt
931964,1.6122870445251465,m9lacg4r
931967,1.6482858657836914,7xkf4smi
931967,1.6337324380874634,ims1w5bt
931967,1.6508103609085083,m9lacg4r
931972,1.6377012729644775,7xkf4smi
931972,1.6478283405303955,ims1w5bt
931972,1.6840945482254028,m9lacg4r
931975,1.6303973197937012,7xkf4smi
931975,1.6380349397659302,ims1w5bt
931975,1.658806324005127,m9lacg4r
931979,1.6242786645889282,7xkf4smi
931979,1.6188018321990967,ims1w5bt
931979,1.633319616317749,m9lacg4r
931982,1.6474077701568604,7xkf4smi
931982,1.6046591997146606,ims1w5bt
931982,1.6249980926513672,m9lacg4r
931984,1.6496055126190186,7xkf4smi
931984,1.6150869131088257,ims1w5bt
931984,1.6063642501831055,m9lacg4r
931987,1.636546015739441,7xkf4smi
931987,1.6232831478118896,ims1w5bt
931987,1.6041373014450073,m9lacg4r
931996,1.6295440196990967,7xkf4smi
931996,1.6375970840454102,ims1w5bt
931996,1.6063432693481445,m9lacg4r
931999,1.6148086786270142,7xkf4smi
931999,1.6246782541275024,ims1w5bt
931999,1.6388863325119019,m9lacg4r
932019,1.6211843490600586,7xkf4smi
932019,1.64756441116333,ims1w5bt
932019,1.6236752271652222,m9lacg4r
932020,1.6282352209091187,7xkf4smi
932020,1.6508164405822754,ims1w5bt
932020,1.6278438568115234,m9lacg4r
932038,1.6426328420639038,7xkf4smi
932038,1.5944571495056152,ims1w5bt
932038,1.637717604637146,m9lacg4r
932045,1.6432725191116333,7xkf4smi
932045,1.6347742080688477,ims1w5bt
932045,1.6200296878814697,m9lacg4r
932054,1.6517988443374634,7xkf4smi
932054,1.6069234609603882,ims1w5bt
932054,1.5992642641067505,m9lacg4r
932071,1.6434745788574219,7xkf4smi
932071,1.6366466283798218,ims1w5bt
932071,1.632699728012085,m9lacg4r
932072,1.6425132751464844,7xkf4smi
932072,1.6306754350662231,ims1w5bt
932072,1.6195218563079834,m9lacg4r
932086,1.6021676063537598,7xkf4smi
932086,1.6625895500183105,ims1w5bt
932086,1.6196399927139282,m9lacg4r
932088,1.6194322109222412,7xkf4smi
932088,1.624487042427063,ims1w5bt
932088,1.5867525339126587,m9lacg4r
932091,1.6363372802734375,7xkf4smi
932091,1.6092467308044434,ims1w5bt
932091,1.6328262090682983,m9lacg4r
932094,1.648935079574585,7xkf4smi
932094,1.685137152671814,ims1w5bt
932094,1.6268314123153687,m9lacg4r
932131,1.6718376874923706,7xkf4smi
932131,1.593703031539917,ims1w5bt
932131,1.6265454292297363,m9lacg4r
932152,1.6226625442504883,7xkf4smi
932152,1.5983036756515503,ims1w5bt
932152,1.6067945957183838,m9lacg4r
932158,1.6408913135528564,7xkf4smi
932158,1.6260501146316528,ims1w5bt
932158,1.6527851819992065,m9lacg4r
932162,1.6629940271377563,7xkf4smi
932162,1.6154531240463257,ims1w5bt
932162,1.6109962463378906,m9lacg4r
932187,1.5933966636657715,7xkf4smi
932187,1.6197619438171387,ims1w5bt
932187,1.5936307907104492,m9lacg4r
932193,1.6533392667770386,7xkf4smi
932193,1.6017183065414429,ims1w5bt
932193,1.6538209915161133,m9lacg4r
932205,1.6391880512237549,7xkf4smi
932205,1.6314055919647217,ims1w5bt
932205,1.6665650606155396,m9lacg4r
932208,1.6303753852844238,7xkf4smi
932208,1.6099690198898315,ims1w5bt
932208,1.6377971172332764,m9lacg4r
932209,1.6472957134246826,7xkf4smi
932209,1.6312971115112305,ims1w5bt
932209,1.614350438117981,m9lacg4r
932212,1.6353015899658203,7xkf4smi
932212,1.6180930137634277,ims1w5bt
932212,1.6118911504745483,m9lacg4r
932220,1.6321436166763306,7xkf4smi
932220,1.600692629814148,ims1w5bt
932220,1.6403194665908813,m9lacg4r
932222,1.6216765642166138,7xkf4smi
932222,1.5706684589385986,ims1w5bt
932222,1.6273173093795776,m9lacg4r
932256,1.6270753145217896,7xkf4smi
932256,1.605432152748108,ims1w5bt
932256,1.6149721145629883,m9lacg4r
932257,1.63267982006073,7xkf4smi
932257,1.618890643119812,ims1w5bt
932257,1.6255407333374023,m9lacg4r
932274,1.6356309652328491,7xkf4smi
932274,1.6331233978271484,ims1w5bt
932274,1.6250874996185303,m9lacg4r
932284,1.6299179792404175,7xkf4smi
932284,1.6534539461135864,ims1w5bt
932284,1.6316760778427124,m9lacg4r
932303,1.6131503582000732,7xkf4smi
932303,1.6215537786483765,ims1w5bt
932303,1.6478583812713623,m9lacg4r
932304,1.6075180768966675,7xkf4smi
932304,1.6154775619506836,ims1w5bt
932304,1.6482492685317993,m9lacg4r
932315,1.60028874874115,7xkf4smi
932315,1.6253430843353271,ims1w5bt
932315,1.6056582927703857,m9lacg4r
932321,1.653920292854309,7xkf4smi
932321,1.648586392402649,ims1w5bt
932321,1.6294325590133667,m9lacg4r
932336,1.654916763305664,7xkf4smi
932336,1.6049007177352905,ims1w5bt
932336,1.6580352783203125,m9lacg4r
932345,1.6268173456192017,7xkf4smi
932345,1.6188130378723145,ims1w5bt
932345,1.6096488237380981,m9lacg4r
932349,1.6379846334457397,7xkf4smi
932349,1.6449967622756958,ims1w5bt
932349,1.6198251247406006,m9lacg4r
932351,1.6303201913833618,7xkf4smi
932351,1.6250381469726562,ims1w5bt
932351,1.5827268362045288,m9lacg4r
932352,1.642315149307251,7xkf4smi
932352,1.6035387516021729,ims1w5bt
932352,1.6539796590805054,m9lacg4r
932355,1.6326613426208496,7xkf4smi
932355,1.6042567491531372,ims1w5bt
932355,1.6096140146255493,m9lacg4r
932379,1.6474498510360718,7xkf4smi
932379,1.600589632987976,ims1w5bt
932379,1.599531888961792,m9lacg4r
932393,1.6418044567108154,7xkf4smi
932393,1.6234025955200195,ims1w5bt
932393,1.658327579498291,m9lacg4r
932407,1.6030625104904175,7xkf4smi
932407,1.634495496749878,ims1w5bt
932407,1.619526743888855,m9lacg4r
932434,1.605547547340393,7xkf4smi
932434,1.6433274745941162,ims1w5bt
932434,1.6256728172302246,m9lacg4r
932436,1.6363790035247803,7xkf4smi
932436,1.6494978666305542,ims1w5bt
932436,1.6040271520614624,m9lacg4r
932448,1.6240097284317017,7xkf4smi
932448,1.599300742149353,ims1w5bt
932448,1.587820291519165,m9lacg4r
932449,1.5919744968414307,7xkf4smi
932449,1.596701979637146,ims1w5bt
932449,1.6492421627044678,m9lacg4r
932460,1.625870943069458,7xkf4smi
932460,1.647554636001587,ims1w5bt
932460,1.5871104001998901,m9lacg4r
932462,1.6207820177078247,7xkf4smi
932462,1.5845075845718384,ims1w5bt
932462,1.6176334619522095,m9lacg4r
932476,1.6665947437286377,7xkf4smi
932476,1.6232305765151978,ims1w5bt
932476,1.6029497385025024,m9lacg4r
932480,1.6436316967010498,7xkf4smi
932480,1.633548378944397,ims1w5bt
932480,1.6140059232711792,m9lacg4r
932495,1.6654280424118042,7xkf4smi
932495,1.6003824472427368,ims1w5bt
932495,1.6543326377868652,m9lacg4r
932515,1.6380469799041748,7xkf4smi
932515,1.6273620128631592,ims1w5bt
932515,1.66299569606781,m9lacg4r
932518,1.6337525844573975,7xkf4smi
932518,1.6023236513137817,ims1w5bt
932518,1.5811110734939575,m9lacg4r
932526,1.6379308700561523,7xkf4smi
932526,1.6047066450119019,ims1w5bt
932526,1.6590496301651,m9lacg4r
932536,1.6151838302612305,7xkf4smi
932536,1.6114730834960938,ims1w5bt
932536,1.656224250793457,m9lacg4r
932543,1.6249713897705078,7xkf4smi
932543,1.636178970336914,ims1w5bt
932543,1.6102997064590454,m9lacg4r
932548,1.620633602142334,7xkf4smi
932548,1.6382954120635986,ims1w5bt
932548,1.645824670791626,m9lacg4r
932550,1.6214200258255005,7xkf4smi
932550,1.6179288625717163,ims1w5bt
932550,1.6150137186050415,m9lacg4r
932553,1.6149396896362305,7xkf4smi
932553,1.6027183532714844,ims1w5bt
932553,1.6476552486419678,m9lacg4r
932559,1.614137053489685,7xkf4smi
932559,1.595842957496643,ims1w5bt
932559,1.6444828510284424,m9lacg4r
932561,1.650130033493042,7xkf4smi
932561,1.6407381296157837,ims1w5bt
932561,1.5955206155776978,m9lacg4r
932572,1.6039001941680908,7xkf4smi
932572,1.672229290008545,ims1w5bt
932572,1.6315748691558838,m9lacg4r
932583,1.623565673828125,7xkf4smi
932583,1.6130625009536743,ims1w5bt
932583,1.6246299743652344,m9lacg4r
932587,1.61600923538208,7xkf4smi
932587,1.647017478942871,ims1w5bt
932587,1.6167339086532593,m9lacg4r
932597,1.6103103160858154,7xkf4smi
932597,1.6417254209518433,ims1w5bt
932597,1.6216752529144287,m9lacg4r
932601,1.6316620111465454,7xkf4smi
932601,1.6341453790664673,ims1w5bt
932601,1.6308730840682983,m9lacg4r
932610,1.6093443632125854,7xkf4smi
932610,1.6583765745162964,ims1w5bt
932610,1.598850131034851,m9lacg4r
932611,1.6068291664123535,7xkf4smi
932611,1.6253292560577393,ims1w5bt
932611,1.6536234617233276,m9lacg4r
932617,1.622079610824585,7xkf4smi
932617,1.6295889616012573,ims1w5bt
932617,1.6178150177001953,m9lacg4r
932626,1.6085734367370605,7xkf4smi
932626,1.5797587633132935,ims1w5bt
932626,1.611865520477295,m9lacg4r
932647,1.6314740180969238,7xkf4smi
932647,1.631503701210022,ims1w5bt
932647,1.644782304763794,m9lacg4r
932663,1.6170520782470703,7xkf4smi
932663,1.6150600910186768,ims1w5bt
932663,1.6403602361679077,m9lacg4r
932669,1.6357886791229248,7xkf4smi
932669,1.603107213973999,ims1w5bt
932669,1.613020896911621,m9lacg4r
932686,1.617158055305481,7xkf4smi
932686,1.6552443504333496,ims1w5bt
932686,1.6404690742492676,m9lacg4r
932711,1.6315079927444458,7xkf4smi
932711,1.6181467771530151,ims1w5bt
932711,1.6375564336776733,m9lacg4r
932727,1.5996131896972656,7xkf4smi
932727,1.6166125535964966,ims1w5bt
932727,1.6522376537322998,m9lacg4r
932734,1.6228183507919312,7xkf4smi
932734,1.6449991464614868,ims1w5bt
932734,1.610536813735962,m9lacg4r
932745,1.6334558725357056,7xkf4smi
932745,1.6092371940612793,ims1w5bt
932745,1.6299643516540527,m9lacg4r
932746,1.6052837371826172,7xkf4smi
932746,1.6376900672912598,ims1w5bt
932746,1.637307047843933,m9lacg4r
932748,1.6139692068099976,7xkf4smi
932748,1.6349947452545166,ims1w5bt
932748,1.5741506814956665,m9lacg4r
932768,1.6061649322509766,7xkf4smi
932768,1.5802254676818848,ims1w5bt
932768,1.6401889324188232,m9lacg4r
932774,1.6291497945785522,7xkf4smi
932774,1.645088791847229,ims1w5bt
932774,1.5946444272994995,m9lacg4r
932793,1.6217607259750366,7xkf4smi
932793,1.6450227499008179,ims1w5bt
932793,1.6313234567642212,m9lacg4r
932810,1.6302725076675415,7xkf4smi
932810,1.6315232515335083,ims1w5bt
932810,1.61820650100708,m9lacg4r
932812,1.5892456769943237,7xkf4smi
932812,1.6051311492919922,ims1w5bt
932812,1.6499370336532593,m9lacg4r
932814,1.6101397275924683,7xkf4smi
932814,1.5881052017211914,ims1w5bt
932814,1.611904263496399,m9lacg4r
932815,1.6161832809448242,7xkf4smi
932815,1.626278281211853,ims1w5bt
932815,1.6360139846801758,m9lacg4r
932817,1.665343999862671,7xkf4smi
932817,1.5807369947433472,ims1w5bt
932817,1.6155097484588623,m9lacg4r
932822,1.6167404651641846,7xkf4smi
932822,1.5954869985580444,ims1w5bt
932822,1.6453220844268799,m9lacg4r
932828,1.6409460306167603,7xkf4smi
932828,1.6110488176345825,ims1w5bt
932828,1.6442466974258423,m9lacg4r
932868,1.6325867176055908,7xkf4smi
932868,1.6395914554595947,ims1w5bt
932868,1.591318130493164,m9lacg4r
932874,1.5912737846374512,7xkf4smi
932874,1.6040626764297485,ims1w5bt
932874,1.642754077911377,m9lacg4r
932876,1.5803592205047607,7xkf4smi
932876,1.5971332788467407,ims1w5bt
932876,1.6083115339279175,m9lacg4r
932883,1.609229564666748,7xkf4smi
932883,1.636354684829712,ims1w5bt
932883,1.6417938470840454,m9lacg4r
932889,1.6036800146102905,7xkf4smi
932889,1.6411205530166626,ims1w5bt
932889,1.6530357599258423,m9lacg4r
932894,1.5899462699890137,7xkf4smi
932894,1.6478022336959839,ims1w5bt
932894,1.6508756875991821,m9lacg4r
932898,1.5987625122070312,7xkf4smi
932898,1.5603102445602417,ims1w5bt
932898,1.575673222541809,m9lacg4r
932899,1.635725498199463,7xkf4smi
932899,1.597272515296936,ims1w5bt
932899,1.6152328252792358,m9lacg4r
932902,1.6420869827270508,7xkf4smi
932902,1.608842372894287,ims1w5bt
932902,1.5872042179107666,m9lacg4r
932957,1.6009844541549683,7xkf4smi
932957,1.6146488189697266,ims1w5bt
932957,1.6131657361984253,m9lacg4r
932960,1.629465103149414,7xkf4smi
932960,1.6223015785217285,ims1w5bt
932960,1.5804250240325928,m9lacg4r
932980,1.5909472703933716,7xkf4smi
932980,1.6151939630508423,ims1w5bt
932980,1.6171969175338745,m9lacg4r
932982,1.6401463747024536,7xkf4smi
932982,1.6178154945373535,ims1w5bt
932982,1.6325525045394897,m9lacg4r
932990,1.629692554473877,7xkf4smi
932990,1.5972448587417603,ims1w5bt
932990,1.59537672996521,m9lacg4r
933002,1.6482939720153809,7xkf4smi
933002,1.595133900642395,ims1w5bt
933002,1.6171653270721436,m9lacg4r
933011,1.5949276685714722,7xkf4smi
933011,1.591546654701233,ims1w5bt
933011,1.6030207872390747,m9lacg4r
933023,1.6198238134384155,7xkf4smi
933023,1.6546624898910522,ims1w5bt
933023,1.6522172689437866,m9lacg4r
933030,1.6437524557113647,7xkf4smi
933030,1.5889438390731812,ims1w5bt
933030,1.6220592260360718,m9lacg4r
933034,1.6509439945220947,7xkf4smi
933034,1.6322413682937622,ims1w5bt
933034,1.5927726030349731,m9lacg4r
933036,1.6154484748840332,7xkf4smi
933036,1.6009160280227661,ims1w5bt
933036,1.6082550287246704,m9lacg4r
933037,1.607481598854065,7xkf4smi
933037,1.6243072748184204,ims1w5bt
933037,1.6273939609527588,m9lacg4r
933041,1.609444499015808,7xkf4smi
933041,1.6375033855438232,ims1w5bt
933041,1.5940711498260498,m9lacg4r
933043,1.6148796081542969,7xkf4smi
933043,1.6351505517959595,ims1w5bt
933043,1.6382020711898804,m9lacg4r
933050,1.6350442171096802,7xkf4smi
933050,1.5774661302566528,ims1w5bt
933050,1.639658808708191,m9lacg4r
933068,1.613487720489502,7xkf4smi
933068,1.6342699527740479,ims1w5bt
933068,1.6015315055847168,m9lacg4r
933089,1.6280605792999268,7xkf4smi
933089,1.5978385210037231,ims1w5bt
933089,1.633103847503662,m9lacg4r
933096,1.6114883422851562,7xkf4smi
933096,1.6408613920211792,ims1w5bt
933096,1.639012098312378,m9lacg4r
933119,1.6547850370407104,7xkf4smi
933119,1.6157056093215942,ims1w5bt
933119,1.6145967245101929,m9lacg4r
933136,1.6145076751708984,7xkf4smi
933136,1.6105493307113647,ims1w5bt
933136,1.6049408912658691,m9lacg4r
933137,1.5982418060302734,7xkf4smi
933137,1.6654551029205322,ims1w5bt
933137,1.6073451042175293,m9lacg4r
933147,1.6400202512741089,7xkf4smi
933147,1.6313207149505615,ims1w5bt
933147,1.618977427482605,m9lacg4r
933156,1.6331312656402588,7xkf4smi
933156,1.6494859457015991,ims1w5bt
933156,1.5990920066833496,m9lacg4r
933160,1.6031941175460815,7xkf4smi
933160,1.6121383905410767,ims1w5bt
933160,1.6381433010101318,m9lacg4r
933166,1.6350173950195312,7xkf4smi
933166,1.5913660526275635,ims1w5bt
933166,1.6498404741287231,m9lacg4r
933177,1.6355407238006592,7xkf4smi
933177,1.647903323173523,ims1w5bt
933177,1.6240215301513672,m9lacg4r
933184,1.6229838132858276,7xkf4smi
933184,1.635732650756836,ims1w5bt
933184,1.6748803853988647,m9lacg4r
933191,1.6663057804107666,7xkf4smi
933191,1.6513853073120117,ims1w5bt
933191,1.6158400774002075,m9lacg4r
933194,1.6208131313323975,7xkf4smi
933194,1.6604485511779785,ims1w5bt
933194,1.6146254539489746,m9lacg4r
933196,1.6178065538406372,7xkf4smi
933196,1.5948870182037354,ims1w5bt
933196,1.622298002243042,m9lacg4r
933200,1.6177704334259033,7xkf4smi
933200,1.6109435558319092,ims1w5bt
933200,1.6035665273666382,m9lacg4r
933212,1.597228765487671,7xkf4smi
933212,1.6651549339294434,ims1w5bt
933212,1.5960198640823364,m9lacg4r
933214,1.5916897058486938,7xkf4smi
933214,1.6543323993682861,ims1w5bt
933214,1.6102319955825806,m9lacg4r
933221,1.6454930305480957,7xkf4smi
933221,1.596555233001709,ims1w5bt
933221,1.6459554433822632,m9lacg4r
933223,1.5901753902435303,7xkf4smi
933223,1.5816941261291504,ims1w5bt
933223,1.6606175899505615,m9lacg4r
933237,1.6049785614013672,7xkf4smi
933237,1.625098466873169,ims1w5bt
933237,1.6149616241455078,m9lacg4r
933243,1.6006280183792114,7xkf4smi
933243,1.637794017791748,ims1w5bt
933243,1.6438374519348145,m9lacg4r
933248,1.6277285814285278,7xkf4smi
933248,1.6104782819747925,ims1w5bt
933248,1.6390337944030762,m9lacg4r
933250,1.5745420455932617,7xkf4smi
933250,1.6116501092910767,ims1w5bt
933250,1.6104503870010376,m9lacg4r
933254,1.6167080402374268,7xkf4smi
933254,1.6028368473052979,ims1w5bt
933254,1.5828509330749512,m9lacg4r
933255,1.607376217842102,7xkf4smi
933255,1.5910128355026245,ims1w5bt
933255,1.6560174226760864,m9lacg4r
933262,1.5970430374145508,7xkf4smi
933262,1.5856761932373047,ims1w5bt
933262,1.5978772640228271,m9lacg4r
933270,1.609377145767212,7xkf4smi
933270,1.6431865692138672,ims1w5bt
933270,1.5784050226211548,m9lacg4r
933283,1.5873398780822754,7xkf4smi
933283,1.612488031387329,ims1w5bt
933283,1.616170048713684,m9lacg4r
933295,1.615704894065857,7xkf4smi
933295,1.6013883352279663,ims1w5bt
933295,1.6136554479599,m9lacg4r
933317,1.609626293182373,7xkf4smi
933317,1.6162372827529907,ims1w5bt
933317,1.6265687942504883,m9lacg4r
933319,1.6503760814666748,7xkf4smi
933319,1.606292963027954,ims1w5bt
933319,1.6041733026504517,m9lacg4r
933322,1.6636841297149658,7xkf4smi
933322,1.5969583988189697,ims1w5bt
933322,1.6097220182418823,m9lacg4r
933329,1.608864426612854,7xkf4smi
933329,1.5886861085891724,ims1w5bt
933329,1.6113061904907227,m9lacg4r
933355,1.6703046560287476,7xkf4smi
933355,1.6237387657165527,ims1w5bt
933355,1.617691993713379,m9lacg4r
933358,1.6208524703979492,7xkf4smi
933358,1.6297706365585327,ims1w5bt
933358,1.6465047597885132,m9lacg4r
933369,1.6055889129638672,7xkf4smi
933369,1.601650595664978,ims1w5bt
933369,1.6145548820495605,m9lacg4r
933379,1.6273273229599,7xkf4smi
933379,1.6219947338104248,ims1w5bt
933379,1.5607190132141113,m9lacg4r
933382,1.6087841987609863,7xkf4smi
933382,1.6066700220108032,ims1w5bt
933382,1.5936992168426514,m9lacg4r
933388,1.622759222984314,7xkf4smi
933388,1.631195306777954,ims1w5bt
933388,1.6063940525054932,m9lacg4r
933396,1.620253562927246,7xkf4smi
933396,1.6132726669311523,ims1w5bt
933396,1.5767719745635986,m9lacg4r
933398,1.5812129974365234,7xkf4smi
933398,1.637997031211853,ims1w5bt
933398,1.6018040180206299,m9lacg4r
933406,1.582334041595459,7xkf4smi
933406,1.6077148914337158,ims1w5bt
933406,1.6179605722427368,m9lacg4r
933411,1.6283297538757324,7xkf4smi
933411,1.6083623170852661,ims1w5bt
933411,1.5689722299575806,m9lacg4r
933423,1.6026979684829712,7xkf4smi
933423,1.609715461730957,ims1w5bt
933423,1.6538101434707642,m9lacg4r
933453,1.6301085948944092,7xkf4smi
933453,1.632462739944458,ims1w5bt
933453,1.6231573820114136,m9lacg4r
933458,1.6191792488098145,7xkf4smi
933458,1.6083576679229736,ims1w5bt
933458,1.5971169471740723,m9lacg4r
933468,1.5792980194091797,7xkf4smi
933468,1.6011210680007935,ims1w5bt
933468,1.615100622177124,m9lacg4r
933472,1.6230838298797607,7xkf4smi
933472,1.5964243412017822,ims1w5bt
933472,1.6044578552246094,m9lacg4r
933473,1.6386215686798096,7xkf4smi
933473,1.6369765996932983,ims1w5bt
933473,1.5981295108795166,m9lacg4r
933482,1.6323381662368774,7xkf4smi
933482,1.6295733451843262,ims1w5bt
933482,1.589423418045044,m9lacg4r
933489,1.603398084640503,7xkf4smi
933489,1.5844111442565918,ims1w5bt
933489,1.6402946710586548,m9lacg4r
933490,1.577307939529419,7xkf4smi
933490,1.6112630367279053,ims1w5bt
933490,1.6443583965301514,m9lacg4r
933495,1.6069217920303345,7xkf4smi
933495,1.6093904972076416,ims1w5bt
933495,1.6070853471755981,m9lacg4r
933498,1.5998631715774536,7xkf4smi
933498,1.5925754308700562,ims1w5bt
933498,1.61491060256958,m9lacg4r
933500,1.6243603229522705,7xkf4smi
933500,1.6000964641571045,ims1w5bt
933500,1.607446551322937,m9lacg4r
933512,1.649390459060669,7xkf4smi
933512,1.6013097763061523,ims1w5bt
933512,1.6243641376495361,m9lacg4r
933513,1.6405807733535767,7xkf4smi
933513,1.647851824760437,ims1w5bt
933513,1.6105955839157104,m9lacg4r
933518,1.62065589427948,7xkf4smi
933518,1.617414116859436,ims1w5bt
933518,1.5887477397918701,m9lacg4r
933522,1.5908747911453247,7xkf4smi
933522,1.620662808418274,ims1w5bt
933522,1.6153227090835571,m9lacg4r
933529,1.6365059614181519,7xkf4smi
933529,1.6155974864959717,ims1w5bt
933529,1.637420654296875,m9lacg4r
933532,1.6396952867507935,7xkf4smi
933532,1.6262339353561401,ims1w5bt
933532,1.6417460441589355,m9lacg4r
933547,1.6353850364685059,7xkf4smi
933547,1.5873719453811646,ims1w5bt
933547,1.6201133728027344,m9lacg4r
933554,1.6222984790802002,7xkf4smi
933554,1.584794521331787,ims1w5bt
933554,1.6480642557144165,m9lacg4r
933556,1.560553789138794,7xkf4smi
933556,1.593090295791626,ims1w5bt
933556,1.624322772026062,m9lacg4r
933573,1.5667353868484497,7xkf4smi
933573,1.6212365627288818,ims1w5bt
933573,1.6217615604400635,m9lacg4r
933574,1.6569876670837402,7xkf4smi
933574,1.5738462209701538,ims1w5bt
933574,1.619942307472229,m9lacg4r
933592,1.62128484249115,7xkf4smi
933592,1.594795823097229,ims1w5bt
933592,1.6166433095932007,m9lacg4r
933593,1.6534225940704346,7xkf4smi
933593,1.6304960250854492,ims1w5bt
933593,1.6508214473724365,m9lacg4r
933601,1.5984100103378296,7xkf4smi
933601,1.5739027261734009,ims1w5bt
933601,1.5982013940811157,m9lacg4r
933609,1.6202346086502075,7xkf4smi
933609,1.6451873779296875,ims1w5bt
933609,1.5798368453979492,m9lacg4r
933621,1.651404619216919,7xkf4smi
933621,1.645790696144104,ims1w5bt
933621,1.578187346458435,m9lacg4r
933642,1.619970440864563,7xkf4smi
933642,1.5906906127929688,ims1w5bt
933642,1.6134755611419678,m9lacg4r
933643,1.6215541362762451,7xkf4smi
933643,1.5762730836868286,ims1w5bt
933643,1.6445353031158447,m9lacg4r
933657,1.6062393188476562,7xkf4smi
933657,1.6300361156463623,ims1w5bt
933657,1.5640937089920044,m9lacg4r
933658,1.5882842540740967,7xkf4smi
933658,1.6303625106811523,ims1w5bt
933658,1.6122586727142334,m9lacg4r
933662,1.6178629398345947,7xkf4smi
933662,1.612042784690857,ims1w5bt
933662,1.6550114154815674,m9lacg4r
933683,1.631184458732605,7xkf4smi
933683,1.5782434940338135,ims1w5bt
933683,1.6028856039047241,m9lacg4r
933689,1.6177102327346802,7xkf4smi
933689,1.634480357170105,ims1w5bt
933689,1.5691142082214355,m9lacg4r
933692,1.603121280670166,7xkf4smi
933692,1.6376501321792603,ims1w5bt
933692,1.6385228633880615,m9lacg4r
933694,1.6335176229476929,7xkf4smi
933694,1.604256510734558,ims1w5bt
933694,1.6336647272109985,m9lacg4r
933709,1.6346187591552734,7xkf4smi
933709,1.607717752456665,ims1w5bt
933709,1.6329646110534668,m9lacg4r
933734,1.607299566268921,7xkf4smi
933734,1.636004090309143,ims1w5bt
933734,1.5892692804336548,m9lacg4r
933744,1.603905200958252,7xkf4smi
933744,1.5947762727737427,ims1w5bt
933744,1.5660440921783447,m9lacg4r
933768,1.6094025373458862,7xkf4smi
933768,1.6034632921218872,ims1w5bt
933768,1.586208701133728,m9lacg4r
933773,1.611380934715271,7xkf4smi
933773,1.58951735496521,ims1w5bt
933773,1.5962499380111694,m9lacg4r
933780,1.5568581819534302,7xkf4smi
933780,1.6456267833709717,ims1w5bt
933780,1.6172189712524414,m9lacg4r
933786,1.6080878973007202,7xkf4smi
933786,1.6138216257095337,ims1w5bt
933786,1.5707857608795166,m9lacg4r
933794,1.5829797983169556,7xkf4smi
933794,1.6109986305236816,ims1w5bt
933794,1.6262578964233398,m9lacg4r
933800,1.6203587055206299,7xkf4smi
933800,1.5952154397964478,ims1w5bt
933800,1.6210949420928955,m9lacg4r
933801,1.6029694080352783,7xkf4smi
933801,1.6704587936401367,ims1w5bt
933801,1.5934666395187378,m9lacg4r
933815,1.6272568702697754,7xkf4smi
933815,1.5850861072540283,ims1w5bt
933815,1.622934103012085,m9lacg4r
933820,1.6074527502059937,7xkf4smi
933820,1.6270921230316162,ims1w5bt
933820,1.6201015710830688,m9lacg4r
933839,1.6329185962677002,7xkf4smi
933839,1.5884169340133667,ims1w5bt
933839,1.5653903484344482,m9lacg4r
933853,1.6111762523651123,7xkf4smi
933853,1.6409642696380615,ims1w5bt
933853,1.6177934408187866,m9lacg4r
933857,1.6260992288589478,7xkf4smi
933857,1.5969650745391846,ims1w5bt
933857,1.6331957578659058,m9lacg4r
933866,1.5395805835723877,7xkf4smi
933866,1.6112067699432373,ims1w5bt
933866,1.5936139822006226,m9lacg4r
933876,1.638575553894043,7xkf4smi
933876,1.6147441864013672,ims1w5bt
933876,1.608913540840149,m9lacg4r
933881,1.5998663902282715,7xkf4smi
933881,1.6124732494354248,ims1w5bt
933881,1.582578420639038,m9lacg4r
933883,1.6358646154403687,7xkf4smi
933883,1.6189311742782593,ims1w5bt
933883,1.590887188911438,m9lacg4r
933892,1.6308331489562988,7xkf4smi
933892,1.6416840553283691,ims1w5bt
933892,1.6031558513641357,m9lacg4r
933896,1.6674972772598267,7xkf4smi
933896,1.5904803276062012,ims1w5bt
933896,1.6212350130081177,m9lacg4r
933904,1.6500321626663208,7xkf4smi
933904,1.6613987684249878,ims1w5bt
933904,1.5977813005447388,m9lacg4r
933912,1.5883336067199707,7xkf4smi
933912,1.6252235174179077,ims1w5bt
933912,1.5480793714523315,m9lacg4r
933917,1.6588571071624756,7xkf4smi
933917,1.5929651260375977,ims1w5bt
933917,1.6475886106491089,m9lacg4r
933925,1.6197869777679443,7xkf4smi
933925,1.6210918426513672,ims1w5bt
933925,1.6276662349700928,m9lacg4r
933929,1.653931975364685,7xkf4smi
933929,1.6223347187042236,ims1w5bt
933929,1.6399898529052734,m9lacg4r
933938,1.5918865203857422,7xkf4smi
933938,1.6098568439483643,ims1w5bt
933938,1.601179599761963,m9lacg4r
933954,1.6105657815933228,7xkf4smi
933954,1.6384714841842651,ims1w5bt
933954,1.6211190223693848,m9lacg4r
933970,1.6250945329666138,7xkf4smi
933970,1.5896446704864502,ims1w5bt
933970,1.6388424634933472,m9lacg4r
933980,1.588493824005127,7xkf4smi
933980,1.6449241638183594,ims1w5bt
933980,1.6285706758499146,m9lacg4r
933981,1.5762450695037842,7xkf4smi
933981,1.6450555324554443,ims1w5bt
933981,1.6051912307739258,m9lacg4r
933982,1.6164357662200928,7xkf4smi
933982,1.5767019987106323,ims1w5bt
933982,1.5825049877166748,m9lacg4r
934003,1.6243653297424316,7xkf4smi
934003,1.6184320449829102,ims1w5bt
934003,1.576830506324768,m9lacg4r
934006,1.6054272651672363,7xkf4smi
934006,1.5885764360427856,ims1w5bt
934006,1.6063061952590942,m9lacg4r
934011,1.622599482536316,7xkf4smi
934011,1.6462663412094116,ims1w5bt
934011,1.6076525449752808,m9lacg4r
934034,1.6592174768447876,7xkf4smi
934034,1.5959137678146362,ims1w5bt
934034,1.61069655418396,m9lacg4r
934049,1.632081151008606,7xkf4smi
934049,1.624122142791748,ims1w5bt
934049,1.640102744102478,m9lacg4r
934053,1.6010392904281616,7xkf4smi
934053,1.6391969919204712,ims1w5bt
934053,1.5906317234039307,m9lacg4r
934054,1.6006463766098022,7xkf4smi
934054,1.5633529424667358,ims1w5bt
934054,1.6153149604797363,m9lacg4r
934055,1.6036206483840942,7xkf4smi
934055,1.587187647819519,ims1w5bt
934055,1.582411766052246,m9lacg4r
934075,1.5729511976242065,7xkf4smi
934075,1.615351676940918,ims1w5bt
934075,1.6551419496536255,m9lacg4r
934094,1.6488057374954224,7xkf4smi
934094,1.6353367567062378,ims1w5bt
934094,1.6278549432754517,m9lacg4r
934097,1.5806714296340942,7xkf4smi
934097,1.6339330673217773,ims1w5bt
934097,1.6595678329467773,m9lacg4r
934101,1.6035122871398926,7xkf4smi
934101,1.6007882356643677,ims1w5bt
934101,1.6598010063171387,m9lacg4r
934107,1.6084387302398682,7xkf4smi
934107,1.588678240776062,ims1w5bt
934107,1.5592541694641113,m9lacg4r
934112,1.5944381952285767,7xkf4smi
934112,1.5964903831481934,ims1w5bt
934112,1.5833207368850708,m9lacg4r
934121,1.5800315141677856,7xkf4smi
934121,1.6026487350463867,ims1w5bt
934121,1.6199982166290283,m9lacg4r
934135,1.5729379653930664,7xkf4smi
934135,1.6272635459899902,ims1w5bt
934135,1.5972462892532349,m9lacg4r
934166,1.6111814975738525,7xkf4smi
934166,1.6221716403961182,ims1w5bt
934166,1.618536353111267,m9lacg4r
934175,1.5850517749786377,7xkf4smi
934175,1.598639965057373,ims1w5bt
934175,1.6123433113098145,m9lacg4r
934176,1.6216459274291992,7xkf4smi
934176,1.6193747520446777,ims1w5bt
934176,1.5803236961364746,m9lacg4r
934177,1.5828884840011597,7xkf4smi
934177,1.600427269935608,ims1w5bt
934177,1.5908825397491455,m9lacg4r
934188,1.611830234527588,7xkf4smi
934188,1.610702395439148,ims1w5bt
934188,1.6501678228378296,m9lacg4r
934193,1.624704360961914,7xkf4smi
934193,1.601311445236206,ims1w5bt
934193,1.5918776988983154,m9lacg4r
934201,1.6301424503326416,7xkf4smi
934201,1.6012237071990967,ims1w5bt
934201,1.6147935390472412,m9lacg4r
934202,1.6102409362792969,7xkf4smi
934202,1.6352269649505615,ims1w5bt
934202,1.6182799339294434,m9lacg4r
934206,1.5941894054412842,7xkf4smi
934206,1.5692689418792725,ims1w5bt
934206,1.5808898210525513,m9lacg4r
934215,1.5947781801223755,7xkf4smi
934215,1.6165087223052979,ims1w5bt
934215,1.6139497756958008,m9lacg4r
934217,1.6347472667694092,7xkf4smi
934217,1.6312310695648193,ims1w5bt
934217,1.6018635034561157,m9lacg4r
934221,1.6327645778656006,7xkf4smi
934221,1.587889313697815,ims1w5bt
934221,1.6077793836593628,m9lacg4r
934226,1.6273540258407593,7xkf4smi
934226,1.6280674934387207,ims1w5bt
934226,1.5927475690841675,m9lacg4r
934235,1.6266052722930908,7xkf4smi
934235,1.5953785181045532,ims1w5bt
934235,1.6285003423690796,m9lacg4r
934252,1.6303635835647583,7xkf4smi
934252,1.586214542388916,ims1w5bt
934252,1.6062390804290771,m9lacg4r
934255,1.6498924493789673,7xkf4smi
934255,1.6222385168075562,ims1w5bt
934255,1.6350637674331665,m9lacg4r
934257,1.6505976915359497,7xkf4smi
934257,1.6015757322311401,ims1w5bt
934257,1.6005486249923706,m9lacg4r
934259,1.62216055393219,7xkf4smi
934259,1.6041772365570068,ims1w5bt
934259,1.6283811330795288,m9lacg4r
934263,1.6318424940109253,7xkf4smi
934263,1.5962353944778442,ims1w5bt
934263,1.6363540887832642,m9lacg4r
934272,1.6517599821090698,7xkf4smi
934272,1.6234407424926758,ims1w5bt
934272,1.5825023651123047,m9lacg4r
934291,1.6252373456954956,7xkf4smi
934291,1.6124670505523682,ims1w5bt
934291,1.6248935461044312,m9lacg4r
934301,1.6087672710418701,7xkf4smi
934301,1.6462284326553345,ims1w5bt
934301,1.5609638690948486,m9lacg4r
934306,1.574683666229248,7xkf4smi
934306,1.6138249635696411,ims1w5bt
934306,1.6061298847198486,m9lacg4r
934309,1.607335090637207,7xkf4smi
934309,1.5936464071273804,ims1w5bt
934309,1.584181308746338,m9lacg4r
934316,1.6060792207717896,7xkf4smi
934316,1.6270544528961182,ims1w5bt
934316,1.5991969108581543,m9lacg4r
934332,1.604793906211853,7xkf4smi
934332,1.5896581411361694,ims1w5bt
934332,1.631609320640564,m9lacg4r
934334,1.6455942392349243,7xkf4smi
934334,1.6174038648605347,ims1w5bt
934334,1.595828890800476,m9lacg4r
934350,1.6578986644744873,7xkf4smi
934350,1.594429612159729,ims1w5bt
934350,1.6151330471038818,m9lacg4r
934351,1.5794410705566406,7xkf4smi
934351,1.58684241771698,ims1w5bt
934351,1.6182304620742798,m9lacg4r
934356,1.6168839931488037,7xkf4smi
934356,1.6340059041976929,ims1w5bt
934356,1.6077349185943604,m9lacg4r
934357,1.5980287790298462,7xkf4smi
934357,1.564906120300293,ims1w5bt
934357,1.6153043508529663,m9lacg4r
934366,1.612106204032898,7xkf4smi
934366,1.5933352708816528,ims1w5bt
934366,1.6013020277023315,m9lacg4r
934378,1.6008316278457642,7xkf4smi
934378,1.6151354312896729,ims1w5bt
934378,1.6339247226715088,m9lacg4r
934390,1.5859276056289673,7xkf4smi
934390,1.5973625183105469,ims1w5bt
934390,1.621181607246399,m9lacg4r
934391,1.6089423894882202,7xkf4smi
934391,1.5933679342269897,ims1w5bt
934391,1.6044844388961792,m9lacg4r
934395,1.6453105211257935,7xkf4smi
934395,1.6059279441833496,ims1w5bt
934395,1.5917813777923584,m9lacg4r
934402,1.645678997039795,7xkf4smi
934402,1.6065254211425781,ims1w5bt
934402,1.5913830995559692,m9lacg4r
934405,1.5984244346618652,7xkf4smi
934405,1.573789119720459,ims1w5bt
934405,1.6121679544448853,m9lacg4r
934412,1.6185178756713867,7xkf4smi
934412,1.6084034442901611,ims1w5bt
934412,1.5838048458099365,m9lacg4r
934436,1.5918292999267578,7xkf4smi
934436,1.6130648851394653,ims1w5bt
934436,1.5512357950210571,m9lacg4r
934446,1.6451239585876465,7xkf4smi
934446,1.635949969291687,ims1w5bt
934446,1.6530578136444092,m9lacg4r
934451,1.6052443981170654,7xkf4smi
934451,1.59145987033844,ims1w5bt
934451,1.6330770254135132,m9lacg4r
934452,1.603407621383667,7xkf4smi
934452,1.5903717279434204,ims1w5bt
934452,1.6170330047607422,m9lacg4r
934460,1.6301777362823486,7xkf4smi
934460,1.6274993419647217,ims1w5bt
934460,1.5838520526885986,m9lacg4r
934469,1.5880781412124634,7xkf4smi
934469,1.6472035646438599,ims1w5bt
934469,1.6154307126998901,m9lacg4r
934471,1.625537633895874,7xkf4smi
934471,1.6082268953323364,ims1w5bt
934471,1.61028254032135,m9lacg4r
934474,1.6335049867630005,7xkf4smi
934474,1.6191279888153076,ims1w5bt
934474,1.5831525325775146,m9lacg4r
934475,1.5792477130889893,7xkf4smi
934475,1.6187471151351929,ims1w5bt
934475,1.6179715394973755,m9lacg4r
934489,1.5975216627120972,7xkf4smi
934489,1.5719788074493408,ims1w5bt
934489,1.5936475992202759,m9lacg4r
934510,1.6055983304977417,7xkf4smi
934510,1.5724496841430664,ims1w5bt
934510,1.5930086374282837,m9lacg4r
934512,1.6063462495803833,7xkf4smi
934512,1.6007311344146729,ims1w5bt
934512,1.5934174060821533,m9lacg4r
934513,1.643606424331665,7xkf4smi
934513,1.621500015258789,ims1w5bt
934513,1.6215434074401855,m9lacg4r
934524,1.6729155778884888,7xkf4smi
934524,1.617309808731079,ims1w5bt
934524,1.6100789308547974,m9lacg4r
934525,1.6005293130874634,7xkf4smi
934525,1.6431453227996826,ims1w5bt
934525,1.6095679998397827,m9lacg4r
934555,1.6445335149765015,7xkf4smi
934555,1.5823945999145508,ims1w5bt
934555,1.5971930027008057,m9lacg4r
934572,1.6396976709365845,7xkf4smi
934572,1.5981354713439941,ims1w5bt
934572,1.625309944152832,m9lacg4r
934581,1.5939290523529053,7xkf4smi
934581,1.6256660223007202,ims1w5bt
934581,1.6347267627716064,m9lacg4r
934583,1.5843663215637207,7xkf4smi
934583,1.5815401077270508,ims1w5bt
934583,1.6200758218765259,m9lacg4r
934589,1.584478497505188,7xkf4smi
934589,1.5966516733169556,ims1w5bt
934589,1.5685232877731323,m9lacg4r
934590,1.597968339920044,7xkf4smi
934590,1.6225792169570923,ims1w5bt
934590,1.5815374851226807,m9lacg4r
934600,1.6075000762939453,7xkf4smi
934600,1.5925383567810059,ims1w5bt
934600,1.591111660003662,m9lacg4r
934606,1.6233545541763306,7xkf4smi
934606,1.602999210357666,ims1w5bt
934606,1.629515290260315,m9lacg4r
934609,1.5902645587921143,7xkf4smi
934609,1.6023777723312378,ims1w5bt
934609,1.6131772994995117,m9lacg4r
934619,1.6266804933547974,7xkf4smi
934619,1.6253191232681274,ims1w5bt
934619,1.5760098695755005,m9lacg4r
934625,1.6063547134399414,7xkf4smi
934625,1.6116162538528442,ims1w5bt
934625,1.5839518308639526,m9lacg4r
934631,1.5846408605575562,7xkf4smi
934631,1.5811550617218018,ims1w5bt
934631,1.6006685495376587,m9lacg4r
934641,1.6084754467010498,7xkf4smi
934641,1.6180760860443115,ims1w5bt
934641,1.5905516147613525,m9lacg4r
934652,1.586071491241455,7xkf4smi
934652,1.6603596210479736,ims1w5bt
934652,1.598718285560608,m9lacg4r
934653,1.5925891399383545,7xkf4smi
934653,1.592929720878601,ims1w5bt
934653,1.5788614749908447,m9lacg4r
934658,1.6063851118087769,7xkf4smi
934658,1.6337944269180298,ims1w5bt
934658,1.5856399536132812,m9lacg4r
934672,1.5876384973526,7xkf4smi
934672,1.6332370042800903,ims1w5bt
934672,1.5987176895141602,m9lacg4r
934677,1.6462968587875366,7xkf4smi
934677,1.5932493209838867,ims1w5bt
934677,1.627590537071228,m9lacg4r
934679,1.6075688600540161,7xkf4smi
934679,1.6007450819015503,ims1w5bt
934679,1.6251442432403564,m9lacg4r
934698,1.590396523475647,7xkf4smi
934698,1.585258960723877,ims1w5bt
934698,1.6001108884811401,m9lacg4r
934713,1.6214982271194458,7xkf4smi
934713,1.6014078855514526,ims1w5bt
934713,1.6006348133087158,m9lacg4r
934720,1.5659821033477783,7xkf4smi
934720,1.5956707000732422,ims1w5bt
934720,1.5899431705474854,m9lacg4r
934725,1.6187293529510498,7xkf4smi
934725,1.5895473957061768,ims1w5bt
934725,1.5862590074539185,m9lacg4r
934732,1.5753931999206543,7xkf4smi
934732,1.6430139541625977,ims1w5bt
934732,1.6251369714736938,m9lacg4r
934738,1.575266718864441,7xkf4smi
934738,1.6105595827102661,ims1w5bt
934738,1.638728380203247,m9lacg4r
934744,1.655402421951294,7xkf4smi
934744,1.6151647567749023,ims1w5bt
934744,1.6193110942840576,m9lacg4r
934747,1.6323766708374023,7xkf4smi
934747,1.6591660976409912,ims1w5bt
934747,1.6177990436553955,m9lacg4r
934755,1.5751075744628906,7xkf4smi
934755,1.602949857711792,ims1w5bt
934755,1.6311894655227661,m9lacg4r
934762,1.6325668096542358,7xkf4smi
934762,1.5761134624481201,ims1w5bt
934762,1.6167205572128296,m9lacg4r
934771,1.6209871768951416,7xkf4smi
934771,1.640183448791504,ims1w5bt
934771,1.5908944606781006,m9lacg4r
934776,1.5802620649337769,7xkf4smi
934776,1.5742647647857666,ims1w5bt
934776,1.5902103185653687,m9lacg4r
934777,1.5787861347198486,7xkf4smi
934777,1.590207815170288,ims1w5bt
934777,1.655874252319336,m9lacg4r
934787,1.6078475713729858,7xkf4smi
934787,1.6289446353912354,ims1w5bt
934787,1.6359202861785889,m9lacg4r
934802,1.5633741617202759,7xkf4smi
934802,1.5797791481018066,ims1w5bt
934802,1.59432852268219,m9lacg4r
934815,1.577621579170227,7xkf4smi
934815,1.6038695573806763,ims1w5bt
934815,1.6181374788284302,m9lacg4r
934817,1.5802175998687744,7xkf4smi
934817,1.6148324012756348,ims1w5bt
934817,1.5960931777954102,m9lacg4r
934821,1.6351979970932007,7xkf4smi
934821,1.627529263496399,ims1w5bt
934821,1.5859428644180298,m9lacg4r
934823,1.586042881011963,7xkf4smi
934823,1.6160328388214111,ims1w5bt
934823,1.6485185623168945,m9lacg4r
934831,1.5745196342468262,7xkf4smi
934831,1.6093453168869019,ims1w5bt
934831,1.6140475273132324,m9lacg4r
934839,1.6439698934555054,7xkf4smi
934839,1.5821186304092407,ims1w5bt
934839,1.645568609237671,m9lacg4r
934840,1.6013493537902832,7xkf4smi
934840,1.6305841207504272,ims1w5bt
934840,1.563968539237976,m9lacg4r
934848,1.5984505414962769,7xkf4smi
934848,1.63072669506073,ims1w5bt
934848,1.5823737382888794,m9lacg4r
934851,1.6114110946655273,7xkf4smi
934851,1.6410434246063232,ims1w5bt
934851,1.5766924619674683,m9lacg4r
934854,1.609845519065857,7xkf4smi
934854,1.600589394569397,ims1w5bt
934854,1.619687557220459,m9lacg4r
934859,1.5865312814712524,7xkf4smi
934859,1.590181589126587,ims1w5bt
934859,1.6094738245010376,m9lacg4r
934867,1.6122759580612183,7xkf4smi
934867,1.6121784448623657,ims1w5bt
934867,1.5867575407028198,m9lacg4r
934883,1.6024929285049438,7xkf4smi
934883,1.5910322666168213,ims1w5bt
934883,1.606953501701355,m9lacg4r
934904,1.6868623495101929,7xkf4smi
934904,1.6028387546539307,ims1w5bt
934904,1.6221129894256592,m9lacg4r
934907,1.5751338005065918,7xkf4smi
934907,1.5921269655227661,ims1w5bt
934907,1.6061488389968872,m9lacg4r
934917,1.6138265132904053,7xkf4smi
934917,1.6332361698150635,ims1w5bt
934917,1.6053178310394287,m9lacg4r
934923,1.6413440704345703,7xkf4smi
934923,1.6162939071655273,ims1w5bt
934923,1.620338797569275,m9lacg4r
934929,1.5827783346176147,7xkf4smi
934929,1.5952444076538086,ims1w5bt
934929,1.5539156198501587,m9lacg4r
934940,1.617519497871399,7xkf4smi
934940,1.6301367282867432,ims1w5bt
934940,1.6091368198394775,m9lacg4r
934942,1.622245192527771,7xkf4smi
934942,1.5806978940963745,ims1w5bt
934942,1.5455052852630615,m9lacg4r
935002,1.6159296035766602,7xkf4smi
935002,1.605212926864624,ims1w5bt
935002,1.6262410879135132,m9lacg4r
935014,1.6057227849960327,7xkf4smi
935014,1.6291306018829346,ims1w5bt
935014,1.6037834882736206,m9lacg4r
935028,1.5819021463394165,7xkf4smi
935028,1.5921363830566406,ims1w5bt
935028,1.6205246448516846,m9lacg4r
935038,1.5638713836669922,7xkf4smi
935038,1.6149400472640991,ims1w5bt
935038,1.5889973640441895,m9lacg4r
935042,1.6278247833251953,7xkf4smi
935042,1.6376246213912964,ims1w5bt
935042,1.5976938009262085,m9lacg4r
935045,1.595289945602417,7xkf4smi
935045,1.5984859466552734,ims1w5bt
935045,1.6084480285644531,m9lacg4r
935051,1.5841646194458008,7xkf4smi
935051,1.6141198873519897,ims1w5bt
935051,1.5955418348312378,m9lacg4r
935083,1.610883355140686,7xkf4smi
935083,1.6006295680999756,ims1w5bt
935083,1.6184285879135132,m9lacg4r
935096,1.623792052268982,7xkf4smi
935096,1.5902951955795288,ims1w5bt
935096,1.5838544368743896,m9lacg4r
935098,1.614128589630127,7xkf4smi
935098,1.5942003726959229,ims1w5bt
935098,1.618666172027588,m9lacg4r
935101,1.6190639734268188,7xkf4smi
935101,1.6265958547592163,ims1w5bt
935101,1.6169300079345703,m9lacg4r
935104,1.608001470565796,7xkf4smi
935104,1.6156245470046997,ims1w5bt
935104,1.5963515043258667,m9lacg4r
935114,1.6465710401535034,7xkf4smi
935114,1.6339746713638306,ims1w5bt
935114,1.664100170135498,m9lacg4r
935130,1.6077094078063965,7xkf4smi
935130,1.5916674137115479,ims1w5bt
935130,1.5589059591293335,m9lacg4r
935158,1.5966919660568237,7xkf4smi
935158,1.583997368812561,ims1w5bt
935158,1.628252387046814,m9lacg4r
935160,1.5814400911331177,7xkf4smi
935160,1.5923961400985718,ims1w5bt
935160,1.5927027463912964,m9lacg4r
935162,1.6189589500427246,7xkf4smi
935162,1.5932543277740479,ims1w5bt
935162,1.584973931312561,m9lacg4r
935171,1.6148669719696045,7xkf4smi
935171,1.58523690700531,ims1w5bt
935171,1.6012701988220215,m9lacg4r
935181,1.5883232355117798,7xkf4smi
935181,1.6084296703338623,ims1w5bt
935181,1.6216737031936646,m9lacg4r
935183,1.6040551662445068,7xkf4smi
935183,1.5716662406921387,ims1w5bt
935183,1.6342735290527344,m9lacg4r
935200,1.626177430152893,7xkf4smi
935200,1.591749906539917,ims1w5bt
935200,1.6259338855743408,m9lacg4r
935204,1.5817583799362183,7xkf4smi
935204,1.584152340888977,ims1w5bt
935204,1.6334513425827026,m9lacg4r
935213,1.6187946796417236,7xkf4smi
935213,1.6034094095230103,ims1w5bt
935213,1.6103101968765259,m9lacg4r
935217,1.5986558198928833,7xkf4smi
935217,1.601293683052063,ims1w5bt
935217,1.5926289558410645,m9lacg4r
935223,1.6192702054977417,7xkf4smi
935223,1.5854045152664185,ims1w5bt
935223,1.5726327896118164,m9lacg4r
935224,1.5929081439971924,7xkf4smi
935224,1.612188696861267,ims1w5bt
935224,1.5943266153335571,m9lacg4r
935229,1.62630033493042,7xkf4smi
935229,1.5856573581695557,ims1w5bt
935229,1.5849088430404663,m9lacg4r
935238,1.591955304145813,7xkf4smi
935238,1.660642147064209,ims1w5bt
935238,1.6008106470108032,m9lacg4r
935264,1.613063931465149,7xkf4smi
935264,1.583971619606018,ims1w5bt
935264,1.614955186843872,m9lacg4r
935276,1.5781943798065186,7xkf4smi
935276,1.5993975400924683,ims1w5bt
935276,1.6245346069335938,m9lacg4r
935279,1.5899460315704346,7xkf4smi
935279,1.5874176025390625,ims1w5bt
935279,1.6198360919952393,m9lacg4r
935284,1.570967674255371,7xkf4smi
935284,1.6044096946716309,ims1w5bt
935284,1.6119353771209717,m9lacg4r
935290,1.6199780702590942,7xkf4smi
935290,1.600114107131958,ims1w5bt
935290,1.6283237934112549,m9lacg4r
935305,1.5861190557479858,7xkf4smi
935305,1.5682332515716553,ims1w5bt
935305,1.5952092409133911,m9lacg4r
935307,1.5911754369735718,7xkf4smi
935307,1.6113617420196533,ims1w5bt
935307,1.5950108766555786,m9lacg4r
935308,1.6407009363174438,7xkf4smi
935308,1.6310772895812988,ims1w5bt
935308,1.5881022214889526,m9lacg4r
935314,1.5935548543930054,7xkf4smi
935314,1.6006371974945068,ims1w5bt
935314,1.6296064853668213,m9lacg4r
935317,1.6329224109649658,7xkf4smi
935317,1.5736130475997925,ims1w5bt
935317,1.5953092575073242,m9lacg4r
935325,1.6179745197296143,7xkf4smi
935325,1.6230218410491943,ims1w5bt
935325,1.623165488243103,m9lacg4r
935330,1.6238014698028564,7xkf4smi
935330,1.622861623764038,ims1w5bt
935330,1.5705558061599731,m9lacg4r
935347,1.594244122505188,7xkf4smi
935347,1.607046365737915,ims1w5bt
935347,1.6047362089157104,m9lacg4r
935358,1.584266185760498,7xkf4smi
935358,1.6025677919387817,ims1w5bt
935358,1.5960752964019775,m9lacg4r
935363,1.5927860736846924,7xkf4smi
935363,1.6166101694107056,ims1w5bt
935363,1.5993133783340454,m9lacg4r
935383,1.5741325616836548,7xkf4smi
935383,1.562304139137268,ims1w5bt
935383,1.6246458292007446,m9lacg4r
935386,1.5773314237594604,7xkf4smi
935386,1.6075271368026733,ims1w5bt
935386,1.6155056953430176,m9lacg4r
935388,1.616075038909912,7xkf4smi
935388,1.6037147045135498,ims1w5bt
935388,1.6067372560501099,m9lacg4r
935389,1.616451382637024,7xkf4smi
935389,1.6127572059631348,ims1w5bt
935389,1.5585417747497559,m9lacg4r
935390,1.6560953855514526,7xkf4smi
935390,1.5981662273406982,ims1w5bt
935390,1.6395164728164673,m9lacg4r
935391,1.6245652437210083,7xkf4smi
935391,1.6197324991226196,ims1w5bt
935391,1.5983458757400513,m9lacg4r
935392,1.5817277431488037,7xkf4smi
935392,1.5996166467666626,ims1w5bt
935392,1.5832810401916504,m9lacg4r
935394,1.5817266702651978,7xkf4smi
935394,1.5890085697174072,ims1w5bt
935394,1.6113317012786865,m9lacg4r
935419,1.603075623512268,7xkf4smi
935419,1.654132604598999,ims1w5bt
935419,1.6344013214111328,m9lacg4r
935427,1.5884432792663574,7xkf4smi
935427,1.6187936067581177,ims1w5bt
935427,1.6232452392578125,m9lacg4r
935432,1.595522165298462,7xkf4smi
935432,1.5809192657470703,ims1w5bt
935432,1.5882222652435303,m9lacg4r
935453,1.613366723060608,7xkf4smi
935453,1.6254281997680664,ims1w5bt
935453,1.6116597652435303,m9lacg4r
935458,1.5975372791290283,7xkf4smi
935458,1.6067618131637573,ims1w5bt
935458,1.6376099586486816,m9lacg4r
935460,1.5953001976013184,7xkf4smi
935460,1.5819746255874634,ims1w5bt
935460,1.6311674118041992,m9lacg4r
935461,1.6018019914627075,7xkf4smi
935461,1.6208726167678833,ims1w5bt
935461,1.5862399339675903,m9lacg4r
935462,1.5778714418411255,7xkf4smi
935462,1.5581800937652588,ims1w5bt
935462,1.641621470451355,m9lacg4r
935465,1.6051217317581177,7xkf4smi
935465,1.5654258728027344,ims1w5bt
935465,1.6264615058898926,m9lacg4r
935469,1.6462534666061401,7xkf4smi
935469,1.6257331371307373,ims1w5bt
935469,1.5703495740890503,m9lacg4r
935485,1.5843287706375122,7xkf4smi
935485,1.6330240964889526,ims1w5bt
935485,1.6362217664718628,m9lacg4r
935492,1.6093963384628296,7xkf4smi
935492,1.5759830474853516,ims1w5bt
935492,1.5906661748886108,m9lacg4r
935509,1.5849602222442627,7xkf4smi
935509,1.598937749862671,ims1w5bt
935509,1.5960150957107544,m9lacg4r
935523,1.613052248954773,7xkf4smi
935523,1.6033637523651123,ims1w5bt
935523,1.6071678400039673,m9lacg4r
935524,1.5576268434524536,7xkf4smi
935524,1.5990747213363647,ims1w5bt
935524,1.5983656644821167,m9lacg4r
935530,1.6107807159423828,7xkf4smi
935530,1.6190868616104126,ims1w5bt
935530,1.5771698951721191,m9lacg4r
935551,1.653167724609375,7xkf4smi
935551,1.586402416229248,ims1w5bt
935551,1.5816292762756348,m9lacg4r
935556,1.6132657527923584,7xkf4smi
935556,1.598734974861145,ims1w5bt
935556,1.627385139465332,m9lacg4r
935568,1.602678656578064,7xkf4smi
935568,1.5864109992980957,ims1w5bt
935568,1.5841965675354004,m9lacg4r
935597,1.6223169565200806,7xkf4smi
935597,1.6274546384811401,ims1w5bt
935597,1.5909024477005005,m9lacg4r
935603,1.5955110788345337,7xkf4smi
935603,1.5917900800704956,ims1w5bt
935603,1.5851315259933472,m9lacg4r
935606,1.595945119857788,7xkf4smi
935606,1.5928527116775513,ims1w5bt
935606,1.6062973737716675,m9lacg4r
935622,1.6059902906417847,7xkf4smi
935622,1.5999630689620972,ims1w5bt
935622,1.5675603151321411,m9lacg4r
935638,1.6021418571472168,7xkf4smi
935638,1.6043339967727661,ims1w5bt
935638,1.623173713684082,m9lacg4r
935640,1.6062756776809692,7xkf4smi
935640,1.5389134883880615,ims1w5bt
935640,1.5793707370758057,m9lacg4r
935651,1.5933218002319336,7xkf4smi
935651,1.6081321239471436,ims1w5bt
935651,1.6083886623382568,m9lacg4r
935653,1.6285799741744995,7xkf4smi
935653,1.6183165311813354,ims1w5bt
935653,1.6411386728286743,m9lacg4r
935668,1.5808565616607666,7xkf4smi
935668,1.5922565460205078,ims1w5bt
935668,1.5839674472808838,m9lacg4r
935673,1.63823664188385,7xkf4smi
935673,1.6319224834442139,ims1w5bt
935673,1.5927057266235352,m9lacg4r
935676,1.636509895324707,7xkf4smi
935676,1.619132161140442,ims1w5bt
935676,1.602005958557129,m9lacg4r
935677,1.5825175046920776,7xkf4smi
935677,1.5968246459960938,ims1w5bt
935677,1.6065318584442139,m9lacg4r
935678,1.5989569425582886,7xkf4smi
935678,1.6291142702102661,ims1w5bt
935678,1.576490044593811,m9lacg4r
935681,1.6057730913162231,7xkf4smi
935681,1.6049953699111938,ims1w5bt
935681,1.6025488376617432,m9lacg4r
935688,1.5733519792556763,7xkf4smi
935688,1.5833581686019897,ims1w5bt
935688,1.5828965902328491,m9lacg4r
935717,1.5795135498046875,7xkf4smi
935717,1.579456090927124,ims1w5bt
935717,1.619802474975586,m9lacg4r
935743,1.5960041284561157,7xkf4smi
935743,1.6049349308013916,ims1w5bt
935743,1.5821336507797241,m9lacg4r
935756,1.5636320114135742,7xkf4smi
935756,1.6041496992111206,ims1w5bt
935756,1.585192084312439,m9lacg4r
935758,1.606335163116455,7xkf4smi
935758,1.5965989828109741,ims1w5bt
935758,1.6160651445388794,m9lacg4r
935767,1.5696240663528442,7xkf4smi
935767,1.633876085281372,ims1w5bt
935767,1.5993810892105103,m9lacg4r
935770,1.5823297500610352,7xkf4smi
935770,1.5945791006088257,ims1w5bt
935770,1.6170226335525513,m9lacg4r
935787,1.5774211883544922,7xkf4smi
935787,1.5667890310287476,ims1w5bt
935787,1.5911098718643188,m9lacg4r
935792,1.6231892108917236,7xkf4smi
935792,1.5664629936218262,ims1w5bt
935792,1.6057603359222412,m9lacg4r
935811,1.5985798835754395,7xkf4smi
935811,1.6301578283309937,ims1w5bt
935811,1.604516625404358,m9lacg4r
935812,1.638922095298767,7xkf4smi
935812,1.5969479084014893,ims1w5bt
935812,1.5619291067123413,m9lacg4r
935817,1.5772197246551514,7xkf4smi
935817,1.603766679763794,ims1w5bt
935817,1.5633805990219116,m9lacg4r
935828,1.6310876607894897,7xkf4smi
935828,1.6208475828170776,ims1w5bt
935828,1.5778205394744873,m9lacg4r
935836,1.631704568862915,7xkf4smi
935836,1.5951565504074097,ims1w5bt
935836,1.5720503330230713,m9lacg4r
935840,1.623139500617981,7xkf4smi
935840,1.5805896520614624,ims1w5bt
935840,1.5637117624282837,m9lacg4r
935849,1.6011849641799927,7xkf4smi
935849,1.6083526611328125,ims1w5bt
935849,1.6155802011489868,m9lacg4r
935856,1.580783486366272,7xkf4smi
935856,1.5999912023544312,ims1w5bt
935856,1.5798587799072266,m9lacg4r
935869,1.6330138444900513,7xkf4smi
935869,1.5989419221878052,ims1w5bt
935869,1.5700902938842773,m9lacg4r
935872,1.6229313611984253,7xkf4smi
935872,1.5944722890853882,ims1w5bt
935872,1.6124861240386963,m9lacg4r
935873,1.5575186014175415,7xkf4smi
935873,1.575251817703247,ims1w5bt
935873,1.6389368772506714,m9lacg4r
935881,1.5893982648849487,7xkf4smi
935881,1.5979180335998535,ims1w5bt
935881,1.6210542917251587,m9lacg4r
935884,1.5614771842956543,7xkf4smi
935884,1.6115000247955322,ims1w5bt
935884,1.6077735424041748,m9lacg4r
935898,1.5999027490615845,7xkf4smi
935898,1.5961438417434692,ims1w5bt
935898,1.5937345027923584,m9lacg4r
935906,1.602986216545105,7xkf4smi
935906,1.6027555465698242,ims1w5bt
935906,1.6008944511413574,m9lacg4r
935907,1.5923702716827393,7xkf4smi
935907,1.6130257844924927,ims1w5bt
935907,1.6328389644622803,m9lacg4r
935917,1.5606414079666138,7xkf4smi
935917,1.5482732057571411,ims1w5bt
935917,1.5914218425750732,m9lacg4r
935937,1.6205294132232666,7xkf4smi
935937,1.5619449615478516,ims1w5bt
935937,1.6071577072143555,m9lacg4r
935940,1.6213500499725342,7xkf4smi
935940,1.6314239501953125,ims1w5bt
935940,1.6150203943252563,m9lacg4r
935947,1.5449085235595703,7xkf4smi
935947,1.5973241329193115,ims1w5bt
935947,1.585762619972229,m9lacg4r
935951,1.5651241540908813,7xkf4smi
935951,1.6246081590652466,ims1w5bt
935951,1.6036021709442139,m9lacg4r
935953,1.5700592994689941,7xkf4smi
935953,1.5732753276824951,ims1w5bt
935953,1.6218839883804321,m9lacg4r
935958,1.5902408361434937,7xkf4smi
935958,1.5927811861038208,ims1w5bt
935958,1.5780611038208008,m9lacg4r
935966,1.6029362678527832,7xkf4smi
935966,1.597446322441101,ims1w5bt
935966,1.5913875102996826,m9lacg4r
936000,1.6235431432724,7xkf4smi
936000,1.5961804389953613,ims1w5bt
936000,1.6062086820602417,m9lacg4r
936015,1.6182923316955566,7xkf4smi
936015,1.6020969152450562,ims1w5bt
936015,1.6133928298950195,m9lacg4r
936017,1.5454018115997314,7xkf4smi
936017,1.584790825843811,ims1w5bt
936017,1.5910401344299316,m9lacg4r
936021,1.5707813501358032,7xkf4smi
936021,1.5943827629089355,ims1w5bt
936021,1.5780888795852661,m9lacg4r
936036,1.6089295148849487,7xkf4smi
936036,1.6346018314361572,ims1w5bt
936036,1.5751298666000366,m9lacg4r
936042,1.5704244375228882,7xkf4smi
936042,1.6105257272720337,ims1w5bt
936042,1.5863319635391235,m9lacg4r
936048,1.5730456113815308,7xkf4smi
936048,1.5689740180969238,ims1w5bt
936048,1.5867263078689575,m9lacg4r
936056,1.6123329401016235,7xkf4smi
936056,1.585822343826294,ims1w5bt
936056,1.6367177963256836,m9lacg4r
936075,1.53109610080719,7xkf4smi
936075,1.5990031957626343,ims1w5bt
936075,1.558988094329834,m9lacg4r
936077,1.6277581453323364,7xkf4smi
936077,1.6147356033325195,ims1w5bt
936077,1.607096552848816,m9lacg4r
936087,1.5983211994171143,7xkf4smi
936087,1.5843616724014282,ims1w5bt
936087,1.6089776754379272,m9lacg4r
936092,1.5726706981658936,7xkf4smi
936092,1.5937702655792236,ims1w5bt
936092,1.5784469842910767,m9lacg4r
936097,1.6002832651138306,7xkf4smi
936097,1.605172038078308,ims1w5bt
936097,1.6004409790039062,m9lacg4r
936109,1.6100622415542603,7xkf4smi
936109,1.6097971200942993,ims1w5bt
936109,1.5998432636260986,m9lacg4r
936119,1.63771390914917,7xkf4smi
936119,1.595227837562561,ims1w5bt
936119,1.5769726037979126,m9lacg4r
936120,1.60219144821167,7xkf4smi
936120,1.5819801092147827,ims1w5bt
936120,1.6011162996292114,m9lacg4r
936121,1.5493086576461792,7xkf4smi
936121,1.6243906021118164,ims1w5bt
936121,1.6384594440460205,m9lacg4r
936124,1.6024489402770996,7xkf4smi
936124,1.5894660949707031,ims1w5bt
936124,1.6059072017669678,m9lacg4r
936125,1.6143476963043213,7xkf4smi
936125,1.5901986360549927,ims1w5bt
936125,1.5811265707015991,m9lacg4r
936131,1.6074553728103638,7xkf4smi
936131,1.6259809732437134,ims1w5bt
936131,1.594551920890808,m9lacg4r
936143,1.5657157897949219,7xkf4smi
936143,1.5956312417984009,ims1w5bt
936143,1.5894551277160645,m9lacg4r
936145,1.5492478609085083,7xkf4smi
936145,1.598075270652771,ims1w5bt
936145,1.5632723569869995,m9lacg4r
936150,1.60310959815979,7xkf4smi
936150,1.6129192113876343,ims1w5bt
936150,1.6209641695022583,m9lacg4r
936172,1.6179689168930054,7xkf4smi
936172,1.5952945947647095,ims1w5bt
936172,1.601601481437683,m9lacg4r
936173,1.611154556274414,7xkf4smi
936173,1.5811139345169067,ims1w5bt
936173,1.5788003206253052,m9lacg4r
936177,1.580445408821106,7xkf4smi
936177,1.602575421333313,ims1w5bt
936177,1.595258355140686,m9lacg4r
936178,1.6072841882705688,7xkf4smi
936178,1.6075890064239502,ims1w5bt
936178,1.5934544801712036,m9lacg4r
936181,1.6330680847167969,7xkf4smi
936181,1.6238316297531128,ims1w5bt
936181,1.5707075595855713,m9lacg4r
936190,1.5917377471923828,7xkf4smi
936190,1.5950525999069214,ims1w5bt
936190,1.598524808883667,m9lacg4r
936194,1.6037465333938599,7xkf4smi
936194,1.5886832475662231,ims1w5bt
936194,1.5823091268539429,m9lacg4r
936204,1.5796078443527222,7xkf4smi
936204,1.5918434858322144,ims1w5bt
936204,1.5999723672866821,m9lacg4r
936211,1.554063320159912,7xkf4smi
936211,1.6359539031982422,ims1w5bt
936211,1.6133780479431152,m9lacg4r
936214,1.5917109251022339,7xkf4smi
936214,1.5883684158325195,ims1w5bt
936214,1.6016615629196167,m9lacg4r
936218,1.6246182918548584,7xkf4smi
936218,1.5545408725738525,ims1w5bt
936218,1.6296759843826294,m9lacg4r
936227,1.5771905183792114,7xkf4smi
936227,1.6005648374557495,ims1w5bt
936227,1.6321271657943726,m9lacg4r
936235,1.615140676498413,7xkf4smi
936235,1.5700358152389526,ims1w5bt
936235,1.5969234704971313,m9lacg4r
936241,1.5548533201217651,7xkf4smi
936241,1.6035548448562622,ims1w5bt
936241,1.6074522733688354,m9lacg4r
936243,1.6086176633834839,7xkf4smi
936243,1.5959054231643677,ims1w5bt
936243,1.5878486633300781,m9lacg4r
936244,1.570502758026123,7xkf4smi
936244,1.5876158475875854,ims1w5bt
936244,1.603820562362671,m9lacg4r
936247,1.605618953704834,7xkf4smi
936247,1.5981791019439697,ims1w5bt
936247,1.6169707775115967,m9lacg4r
936248,1.6058871746063232,7xkf4smi
936248,1.6075432300567627,ims1w5bt
936248,1.570102572441101,m9lacg4r
936251,1.5833503007888794,7xkf4smi
936251,1.605846643447876,ims1w5bt
936251,1.583870768547058,m9lacg4r
936257,1.6065266132354736,7xkf4smi
936257,1.5664887428283691,ims1w5bt
936257,1.5905044078826904,m9lacg4r
936273,1.5959045886993408,7xkf4smi
936273,1.6061480045318604,ims1w5bt
936273,1.5997672080993652,m9lacg4r
936274,1.6041650772094727,7xkf4smi
936274,1.6190752983093262,ims1w5bt
936274,1.5831531286239624,m9lacg4r
936276,1.6061512231826782,7xkf4smi
936276,1.5939404964447021,ims1w5bt
936276,1.6086578369140625,m9lacg4r
936282,1.6432589292526245,7xkf4smi
936282,1.5989841222763062,ims1w5bt
936282,1.550743818283081,m9lacg4r
936294,1.5913218259811401,7xkf4smi
936294,1.628769874572754,ims1w5bt
936294,1.596328616142273,m9lacg4r
936298,1.6359364986419678,7xkf4smi
936298,1.5991253852844238,ims1w5bt
936298,1.628873348236084,m9lacg4r
936303,1.595566749572754,7xkf4smi
936303,1.565906286239624,ims1w5bt
936303,1.6022849082946777,m9lacg4r
936310,1.5770819187164307,7xkf4smi
936310,1.5727510452270508,ims1w5bt
936310,1.615586757659912,m9lacg4r
936315,1.56320321559906,7xkf4smi
936315,1.619545340538025,ims1w5bt
936315,1.5749187469482422,m9lacg4r
936319,1.5745028257369995,7xkf4smi
936319,1.6298829317092896,ims1w5bt
936319,1.5474485158920288,m9lacg4r
936322,1.5838513374328613,7xkf4smi
936322,1.6113580465316772,ims1w5bt
936322,1.6429905891418457,m9lacg4r
936324,1.5844266414642334,7xkf4smi
936324,1.6198017597198486,ims1w5bt
936324,1.5955359935760498,m9lacg4r
936331,1.600386619567871,7xkf4smi
936331,1.6037417650222778,ims1w5bt
936331,1.561890721321106,m9lacg4r
936351,1.6003057956695557,7xkf4smi
936351,1.5725396871566772,ims1w5bt
936351,1.6043974161148071,m9lacg4r
936359,1.605505108833313,7xkf4smi
936359,1.5768969058990479,ims1w5bt
936359,1.5729117393493652,m9lacg4r
936374,1.6150157451629639,7xkf4smi
936374,1.6074265241622925,ims1w5bt
936374,1.5835322141647339,m9lacg4r
936377,1.5845661163330078,7xkf4smi
936377,1.6433167457580566,ims1w5bt
936377,1.585263967514038,m9lacg4r
936383,1.5920964479446411,7xkf4smi
936383,1.6217516660690308,ims1w5bt
936383,1.5491975545883179,m9lacg4r
936392,1.5768346786499023,7xkf4smi
936392,1.5584239959716797,ims1w5bt
936392,1.6089283227920532,m9lacg4r
936399,1.5632377862930298,7xkf4smi
936399,1.584315538406372,ims1w5bt
936399,1.5961418151855469,m9lacg4r
936400,1.5734856128692627,7xkf4smi
936400,1.5811269283294678,ims1w5bt
936400,1.627998948097229,m9lacg4r
936409,1.6123634576797485,7xkf4smi
936409,1.6173489093780518,ims1w5bt
936409,1.5845407247543335,m9lacg4r
936424,1.6171140670776367,7xkf4smi
936424,1.6361854076385498,ims1w5bt
936424,1.5951652526855469,m9lacg4r
936441,1.6057944297790527,7xkf4smi
936441,1.5959128141403198,ims1w5bt
936441,1.5948070287704468,m9lacg4r
936467,1.634790062904358,7xkf4smi
936467,1.6136168241500854,ims1w5bt
936467,1.6016393899917603,m9lacg4r
936477,1.611577033996582,7xkf4smi
936477,1.6142159700393677,ims1w5bt
936477,1.5809099674224854,m9lacg4r
936479,1.5801187753677368,7xkf4smi
936479,1.6001545190811157,ims1w5bt
936479,1.5920368432998657,m9lacg4r
936483,1.6265400648117065,7xkf4smi
936483,1.6318141222000122,ims1w5bt
936483,1.5879237651824951,m9lacg4r
936487,1.561407446861267,7xkf4smi
936487,1.6252323389053345,ims1w5bt
936487,1.6072359085083008,m9lacg4r
936488,1.6003767251968384,7xkf4smi
936488,1.5794928073883057,ims1w5bt
936488,1.5611729621887207,m9lacg4r
936510,1.5817526578903198,7xkf4smi
936510,1.5994583368301392,ims1w5bt
936510,1.6278588771820068,m9lacg4r
936513,1.6208372116088867,7xkf4smi
936513,1.6099642515182495,ims1w5bt
936513,1.5697851181030273,m9lacg4r
936528,1.5915685892105103,7xkf4smi
936528,1.6090821027755737,ims1w5bt
936528,1.598400592803955,m9lacg4r
936538,1.5998469591140747,7xkf4smi
936538,1.5893151760101318,ims1w5bt
936538,1.6023660898208618,m9lacg4r
936545,1.569003701210022,7xkf4smi
936545,1.5782397985458374,ims1w5bt
936545,1.6141037940979004,m9lacg4r
936546,1.5727885961532593,7xkf4smi
936546,1.614609718322754,ims1w5bt
936546,1.5774919986724854,m9lacg4r
936568,1.5775666236877441,7xkf4smi
936568,1.6090121269226074,ims1w5bt
936568,1.6097286939620972,m9lacg4r
936570,1.6030083894729614,7xkf4smi
936570,1.6184738874435425,ims1w5bt
936570,1.609543800354004,m9lacg4r
936578,1.5829157829284668,7xkf4smi
936578,1.6273057460784912,ims1w5bt
936578,1.6126296520233154,m9lacg4r
936581,1.610103726387024,7xkf4smi
936581,1.6354371309280396,ims1w5bt
936581,1.6129730939865112,m9lacg4r
936582,1.5813865661621094,7xkf4smi
936582,1.6060197353363037,ims1w5bt
936582,1.565136194229126,m9lacg4r
936583,1.6165800094604492,7xkf4smi
936583,1.6327999830245972,ims1w5bt
936583,1.6184955835342407,m9lacg4r
936589,1.599039077758789,7xkf4smi
936589,1.575272560119629,ims1w5bt
936589,1.6007238626480103,m9lacg4r
936590,1.5996230840682983,7xkf4smi
936590,1.5443578958511353,ims1w5bt
936590,1.5788168907165527,m9lacg4r
936599,1.5736219882965088,7xkf4smi
936599,1.6235175132751465,ims1w5bt
936599,1.613064169883728,m9lacg4r
936602,1.6303014755249023,7xkf4smi
936602,1.5879826545715332,ims1w5bt
936602,1.5678975582122803,m9lacg4r
936624,1.582837700843811,7xkf4smi
936624,1.5718780755996704,ims1w5bt
936624,1.581628680229187,m9lacg4r
936641,1.6103047132492065,7xkf4smi
936641,1.5686695575714111,ims1w5bt
936641,1.589865803718567,m9lacg4r
936642,1.5905460119247437,7xkf4smi
936642,1.5970231294631958,ims1w5bt
936642,1.5864979028701782,m9lacg4r
936650,1.6080511808395386,7xkf4smi
936650,1.6206974983215332,ims1w5bt
936650,1.5901707410812378,m9lacg4r
936654,1.5688716173171997,7xkf4smi
936654,1.6076154708862305,ims1w5bt
936654,1.613614797592163,m9lacg4r
936661,1.581258773803711,7xkf4smi
936661,1.6312590837478638,ims1w5bt
936661,1.5765799283981323,m9lacg4r
936664,1.607439398765564,7xkf4smi
936664,1.5865057706832886,ims1w5bt
936664,1.6200573444366455,m9lacg4r
936682,1.6140761375427246,7xkf4smi
936682,1.5906873941421509,ims1w5bt
936682,1.588039755821228,m9lacg4r
936689,1.6134097576141357,7xkf4smi
936689,1.5936591625213623,ims1w5bt
936689,1.6344799995422363,m9lacg4r
936701,1.590374231338501,7xkf4smi
936701,1.6136267185211182,ims1w5bt
936701,1.5803050994873047,m9lacg4r
936703,1.5826829671859741,7xkf4smi
936703,1.5778239965438843,ims1w5bt
936703,1.5775582790374756,m9lacg4r
936737,1.576778531074524,7xkf4smi
936737,1.5953909158706665,ims1w5bt
936737,1.5873967409133911,m9lacg4r
936766,1.5999555587768555,7xkf4smi
936766,1.5761865377426147,ims1w5bt
936766,1.5698319673538208,m9lacg4r
936779,1.5933789014816284,7xkf4smi
936779,1.6050268411636353,ims1w5bt
936779,1.585229754447937,m9lacg4r
936795,1.6093788146972656,7xkf4smi
936795,1.5868374109268188,ims1w5bt
936795,1.5750576257705688,m9lacg4r
936815,1.5834304094314575,7xkf4smi
936815,1.5490939617156982,ims1w5bt
936815,1.610390543937683,m9lacg4r
936816,1.6068589687347412,7xkf4smi
936816,1.6461182832717896,ims1w5bt
936816,1.596555233001709,m9lacg4r
936825,1.6181524991989136,7xkf4smi
936825,1.606785535812378,ims1w5bt
936825,1.6322253942489624,m9lacg4r
936828,1.5898581743240356,7xkf4smi
936828,1.5851550102233887,ims1w5bt
936828,1.5443284511566162,m9lacg4r
936839,1.585294485092163,7xkf4smi
936839,1.584420084953308,ims1w5bt
936839,1.6028048992156982,m9lacg4r
936842,1.5625934600830078,7xkf4smi
936842,1.5722204446792603,ims1w5bt
936842,1.5687326192855835,m9lacg4r
936848,1.6207486391067505,7xkf4smi
936848,1.6103633642196655,ims1w5bt
936848,1.584758996963501,m9lacg4r
936852,1.609249234199524,7xkf4smi
936852,1.623497724533081,ims1w5bt
936852,1.5894571542739868,m9lacg4r
936860,1.595735788345337,7xkf4smi
936860,1.5740594863891602,ims1w5bt
936860,1.6319252252578735,m9lacg4r
936868,1.6330013275146484,7xkf4smi
936868,1.6238939762115479,ims1w5bt
936868,1.5570977926254272,m9lacg4r
936881,1.6363277435302734,7xkf4smi
936881,1.5539984703063965,ims1w5bt
936881,1.593920111656189,m9lacg4r
936886,1.604081153869629,7xkf4smi
936886,1.6123253107070923,ims1w5bt
936886,1.6323919296264648,m9lacg4r
936894,1.5374361276626587,7xkf4smi
936894,1.6309614181518555,ims1w5bt
936894,1.6042120456695557,m9lacg4r
936903,1.567129373550415,7xkf4smi
936903,1.575803518295288,ims1w5bt
936903,1.5670675039291382,m9lacg4r
936914,1.6046557426452637,7xkf4smi
936914,1.5976914167404175,ims1w5bt
936914,1.5851651430130005,m9lacg4r
936916,1.6069802045822144,7xkf4smi
936916,1.5991442203521729,ims1w5bt
936916,1.598502278327942,m9lacg4r
936925,1.620137333869934,7xkf4smi
936925,1.5772957801818848,ims1w5bt
936925,1.6004061698913574,m9lacg4r
936936,1.6118518114089966,7xkf4smi
936936,1.5892852544784546,ims1w5bt
936936,1.615372896194458,m9lacg4r
936952,1.6114213466644287,7xkf4smi
936952,1.6018544435501099,ims1w5bt
936952,1.5845509767532349,m9lacg4r
936971,1.5839790105819702,7xkf4smi
936971,1.5991334915161133,ims1w5bt
936971,1.6168217658996582,m9lacg4r
936990,1.5867424011230469,7xkf4smi
936990,1.6088080406188965,ims1w5bt
936990,1.5713212490081787,m9lacg4r
937001,1.62923002243042,7xkf4smi
937001,1.5686503648757935,ims1w5bt
937001,1.5974444150924683,m9lacg4r
937010,1.5734354257583618,7xkf4smi
937010,1.5798293352127075,ims1w5bt
937010,1.574908971786499,m9lacg4r
937016,1.5222123861312866,7xkf4smi
937016,1.5796830654144287,ims1w5bt
937016,1.5928398370742798,m9lacg4r
937020,1.6062666177749634,7xkf4smi
937020,1.5989152193069458,ims1w5bt
937020,1.6002122163772583,m9lacg4r
937024,1.6106394529342651,7xkf4smi
937024,1.5897043943405151,ims1w5bt
937024,1.600085973739624,m9lacg4r
937026,1.574840784072876,7xkf4smi
937026,1.6275557279586792,ims1w5bt
937026,1.6275392770767212,m9lacg4r
937027,1.5671889781951904,7xkf4smi
937027,1.5625666379928589,ims1w5bt
937027,1.6116924285888672,m9lacg4r
937035,1.5768048763275146,7xkf4smi
937035,1.5881187915802002,ims1w5bt
937035,1.5984811782836914,m9lacg4r
937054,1.5988037586212158,7xkf4smi
937054,1.599280834197998,ims1w5bt
937054,1.5613971948623657,m9lacg4r
937056,1.537890076637268,7xkf4smi
937056,1.6145344972610474,ims1w5bt
937056,1.55539870262146,m9lacg4r
937063,1.6022047996520996,7xkf4smi
937063,1.6034246683120728,ims1w5bt
937063,1.600090742111206,m9lacg4r
937064,1.5579814910888672,7xkf4smi
937064,1.615598201751709,ims1w5bt
937064,1.6365708112716675,m9lacg4r
937071,1.6183793544769287,7xkf4smi
937071,1.6020747423171997,ims1w5bt
937071,1.5933648347854614,m9lacg4r
937082,1.5795527696609497,7xkf4smi
937082,1.5879706144332886,ims1w5bt
937082,1.5396767854690552,m9lacg4r
937088,1.5953980684280396,7xkf4smi
937088,1.6147997379302979,ims1w5bt
937088,1.5736656188964844,m9lacg4r
937091,1.5890988111495972,7xkf4smi
937091,1.5709222555160522,ims1w5bt
937091,1.5718772411346436,m9lacg4r
937092,1.5905591249465942,7xkf4smi
937092,1.559082269668579,ims1w5bt
937092,1.5877478122711182,m9lacg4r
937094,1.5996413230895996,7xkf4smi
937094,1.6221221685409546,ims1w5bt
937094,1.6257480382919312,m9lacg4r
937112,1.585715413093567,7xkf4smi
937112,1.5875433683395386,ims1w5bt
937112,1.6512012481689453,m9lacg4r
937122,1.5725562572479248,7xkf4smi
937122,1.6008151769638062,ims1w5bt
937122,1.5902947187423706,m9lacg4r
937131,1.6144081354141235,7xkf4smi
937131,1.6024426221847534,ims1w5bt
937131,1.582570195198059,m9lacg4r
937132,1.5537006855010986,7xkf4smi
937132,1.5790534019470215,ims1w5bt
937132,1.5964632034301758,m9lacg4r
937139,1.621139645576477,7xkf4smi
937139,1.574245810508728,ims1w5bt
937139,1.595884084701538,m9lacg4r
937143,1.5979773998260498,7xkf4smi
937143,1.5764821767807007,ims1w5bt
937143,1.575156569480896,m9lacg4r
937147,1.5670512914657593,7xkf4smi
937147,1.5759391784667969,ims1w5bt
937147,1.5965033769607544,m9lacg4r
937154,1.5831855535507202,7xkf4smi
937154,1.5963653326034546,ims1w5bt
937154,1.6032252311706543,m9lacg4r
937158,1.554909348487854,7xkf4smi
937158,1.609135627746582,ims1w5bt
937158,1.5355875492095947,m9lacg4r
937160,1.6042135953903198,7xkf4smi
937160,1.6111952066421509,ims1w5bt
937160,1.6455256938934326,m9lacg4r
937163,1.5659202337265015,7xkf4smi
937163,1.5846623182296753,ims1w5bt
937163,1.5840814113616943,m9lacg4r
937167,1.5599315166473389,7xkf4smi
937167,1.5731652975082397,ims1w5bt
937167,1.5880353450775146,m9lacg4r
937174,1.5591504573822021,7xkf4smi
937174,1.610624074935913,ims1w5bt
937174,1.5836448669433594,m9lacg4r
937182,1.6316207647323608,7xkf4smi
937182,1.5381203889846802,ims1w5bt
937182,1.600038766860962,m9lacg4r
937194,1.6160367727279663,7xkf4smi
937194,1.586403250694275,ims1w5bt
937194,1.6004207134246826,m9lacg4r
937197,1.6019995212554932,7xkf4smi
937197,1.560299038887024,ims1w5bt
937197,1.5659626722335815,m9lacg4r
937198,1.6125949621200562,7xkf4smi
937198,1.603184461593628,ims1w5bt
937198,1.5893293619155884,m9lacg4r
937201,1.5502104759216309,7xkf4smi
937201,1.5952684879302979,ims1w5bt
937201,1.5853536128997803,m9lacg4r
937202,1.5958431959152222,7xkf4smi
937202,1.5877667665481567,ims1w5bt
937202,1.6071592569351196,m9lacg4r
937207,1.6309345960617065,7xkf4smi
937207,1.618099570274353,ims1w5bt
937207,1.6053855419158936,m9lacg4r
937213,1.6138737201690674,7xkf4smi
937213,1.5802350044250488,ims1w5bt
937213,1.5609440803527832,m9lacg4r
937220,1.615829348564148,7xkf4smi
937220,1.5479323863983154,ims1w5bt
937220,1.5769230127334595,m9lacg4r
937223,1.5833061933517456,7xkf4smi
937223,1.588283658027649,ims1w5bt
937223,1.5999754667282104,m9lacg4r
937225,1.5597493648529053,7xkf4smi
937225,1.5813639163970947,ims1w5bt
937225,1.5742963552474976,m9lacg4r
937244,1.596472144126892,7xkf4smi
937244,1.569493293762207,ims1w5bt
937244,1.6095854043960571,m9lacg4r
937268,1.6280326843261719,7xkf4smi
937268,1.5956331491470337,ims1w5bt
937268,1.5784884691238403,m9lacg4r
937285,1.612114429473877,7xkf4smi
937285,1.568757176399231,ims1w5bt
937285,1.5515637397766113,m9lacg4r
937286,1.5704057216644287,7xkf4smi
937286,1.6077648401260376,ims1w5bt
937286,1.5726250410079956,m9lacg4r
937303,1.595299482345581,7xkf4smi
937303,1.5944017171859741,ims1w5bt
937303,1.6032781600952148,m9lacg4r
937311,1.6279551982879639,7xkf4smi
937311,1.617039680480957,ims1w5bt
937311,1.58584463596344,m9lacg4r
937312,1.6167269945144653,7xkf4smi
937312,1.635459303855896,ims1w5bt
937312,1.6046196222305298,m9lacg4r
937316,1.6020325422286987,7xkf4smi
937316,1.6048834323883057,ims1w5bt
937316,1.5928477048873901,m9lacg4r
937320,1.5831977128982544,7xkf4smi
937320,1.6005713939666748,ims1w5bt
937320,1.6038305759429932,m9lacg4r
937331,1.6159842014312744,7xkf4smi
937331,1.5673346519470215,ims1w5bt
937331,1.6179978847503662,m9lacg4r
937334,1.5707403421401978,7xkf4smi
937334,1.5886454582214355,ims1w5bt
937334,1.62119722366333,m9lacg4r
937341,1.5878170728683472,7xkf4smi
937341,1.575405240058899,ims1w5bt
937341,1.6018743515014648,m9lacg4r
937342,1.5547621250152588,7xkf4smi
937342,1.576271414756775,ims1w5bt
937342,1.5950160026550293,m9lacg4r
937347,1.5799283981323242,7xkf4smi
937347,1.6203415393829346,ims1w5bt
937347,1.5994528532028198,m9lacg4r
937354,1.59200918674469,7xkf4smi
937354,1.6016600131988525,ims1w5bt
937354,1.6095235347747803,m9lacg4r
937356,1.583882212638855,7xkf4smi
937356,1.592896580696106,ims1w5bt
937356,1.5932940244674683,m9lacg4r
937363,1.5547373294830322,7xkf4smi
937363,1.6094744205474854,ims1w5bt
937363,1.5955780744552612,m9lacg4r
937366,1.6192543506622314,7xkf4smi
937366,1.6058413982391357,ims1w5bt
937366,1.656416416168213,m9lacg4r
937371,1.5844677686691284,7xkf4smi
937371,1.577110767364502,ims1w5bt
937371,1.5563255548477173,m9lacg4r
937373,1.6045827865600586,7xkf4smi
937373,1.561935544013977,ims1w5bt
937373,1.5577905178070068,m9lacg4r
937396,1.6046192646026611,7xkf4smi
937396,1.5897271633148193,ims1w5bt
937396,1.6275324821472168,m9lacg4r
937398,1.5904990434646606,7xkf4smi
937398,1.5665159225463867,ims1w5bt
937398,1.5731765031814575,m9lacg4r
937403,1.6024856567382812,7xkf4smi
937403,1.577606201171875,ims1w5bt
937403,1.548309087753296,m9lacg4r
937409,1.5611826181411743,7xkf4smi
937409,1.5881130695343018,ims1w5bt
937409,1.5535157918930054,m9lacg4r
937410,1.5644994974136353,7xkf4smi
937410,1.6274139881134033,ims1w5bt
937410,1.611112356185913,m9lacg4r
937414,1.6104081869125366,7xkf4smi
937414,1.5891084671020508,ims1w5bt
937414,1.573615550994873,m9lacg4r
937419,1.590456247329712,7xkf4smi
937419,1.5642573833465576,ims1w5bt
937419,1.5818796157836914,m9lacg4r
937428,1.6470777988433838,7xkf4smi
937428,1.612853765487671,ims1w5bt
937428,1.5855066776275635,m9lacg4r
937435,1.5966627597808838,7xkf4smi
937435,1.6447341442108154,ims1w5bt
937435,1.5857032537460327,m9lacg4r
937438,1.594537377357483,7xkf4smi
937438,1.5907930135726929,ims1w5bt
937438,1.5685796737670898,m9lacg4r
937440,1.5816054344177246,7xkf4smi
937440,1.6297690868377686,ims1w5bt
937440,1.5709404945373535,m9lacg4r
937442,1.586837887763977,7xkf4smi
937442,1.6105194091796875,ims1w5bt
937442,1.5740231275558472,m9lacg4r
937445,1.5886460542678833,7xkf4smi
937445,1.5839674472808838,ims1w5bt
937445,1.605478048324585,m9lacg4r
937448,1.5792251825332642,7xkf4smi
937448,1.6103163957595825,ims1w5bt
937448,1.5900033712387085,m9lacg4r
937451,1.569860577583313,7xkf4smi
937451,1.5888179540634155,ims1w5bt
937451,1.573853611946106,m9lacg4r
937452,1.5764271020889282,7xkf4smi
937452,1.5893994569778442,ims1w5bt
937452,1.5675725936889648,m9lacg4r
937472,1.6330043077468872,7xkf4smi
937472,1.5428318977355957,ims1w5bt
937472,1.6088134050369263,m9lacg4r
937477,1.6072275638580322,7xkf4smi
937477,1.577229380607605,ims1w5bt
937477,1.5757414102554321,m9lacg4r
937495,1.6208837032318115,7xkf4smi
937495,1.5989629030227661,ims1w5bt
937495,1.5784844160079956,m9lacg4r
937497,1.5446195602416992,7xkf4smi
937497,1.6028573513031006,ims1w5bt
937497,1.5994758605957031,m9lacg4r
937499,1.5774301290512085,7xkf4smi
937499,1.6225473880767822,ims1w5bt
937499,1.5687705278396606,m9lacg4r
937501,1.5835115909576416,7xkf4smi
937501,1.5914011001586914,ims1w5bt
937501,1.5822683572769165,m9lacg4r
937516,1.6182600259780884,7xkf4smi
937516,1.5776386260986328,ims1w5bt
937516,1.6045236587524414,m9lacg4r
937527,1.5986056327819824,7xkf4smi
937527,1.5959374904632568,ims1w5bt
937527,1.5969806909561157,m9lacg4r
937532,1.6401469707489014,7xkf4smi
937532,1.5900256633758545,ims1w5bt
937532,1.577012300491333,m9lacg4r
937535,1.6167335510253906,7xkf4smi
937535,1.5576510429382324,ims1w5bt
937535,1.5530771017074585,m9lacg4r
937539,1.541770577430725,7xkf4smi
937539,1.5698237419128418,ims1w5bt
937539,1.5832957029342651,m9lacg4r
937546,1.6102149486541748,7xkf4smi
937546,1.559820532798767,ims1w5bt
937546,1.5757195949554443,m9lacg4r
937551,1.604823350906372,7xkf4smi
937551,1.6281694173812866,ims1w5bt
937551,1.586477518081665,m9lacg4r
937564,1.6150282621383667,7xkf4smi
937564,1.56869375705719,ims1w5bt
937564,1.60504949092865,m9lacg4r
937572,1.6103683710098267,7xkf4smi
937572,1.575894832611084,ims1w5bt
937572,1.6239120960235596,m9lacg4r
937581,1.5697683095932007,7xkf4smi
937581,1.5926140546798706,ims1w5bt
937581,1.5935003757476807,m9lacg4r
937582,1.5494258403778076,7xkf4smi
937582,1.6148027181625366,ims1w5bt
937582,1.5428247451782227,m9lacg4r
937587,1.5869601964950562,7xkf4smi
937587,1.5928062200546265,ims1w5bt
937587,1.6203423738479614,m9lacg4r
937589,1.6414823532104492,7xkf4smi
937589,1.5425150394439697,ims1w5bt
937589,1.5716074705123901,m9lacg4r
937591,1.5999869108200073,7xkf4smi
937591,1.591668963432312,ims1w5bt
937591,1.6262999773025513,m9lacg4r
937596,1.5952812433242798,7xkf4smi
937596,1.5997989177703857,ims1w5bt
937596,1.5910437107086182,m9lacg4r
937604,1.5552846193313599,7xkf4smi
937604,1.6380796432495117,ims1w5bt
937604,1.579328179359436,m9lacg4r
937617,1.5608137845993042,7xkf4smi
937617,1.5926333665847778,ims1w5bt
937617,1.5631500482559204,m9lacg4r
937623,1.5896800756454468,7xkf4smi
937623,1.5992131233215332,ims1w5bt
937623,1.5730509757995605,m9lacg4r
937625,1.5585750341415405,7xkf4smi
937625,1.6372861862182617,ims1w5bt
937625,1.5693395137786865,m9lacg4r
937627,1.5735143423080444,7xkf4smi
937627,1.5913608074188232,ims1w5bt
937627,1.5918015241622925,m9lacg4r
937629,1.591454029083252,7xkf4smi
937629,1.6035141944885254,ims1w5bt
937629,1.5806736946105957,m9lacg4r
937639,1.6029423475265503,7xkf4smi
937639,1.6231403350830078,ims1w5bt
937639,1.6068902015686035,m9lacg4r
937640,1.61005437374115,7xkf4smi
937640,1.6003462076187134,ims1w5bt
937640,1.563552737236023,m9lacg4r
937648,1.5874589681625366,7xkf4smi
937648,1.5772441625595093,ims1w5bt
937648,1.5763959884643555,m9lacg4r
937667,1.6384339332580566,7xkf4smi
937667,1.6170991659164429,ims1w5bt
937667,1.587275505065918,m9lacg4r
937681,1.5740431547164917,7xkf4smi
937681,1.5888926982879639,ims1w5bt
937681,1.5441367626190186,m9lacg4r
937688,1.551895022392273,7xkf4smi
937688,1.5839918851852417,ims1w5bt
937688,1.5866055488586426,m9lacg4r
937690,1.6493326425552368,7xkf4smi
937690,1.576145052909851,ims1w5bt
937690,1.6101586818695068,m9lacg4r
937691,1.5782655477523804,7xkf4smi
937691,1.588721752166748,ims1w5bt
937691,1.5878081321716309,m9lacg4r
937692,1.57429838180542,7xkf4smi
937692,1.572611927986145,ims1w5bt
937692,1.5645359754562378,m9lacg4r
937697,1.6057484149932861,7xkf4smi
937697,1.5829401016235352,ims1w5bt
937697,1.6022295951843262,m9lacg4r
937707,1.5819041728973389,7xkf4smi
937707,1.5741938352584839,ims1w5bt
937707,1.5988558530807495,m9lacg4r
937712,1.5869795083999634,7xkf4smi
937712,1.5916461944580078,ims1w5bt
937712,1.6074475049972534,m9lacg4r
937732,1.587957739830017,7xkf4smi
937732,1.6118407249450684,ims1w5bt
937732,1.6152387857437134,m9lacg4r
937735,1.5870381593704224,7xkf4smi
937735,1.548875331878662,ims1w5bt
937735,1.5416401624679565,m9lacg4r
937736,1.5624929666519165,7xkf4smi
937736,1.6154122352600098,ims1w5bt
937736,1.5757819414138794,m9lacg4r
937749,1.5764918327331543,7xkf4smi
937749,1.5961068868637085,ims1w5bt
937749,1.6061291694641113,m9lacg4r
937750,1.5711658000946045,7xkf4smi
937750,1.5776805877685547,ims1w5bt
937750,1.5774126052856445,m9lacg4r
937758,1.5681463479995728,7xkf4smi
937758,1.5653284788131714,ims1w5bt
937758,1.5854209661483765,m9lacg4r
937766,1.6088289022445679,7xkf4smi
937766,1.5813586711883545,ims1w5bt
937766,1.5740946531295776,m9lacg4r
937769,1.578577995300293,7xkf4smi
937769,1.611385703086853,ims1w5bt
937769,1.6090916395187378,m9lacg4r
937770,1.5910714864730835,7xkf4smi
937770,1.6028406620025635,ims1w5bt
937770,1.586493730545044,m9lacg4r
937774,1.5990716218948364,7xkf4smi
937774,1.5726598501205444,ims1w5bt
937774,1.6121279001235962,m9lacg4r
937783,1.6131248474121094,7xkf4smi
937783,1.5859071016311646,ims1w5bt
937783,1.5739929676055908,m9lacg4r
937787,1.593767523765564,7xkf4smi
937787,1.585105538368225,ims1w5bt
937787,1.5409729480743408,m9lacg4r
937802,1.6103792190551758,7xkf4smi
937802,1.5690903663635254,ims1w5bt
937802,1.609824299812317,m9lacg4r
937807,1.5668065547943115,7xkf4smi
937807,1.5685837268829346,ims1w5bt
937807,1.5918307304382324,m9lacg4r
937809,1.6188316345214844,7xkf4smi
937809,1.572205662727356,ims1w5bt
937809,1.5818406343460083,m9lacg4r
937811,1.5859589576721191,7xkf4smi
937811,1.6108713150024414,ims1w5bt
937811,1.5897034406661987,m9lacg4r
937829,1.5738978385925293,7xkf4smi
937829,1.5994404554367065,ims1w5bt
937829,1.5703591108322144,m9lacg4r
937832,1.6164956092834473,7xkf4smi
937832,1.5975414514541626,ims1w5bt
937832,1.6114150285720825,m9lacg4r
937879,1.5806341171264648,7xkf4smi
937879,1.5719391107559204,ims1w5bt
937879,1.574655294418335,m9lacg4r
937885,1.56178617477417,7xkf4smi
937885,1.5870108604431152,ims1w5bt
937885,1.5999442338943481,m9lacg4r
937888,1.5620193481445312,7xkf4smi
937888,1.5896238088607788,ims1w5bt
937888,1.586063027381897,m9lacg4r
937890,1.5491842031478882,7xkf4smi
937890,1.5627498626708984,ims1w5bt
937890,1.5911227464675903,m9lacg4r
937897,1.5941288471221924,7xkf4smi
937897,1.5562868118286133,ims1w5bt
937897,1.546777367591858,m9lacg4r
937906,1.5797803401947021,7xkf4smi
937906,1.5699466466903687,ims1w5bt
937906,1.6135412454605103,m9lacg4r
937909,1.583527684211731,7xkf4smi
937909,1.5876591205596924,ims1w5bt
937909,1.6217643022537231,m9lacg4r
937920,1.6000653505325317,7xkf4smi
937920,1.5650136470794678,ims1w5bt
937920,1.5566802024841309,m9lacg4r
937928,1.572062373161316,7xkf4smi
937928,1.6091971397399902,ims1w5bt
937928,1.6047015190124512,m9lacg4r
937952,1.5310097932815552,7xkf4smi
937952,1.5681101083755493,ims1w5bt
937952,1.5804764032363892,m9lacg4r
937955,1.606622338294983,7xkf4smi
937955,1.5887000560760498,ims1w5bt
937955,1.6219635009765625,m9lacg4r
937957,1.5834484100341797,7xkf4smi
937957,1.6078846454620361,ims1w5bt
937957,1.6079154014587402,m9lacg4r
937962,1.5985386371612549,7xkf4smi
937962,1.5595769882202148,ims1w5bt
937962,1.5519963502883911,m9lacg4r
937971,1.576419472694397,7xkf4smi
937971,1.5419294834136963,ims1w5bt
937971,1.6143754720687866,m9lacg4r
937976,1.5513709783554077,7xkf4smi
937976,1.5730857849121094,ims1w5bt
937976,1.5984249114990234,m9lacg4r
937977,1.5761679410934448,7xkf4smi
937977,1.5807104110717773,ims1w5bt
937977,1.566068172454834,m9lacg4r
937980,1.5263888835906982,7xkf4smi
937980,1.5789058208465576,ims1w5bt
937980,1.5760568380355835,m9lacg4r
937987,1.5744105577468872,7xkf4smi
937987,1.572322130203247,ims1w5bt
937987,1.5676703453063965,m9lacg4r
938007,1.5457847118377686,7xkf4smi
938007,1.5950956344604492,ims1w5bt
938007,1.5829499959945679,m9lacg4r
938012,1.6088591814041138,7xkf4smi
938012,1.611607551574707,ims1w5bt
938012,1.5624964237213135,m9lacg4r
938019,1.605290174484253,7xkf4smi
938019,1.5943976640701294,ims1w5bt
938019,1.5876774787902832,m9lacg4r
938028,1.6248713731765747,7xkf4smi
938028,1.5981943607330322,ims1w5bt
938028,1.5915298461914062,m9lacg4r
938030,1.5815943479537964,7xkf4smi
938030,1.592978596687317,ims1w5bt
938030,1.6160622835159302,m9lacg4r
938033,1.565692663192749,7xkf4smi
938033,1.5867778062820435,ims1w5bt
938033,1.6128591299057007,m9lacg4r
938046,1.5831518173217773,7xkf4smi
938046,1.5737098455429077,ims1w5bt
938046,1.5463073253631592,m9lacg4r
938048,1.5759377479553223,7xkf4smi
938048,1.590047001838684,ims1w5bt
938048,1.5759245157241821,m9lacg4r
938076,1.5830897092819214,7xkf4smi
938076,1.5876089334487915,ims1w5bt
938076,1.5591970682144165,m9lacg4r
938086,1.5859745740890503,7xkf4smi
938086,1.577492356300354,ims1w5bt
938086,1.613295316696167,m9lacg4r
938088,1.6047707796096802,7xkf4smi
938088,1.568881869316101,ims1w5bt
938088,1.5842422246932983,m9lacg4r
938090,1.5880656242370605,7xkf4smi
938090,1.592537522315979,ims1w5bt
938090,1.6132351160049438,m9lacg4r
938091,1.5991783142089844,7xkf4smi
938091,1.5543854236602783,ims1w5bt
938091,1.603018879890442,m9lacg4r
938093,1.624395728111267,7xkf4smi
938093,1.5598045587539673,ims1w5bt
938093,1.564650535583496,m9lacg4r
938100,1.586622714996338,7xkf4smi
938100,1.5960298776626587,ims1w5bt
938100,1.6059633493423462,m9lacg4r
938111,1.5712294578552246,7xkf4smi
938111,1.5923936367034912,ims1w5bt
938111,1.5470874309539795,m9lacg4r
938127,1.5780229568481445,7xkf4smi
938127,1.6055796146392822,ims1w5bt
938127,1.5894895792007446,m9lacg4r
938140,1.566677451133728,7xkf4smi
938140,1.5808205604553223,ims1w5bt
938140,1.571096420288086,m9lacg4r
938148,1.567169427871704,7xkf4smi
938148,1.5248007774353027,ims1w5bt
938148,1.5959699153900146,m9lacg4r
938159,1.5777119398117065,7xkf4smi
938159,1.5757571458816528,ims1w5bt
938159,1.607244849205017,m9lacg4r
938162,1.5533944368362427,7xkf4smi
938162,1.572322130203247,ims1w5bt
938162,1.571210265159607,m9lacg4r
938177,1.6188395023345947,7xkf4smi
938177,1.5732245445251465,ims1w5bt
938177,1.5676742792129517,m9lacg4r
938179,1.6351698637008667,7xkf4smi
938179,1.609521746635437,ims1w5bt
938179,1.5933102369308472,m9lacg4r
938189,1.5749411582946777,7xkf4smi
938189,1.579624891281128,ims1w5bt
938189,1.6313296556472778,m9lacg4r
938220,1.6118050813674927,7xkf4smi
938220,1.5847328901290894,ims1w5bt
938220,1.556463360786438,m9lacg4r
938227,1.5730924606323242,7xkf4smi
938227,1.6109840869903564,ims1w5bt
938227,1.601861596107483,m9lacg4r
938232,1.599869728088379,7xkf4smi
938232,1.5673496723175049,ims1w5bt
938232,1.6109248399734497,m9lacg4r
938248,1.6026580333709717,7xkf4smi
938248,1.571669340133667,ims1w5bt
938248,1.5992199182510376,m9lacg4r
938262,1.5806702375411987,7xkf4smi
938262,1.5468031167984009,ims1w5bt
938262,1.6029202938079834,m9lacg4r
938263,1.5829356908798218,7xkf4smi
938263,1.6459230184555054,ims1w5bt
938263,1.566470980644226,m9lacg4r
938265,1.59474778175354,7xkf4smi
938265,1.598183035850525,ims1w5bt
938265,1.5820488929748535,m9lacg4r
938266,1.5510295629501343,7xkf4smi
938266,1.612563967704773,ims1w5bt
938266,1.5603400468826294,m9lacg4r
938270,1.583444595336914,7xkf4smi
938270,1.5557101964950562,ims1w5bt
938270,1.604210615158081,m9lacg4r
938282,1.5798557996749878,7xkf4smi
938282,1.5872464179992676,ims1w5bt
938282,1.6399602890014648,m9lacg4r
938302,1.5193485021591187,7xkf4smi
938302,1.5778294801712036,ims1w5bt
938302,1.5643543004989624,m9lacg4r
938311,1.5790987014770508,7xkf4smi
938311,1.546302318572998,ims1w5bt
938311,1.549841046333313,m9lacg4r
938312,1.6231622695922852,7xkf4smi
938312,1.6111180782318115,ims1w5bt
938312,1.5566661357879639,m9lacg4r
938320,1.6012333631515503,7xkf4smi
938320,1.5667948722839355,ims1w5bt
938320,1.5787264108657837,m9lacg4r
938321,1.555487036705017,7xkf4smi
938321,1.554369330406189,ims1w5bt
938321,1.5998361110687256,m9lacg4r
938324,1.5881686210632324,7xkf4smi
938324,1.6073908805847168,ims1w5bt
938324,1.6062005758285522,m9lacg4r
938333,1.6022957563400269,7xkf4smi
938333,1.5931727886199951,ims1w5bt
938333,1.5284048318862915,m9lacg4r
938349,1.6044903993606567,7xkf4smi
938349,1.5580228567123413,ims1w5bt
938349,1.5617220401763916,m9lacg4r
938356,1.6351242065429688,7xkf4smi
938356,1.5826667547225952,ims1w5bt
938356,1.6357358694076538,m9lacg4r
938358,1.6284801959991455,7xkf4smi
938358,1.6137924194335938,ims1w5bt
938358,1.5718668699264526,m9lacg4r
938360,1.5917059183120728,7xkf4smi
938360,1.5828723907470703,ims1w5bt
938360,1.5793952941894531,m9lacg4r
938361,1.609342098236084,7xkf4smi
938361,1.5373218059539795,ims1w5bt
938361,1.599830985069275,m9lacg4r
938376,1.605046272277832,7xkf4smi
938376,1.5755254030227661,ims1w5bt
938376,1.5458317995071411,m9lacg4r
938381,1.5604575872421265,7xkf4smi
938381,1.5956209897994995,ims1w5bt
938381,1.5947216749191284,m9lacg4r
938384,1.583463191986084,7xkf4smi
938384,1.5831488370895386,ims1w5bt
938384,1.6138883829116821,m9lacg4r
938387,1.5527558326721191,7xkf4smi
938387,1.589293122291565,ims1w5bt
938387,1.54745352268219,m9lacg4r
938404,1.5591007471084595,7xkf4smi
938404,1.5877240896224976,ims1w5bt
938404,1.588461995124817,m9lacg4r
938428,1.6311485767364502,7xkf4smi
938428,1.598466396331787,ims1w5bt
938428,1.589477777481079,m9lacg4r
938433,1.578410267829895,7xkf4smi
938433,1.5760388374328613,ims1w5bt
938433,1.5907484292984009,m9lacg4r
938438,1.6028441190719604,7xkf4smi
938438,1.5980713367462158,ims1w5bt
938438,1.5629682540893555,m9lacg4r
938445,1.6072648763656616,7xkf4smi
938445,1.5613607168197632,ims1w5bt
938445,1.5957757234573364,m9lacg4r
938458,1.57053542137146,7xkf4smi
938458,1.5944252014160156,ims1w5bt
938458,1.6119158267974854,m9lacg4r
938466,1.5676181316375732,7xkf4smi
938466,1.5995606184005737,ims1w5bt
938466,1.5631402730941772,m9lacg4r
938468,1.5724551677703857,7xkf4smi
938468,1.5941643714904785,ims1w5bt
938468,1.6024255752563477,m9lacg4r
938488,1.5873689651489258,7xkf4smi
938488,1.5629256963729858,ims1w5bt
938488,1.6246094703674316,m9lacg4r
938489,1.5989495515823364,7xkf4smi
938489,1.5985407829284668,ims1w5bt
938489,1.5871816873550415,m9lacg4r
938504,1.5630779266357422,7xkf4smi
938504,1.584365725517273,ims1w5bt
938504,1.5791902542114258,m9lacg4r
938510,1.5695598125457764,7xkf4smi
938510,1.5627349615097046,ims1w5bt
938510,1.5887267589569092,m9lacg4r
938521,1.576022982597351,7xkf4smi
938521,1.600728988647461,ims1w5bt
938521,1.6234267950057983,m9lacg4r
938524,1.5895700454711914,7xkf4smi
938524,1.5547635555267334,ims1w5bt
938524,1.5733835697174072,m9lacg4r
938525,1.6036787033081055,7xkf4smi
938525,1.5848513841629028,ims1w5bt
938525,1.5687772035598755,m9lacg4r
938526,1.6208606958389282,7xkf4smi
938526,1.5749790668487549,ims1w5bt
938526,1.5532010793685913,m9lacg4r
938534,1.5725963115692139,7xkf4smi
938534,1.6101161241531372,ims1w5bt
938534,1.5662386417388916,m9lacg4r
938545,1.5871227979660034,7xkf4smi
938545,1.5822060108184814,ims1w5bt
938545,1.6065341234207153,m9lacg4r
938546,1.5523203611373901,7xkf4smi
938546,1.5777230262756348,ims1w5bt
938546,1.6092984676361084,m9lacg4r
938563,1.5755541324615479,7xkf4smi
938563,1.6062581539154053,ims1w5bt
938563,1.5869067907333374,m9lacg4r
938570,1.5905029773712158,7xkf4smi
938570,1.5960074663162231,ims1w5bt
938570,1.6031396389007568,m9lacg4r
938588,1.5650010108947754,7xkf4smi
938588,1.5547853708267212,ims1w5bt
938588,1.5502140522003174,m9lacg4r
938594,1.5919455289840698,7xkf4smi
938594,1.5563966035842896,ims1w5bt
938594,1.5997822284698486,m9lacg4r
938603,1.5667496919631958,7xkf4smi
938603,1.5893588066101074,ims1w5bt
938603,1.6048717498779297,m9lacg4r
938610,1.5601716041564941,7xkf4smi
938610,1.572390079498291,ims1w5bt
938610,1.602317452430725,m9lacg4r
938612,1.5880590677261353,7xkf4smi
938612,1.6078565120697021,ims1w5bt
938612,1.5757867097854614,m9lacg4r
938622,1.5759094953536987,7xkf4smi
938622,1.5735052824020386,ims1w5bt
938622,1.5524201393127441,m9lacg4r
938633,1.5655373334884644,7xkf4smi
938633,1.569018006324768,ims1w5bt
938633,1.594067931175232,m9lacg4r
938652,1.6093977689743042,7xkf4smi
938652,1.5758006572723389,ims1w5bt
938652,1.604110836982727,m9lacg4r
938663,1.607151746749878,7xkf4smi
938663,1.5902798175811768,ims1w5bt
938663,1.5973283052444458,m9lacg4r
938665,1.5740000009536743,7xkf4smi
938665,1.5856586694717407,ims1w5bt
938665,1.6011663675308228,m9lacg4r
938681,1.6016042232513428,7xkf4smi
938681,1.535047173500061,ims1w5bt
938681,1.5896910429000854,m9lacg4r
938689,1.5863574743270874,7xkf4smi
938689,1.5428730249404907,ims1w5bt
938689,1.6064502000808716,m9lacg4r
938694,1.5912845134735107,7xkf4smi
938694,1.6008087396621704,ims1w5bt
938694,1.573209285736084,m9lacg4r
938696,1.5713635683059692,7xkf4smi
938696,1.557426929473877,ims1w5bt
938696,1.5846312046051025,m9lacg4r
938706,1.5519572496414185,7xkf4smi
938706,1.5580039024353027,ims1w5bt
938706,1.5901559591293335,m9lacg4r
938708,1.5737136602401733,7xkf4smi
938708,1.5950905084609985,ims1w5bt
938708,1.5896053314208984,m9lacg4r
938710,1.5938547849655151,7xkf4smi
938710,1.6199215650558472,ims1w5bt
938710,1.5644214153289795,m9lacg4r
938712,1.5428489446640015,7xkf4smi
938712,1.5968225002288818,ims1w5bt
938712,1.5857857465744019,m9lacg4r
938713,1.5890889167785645,7xkf4smi
938713,1.5776649713516235,ims1w5bt
938713,1.6167457103729248,m9lacg4r
938716,1.5760942697525024,7xkf4smi
938716,1.5835787057876587,ims1w5bt
938716,1.6124389171600342,m9lacg4r
938718,1.6056751012802124,7xkf4smi
938718,1.5872197151184082,ims1w5bt
938718,1.5916554927825928,m9lacg4r
938725,1.5381224155426025,7xkf4smi
938725,1.5650571584701538,ims1w5bt
938725,1.5817632675170898,m9lacg4r
938726,1.5819615125656128,7xkf4smi
938726,1.5598604679107666,ims1w5bt
938726,1.58896005153656,m9lacg4r
938760,1.5515263080596924,7xkf4smi
938760,1.5847707986831665,ims1w5bt
938760,1.5517616271972656,m9lacg4r
938769,1.5606377124786377,7xkf4smi
938769,1.6167690753936768,ims1w5bt
938769,1.5519697666168213,m9lacg4r
938770,1.6046428680419922,7xkf4smi
938770,1.6126254796981812,ims1w5bt
938770,1.6176971197128296,m9lacg4r
938778,1.566009759902954,7xkf4smi
938778,1.5765388011932373,ims1w5bt
938778,1.6358624696731567,m9lacg4r
938784,1.5889114141464233,7xkf4smi
938784,1.5739221572875977,ims1w5bt
938784,1.6214836835861206,m9lacg4r
938797,1.581937551498413,7xkf4smi
938797,1.5831152200698853,ims1w5bt
938797,1.6135921478271484,m9lacg4r
938806,1.5816929340362549,7xkf4smi
938806,1.6156009435653687,ims1w5bt
938806,1.5415576696395874,m9lacg4r
938822,1.5596455335617065,7xkf4smi
938822,1.5973098278045654,ims1w5bt
938822,1.571171760559082,m9lacg4r
938833,1.6060936450958252,7xkf4smi
938833,1.601440191268921,ims1w5bt
938833,1.5862624645233154,m9lacg4r
938843,1.5823826789855957,7xkf4smi
938843,1.6101536750793457,ims1w5bt
938843,1.5415995121002197,m9lacg4r
938849,1.5588293075561523,7xkf4smi
938849,1.5477908849716187,ims1w5bt
938849,1.5957965850830078,m9lacg4r
938850,1.5710973739624023,7xkf4smi
938850,1.544503927230835,ims1w5bt
938850,1.612202763557434,m9lacg4r
938869,1.6042073965072632,7xkf4smi
938869,1.6056252717971802,ims1w5bt
938869,1.599718689918518,m9lacg4r
938870,1.5773255825042725,7xkf4smi
938870,1.5785671472549438,ims1w5bt
938870,1.6112902164459229,m9lacg4r
938871,1.5863349437713623,7xkf4smi
938871,1.5971920490264893,ims1w5bt
938871,1.5526490211486816,m9lacg4r
938880,1.5695393085479736,7xkf4smi
938880,1.5425846576690674,ims1w5bt
938880,1.595996379852295,m9lacg4r
938887,1.5666420459747314,7xkf4smi
938887,1.5916252136230469,ims1w5bt
938887,1.5936250686645508,m9lacg4r
938900,1.6307697296142578,7xkf4smi
938900,1.57979154586792,ims1w5bt
938900,1.570424199104309,m9lacg4r
938903,1.591866374015808,7xkf4smi
938903,1.5516703128814697,ims1w5bt
938903,1.582677960395813,m9lacg4r
938908,1.5614908933639526,7xkf4smi
938908,1.5905791521072388,ims1w5bt
938908,1.637660026550293,m9lacg4r
938911,1.5847991704940796,7xkf4smi
938911,1.592083215713501,ims1w5bt
938911,1.585103154182434,m9lacg4r
938912,1.5932282209396362,7xkf4smi
938912,1.5646854639053345,ims1w5bt
938912,1.5652087926864624,m9lacg4r
938913,1.608770728111267,7xkf4smi
938913,1.5574796199798584,ims1w5bt
938913,1.5933589935302734,m9lacg4r
938915,1.5721195936203003,7xkf4smi
938915,1.5780125856399536,ims1w5bt
938915,1.5583032369613647,m9lacg4r
938918,1.570503830909729,7xkf4smi
938918,1.6140637397766113,ims1w5bt
938918,1.6152029037475586,m9lacg4r
938925,1.5892915725708008,7xkf4smi
938925,1.607488989830017,ims1w5bt
938925,1.5908832550048828,m9lacg4r
938928,1.5866464376449585,7xkf4smi
938928,1.562597632408142,ims1w5bt
938928,1.6041988134384155,m9lacg4r
938929,1.5775234699249268,7xkf4smi
938929,1.59115731716156,ims1w5bt
938929,1.5967966318130493,m9lacg4r
938934,1.6168965101242065,7xkf4smi
938934,1.545136570930481,ims1w5bt
938934,1.5943801403045654,m9lacg4r
938943,1.5930132865905762,7xkf4smi
938943,1.573715329170227,ims1w5bt
938943,1.546412706375122,m9lacg4r
938950,1.5852910280227661,7xkf4smi
938950,1.59673011302948,ims1w5bt
938950,1.6325150728225708,m9lacg4r
938951,1.57068932056427,7xkf4smi
938951,1.610517978668213,ims1w5bt
938951,1.6246994733810425,m9lacg4r
938955,1.5823991298675537,7xkf4smi
938955,1.6003141403198242,ims1w5bt
938955,1.5886898040771484,m9lacg4r
938970,1.5666815042495728,7xkf4smi
938970,1.5997633934020996,ims1w5bt
938970,1.582411289215088,m9lacg4r
938985,1.5950086116790771,7xkf4smi
938985,1.5814855098724365,ims1w5bt
938985,1.5556188821792603,m9lacg4r
938987,1.5805914402008057,7xkf4smi
938987,1.6092497110366821,ims1w5bt
938987,1.5606505870819092,m9lacg4r
938992,1.5617536306381226,7xkf4smi
938992,1.5955450534820557,ims1w5bt
938992,1.5701724290847778,m9lacg4r
938997,1.5960882902145386,7xkf4smi
938997,1.5864654779434204,ims1w5bt
938997,1.5878162384033203,m9lacg4r
939006,1.5493413209915161,7xkf4smi
939006,1.5825183391571045,ims1w5bt
939006,1.549423336982727,m9lacg4r
939009,1.628014087677002,7xkf4smi
939009,1.5863301753997803,ims1w5bt
939009,1.6014372110366821,m9lacg4r
939016,1.5905593633651733,7xkf4smi
939016,1.5645313262939453,ims1w5bt
939016,1.590475082397461,m9lacg4r
939019,1.5709507465362549,7xkf4smi
939019,1.5740876197814941,ims1w5bt
939019,1.5853211879730225,m9lacg4r
939029,1.5624868869781494,7xkf4smi
939029,1.5336111783981323,ims1w5bt
939029,1.5980515480041504,m9lacg4r
939042,1.582014560699463,7xkf4smi
939042,1.5781980752944946,ims1w5bt
939042,1.5434508323669434,m9lacg4r
939062,1.5777839422225952,7xkf4smi
939062,1.6083464622497559,ims1w5bt
939062,1.5591069459915161,m9lacg4r
939085,1.5865020751953125,7xkf4smi
939085,1.6399154663085938,ims1w5bt
939085,1.5936130285263062,m9lacg4r
939087,1.548277735710144,7xkf4smi
939087,1.5839712619781494,ims1w5bt
939087,1.5889160633087158,m9lacg4r
939096,1.5990288257598877,7xkf4smi
939096,1.570882797241211,ims1w5bt
939096,1.5653331279754639,m9lacg4r
939109,1.5756049156188965,7xkf4smi
939109,1.6176714897155762,ims1w5bt
939109,1.5564974546432495,m9lacg4r
939113,1.591310739517212,7xkf4smi
939113,1.5712084770202637,ims1w5bt
939113,1.5582257509231567,m9lacg4r
939136,1.6122863292694092,7xkf4smi
939136,1.560317873954773,ims1w5bt
939136,1.551407814025879,m9lacg4r
939138,1.585681438446045,7xkf4smi
939138,1.5803557634353638,ims1w5bt
939138,1.6163142919540405,m9lacg4r
939162,1.569700002670288,7xkf4smi
939162,1.589807391166687,ims1w5bt
939162,1.5721678733825684,m9lacg4r
939163,1.5473817586898804,7xkf4smi
939163,1.5842527151107788,ims1w5bt
939163,1.5841293334960938,m9lacg4r
939173,1.5812371969223022,7xkf4smi
939173,1.5697147846221924,ims1w5bt
939173,1.5526583194732666,m9lacg4r
939193,1.6118162870407104,7xkf4smi
939193,1.6042331457138062,ims1w5bt
939193,1.5230488777160645,m9lacg4r
939205,1.5718797445297241,7xkf4smi
939205,1.577764630317688,ims1w5bt
939205,1.5433646440505981,m9lacg4r
939221,1.6035553216934204,7xkf4smi
939221,1.5767136812210083,ims1w5bt
939221,1.5394279956817627,m9lacg4r
939222,1.5928298234939575,7xkf4smi
939222,1.6016671657562256,ims1w5bt
939222,1.5631660223007202,m9lacg4r
939278,1.5742080211639404,7xkf4smi
939278,1.6018413305282593,ims1w5bt
939278,1.5743448734283447,m9lacg4r
939280,1.626396656036377,7xkf4smi
939280,1.5704377889633179,ims1w5bt
939280,1.5446410179138184,m9lacg4r
939285,1.589935541152954,7xkf4smi
939285,1.569956660270691,ims1w5bt
939285,1.5629087686538696,m9lacg4r
939289,1.6103171110153198,7xkf4smi
939289,1.6155582666397095,ims1w5bt
939289,1.5105382204055786,m9lacg4r
939291,1.5850528478622437,7xkf4smi
939291,1.555422067642212,ims1w5bt
939291,1.5873368978500366,m9lacg4r
939300,1.549607753753662,7xkf4smi
939300,1.5812815427780151,ims1w5bt
939300,1.595737338066101,m9lacg4r
939309,1.5923675298690796,7xkf4smi
939309,1.5576015710830688,ims1w5bt
939309,1.5344109535217285,m9lacg4r
939314,1.5737344026565552,7xkf4smi
939314,1.6233798265457153,ims1w5bt
939314,1.576606035232544,m9lacg4r
939315,1.5899958610534668,7xkf4smi
939315,1.5780595541000366,ims1w5bt
939315,1.5803954601287842,m9lacg4r
939316,1.5477406978607178,7xkf4smi
939316,1.6100151538848877,ims1w5bt
939316,1.6417210102081299,m9lacg4r
939318,1.615871787071228,7xkf4smi
939318,1.5664023160934448,ims1w5bt
939318,1.5672444105148315,m9lacg4r
939328,1.557937502861023,7xkf4smi
939328,1.6274477243423462,ims1w5bt
939328,1.5659849643707275,m9lacg4r
939352,1.5731018781661987,7xkf4smi
939352,1.5772583484649658,ims1w5bt
939352,1.539475917816162,m9lacg4r
939357,1.5770378112792969,7xkf4smi
939357,1.5887489318847656,ims1w5bt
939357,1.5798369646072388,m9lacg4r
939364,1.548008680343628,7xkf4smi
939364,1.5512456893920898,ims1w5bt
939364,1.5497980117797852,m9lacg4r
939382,1.5638766288757324,7xkf4smi
939382,1.5759156942367554,ims1w5bt
939382,1.5851203203201294,m9lacg4r
939386,1.5775667428970337,7xkf4smi
939386,1.6031442880630493,ims1w5bt
939386,1.588058352470398,m9lacg4r
939388,1.5858854055404663,7xkf4smi
939388,1.5658366680145264,ims1w5bt
939388,1.5926543474197388,m9lacg4r
939391,1.579127311706543,7xkf4smi
939391,1.6239736080169678,ims1w5bt
939391,1.5959290266036987,m9lacg4r
939402,1.5791796445846558,7xkf4smi
939402,1.6299841403961182,ims1w5bt
939402,1.5811574459075928,m9lacg4r
939405,1.5687885284423828,7xkf4smi
939405,1.5738439559936523,ims1w5bt
939405,1.5668531656265259,m9lacg4r
939413,1.57766592502594,7xkf4smi
939413,1.5714406967163086,ims1w5bt
939413,1.6016767024993896,m9lacg4r
939423,1.5562175512313843,7xkf4smi
939423,1.6185760498046875,ims1w5bt
939423,1.5887144804000854,m9lacg4r
939427,1.5404797792434692,7xkf4smi
939427,1.5458992719650269,ims1w5bt
939427,1.5897197723388672,m9lacg4r
939429,1.5552970170974731,7xkf4smi
939429,1.5807011127471924,ims1w5bt
939429,1.581864356994629,m9lacg4r
939460,1.5734833478927612,7xkf4smi
939460,1.5607060194015503,ims1w5bt
939460,1.5812536478042603,m9lacg4r
939464,1.5430562496185303,7xkf4smi
939464,1.5580005645751953,ims1w5bt
939464,1.5801239013671875,m9lacg4r
939480,1.5522704124450684,7xkf4smi
939480,1.56631600856781,ims1w5bt
939480,1.606338620185852,m9lacg4r
939498,1.6156337261199951,7xkf4smi
939498,1.580873966217041,ims1w5bt
939498,1.5660282373428345,m9lacg4r
939503,1.568306803703308,7xkf4smi
939503,1.5927526950836182,ims1w5bt
939503,1.5687925815582275,m9lacg4r
939504,1.584416389465332,7xkf4smi
939504,1.5588244199752808,ims1w5bt
939504,1.5728142261505127,m9lacg4r
939515,1.5825003385543823,7xkf4smi
939515,1.5804749727249146,ims1w5bt
939515,1.5814592838287354,m9lacg4r
939517,1.6120223999023438,7xkf4smi
939517,1.6023006439208984,ims1w5bt
939517,1.5794274806976318,m9lacg4r
939532,1.5424896478652954,7xkf4smi
939532,1.5839269161224365,ims1w5bt
939532,1.624363660812378,m9lacg4r
939542,1.568721055984497,7xkf4smi
939542,1.5810916423797607,ims1w5bt
939542,1.5809605121612549,m9lacg4r
939553,1.6077783107757568,7xkf4smi
939553,1.5921509265899658,ims1w5bt
939553,1.5942938327789307,m9lacg4r
939555,1.5602294206619263,7xkf4smi
939555,1.5927685499191284,ims1w5bt
939555,1.5987842082977295,m9lacg4r
939568,1.5815577507019043,7xkf4smi
939568,1.5684057474136353,ims1w5bt
939568,1.5736759901046753,m9lacg4r
939573,1.5826079845428467,7xkf4smi
939573,1.5307362079620361,ims1w5bt
939573,1.5684916973114014,m9lacg4r
939588,1.5522412061691284,7xkf4smi
939588,1.5452570915222168,ims1w5bt
939588,1.5748317241668701,m9lacg4r
939596,1.5824635028839111,7xkf4smi
939596,1.6249853372573853,ims1w5bt
939596,1.5596659183502197,m9lacg4r
939601,1.569933533668518,7xkf4smi
939601,1.5601961612701416,ims1w5bt
939601,1.5760740041732788,m9lacg4r
939611,1.5979303121566772,7xkf4smi
939611,1.5735033750534058,ims1w5bt
939611,1.5617504119873047,m9lacg4r
939613,1.5526535511016846,7xkf4smi
939613,1.5671417713165283,ims1w5bt
939613,1.597990870475769,m9lacg4r
939616,1.5561703443527222,7xkf4smi
939616,1.575398564338684,ims1w5bt
939616,1.561584711074829,m9lacg4r
939624,1.5978013277053833,7xkf4smi
939624,1.5508671998977661,ims1w5bt
939624,1.5771782398223877,m9lacg4r
939630,1.5598628520965576,7xkf4smi
939630,1.592659592628479,ims1w5bt
939630,1.5967686176300049,m9lacg4r
939631,1.5662087202072144,7xkf4smi
939631,1.609532356262207,ims1w5bt
939631,1.5807745456695557,m9lacg4r
939632,1.6130399703979492,7xkf4smi
939632,1.5579555034637451,ims1w5bt
939632,1.5856068134307861,m9lacg4r
939639,1.5958775281906128,7xkf4smi
939639,1.5781906843185425,ims1w5bt
939639,1.612557291984558,m9lacg4r
939643,1.5602964162826538,7xkf4smi
939643,1.5575122833251953,ims1w5bt
939643,1.5860977172851562,m9lacg4r
939645,1.5801054239273071,7xkf4smi
939645,1.5705232620239258,ims1w5bt
939645,1.565495252609253,m9lacg4r
939663,1.5801905393600464,7xkf4smi
939663,1.5963034629821777,ims1w5bt
939663,1.5765807628631592,m9lacg4r
939665,1.5783189535140991,7xkf4smi
939665,1.5902371406555176,ims1w5bt
939665,1.57272469997406,m9lacg4r
939671,1.5752367973327637,7xkf4smi
939671,1.5600311756134033,ims1w5bt
939671,1.56995689868927,m9lacg4r
939683,1.6054452657699585,7xkf4smi
939683,1.5500776767730713,ims1w5bt
939683,1.5861308574676514,m9lacg4r
939694,1.5907084941864014,7xkf4smi
939694,1.6123263835906982,ims1w5bt
939694,1.6384385824203491,m9lacg4r
939696,1.5527446269989014,7xkf4smi
939696,1.5811398029327393,ims1w5bt
939696,1.5749666690826416,m9lacg4r
939704,1.57681143283844,7xkf4smi
939704,1.5764933824539185,ims1w5bt
939704,1.6138132810592651,m9lacg4r
939705,1.5837162733078003,7xkf4smi
939705,1.5818235874176025,ims1w5bt
939705,1.62124502658844,m9lacg4r
939719,1.5423939228057861,7xkf4smi
939719,1.6203997135162354,ims1w5bt
939719,1.567487120628357,m9lacg4r
939723,1.596034049987793,7xkf4smi
939723,1.5864964723587036,ims1w5bt
939723,1.6014686822891235,m9lacg4r
939724,1.5980063676834106,7xkf4smi
939724,1.6482843160629272,ims1w5bt
939724,1.5992859601974487,m9lacg4r
939732,1.554396390914917,7xkf4smi
939732,1.5788846015930176,ims1w5bt
939732,1.5861152410507202,m9lacg4r
939754,1.5935618877410889,7xkf4smi
939754,1.570081353187561,ims1w5bt
939754,1.6088147163391113,m9lacg4r
939756,1.5628448724746704,7xkf4smi
939756,1.6004968881607056,ims1w5bt
939756,1.5724211931228638,m9lacg4r
939762,1.5662745237350464,7xkf4smi
939762,1.5568883419036865,ims1w5bt
939762,1.6119771003723145,m9lacg4r
939766,1.5983132123947144,7xkf4smi
939766,1.584707498550415,ims1w5bt
939766,1.5667176246643066,m9lacg4r
939769,1.5172514915466309,7xkf4smi
939769,1.546565294265747,ims1w5bt
939769,1.5928624868392944,m9lacg4r
939786,1.5816750526428223,7xkf4smi
939786,1.5455262660980225,ims1w5bt
939786,1.5442835092544556,m9lacg4r
939787,1.572644829750061,7xkf4smi
939787,1.570705771446228,ims1w5bt
939787,1.6142728328704834,m9lacg4r
939793,1.592729091644287,7xkf4smi
939793,1.577499508857727,ims1w5bt
939793,1.6045409440994263,m9lacg4r
939802,1.5559989213943481,7xkf4smi
939802,1.5884181261062622,ims1w5bt
939802,1.6082245111465454,m9lacg4r
939815,1.6179698705673218,7xkf4smi
939815,1.5556896924972534,ims1w5bt
939815,1.5550670623779297,m9lacg4r
939816,1.5899354219436646,7xkf4smi
939816,1.5987393856048584,ims1w5bt
939816,1.572840929031372,m9lacg4r
939827,1.5515871047973633,7xkf4smi
939827,1.5864498615264893,ims1w5bt
939827,1.5659325122833252,m9lacg4r
939833,1.5962984561920166,7xkf4smi
939833,1.5287824869155884,ims1w5bt
939833,1.5538382530212402,m9lacg4r
939836,1.6078686714172363,7xkf4smi
939836,1.5935474634170532,ims1w5bt
939836,1.5521225929260254,m9lacg4r
939838,1.5957791805267334,7xkf4smi
939838,1.6079641580581665,ims1w5bt
939838,1.6051548719406128,m9lacg4r
939852,1.6229276657104492,7xkf4smi
939852,1.5942367315292358,ims1w5bt
939852,1.570905089378357,m9lacg4r
939859,1.5585335493087769,7xkf4smi
939859,1.5851948261260986,ims1w5bt
939859,1.5770999193191528,m9lacg4r
939868,1.5852880477905273,7xkf4smi
939868,1.564992904663086,ims1w5bt
939868,1.619914174079895,m9lacg4r
939882,1.5687828063964844,7xkf4smi
939882,1.6036444902420044,ims1w5bt
939882,1.6085400581359863,m9lacg4r
939885,1.5914585590362549,7xkf4smi
939885,1.5966954231262207,ims1w5bt
939885,1.5700308084487915,m9lacg4r
939888,1.565584659576416,7xkf4smi
939888,1.5750951766967773,ims1w5bt
939888,1.6039237976074219,m9lacg4r
939889,1.5717453956604004,7xkf4smi
939889,1.6290111541748047,ims1w5bt
939889,1.5989255905151367,m9lacg4r
939891,1.5691834688186646,7xkf4smi
939891,1.5852644443511963,ims1w5bt
939891,1.579925775527954,m9lacg4r
939898,1.5767626762390137,7xkf4smi
939898,1.6501290798187256,ims1w5bt
939898,1.5879967212677002,m9lacg4r
939906,1.578373670578003,7xkf4smi
939906,1.5941672325134277,ims1w5bt
939906,1.593465805053711,m9lacg4r
939909,1.6146624088287354,7xkf4smi
939909,1.5336692333221436,ims1w5bt
939909,1.561566710472107,m9lacg4r
939913,1.5509703159332275,7xkf4smi
939913,1.5902782678604126,ims1w5bt
939913,1.5717295408248901,m9lacg4r
939924,1.578108310699463,7xkf4smi
939924,1.5973225831985474,ims1w5bt
939924,1.5842859745025635,m9lacg4r
939933,1.5514451265335083,7xkf4smi
939933,1.5319082736968994,ims1w5bt
939933,1.563775658607483,m9lacg4r
939937,1.5697133541107178,7xkf4smi
939937,1.5782480239868164,ims1w5bt
939937,1.549906849861145,m9lacg4r
939944,1.6169627904891968,7xkf4smi
939944,1.6027721166610718,ims1w5bt
939944,1.5648446083068848,m9lacg4r
939945,1.5796077251434326,7xkf4smi
939945,1.5901079177856445,ims1w5bt
939945,1.563502550125122,m9lacg4r
939951,1.6041475534439087,7xkf4smi
939951,1.5984926223754883,ims1w5bt
939951,1.552236795425415,m9lacg4r
939953,1.6045844554901123,7xkf4smi
939953,1.5981948375701904,ims1w5bt
939953,1.563139796257019,m9lacg4r
939954,1.6052049398422241,7xkf4smi
939954,1.614522933959961,ims1w5bt
939954,1.5467453002929688,m9lacg4r
939956,1.5940499305725098,7xkf4smi
939956,1.6009619235992432,ims1w5bt
939956,1.54961359500885,m9lacg4r
939962,1.6283434629440308,7xkf4smi
939962,1.5876662731170654,ims1w5bt
939962,1.6203426122665405,m9lacg4r
939967,1.602669358253479,7xkf4smi
939967,1.585639476776123,ims1w5bt
939967,1.564353108406067,m9lacg4r
939968,1.581189513206482,7xkf4smi
939968,1.5989773273468018,ims1w5bt
939968,1.6273294687271118,m9lacg4r
939971,1.5720419883728027,7xkf4smi
939971,1.57317316532135,ims1w5bt
939971,1.558335781097412,m9lacg4r
939972,1.5765749216079712,7xkf4smi
939972,1.5674148797988892,ims1w5bt
939972,1.5816959142684937,m9lacg4r
939973,1.6038826704025269,7xkf4smi
939973,1.6039680242538452,ims1w5bt
939973,1.585706114768982,m9lacg4r
939986,1.5971016883850098,7xkf4smi
939986,1.603176474571228,ims1w5bt
939986,1.5503937005996704,m9lacg4r
939994,1.603894829750061,7xkf4smi
939994,1.6045693159103394,ims1w5bt
939994,1.603648066520691,m9lacg4r
939998,1.600979208946228,7xkf4smi
939998,1.5827733278274536,ims1w5bt
939998,1.5633492469787598,m9lacg4r
939999,1.6022316217422485,7xkf4smi
939999,1.5661135911941528,ims1w5bt
939999,1.5698471069335938,m9lacg4r
940002,1.5790574550628662,7xkf4smi
940002,1.554381012916565,ims1w5bt
940002,1.5235861539840698,m9lacg4r
940015,1.5763742923736572,7xkf4smi
940015,1.5592561960220337,ims1w5bt
940015,1.6130620241165161,m9lacg4r
940020,1.5908600091934204,7xkf4smi
940020,1.5718905925750732,ims1w5bt
940020,1.576111912727356,m9lacg4r
940028,1.5967594385147095,7xkf4smi
940028,1.6017446517944336,ims1w5bt
940028,1.5689666271209717,m9lacg4r
940042,1.5516139268875122,7xkf4smi
940042,1.6102778911590576,ims1w5bt
940042,1.5837780237197876,m9lacg4r
940047,1.6008960008621216,7xkf4smi
940047,1.604234218597412,ims1w5bt
940047,1.6305559873580933,m9lacg4r
940048,1.5638699531555176,7xkf4smi
940048,1.584677815437317,ims1w5bt
940048,1.5785858631134033,m9lacg4r
940049,1.5965404510498047,7xkf4smi
940049,1.5672324895858765,ims1w5bt
940049,1.568620204925537,m9lacg4r
940051,1.5786296129226685,7xkf4smi
940051,1.5654397010803223,ims1w5bt
940051,1.6017664670944214,m9lacg4r
940054,1.5612692832946777,7xkf4smi
940054,1.611169695854187,ims1w5bt
940054,1.5501171350479126,m9lacg4r
940070,1.5690304040908813,7xkf4smi
940070,1.592394232749939,ims1w5bt
940070,1.6143057346343994,m9lacg4r
940074,1.6557564735412598,7xkf4smi
940074,1.58983314037323,ims1w5bt
940074,1.5954644680023193,m9lacg4r
940077,1.529032588005066,7xkf4smi
940077,1.5635554790496826,ims1w5bt
940077,1.5836126804351807,m9lacg4r
940079,1.6555012464523315,7xkf4smi
940079,1.5849018096923828,ims1w5bt
940079,1.5668601989746094,m9lacg4r
940080,1.5607739686965942,7xkf4smi
940080,1.5879614353179932,ims1w5bt
940080,1.571791172027588,m9lacg4r
940107,1.5770572423934937,7xkf4smi
940107,1.5977157354354858,ims1w5bt
940107,1.541671872138977,m9lacg4r
940111,1.5924580097198486,7xkf4smi
940111,1.5554680824279785,ims1w5bt
940111,1.6129932403564453,m9lacg4r
940112,1.579452633857727,7xkf4smi
940112,1.54801607131958,ims1w5bt
940112,1.598296046257019,m9lacg4r
940116,1.5701441764831543,7xkf4smi
940116,1.5341435670852661,ims1w5bt
940116,1.5743046998977661,m9lacg4r
940118,1.6179081201553345,7xkf4smi
940118,1.5948361158370972,ims1w5bt
940118,1.5855904817581177,m9lacg4r
940119,1.5970821380615234,7xkf4smi
940119,1.5568119287490845,ims1w5bt
940119,1.5928795337677002,m9lacg4r
940122,1.601586937904358,7xkf4smi
940122,1.5648189783096313,ims1w5bt
940122,1.6110371351242065,m9lacg4r
940129,1.575954794883728,7xkf4smi
940129,1.577911376953125,ims1w5bt
940129,1.5449764728546143,m9lacg4r
940136,1.5601845979690552,7xkf4smi
940136,1.5891450643539429,ims1w5bt
940136,1.593648076057434,m9lacg4r
940153,1.5352778434753418,7xkf4smi
940153,1.561249852180481,ims1w5bt
940153,1.5787874460220337,m9lacg4r
940159,1.5610827207565308,7xkf4smi
940159,1.6244813203811646,ims1w5bt
940159,1.6006083488464355,m9lacg4r
940168,1.5626301765441895,7xkf4smi
940168,1.5772162675857544,ims1w5bt
940168,1.557032823562622,m9lacg4r
940170,1.5874285697937012,7xkf4smi
940170,1.5585488080978394,ims1w5bt
940170,1.6216225624084473,m9lacg4r
940172,1.5992623567581177,7xkf4smi
940172,1.5798354148864746,ims1w5bt
940172,1.568064570426941,m9lacg4r
940176,1.577392816543579,7xkf4smi
940176,1.608770489692688,ims1w5bt
940176,1.5648196935653687,m9lacg4r
940191,1.5955631732940674,7xkf4smi
940191,1.5733908414840698,ims1w5bt
940191,1.6000128984451294,m9lacg4r
940199,1.5988507270812988,7xkf4smi
940199,1.5730916261672974,ims1w5bt
940199,1.584109902381897,m9lacg4r
940213,1.5651262998580933,7xkf4smi
940213,1.5703643560409546,ims1w5bt
940213,1.620424747467041,m9lacg4r
940228,1.5769453048706055,7xkf4smi
940228,1.589561939239502,ims1w5bt
940228,1.5355852842330933,m9lacg4r
940232,1.5497721433639526,7xkf4smi
940232,1.5592231750488281,ims1w5bt
940232,1.5173430442810059,m9lacg4r
940234,1.5708081722259521,7xkf4smi
940234,1.5881595611572266,ims1w5bt
940234,1.5712121725082397,m9lacg4r
940254,1.6279234886169434,7xkf4smi
940254,1.5807762145996094,ims1w5bt
940254,1.5625723600387573,m9lacg4r
940259,1.5914779901504517,7xkf4smi
940259,1.5924419164657593,ims1w5bt
940259,1.5613254308700562,m9lacg4r
940266,1.5888270139694214,7xkf4smi
940266,1.5740234851837158,ims1w5bt
940266,1.5456119775772095,m9lacg4r
940267,1.5727039575576782,7xkf4smi
940267,1.597280740737915,ims1w5bt
940267,1.5852388143539429,m9lacg4r
940276,1.5535255670547485,7xkf4smi
940276,1.589846134185791,ims1w5bt
940276,1.6009833812713623,m9lacg4r
940279,1.5584207773208618,7xkf4smi
940279,1.5404869318008423,ims1w5bt
940279,1.606271505355835,m9lacg4r
940281,1.6186143159866333,7xkf4smi
940281,1.5852004289627075,ims1w5bt
940281,1.5556010007858276,m9lacg4r
940282,1.5774916410446167,7xkf4smi
940282,1.5759754180908203,ims1w5bt
940282,1.608493685722351,m9lacg4r
940288,1.5843063592910767,7xkf4smi
940288,1.5773625373840332,ims1w5bt
940288,1.5863779783248901,m9lacg4r
940301,1.5673613548278809,7xkf4smi
940301,1.5909258127212524,ims1w5bt
940301,1.5467655658721924,m9lacg4r
940302,1.604222059249878,7xkf4smi
940302,1.581709384918213,ims1w5bt
940302,1.5242613554000854,m9lacg4r
940303,1.6347981691360474,7xkf4smi
940303,1.593517780303955,ims1w5bt
940303,1.5775727033615112,m9lacg4r
940311,1.5803606510162354,7xkf4smi
940311,1.5799577236175537,ims1w5bt
940311,1.5694706439971924,m9lacg4r
940317,1.5627251863479614,7xkf4smi
940317,1.5518131256103516,ims1w5bt
940317,1.6059919595718384,m9lacg4r
940323,1.5762882232666016,7xkf4smi
940323,1.5919020175933838,ims1w5bt
940323,1.582741141319275,m9lacg4r
940326,1.5731810331344604,7xkf4smi
940326,1.5450398921966553,ims1w5bt
940326,1.605520486831665,m9lacg4r
940331,1.5788708925247192,7xkf4smi
940331,1.5905094146728516,ims1w5bt
940331,1.5845712423324585,m9lacg4r
940332,1.554969310760498,7xkf4smi
940332,1.5598475933074951,ims1w5bt
940332,1.5676935911178589,m9lacg4r
940335,1.5894266366958618,7xkf4smi
940335,1.580341100692749,ims1w5bt
940335,1.5712133646011353,m9lacg4r
940347,1.5710866451263428,7xkf4smi
940347,1.5410579442977905,ims1w5bt
940347,1.552220344543457,m9lacg4r
940350,1.6116528511047363,7xkf4smi
940350,1.5634613037109375,ims1w5bt
940350,1.5787019729614258,m9lacg4r
940356,1.5927562713623047,7xkf4smi
940356,1.6171741485595703,ims1w5bt
940356,1.5426311492919922,m9lacg4r
940357,1.5205755233764648,7xkf4smi
940357,1.5844167470932007,ims1w5bt
940357,1.5324623584747314,m9lacg4r
940363,1.565931797027588,7xkf4smi
940363,1.5415338277816772,ims1w5bt
940363,1.5634125471115112,m9lacg4r
940366,1.6087772846221924,7xkf4smi
940366,1.5656884908676147,ims1w5bt
940366,1.5698060989379883,m9lacg4r
940378,1.589823842048645,7xkf4smi
940378,1.5952762365341187,ims1w5bt
940378,1.5826525688171387,m9lacg4r
940390,1.6214649677276611,7xkf4smi
940390,1.615462303161621,ims1w5bt
940390,1.6065067052841187,m9lacg4r
940412,1.5874515771865845,7xkf4smi
940412,1.5989048480987549,ims1w5bt
940412,1.6015870571136475,m9lacg4r
940420,1.5833133459091187,7xkf4smi
940420,1.5786092281341553,ims1w5bt
940420,1.582244634628296,m9lacg4r
940439,1.5655624866485596,7xkf4smi
940439,1.578050971031189,ims1w5bt
940439,1.5733139514923096,m9lacg4r
940445,1.6029990911483765,7xkf4smi
940445,1.6487125158309937,ims1w5bt
940445,1.6246322393417358,m9lacg4r
940447,1.5894675254821777,7xkf4smi
940447,1.5426543951034546,ims1w5bt
940447,1.59466552734375,m9lacg4r
940449,1.572340488433838,7xkf4smi
940449,1.5545742511749268,ims1w5bt
940449,1.5707911252975464,m9lacg4r
940451,1.6079069375991821,7xkf4smi
940451,1.584174633026123,ims1w5bt
940451,1.5993667840957642,m9lacg4r
940460,1.557169795036316,7xkf4smi
940460,1.5616215467453003,ims1w5bt
940460,1.5693334341049194,m9lacg4r
940462,1.5529247522354126,7xkf4smi
940462,1.5998094081878662,ims1w5bt
940462,1.5710221529006958,m9lacg4r
940475,1.5763143301010132,7xkf4smi
940475,1.5444296598434448,ims1w5bt
940475,1.5840128660202026,m9lacg4r
940476,1.5631637573242188,7xkf4smi
940476,1.538488507270813,ims1w5bt
940476,1.5749008655548096,m9lacg4r
940480,1.5742396116256714,7xkf4smi
940480,1.611832618713379,ims1w5bt
940480,1.5596938133239746,m9lacg4r
940491,1.5562740564346313,7xkf4smi
940491,1.6195231676101685,ims1w5bt
940491,1.5743695497512817,m9lacg4r
940498,1.618209719657898,7xkf4smi
940498,1.5990105867385864,ims1w5bt
940498,1.5811210870742798,m9lacg4r
940505,1.5929365158081055,7xkf4smi
940505,1.5886211395263672,ims1w5bt
940505,1.5610861778259277,m9lacg4r
940506,1.5941970348358154,7xkf4smi
940506,1.585871934890747,ims1w5bt
940506,1.5881046056747437,m9lacg4r
940510,1.578559160232544,7xkf4smi
940510,1.56766939163208,ims1w5bt
940510,1.562673568725586,m9lacg4r
940512,1.5721415281295776,7xkf4smi
940512,1.5797057151794434,ims1w5bt
940512,1.6107141971588135,m9lacg4r
940521,1.5700186491012573,7xkf4smi
940521,1.5854449272155762,ims1w5bt
940521,1.5937196016311646,m9lacg4r
940524,1.579587697982788,7xkf4smi
940524,1.620112657546997,ims1w5bt
940524,1.5801236629486084,m9lacg4r
940528,1.6063551902770996,7xkf4smi
940528,1.605549693107605,ims1w5bt
940528,1.5781002044677734,m9lacg4r
940533,1.5605778694152832,7xkf4smi
940533,1.6008323431015015,ims1w5bt
940533,1.6096916198730469,m9lacg4r
940544,1.5972505807876587,7xkf4smi
940544,1.5572316646575928,ims1w5bt
940544,1.5757869482040405,m9lacg4r
940558,1.596610426902771,7xkf4smi
940558,1.5713001489639282,ims1w5bt
940558,1.5817402601242065,m9lacg4r
940565,1.5845229625701904,7xkf4smi
940565,1.5881034135818481,ims1w5bt
940565,1.634230375289917,m9lacg4r
940577,1.599908709526062,7xkf4smi
940577,1.5638402700424194,ims1w5bt
940577,1.6017929315567017,m9lacg4r
