_step,train/CE loss,eval/lm/c4_en-validation/CE loss,eval/lm/pile-validation/CE loss,eval/lm/dolma_common-crawl-validation/CE loss,_segment
1,12.515037536621094,,,,d7tsy0sp
61,8.00762939453125,,,,d7tsy0sp
150,6.601320266723633,,,,d7tsy0sp
243,5.769898414611816,,,,d7tsy0sp
318,5.204797744750977,,,,d7tsy0sp
430,4.653409004211426,,,,d7tsy0sp
542,4.000205039978027,,,,d7tsy0sp
644,3.6889946460723877,,,,d7tsy0sp
721,3.5964179039001465,,,,d7tsy0sp
833,3.414823293685913,,,,d7tsy0sp
910,3.3648390769958496,,,,d7tsy0sp
982,3.200258255004883,,,,d7tsy0sp
1000,,3.908076524734497,3.131887674331665,4.023298740386963,d7tsy0sp
1049,3.2779457569122314,,,,d7tsy0sp
1153,3.1291847229003906,,,,d7tsy0sp
1252,3.0084049701690674,,,,d7tsy0sp
1371,2.928744077682495,,,,d7tsy0sp
1456,2.860062599182129,,,,d7tsy0sp
1549,2.792698383331299,,,,d7tsy0sp
1630,2.7863731384277344,,,,d7tsy0sp
1710,2.6985607147216797,,,,d7tsy0sp
1834,2.7063233852386475,,,,d7tsy0sp
1924,2.6978743076324463,,,,d7tsy0sp
2000,,3.2939958572387695,2.5478508472442627,3.4251627922058105,d7tsy0sp
2016,2.6350367069244385,,,,d7tsy0sp
2107,2.588435411453247,,,,d7tsy0sp
2194,2.573500394821167,,,,d7tsy0sp
2286,2.5604708194732666,,,,d7tsy0sp
2392,2.4982845783233643,,,,d7tsy0sp
2464,2.506678581237793,,,,d7tsy0sp
2521,2.4952950477600098,,,,d7tsy0sp
2610,2.472339391708374,,,,d7tsy0sp
2714,2.4449164867401123,,,,d7tsy0sp
2787,2.429156541824341,,,,d7tsy0sp
2853,2.4227731227874756,,,,d7tsy0sp
2952,2.4173202514648438,,,,d7tsy0sp
3000,,3.015662908554077,2.303833484649658,3.151548147201538,d7tsy0sp
3070,2.384674072265625,,,,d7tsy0sp
3154,2.411008596420288,,,,d7tsy0sp
3221,2.3616902828216553,,,,d7tsy0sp
3294,2.370351791381836,,,,d7tsy0sp
3374,2.369658946990967,,,,d7tsy0sp
3472,2.3552680015563965,,,,d7tsy0sp
3570,2.307573080062866,,,,d7tsy0sp
3669,2.3082127571105957,,,,d7tsy0sp
3790,2.3333699703216553,,,,d7tsy0sp
3890,2.2889394760131836,,,,d7tsy0sp
3957,2.269908905029297,,,,d7tsy0sp
4000,,2.9079978466033936,2.1919901371002197,3.041969060897827,d7tsy0sp
4046,2.2981910705566406,,,,d7tsy0sp
4164,2.265615940093994,,,,d7tsy0sp
4253,2.256186008453369,,,,d7tsy0sp
4390,2.2581825256347656,,,,d7tsy0sp
4500,2.2864603996276855,,,,d7tsy0sp
4559,2.2427077293395996,,,,d7tsy0sp
4624,2.249577283859253,,,,d7tsy0sp
4733,2.278764247894287,,,,d7tsy0sp
4822,2.193350076675415,,,,d7tsy0sp
4886,2.2250778675079346,,,,d7tsy0sp
4976,2.2353477478027344,,,,d7tsy0sp
5000,,2.838998794555664,2.1281399726867676,2.9739232063293457,d7tsy0sp
5063,2.2557876110076904,,,,d7tsy0sp
5207,2.21293044090271,,,,d7tsy0sp
5318,2.210460901260376,,,,d7tsy0sp
5407,2.205108165740967,,,,d7tsy0sp
5499,2.2260570526123047,,,,d7tsy0sp
5575,2.210094690322876,,,,d7tsy0sp
5645,2.193948268890381,,,,d7tsy0sp
5715,2.2134642601013184,,,,d7tsy0sp
5805,2.1562001705169678,,,,d7tsy0sp
5891,2.1840507984161377,,,,d7tsy0sp
5979,2.178683042526245,,,,d7tsy0sp
6000,,2.792008399963379,2.087460517883301,2.923617124557495,d7tsy0sp
6052,2.1997339725494385,,,,d7tsy0sp
6144,2.162518262863159,,,,d7tsy0sp
6208,2.1713268756866455,,,,d7tsy0sp
6335,2.180015802383423,,,,d7tsy0sp
6452,2.147167682647705,,,,d7tsy0sp
6516,2.192096710205078,,,,d7tsy0sp
6619,2.1258108615875244,,,,d7tsy0sp
6706,2.1327850818634033,,,,d7tsy0sp
6786,2.1980385780334473,,,,d7tsy0sp
6855,2.151731491088867,,,,d7tsy0sp
6968,2.146707057952881,,,,d7tsy0sp
7000,,2.7580740451812744,2.0450005531311035,2.8947479724884033,d7tsy0sp
7061,2.1389694213867188,,,,d7tsy0sp
7159,2.1401443481445312,,,,d7tsy0sp
7238,2.1290974617004395,,,,d7tsy0sp
7313,2.141725540161133,,,,d7tsy0sp
7420,2.1290624141693115,,,,d7tsy0sp
7497,2.1494548320770264,,,,d7tsy0sp
7570,2.174889326095581,,,,d7tsy0sp
7652,2.1444504261016846,,,,d7tsy0sp
7713,2.1247305870056152,,,,d7tsy0sp
7831,2.122762441635132,,,,d7tsy0sp
7924,2.1325771808624268,,,,d7tsy0sp
8055,2.1213769912719727,,,,2le8jr80
8182,2.1218109130859375,,,,2le8jr80
8284,2.1131930351257324,,,,2le8jr80
8425,2.098536491394043,,,,2le8jr80
8571,2.117783546447754,,,,2le8jr80
8714,2.0876264572143555,,,,2le8jr80
8884,2.091829299926758,,,,2le8jr80
8993,2.075284004211426,,,,2le8jr80
9000,,2.7054977416992188,2.004237651824951,2.8431849479675293,2le8jr80
9130,2.1124155521392822,,,,2le8jr80
9280,2.145045280456543,,,,2le8jr80
9458,2.098247528076172,,,,2le8jr80
9578,2.082685947418213,,,,2le8jr80
9694,2.090618371963501,,,,2le8jr80
9843,2.070244312286377,,,,2le8jr80
9961,2.0536000728607178,,,,2le8jr80
10000,,2.6864209175109863,1.989043116569519,2.824639320373535,2le8jr80
10110,2.074761390686035,,,,2le8jr80
10246,2.0871729850769043,,,,2le8jr80
10389,2.0919852256774902,,,,2le8jr80
10478,2.098339557647705,,,,2le8jr80
10616,2.108227252960205,,,,2le8jr80
10778,2.084418535232544,,,,2le8jr80
10853,2.057788848876953,,,,2le8jr80
11000,,2.6693508625030518,1.9813834428787231,2.804863691329956,2le8jr80
11065,2.0624639987945557,,,,2le8jr80
11203,2.088879108428955,,,,2le8jr80
11329,2.0943715572357178,,,,2le8jr80
11445,2.019638776779175,,,,2le8jr80
11636,2.0584256649017334,,,,2le8jr80
11802,2.0368683338165283,,,,2le8jr80
11913,2.065477132797241,,,,2le8jr80
12000,,2.6596217155456543,1.9594712257385254,2.791910171508789,2le8jr80
12065,2.0715181827545166,,,,2le8jr80
12228,2.057790756225586,,,,2le8jr80
12388,2.0596466064453125,,,,2le8jr80
12531,2.02807879447937,,,,2le8jr80
12616,2.0630102157592773,,,,2le8jr80
12760,2.0287296772003174,,,,2le8jr80
12872,2.02620530128479,,,,2le8jr80
13000,,2.645505905151367,1.942535161972046,2.7784483432769775,2le8jr80
13155,2.034968376159668,,,,2le8jr80
13292,2.0447497367858887,,,,2le8jr80
13455,2.038583278656006,,,,2le8jr80
13580,2.0607659816741943,,,,2le8jr80
13710,2.0569233894348145,,,,2le8jr80
13828,2.038855791091919,,,,2le8jr80
13963,2.0251686573028564,,,,2le8jr80
14000,,2.632880210876465,1.942832589149475,2.7678163051605225,2le8jr80
14092,1.9984962940216064,,,,2le8jr80
14202,2.013000249862671,,,,2le8jr80
14382,2.046452760696411,,,,2le8jr80
14535,2.009552478790283,,,,2le8jr80
14662,2.0093891620635986,,,,2le8jr80
14781,2.0251142978668213,,,,2le8jr80
14910,1.9964947700500488,,,,2le8jr80
15000,,2.6248087882995605,1.923907995223999,2.761612892150879,2le8jr80
15042,2.0096559524536133,,,,2le8jr80
15203,2.0021536350250244,,,,2le8jr80
15320,1.9915872812271118,,,,2le8jr80
15475,2.0071520805358887,,,,2le8jr80
15572,2.010211944580078,,,,2le8jr80
15664,1.9952504634857178,,,,2le8jr80
15821,2.01135516166687,,,,2le8jr80
15936,2.025658369064331,,,,2le8jr80
16000,,2.6148133277893066,1.9195010662078857,2.75643253326416,2le8jr80
16057,1.9794952869415283,,,,2le8jr80
16240,2.0116734504699707,,,,2le8jr80
16389,2.016749143600464,,,,2le8jr80
16493,1.9817519187927246,,,,2le8jr80
16574,1.983858585357666,,,,2le8jr80
16708,1.98548424243927,,,,2le8jr80
16796,2.013510227203369,,,,2le8jr80
16889,2.0153024196624756,,,,2le8jr80
16983,2.007514238357544,,,,2le8jr80
17000,,2.608579397201538,1.9060330390930176,2.7428646087646484,2le8jr80
17103,2.002148389816284,,,,2le8jr80
17242,1.9851611852645874,,,,2le8jr80
17366,1.9954137802124023,,,,2le8jr80
17494,1.9973366260528564,,,,2le8jr80
17636,1.9837563037872314,,,,2le8jr80
17758,1.9914171695709229,,,,2le8jr80
17899,1.9583197832107544,,,,2le8jr80
18000,,2.6054606437683105,1.9048973321914673,2.7389755249023438,2le8jr80
18043,1.9791932106018066,,,,2le8jr80
18151,1.9901752471923828,,,,2le8jr80
18267,1.9850306510925293,,,,2le8jr80
18363,1.9991661310195923,,,,2le8jr80
18547,2.0172932147979736,,,,2le8jr80
18711,2.0034220218658447,,,,2le8jr80
18857,2.0031778812408447,,,,2le8jr80
18984,1.9886422157287598,,,,2le8jr80
19000,,2.596863031387329,1.895167589187622,2.728363513946533,2le8jr80
19078,1.988326072692871,,,,2le8jr80
19206,1.9927233457565308,,,,2le8jr80
19299,1.998634696006775,,,,2le8jr80
19369,1.9650218486785889,,,,2le8jr80
19470,2.0103142261505127,,,,2le8jr80
19588,1.9675886631011963,,,,2le8jr80
19649,1.9954140186309814,,,,1auhizku
19666,1.9797263145446777,,,,1auhizku
19683,2.025343418121338,,,,1auhizku
19700,1.988070011138916,,,,1auhizku
19717,1.9935551881790161,,,,1auhizku
19734,1.9725546836853027,,,,1auhizku
19751,1.9874221086502075,,,,1auhizku
19768,1.9684611558914185,,,,1auhizku
19785,1.992106556892395,,,,1auhizku
19802,1.9833078384399414,,,,1auhizku
19819,1.986465334892273,,,,1auhizku
19836,2.008075475692749,,,,1auhizku
19853,1.993945837020874,,,,1auhizku
19870,1.9742987155914307,,,,1auhizku
19887,1.9767714738845825,,,,1auhizku
19904,1.9922029972076416,,,,1auhizku
19921,1.966223120689392,,,,1auhizku
19938,2.01292085647583,,,,1auhizku
19955,1.9936580657958984,,,,1auhizku
19972,1.9722579717636108,,,,1auhizku
19989,1.998049020767212,,,,1auhizku
20000,1.9694956541061401,2.5902438163757324,1.891370177268982,2.727297782897949,1auhizku
20006,1.990960955619812,,,,1auhizku
20023,1.975529670715332,,,,1auhizku
20040,1.9573134183883667,,,,1auhizku
20057,1.975337028503418,,,,1auhizku
20072,2.0017592906951904,,,,1auhizku
20088,1.9811677932739258,,,,1auhizku
20105,1.9903743267059326,,,,1auhizku
20122,1.9885005950927734,,,,1auhizku
20139,1.9993394613265991,,,,1auhizku
20156,1.9851762056350708,,,,1auhizku
20173,1.9568541049957275,,,,1auhizku
20188,1.9831033945083618,,,,1auhizku
20205,2.004530668258667,,,,1auhizku
20222,1.9491909742355347,,,,1auhizku
20239,1.982072114944458,,,,1auhizku
20256,1.9476739168167114,,,,1auhizku
20272,1.9932715892791748,,,,1auhizku
20288,1.9855597019195557,,,,1auhizku
20305,1.9855854511260986,,,,1auhizku
20321,2.0080490112304688,,,,1auhizku
20337,1.983559489250183,,,,1auhizku
20354,2.000060796737671,,,,1auhizku
20370,1.994626760482788,,,,1auhizku
20386,1.9883520603179932,,,,1auhizku
20403,1.9866665601730347,,,,1auhizku
20420,1.9535188674926758,,,,1auhizku
20437,1.9527705907821655,,,,1auhizku
20454,1.9505547285079956,,,,1auhizku
20471,1.9462462663650513,,,,1auhizku
20488,1.9747371673583984,,,,1auhizku
20505,2.000908851623535,,,,1auhizku
20521,1.9854778051376343,,,,1auhizku
20538,1.970479130744934,,,,1auhizku
20555,1.9705166816711426,,,,1auhizku
20571,2.020305633544922,,,,aht8p3di
20588,1.9767265319824219,,,,1auhizku
20605,1.9531136751174927,,,,1auhizku
20622,1.9841394424438477,,,,1auhizku
20639,1.9623370170593262,,,,1auhizku
20656,1.9479204416275024,,,,1auhizku
20673,1.9943336248397827,,,,1auhizku
20689,1.9717766046524048,,,,1auhizku
20706,1.974772572517395,,,,1auhizku
20723,1.9435075521469116,,,,1auhizku
20739,1.943681240081787,,,,1auhizku
20756,2.008538246154785,,,,1auhizku
20773,1.958160161972046,,,,1auhizku
20790,1.9761543273925781,,,,1auhizku
20807,1.9920527935028076,,,,1auhizku
20824,1.9561163187026978,,,,1auhizku
20841,1.9783750772476196,,,,1auhizku
20858,1.980873703956604,,,,1auhizku
20874,1.9865599870681763,,,,1auhizku
20891,1.9656933546066284,,,,1auhizku
20907,1.9699136018753052,,,,1auhizku
20924,1.9849803447723389,,,,1auhizku
20940,1.981095552444458,,,,1auhizku
21000,,2.5865001678466797,1.892726182937622,2.71897029876709,aht8p3di
21213,1.976182460784912,,,,aht8p3di
22000,,2.580552101135254,1.8837953805923462,2.7147538661956787,aht8p3di
22141,1.962188720703125,,,,aht8p3di
23000,,2.5770411491394043,1.8883928060531616,2.7130279541015625,aht8p3di
23123,1.9534389972686768,,,,aht8p3di
23964,1.9535387754440308,,,,aht8p3di
24000,,2.571591377258301,1.8776894807815552,2.705000638961792,aht8p3di
24927,1.9631216526031494,,,,aht8p3di
25000,,2.567920446395874,1.871556043624878,2.700291872024536,aht8p3di
25985,1.9308677911758423,,,,aht8p3di
26000,,2.5653164386749268,1.8785854578018188,2.696516752243042,aht8p3di
27000,,2.5599420070648193,1.8600362539291382,2.6919775009155273,aht8p3di
27841,1.9235907793045044,,,,aht8p3di
28000,,2.554931402206421,1.8644565343856812,2.6920788288116455,aht8p3di
28701,1.9321074485778809,,,,aht8p3di
29000,,2.551063299179077,1.8565623760223389,2.685213565826416,aht8p3di
29103,1.9503285884857178,,,,aht8p3di
30000,,2.552647590637207,1.8598344326019287,2.6819283962249756,aht8p3di
30283,1.9118961095809937,,,,aht8p3di
30942,1.9474256038665771,,,,aht8p3di
31000,,2.546118974685669,1.852637767791748,2.678624391555786,aht8p3di
31524,1.9245798587799072,,,,aht8p3di
32000,,2.5432443618774414,1.850054383277893,2.6761887073516846,aht8p3di
32478,1.9250041246414185,,,,aht8p3di
33000,1.9155614376068115,2.542649507522583,1.842341423034668,2.6742963790893555,aht8p3di
33244,1.916740894317627,,,,aht8p3di
34000,,2.540494918823242,1.8470176458358765,2.6729824542999268,aht8p3di
34131,1.927478551864624,,,,aht8p3di
34928,1.9327863454818726,,,,aht8p3di
35000,,2.5373072624206543,1.836956262588501,2.66892671585083,aht8p3di
35836,1.9131031036376953,,,,aht8p3di
36000,,2.5338845252990723,1.8375400304794312,2.6679046154022217,aht8p3di
36723,1.9122560024261475,,,,aht8p3di
37000,,2.5329620838165283,1.842015027999878,2.6650197505950928,aht8p3di
37796,1.9170233011245728,,,,aht8p3di
38000,,2.531075954437256,1.8381307125091553,2.6628565788269043,aht8p3di
38448,1.8999271392822266,,,,aht8p3di
39000,,2.5306389331817627,1.8597311973571777,2.660262107849121,aht8p3di
39254,1.9226765632629395,,,,aht8p3di
40000,,2.5275020599365234,1.8409909009933472,2.659771203994751,aht8p3di
40334,1.912528395652771,,,,aht8p3di
41000,,2.524355888366699,1.8368549346923828,2.655097484588623,aht8p3di
41954,1.9120347499847412,,,,aht8p3di
42000,,2.5243356227874756,1.835759162902832,2.653620719909668,aht8p3di
43000,,2.5205538272857666,1.8264638185501099,2.6581616401672363,aht8p3di
43034,1.9111204147338867,,,,aht8p3di
43923,1.9640995264053345,,,,aht8p3di
44000,,2.5225892066955566,1.8332136869430542,2.648865222930908,aht8p3di
44682,1.8787740468978882,,,,aht8p3di
45000,,2.5195512771606445,1.8271687030792236,2.652631998062134,aht8p3di
45684,1.9244145154953003,,,,aht8p3di
46000,,2.516023874282837,1.8301823139190674,2.6515281200408936,aht8p3di
46556,1.9160431623458862,,,,aht8p3di
47000,,2.511178493499756,1.823556661605835,2.6447360515594482,aht8p3di
47108,1.901538372039795,,,,aht8p3di
48000,,2.514286518096924,1.8235927820205688,2.6404967308044434,aht8p3di
48086,1.8890424966812134,,,,aht8p3di
48897,1.9213651418685913,,,,aht8p3di
49000,,2.513849973678589,1.8224923610687256,2.641808032989502,aht8p3di
50000,,2.5099382400512695,1.8184542655944824,2.6410341262817383,aht8p3di
50749,1.8910833597183228,,,,aht8p3di
51000,,2.5076544284820557,1.8165596723556519,2.6347148418426514,aht8p3di
51299,1.9068632125854492,,,,aht8p3di
51925,1.9121592044830322,,,,aht8p3di
52000,,2.506373405456543,1.8213216066360474,2.639155149459839,aht8p3di
52704,1.890154480934143,,,,aht8p3di
53000,,2.508673667907715,1.8208540678024292,2.6284408569335938,aht8p3di
53342,1.9070196151733398,,,,aht8p3di
54000,,2.504284143447876,1.8100454807281494,2.6348886489868164,aht8p3di
54218,1.891374945640564,,,,aht8p3di
54934,1.8923195600509644,,,,aht8p3di
55000,,2.514557123184204,1.8139926195144653,2.6319265365600586,aht8p3di
56000,,2.5033633708953857,1.8150765895843506,2.6314103603363037,aht8p3di
56798,1.8781790733337402,,,,aht8p3di
57000,1.8926117420196533,2.5014171600341797,1.8119205236434937,2.6280674934387207,aht8p3di
57678,1.868471384048462,,,,aht8p3di
58000,,2.5017549991607666,1.8100181818008423,2.626023530960083,aht8p3di
58606,1.8763781785964966,,,,aht8p3di
59000,,2.5007402896881104,1.813811182975769,2.6262073516845703,aht8p3di
59454,1.8836205005645752,,,,aht8p3di
60000,,2.502638578414917,1.8054996728897095,2.6245546340942383,aht8p3di
60523,1.8712164163589478,,,,aht8p3di
61000,,2.4943735599517822,1.8075066804885864,2.619346857070923,aht8p3di
61342,1.8558777570724487,,,,aht8p3di
62000,,2.4935600757598877,1.8099671602249146,2.619765043258667,aht8p3di
62221,1.8880242109298706,,,,aht8p3di
63000,,2.492372751235962,1.8082902431488037,2.6198863983154297,aht8p3di
63065,1.8580970764160156,,,,aht8p3di
63914,1.8724027872085571,,,,aht8p3di
64000,,2.4937469959259033,1.8122100830078125,2.6201469898223877,aht8p3di
64547,1.8529140949249268,,,,aht8p3di
65000,,2.4908764362335205,1.836639165878296,2.621668815612793,aht8p3di
65385,1.8433696031570435,,,,aht8p3di
66000,,2.493278980255127,1.8116594552993774,2.620720863342285,aht8p3di
66256,1.8319952487945557,,,,aht8p3di
66908,1.8793127536773682,,,,aht8p3di
67000,,2.4905076026916504,1.8089492321014404,2.615767240524292,aht8p3di
67725,1.8743565082550049,,,,aht8p3di
68000,,2.4998579025268555,1.808132290840149,2.6143298149108887,aht8p3di
68250,1.8841789960861206,,,,aht8p3di
69000,,2.4870617389678955,1.8045697212219238,2.6192471981048584,aht8p3di
69055,1.8751773834228516,,,,aht8p3di
69739,1.856645107269287,,,,aht8p3di
70000,,2.488201141357422,1.7988216876983643,2.6173272132873535,aht8p3di
70579,1.8691730499267578,,,,aht8p3di
71000,,2.4860382080078125,1.7990355491638184,2.6162960529327393,aht8p3di
71183,1.834765076637268,,,,aht8p3di
72000,,2.4907631874084473,1.80585777759552,2.6182425022125244,aht8p3di
72447,1.8789328336715698,,,,aht8p3di
73000,,2.485917091369629,1.7922585010528564,2.613436698913574,aht8p3di
73316,1.8747546672821045,,,,aht8p3di
73827,1.847401738166809,,,,aht8p3di
74000,,2.487765312194824,1.7928035259246826,2.6120615005493164,aht8p3di
74349,1.8957123756408691,,,,aht8p3di
75000,,2.483431577682495,1.7958983182907104,2.6077520847320557,aht8p3di
75307,1.8356469869613647,,,,aht8p3di
76000,,2.485316276550293,1.7968881130218506,2.6087253093719482,aht8p3di
76148,1.8524975776672363,,,,aht8p3di
77000,,2.4837381839752197,1.7985912561416626,2.609804153442383,aht8p3di
77074,1.8501341342926025,,,,aht8p3di
77953,1.8601704835891724,,,,aht8p3di
78000,,2.481674909591675,1.7924433946609497,2.6104021072387695,aht8p3di
78768,1.8709142208099365,,,,aht8p3di
79000,1.863039255142212,2.483149528503418,1.791621446609497,2.609266996383667,aht8p3di
79512,1.8857381343841553,,,,aht8p3di
79910,1.8621248006820679,,,,aht8p3di
80000,,2.478717565536499,1.7914668321609497,2.609747886657715,aht8p3di
80642,1.830108880996704,,,,aht8p3di
81000,,2.4795608520507812,1.7879928350448608,2.607311725616455,aht8p3di
81431,1.8613814115524292,,,,aht8p3di
81992,1.8831632137298584,,,,aht8p3di
82000,,2.479999303817749,1.7848753929138184,2.601607322692871,aht8p3di
82771,1.858643651008606,,,,aht8p3di
83000,,2.481987714767456,1.8017501831054688,2.60721492767334,aht8p3di
83565,1.870689868927002,,,,aht8p3di
84000,,2.4785773754119873,1.7868927717208862,2.6007602214813232,aht8p3di
84007,1.866442084312439,,,,aht8p3di
84898,1.8846988677978516,,,,aht8p3di
85000,,2.4793894290924072,1.79441499710083,2.602226734161377,aht8p3di
85509,1.867349624633789,,,,aht8p3di
86000,,2.480337619781494,1.7964509725570679,2.6024508476257324,aht8p3di
86449,1.843937635421753,,,,aht8p3di
87000,,2.476215362548828,1.794601321220398,2.6004464626312256,aht8p3di
87233,1.8688490390777588,,,,aht8p3di
88000,,2.475619077682495,1.7893221378326416,2.5926201343536377,aht8p3di
88009,1.8263425827026367,,,,aht8p3di
89000,,2.47579288482666,1.7896690368652344,2.5959882736206055,aht8p3di
89097,1.8532932996749878,,,,aht8p3di
89884,1.8523410558700562,,,,aht8p3di
90000,,2.474228620529175,1.7953577041625977,2.594487428665161,aht8p3di
90718,1.8588589429855347,,,,aht8p3di
91000,,2.4733431339263916,1.7896947860717773,2.5970304012298584,aht8p3di
91556,1.832615852355957,,,,aht8p3di
92000,,2.4719698429107666,1.7893909215927124,2.5922434329986572,aht8p3di
92560,1.8358814716339111,,,,aht8p3di
93000,,2.4689865112304688,1.790616512298584,2.5877280235290527,aht8p3di
93268,1.8757108449935913,,,,aht8p3di
94000,,2.468268394470215,1.7917025089263916,2.5990424156188965,aht8p3di
94369,1.8689351081848145,,,,aht8p3di
95000,,2.469557046890259,1.7833458185195923,2.59242582321167,aht8p3di
95191,1.8530781269073486,,,,aht8p3di
96000,,2.470705509185791,1.778862714767456,2.5938220024108887,aht8p3di
96200,1.8325179815292358,,,,aht8p3di
96340,1.8578319549560547,,,,zbsosgsq
96360,1.8390331268310547,,,,zbsosgsq
96380,1.8564262390136719,,,,zbsosgsq
96398,1.8481632471084595,,,,zbsosgsq
96416,1.8267357349395752,,,,zbsosgsq
96438,1.875680923461914,,,,zbsosgsq
96457,1.8462547063827515,,,,zbsosgsq
96475,1.8791179656982422,,,,zbsosgsq
96494,1.8328355550765991,,,,zbsosgsq
96512,1.8548468351364136,,,,zbsosgsq
96529,1.8717174530029297,,,,zbsosgsq
96547,1.8597956895828247,,,,zbsosgsq
96565,1.8688385486602783,,,,zbsosgsq
96583,1.8461885452270508,,,,zbsosgsq
96601,1.8129854202270508,,,,zbsosgsq
96620,1.8679426908493042,,,,zbsosgsq
96639,1.845530390739441,,,,zbsosgsq
96661,1.8289607763290405,,,,zbsosgsq
96679,1.9303675889968872,,,,zbsosgsq
96697,1.854597568511963,,,,zbsosgsq
96715,1.8799817562103271,,,,zbsosgsq
96734,1.804930329322815,,,,zbsosgsq
96752,1.8384977579116821,,,,zbsosgsq
96775,1.8632895946502686,,,,zbsosgsq
96793,1.8413759469985962,,,,zbsosgsq
96812,1.8270959854125977,,,,zbsosgsq
96830,1.8461387157440186,,,,zbsosgsq
96849,1.8240042924880981,,,,zbsosgsq
96869,1.8452595472335815,,,,zbsosgsq
96888,1.843008041381836,,,,zbsosgsq
96907,1.8463191986083984,,,,zbsosgsq
96925,1.8493621349334717,,,,zbsosgsq
96943,1.8245021104812622,,,,zbsosgsq
96963,1.8618053197860718,,,,zbsosgsq
96980,1.8286540508270264,,,,zbsosgsq
97000,1.8532965183258057,2.4711711406707764,1.7870641946792603,2.5935826301574707,zbsosgsq
97020,1.8534315824508667,,,,zbsosgsq
97037,1.8354809284210205,,,,zbsosgsq
97055,1.8384493589401245,,,,zbsosgsq
97072,1.8335893154144287,,,,zbsosgsq
97090,1.8795567750930786,,,,zbsosgsq
97107,1.8527101278305054,,,,zbsosgsq
97125,1.8734667301177979,,,,zbsosgsq
97145,1.8337931632995605,,,,zbsosgsq
97162,1.8469529151916504,,,,zbsosgsq
97181,1.84190034866333,,,,zbsosgsq
97198,1.8645448684692383,,,,zbsosgsq
97219,1.833146572113037,,,,zbsosgsq
97236,1.8480557203292847,,,,zbsosgsq
97253,1.8493291139602661,,,,zbsosgsq
97271,1.8332347869873047,,,,zbsosgsq
97289,1.852774977684021,,,,zbsosgsq
97308,1.8527913093566895,,,,zbsosgsq
97325,1.8493460416793823,,,,zbsosgsq
97342,1.8634941577911377,,,,zbsosgsq
97360,1.855527639389038,,,,zbsosgsq
97377,1.8544055223464966,,,,zbsosgsq
97396,1.8659586906433105,,,,zbsosgsq
97414,1.831423282623291,,,,zbsosgsq
97432,1.8130598068237305,,,,zbsosgsq
97452,1.8191323280334473,,,,zbsosgsq
97471,1.8965040445327759,,,,zbsosgsq
97490,1.8616223335266113,,,,zbsosgsq
97507,1.8328561782836914,,,,zbsosgsq
97525,1.8661950826644897,,,,zbsosgsq
97542,1.853594183921814,,,,zbsosgsq
97561,1.8823257684707642,,,,zbsosgsq
97579,1.8437073230743408,,,,zbsosgsq
97597,1.8345959186553955,,,,zbsosgsq
97615,1.84264075756073,,,,zbsosgsq
97633,1.841590404510498,,,,zbsosgsq
97652,1.8485291004180908,,,,zbsosgsq
97672,1.8702505826950073,,,,zbsosgsq
97689,1.8496860265731812,,,,zbsosgsq
97707,1.8569014072418213,,,,zbsosgsq
97727,1.8437694311141968,,,,zbsosgsq
97745,1.8057197332382202,,,,zbsosgsq
97762,1.854932188987732,,,,zbsosgsq
97779,1.8785786628723145,,,,zbsosgsq
97798,1.8249366283416748,,,,zbsosgsq
97820,1.8626861572265625,,,,zbsosgsq
97837,1.8556232452392578,,,,zbsosgsq
97856,1.8517060279846191,,,,zbsosgsq
97873,1.8535518646240234,,,,zbsosgsq
97891,1.8749232292175293,,,,zbsosgsq
97908,1.8505454063415527,,,,zbsosgsq
97927,1.8622586727142334,,,,zbsosgsq
97944,1.8379220962524414,,,,zbsosgsq
98017,1.8431904315948486,,,,6knh3brt
98043,1.8267641067504883,,,,6knh3brt
98065,1.8257946968078613,,,,6knh3brt
98088,1.8261640071868896,,,,6knh3brt
98110,1.8716328144073486,,,,6knh3brt
98136,1.8362621068954468,,,,6knh3brt
98156,1.8417279720306396,,,,6knh3brt
98178,1.8578145503997803,,,,6knh3brt
98200,1.845001220703125,,,,6knh3brt
98223,1.8535857200622559,,,,6knh3brt
98243,1.8660186529159546,,,,6knh3brt
98263,1.8370280265808105,,,,6knh3brt
98286,1.8421173095703125,,,,6knh3brt
98314,1.847694993019104,,,,6knh3brt
98336,1.84546959400177,,,,6knh3brt
98360,1.860235333442688,,,,6knh3brt
98383,1.8495450019836426,,,,6knh3brt
98407,1.8171859979629517,,,,6knh3brt
98430,1.8530036211013794,,,,6knh3brt
98458,1.878710150718689,,,,6knh3brt
98480,1.852088451385498,,,,6knh3brt
98502,1.8291044235229492,,,,6knh3brt
98524,1.8575342893600464,,,,6knh3brt
98546,1.8480026721954346,,,,6knh3brt
98570,1.853424310684204,,,,6knh3brt
98592,1.8460439443588257,,,,6knh3brt
98612,1.8341246843338013,,,,6knh3brt
98634,1.8216010332107544,,,,6knh3brt
98656,1.8251984119415283,,,,6knh3brt
98678,1.8502742052078247,,,,6knh3brt
98702,1.834105134010315,,,,6knh3brt
98721,1.849799394607544,,,,6knh3brt
98741,1.8643141984939575,,,,6knh3brt
98761,1.8766839504241943,,,,6knh3brt
98783,1.8308073282241821,,,,6knh3brt
98805,1.8510860204696655,,,,6knh3brt
98825,1.836676836013794,,,,6knh3brt
98845,1.8613708019256592,,,,6knh3brt
98864,1.8494091033935547,,,,6knh3brt
98886,1.869997262954712,,,,6knh3brt
98908,1.8382307291030884,,,,6knh3brt
98927,1.8355735540390015,,,,6knh3brt
98948,1.834201693534851,,,,6knh3brt
98969,1.8656909465789795,,,,6knh3brt
98991,1.8803819417953491,,,,6knh3brt
99000,,2.4687724113464355,1.7856953144073486,2.588914394378662,6knh3brt
99003,1.830570101737976,,,,ezd0ael7
99010,1.8269171714782715,,,,6knh3brt
99016,1.8332184553146362,,,,ezd0ael7
99023,1.8327816724777222,,,,6knh3brt
99029,1.8300604820251465,,,,6knh3brt
99035,1.8359850645065308,,,,b40n05ra
99041,1.8428765535354614,,,,b40n05ra
99047,1.8443883657455444,,,,6knh3brt
99053,1.8638402223587036,,,,6knh3brt
99058,1.849988341331482,,,,ezd0ael7
99065,1.852268934249878,,,,6knh3brt
99070,1.8450133800506592,,,,ezd0ael7
99076,1.8701705932617188,,,,b40n05ra
99082,1.8801690340042114,,,,b40n05ra
99088,1.8185575008392334,,,,6knh3brt
99094,1.8258789777755737,,,,6knh3brt
99100,1.8489668369293213,,,,6knh3brt
99106,1.8406071662902832,,,,6knh3brt
99112,1.8477544784545898,,,,b40n05ra
99118,1.8612234592437744,,,,ezd0ael7
99125,1.8220659494400024,,,,6knh3brt
99131,1.8280776739120483,,,,ezd0ael7
99137,1.8493119478225708,,,,ezd0ael7
99144,1.8600021600723267,,,,6knh3brt
99150,1.8728365898132324,,,,6knh3brt
99156,1.8724849224090576,,,,6knh3brt
99162,1.8637725114822388,,,,b40n05ra
99168,1.8580070734024048,,,,b40n05ra
99174,1.8357281684875488,,,,6knh3brt
99179,1.846509575843811,,,,ezd0ael7
99185,1.8684461116790771,,,,ezd0ael7
99192,1.8503327369689941,,,,6knh3brt
99197,1.8439642190933228,,,,ezd0ael7
99204,1.8102245330810547,,,,6knh3brt
99210,1.8524850606918335,,,,b40n05ra
99216,1.8497424125671387,,,,b40n05ra
99222,1.8221495151519775,,,,ezd0ael7
99229,1.8734347820281982,,,,b40n05ra
99235,1.8803205490112305,,,,6knh3brt
99241,1.871961236000061,,,,b40n05ra
99247,1.849258303642273,,,,b40n05ra
99253,1.8642195463180542,,,,ezd0ael7
99259,1.8500868082046509,,,,ezd0ael7
99265,1.840630292892456,,,,ezd0ael7
99272,1.8432422876358032,,,,ezd0ael7
99279,1.8505827188491821,,,,b40n05ra
99285,1.8453733921051025,,,,b40n05ra
99291,1.8472577333450317,,,,ezd0ael7
99298,1.849152684211731,,,,b40n05ra
99304,1.859943151473999,,,,b40n05ra
99310,1.8644360303878784,,,,ezd0ael7
99317,1.8346682786941528,,,,6knh3brt
99322,1.863361120223999,,,,ezd0ael7
99328,1.8704155683517456,,,,b40n05ra
99335,1.8515160083770752,,,,b40n05ra
99341,1.8630597591400146,,,,ezd0ael7
99347,1.8599046468734741,,,,ezd0ael7
99354,1.8560495376586914,,,,ezd0ael7
99361,1.8641095161437988,,,,6knh3brt
99366,1.858910083770752,,,,ezd0ael7
99372,1.8504308462142944,,,,ezd0ael7
99379,1.8571500778198242,,,,b40n05ra
99385,1.8550682067871094,,,,ezd0ael7
99391,1.8293746709823608,,,,ezd0ael7
99398,1.8396461009979248,,,,ezd0ael7
99404,1.8294179439544678,,,,ezd0ael7
99410,1.8763333559036255,,,,ezd0ael7
99416,1.8286402225494385,,,,b40n05ra
99422,1.8147245645523071,,,,b40n05ra
99428,1.8349061012268066,,,,b40n05ra
99434,1.8682633638381958,,,,b40n05ra
99440,1.8422428369522095,,,,b40n05ra
99446,1.8389478921890259,,,,6knh3brt
99451,1.8192696571350098,,,,ezd0ael7
99457,1.8817185163497925,,,,b40n05ra
99463,1.8412723541259766,,,,b40n05ra
99470,1.8693475723266602,,,,b40n05ra
99476,1.8558495044708252,,,,ezd0ael7
99482,1.8149605989456177,,,,ezd0ael7
99489,1.8500300645828247,,,,b40n05ra
99496,1.842740535736084,,,,b40n05ra
99502,1.8304585218429565,,,,ezd0ael7
99508,1.8470776081085205,,,,ezd0ael7
99515,1.828696370124817,,,,b40n05ra
99522,1.8571527004241943,,,,6knh3brt
99527,1.8322434425354004,,,,ezd0ael7
99533,1.8258752822875977,,,,ezd0ael7
99540,1.8676812648773193,,,,6knh3brt
99545,1.863689661026001,,,,ezd0ael7
99551,1.8258053064346313,,,,ezd0ael7
99557,1.8421618938446045,,,,ezd0ael7
99563,1.8333925008773804,,,,ezd0ael7
99569,1.8371096849441528,,,,ezd0ael7
99576,1.832952618598938,,,,b40n05ra
99582,1.860664963722229,,,,b40n05ra
99588,1.8598623275756836,,,,6knh3brt
99594,1.8654483556747437,,,,6knh3brt
99599,1.8203330039978027,,,,ezd0ael7
99606,1.820724368095398,,,,6knh3brt
99612,1.8384225368499756,,,,6knh3brt
99618,1.8551664352416992,,,,6knh3brt
99623,1.8522287607192993,,,,ezd0ael7
99630,1.8570964336395264,,,,6knh3brt
99635,1.887758493423462,,,,ezd0ael7
99641,1.858140230178833,,,,ezd0ael7
99648,1.8330796957015991,,,,ezd0ael7
99654,1.8409558534622192,,,,ezd0ael7
99661,1.8599945306777954,,,,6knh3brt
99667,1.840262532234192,,,,6knh3brt
99673,1.8345856666564941,,,,6knh3brt
99679,1.8045618534088135,,,,6knh3brt
99685,1.840495228767395,,,,6knh3brt
99691,1.828161358833313,,,,b40n05ra
99697,1.863608717918396,,,,b40n05ra
99703,1.8518729209899902,,,,b40n05ra
99709,1.8528201580047607,,,,ezd0ael7
99715,1.8503353595733643,,,,ezd0ael7
99722,1.818708062171936,,,,6knh3brt
99728,1.8455736637115479,,,,6knh3brt
99733,1.8386613130569458,,,,ezd0ael7
99740,1.8663164377212524,,,,b40n05ra
99746,1.8572049140930176,,,,b40n05ra
99752,1.8328938484191895,,,,b40n05ra
99758,1.842793583869934,,,,6knh3brt
99764,1.8175978660583496,,,,6knh3brt
99770,1.841727375984192,,,,6knh3brt
99776,1.8745317459106445,,,,b40n05ra
99782,1.8606153726577759,,,,ezd0ael7
99788,1.847869634628296,,,,ezd0ael7
99795,1.858286738395691,,,,b40n05ra
99801,1.8261202573776245,,,,b40n05ra
99808,1.8475052118301392,,,,b40n05ra
99814,1.856060266494751,,,,ezd0ael7
99820,1.8624786138534546,,,,b40n05ra
99826,1.8307346105575562,,,,b40n05ra
99832,1.827348232269287,,,,ezd0ael7
99839,1.8313781023025513,,,,6knh3brt
99844,1.8316510915756226,,,,ezd0ael7
99850,1.832839846611023,,,,ezd0ael7
99856,1.832525372505188,,,,ezd0ael7
99863,1.8229066133499146,,,,b40n05ra
99869,1.8495134115219116,,,,ezd0ael7
99875,1.861499547958374,,,,b40n05ra
99881,1.85960054397583,,,,b40n05ra
99888,1.838854193687439,,,,6knh3brt
99894,1.839282512664795,,,,b40n05ra
99900,1.8343594074249268,,,,b40n05ra
99906,1.8267923593521118,,,,b40n05ra
99912,1.8052308559417725,,,,ezd0ael7
99918,1.8192883729934692,,,,b40n05ra
99924,1.8279138803482056,,,,6knh3brt
99930,1.8244820833206177,,,,ezd0ael7
99936,1.8320180177688599,,,,ezd0ael7
99942,1.8811264038085938,,,,ezd0ael7
99948,1.853201985359192,,,,ezd0ael7
99963,1.869585633277893,,,,b40n05ra
99980,1.8598480224609375,,,,b40n05ra
99997,1.8404697179794312,,,,b40n05ra
100000,1.8141230344772339,2.467045307159424,1.783849835395813,2.586287498474121,b40n05ra
100013,1.8499735593795776,,,,b40n05ra
100030,1.8483936786651611,,,,b40n05ra
100047,1.847090244293213,,,,b40n05ra
100063,1.8470985889434814,,,,2ikeaw5m
100078,1.8523871898651123,,,,b40n05ra
100095,1.861844539642334,,,,b40n05ra
100112,1.8477721214294434,,,,b40n05ra
100129,1.8493826389312744,,,,b40n05ra
100146,1.8487071990966797,,,,b40n05ra
100163,1.8562605381011963,,,,b40n05ra
100180,1.8653602600097656,,,,b40n05ra
100193,1.8557335138320923,,,,b40n05ra
100371,1.8425729274749756,,,,2ikeaw5m
100839,1.8493893146514893,,,,2ikeaw5m
101000,,2.467547655105591,1.782707691192627,2.5914156436920166,2ikeaw5m
101165,1.8325728178024292,,,,2ikeaw5m
101653,1.8206819295883179,,,,2ikeaw5m
101961,1.8620281219482422,,,,2ikeaw5m
102000,,2.4693708419799805,1.7811403274536133,2.592040777206421,2ikeaw5m
102375,1.8642630577087402,,,,2ikeaw5m
102725,1.857282280921936,,,,2ikeaw5m
103000,,2.4636318683624268,1.7839473485946655,2.589031457901001,2ikeaw5m
103272,1.8439067602157593,,,,2ikeaw5m
103611,1.860113501548767,,,,2ikeaw5m
103955,1.8378443717956543,,,,2ikeaw5m
104000,,2.46364426612854,1.7762736082077026,2.5914487838745117,2ikeaw5m
104344,1.8585906028747559,,,,2ikeaw5m
104812,1.8753217458724976,,,,2ikeaw5m
105000,,2.463395833969116,1.7772167921066284,2.5913949012756348,2ikeaw5m
105283,1.8491089344024658,,,,2ikeaw5m
105720,1.8630614280700684,,,,2ikeaw5m
106000,,2.463972806930542,1.7934848070144653,2.5895535945892334,2ikeaw5m
106067,1.8735921382904053,,,,2ikeaw5m
106452,1.824997067451477,,,,2ikeaw5m
106994,1.8399415016174316,,,,2ikeaw5m
107000,,2.466463327407837,1.7726308107376099,2.591611385345459,2ikeaw5m
107402,1.8552753925323486,,,,2ikeaw5m
107731,1.8463776111602783,,,,2ikeaw5m
108000,,2.4636311531066895,1.7756016254425049,2.5942325592041016,2ikeaw5m
108248,1.848877191543579,,,,2ikeaw5m
108577,1.8231960535049438,,,,2ikeaw5m
108893,1.8576114177703857,,,,2ikeaw5m
109000,,2.4629931449890137,1.773540735244751,2.588202714920044,2ikeaw5m
109089,1.8048344850540161,,,,2ikeaw5m
109543,1.8395370244979858,,,,2ikeaw5m
109879,1.814934253692627,,,,2ikeaw5m
110000,,2.4655513763427734,1.7766969203948975,2.5905795097351074,2ikeaw5m
110204,1.8605791330337524,,,,2ikeaw5m
110517,1.8516547679901123,,,,2ikeaw5m
110927,1.835737943649292,,,,2ikeaw5m
111000,,2.4614062309265137,1.7797478437423706,2.5900440216064453,2ikeaw5m
111267,1.833289384841919,,,,2ikeaw5m
111476,1.8407255411148071,,,,2ikeaw5m
111829,1.8687889575958252,,,,2ikeaw5m
112000,,2.4604897499084473,1.7803161144256592,2.5908241271972656,2ikeaw5m
112324,1.8511567115783691,,,,2ikeaw5m
112661,1.8371734619140625,,,,2ikeaw5m
113000,1.819139838218689,2.462006092071533,1.7761881351470947,2.586953639984131,2ikeaw5m
113596,1.8570990562438965,,,,2ikeaw5m
114000,,2.464536190032959,1.7768573760986328,2.5898871421813965,2ikeaw5m
114008,1.8474007844924927,,,,2ikeaw5m
114197,1.82878839969635,,,,2ikeaw5m
114524,1.8190654516220093,,,,2ikeaw5m
114928,1.8449980020523071,,,,2ikeaw5m
115000,,2.459745168685913,1.7743364572525024,2.5861873626708984,2ikeaw5m
115388,1.8369336128234863,,,,2ikeaw5m
115830,1.8749796152114868,,,,2ikeaw5m
116000,,2.4557411670684814,1.7796449661254883,2.587383270263672,2ikeaw5m
116246,1.8428701162338257,,,,2ikeaw5m
116718,1.8346160650253296,,,,2ikeaw5m
117000,,2.46246075630188,1.7850439548492432,2.587371349334717,2ikeaw5m
117138,1.821158528327942,,,,2ikeaw5m
117661,1.8346099853515625,,,,2ikeaw5m
117907,1.852622151374817,,,,2ikeaw5m
118000,1.8660168647766113,2.459320068359375,1.7803945541381836,2.585488796234131,2ikeaw5m
118284,1.8393832445144653,,,,2ikeaw5m
118815,1.8442209959030151,,,,2ikeaw5m
119000,,2.462385416030884,1.7992442846298218,2.5900323390960693,2ikeaw5m
119196,1.8154640197753906,,,,2ikeaw5m
119586,1.8273836374282837,,,,2ikeaw5m
119925,1.8375294208526611,,,,2ikeaw5m
120000,,2.458393096923828,1.782196283340454,2.58371639251709,2ikeaw5m
120270,1.8254629373550415,,,,2ikeaw5m
120724,1.866367220878601,,,,2ikeaw5m
121000,,2.458395004272461,1.7737053632736206,2.581949472427368,2ikeaw5m
121073,1.8176910877227783,,,,2ikeaw5m
121448,1.8379240036010742,,,,2ikeaw5m
121973,1.8297309875488281,,,,2ikeaw5m
122000,,2.459986686706543,1.7704530954360962,2.580994129180908,2ikeaw5m
122486,1.837429404258728,,,,2ikeaw5m
122858,1.8355568647384644,,,,2ikeaw5m
123000,,2.4583165645599365,1.7704256772994995,2.5857226848602295,2ikeaw5m
123302,1.836039423942566,,,,2ikeaw5m
123722,1.8647910356521606,,,,2ikeaw5m
123975,1.8150430917739868,,,,2ikeaw5m
124000,,2.4592831134796143,1.772197961807251,2.5718038082122803,2ikeaw5m
124340,1.8452695608139038,,,,2ikeaw5m
124682,1.8322769403457642,,,,2ikeaw5m
125000,,2.4569737911224365,1.7655563354492188,2.5796070098876953,2ikeaw5m
125325,1.83552086353302,,,,2ikeaw5m
125734,1.8415738344192505,,,,2ikeaw5m
126000,,2.4538955688476562,1.7667558193206787,2.57959246635437,2ikeaw5m
126218,1.8279476165771484,,,,2ikeaw5m
126631,1.8361471891403198,,,,2ikeaw5m
126885,1.8159537315368652,,,,2ikeaw5m
127000,,2.453875780105591,1.767383098602295,2.5807900428771973,2ikeaw5m
127142,1.8100135326385498,,,,2ikeaw5m
127548,1.8271608352661133,,,,2ikeaw5m
128000,,2.4536192417144775,1.7692636251449585,2.575612783432007,2ikeaw5m
128059,1.820926547050476,,,,2ikeaw5m
128523,1.8250436782836914,,,,2ikeaw5m
128902,1.846447467803955,,,,2ikeaw5m
129000,,2.4534947872161865,1.768670678138733,2.5812339782714844,2ikeaw5m
129416,1.8281596899032593,,,,2ikeaw5m
129803,1.791900634765625,,,,2ikeaw5m
130000,,2.455418586730957,1.7746450901031494,2.58284330368042,2ikeaw5m
130098,1.818632960319519,,,,2ikeaw5m
130440,1.805808424949646,,,,2ikeaw5m
130769,1.8496404886245728,,,,2ikeaw5m
131000,,2.4561123847961426,1.767021656036377,2.582803964614868,2ikeaw5m
131135,1.8357709646224976,,,,2ikeaw5m
131395,1.8309367895126343,,,,2ikeaw5m
131736,1.824109673500061,,,,2ikeaw5m
132000,,2.4531588554382324,1.768908143043518,2.581705331802368,2ikeaw5m
132090,1.8333748579025269,,,,2ikeaw5m
132494,1.8210034370422363,,,,2ikeaw5m
132801,1.8312910795211792,,,,2ikeaw5m
133000,,2.453845739364624,1.765576958656311,2.5737738609313965,2ikeaw5m
133171,1.8160505294799805,,,,2ikeaw5m
133677,1.8214861154556274,,,,2ikeaw5m
134000,,2.453706979751587,1.7686045169830322,2.5765998363494873,2ikeaw5m
134064,1.8373701572418213,,,,2ikeaw5m
134456,1.7986570596694946,,,,2ikeaw5m
134784,1.8601866960525513,,,,2ikeaw5m
135000,,2.464684247970581,1.7674179077148438,2.5698940753936768,2ikeaw5m
135091,1.8620545864105225,,,,2ikeaw5m
136000,,2.4538679122924805,1.7705316543579102,2.5686519145965576,9o6ojvac
137000,,2.452100992202759,1.7763038873672485,2.570549726486206,9o6ojvac
138000,,2.4511280059814453,1.7737488746643066,2.571978807449341,9o6ojvac
138442,1.8398516178131104,,,,9o6ojvac
139000,,2.453533887863159,1.7668378353118896,2.572542428970337,9o6ojvac
140000,,2.4525046348571777,1.7677050828933716,2.5729029178619385,9o6ojvac
141000,,2.450700283050537,1.7817704677581787,2.5706894397735596,9o6ojvac
141033,1.830434799194336,,,,9o6ojvac
142000,,2.451198101043701,1.7625126838684082,2.5723116397857666,9o6ojvac
143000,,2.4491448402404785,1.7662370204925537,2.5778658390045166,9o6ojvac
143306,1.8374395370483398,,,,9o6ojvac
144000,,2.4496240615844727,1.7654186487197876,2.570683240890503,9o6ojvac
145000,,2.4492411613464355,1.7665679454803467,2.569556474685669,9o6ojvac
145305,1.813224196434021,,,,9o6ojvac
146000,,2.448298215866089,1.767376184463501,2.568744421005249,9o6ojvac
147000,,2.4472949504852295,1.7705457210540771,2.571901559829712,9o6ojvac
147541,1.813765287399292,,,,9o6ojvac
148000,1.8255764245986938,2.4489996433258057,1.7707229852676392,2.5693726539611816,9o6ojvac
149000,,2.45170521736145,1.7612276077270508,2.5715394020080566,9o6ojvac
149180,1.820404052734375,,,,9o6ojvac
150000,,2.446237325668335,1.7655812501907349,2.5707597732543945,9o6ojvac
151000,,2.4452617168426514,1.765281081199646,2.57159423828125,9o6ojvac
151628,1.8062349557876587,,,,9o6ojvac
152000,,2.4430205821990967,1.7670780420303345,2.571850299835205,9o6ojvac
153000,,2.4434611797332764,1.7611935138702393,2.5695154666900635,9o6ojvac
154000,,2.44482684135437,1.7843126058578491,2.5689446926116943,9o6ojvac
155000,,2.4431283473968506,1.7576032876968384,2.567209243774414,9o6ojvac
156000,,2.446882963180542,1.7623971700668335,2.5678625106811523,9o6ojvac
156041,1.8291913270950317,,,,9o6ojvac
157000,,2.4470510482788086,1.7598234415054321,2.566437005996704,9o6ojvac
158000,,2.4448962211608887,1.7629034519195557,2.5735113620758057,9o6ojvac
158341,1.8430368900299072,,,,9o6ojvac
159000,,2.4451003074645996,1.7577768564224243,2.5621869564056396,9o6ojvac
160000,,2.4409284591674805,1.7597330808639526,2.5686888694763184,9o6ojvac
160237,1.8318403959274292,,,,9o6ojvac
161000,,2.439627170562744,1.7650970220565796,2.567434310913086,9o6ojvac
162000,,2.4412434101104736,1.7666722536087036,2.5619866847991943,9o6ojvac
162084,1.8068764209747314,,,,9o6ojvac
163000,,2.438753843307495,1.7592021226882935,2.557420253753662,9o6ojvac
164000,,2.4409170150756836,1.7602847814559937,2.5633866786956787,9o6ojvac
164005,1.8202533721923828,,,,9o6ojvac
165000,,2.4420599937438965,1.7625881433486938,2.5642359256744385,9o6ojvac
165999,1.8108017444610596,,,,9o6ojvac
166000,,2.4445114135742188,1.7598670721054077,2.5671801567077637,9o6ojvac
167000,,2.4421350955963135,1.7630417346954346,2.566993236541748,9o6ojvac
167630,1.8193248510360718,,,,9o6ojvac
168000,,2.443563938140869,1.758452296257019,2.5568201541900635,9o6ojvac
169000,,2.439286231994629,1.7539420127868652,2.5619263648986816,9o6ojvac
169549,1.7989680767059326,,,,9o6ojvac
170000,,2.4520132541656494,1.7578181028366089,2.564364433288574,9o6ojvac
171000,,2.442798376083374,1.764195203781128,2.565995216369629,9o6ojvac
171712,1.8151090145111084,,,,9o6ojvac
172000,,2.4412972927093506,1.7633178234100342,2.56491756439209,9o6ojvac
173000,,2.444100856781006,1.7624671459197998,2.566628932952881,9o6ojvac
174000,,2.439577102661133,1.760675072669983,2.5665535926818848,9o6ojvac
175000,,2.4406392574310303,1.7593176364898682,2.563439130783081,9o6ojvac
175606,1.8021912574768066,,,,9o6ojvac
176000,,2.438746213912964,1.7591527700424194,2.5641307830810547,9o6ojvac
177000,,2.43692684173584,1.765899896621704,2.564741373062134,9o6ojvac
177971,1.8210960626602173,,,,9o6ojvac
178000,,2.4381463527679443,1.7590267658233643,2.561227321624756,9o6ojvac
179000,,2.437110662460327,1.761844277381897,2.561098337173462,9o6ojvac
179547,1.8211904764175415,,,,9o6ojvac
180000,,2.43544340133667,1.7881277799606323,2.5592920780181885,9o6ojvac
181000,,2.439408540725708,1.76439368724823,2.5606019496917725,9o6ojvac
181198,1.825487732887268,,,,9o6ojvac
182000,,2.434849500656128,1.7576344013214111,2.562788963317871,9o6ojvac
182873,1.8079246282577515,,,,9o6ojvac
183000,,2.4478163719177246,1.7575887441635132,2.5599138736724854,9o6ojvac
184000,,2.4332127571105957,1.7558246850967407,2.5545854568481445,9o6ojvac
184739,1.789018988609314,,,,9o6ojvac
185000,,2.433941602706909,1.757680892944336,2.5546751022338867,9o6ojvac
186000,,2.4344046115875244,1.7575331926345825,2.559159755706787,9o6ojvac
186181,1.7905346155166626,,,,9o6ojvac
187000,,2.433446168899536,1.755743145942688,2.559199094772339,9o6ojvac
188000,,2.433804750442505,1.7527620792388916,2.5618045330047607,9o6ojvac
188359,1.8086856603622437,,,,9o6ojvac
189000,,2.432668685913086,1.7556126117706299,2.5576283931732178,9o6ojvac
189604,1.7973588705062866,,,,9o6ojvac
190000,,2.4316468238830566,1.7559651136398315,2.5616562366485596,9o6ojvac
191000,,2.431398391723633,1.757307529449463,2.556781768798828,9o6ojvac
191303,1.7983981370925903,,,,9o6ojvac
192000,,2.4350767135620117,1.755760669708252,2.5586917400360107,9o6ojvac
193000,,2.4299814701080322,1.7509337663650513,2.554743766784668,9o6ojvac
193768,1.810673713684082,,,,9o6ojvac
194000,,2.4333014488220215,1.748428225517273,2.556948184967041,9o6ojvac
195000,,2.432096481323242,1.751336693763733,2.5587923526763916,9o6ojvac
195291,1.8202812671661377,,,,9o6ojvac
196000,,2.4299402236938477,1.7522861957550049,2.555253028869629,9o6ojvac
196950,1.783316731452942,,,,9o6ojvac
197000,,2.429738998413086,1.7522526979446411,2.558509349822998,9o6ojvac
198000,,2.430518865585327,1.7565667629241943,2.552949905395508,9o6ojvac
198155,1.8092387914657593,,,,9o6ojvac
199000,,2.434232711791992,1.7563295364379883,2.552502155303955,9o6ojvac
199738,1.844855546951294,,,,9o6ojvac
200000,,2.4312386512756348,1.7485718727111816,2.5530459880828857,9o6ojvac
201000,,2.43481707572937,1.7479159832000732,2.555894613265991,9o6ojvac
201421,1.8194804191589355,,,,9o6ojvac
202000,,2.432138681411743,1.7489832639694214,2.5523688793182373,9o6ojvac
202630,1.8183238506317139,,,,9o6ojvac
203000,,2.434431552886963,1.7449208498001099,2.5568325519561768,9o6ojvac
204000,,2.431306838989258,1.746294379234314,2.5525431632995605,9o6ojvac
205000,,2.428689956665039,1.7531524896621704,2.5502681732177734,9o6ojvac
205029,1.8101249933242798,,,,9o6ojvac
206000,,2.4305214881896973,1.7492477893829346,2.5539677143096924,9o6ojvac
207000,,2.429413318634033,1.7473560571670532,2.552952289581299,9o6ojvac
207540,1.8121209144592285,,,,9o6ojvac
208000,,2.4263575077056885,1.748121976852417,2.54460072517395,9o6ojvac
209000,,2.427267551422119,1.7445800304412842,2.558809518814087,9o6ojvac
209558,1.8112443685531616,,,,9o6ojvac
210000,,2.4266128540039062,1.7490440607070923,2.553041696548462,9o6ojvac
211000,,2.426459312438965,1.7472200393676758,2.5515353679656982,9o6ojvac
211182,1.8091273307800293,,,,9o6ojvac
212000,,2.4256722927093506,1.7439520359039307,2.5523781776428223,9o6ojvac
213000,,2.4266557693481445,1.7474300861358643,2.5514490604400635,9o6ojvac
213425,1.7880789041519165,,,,9o6ojvac
214000,,2.4289963245391846,1.766408920288086,2.556251049041748,9o6ojvac
215000,,2.428328037261963,1.7448428869247437,2.5538299083709717,9o6ojvac
215895,1.8267626762390137,,,,9o6ojvac
216000,,2.4268341064453125,1.744597315788269,2.5526537895202637,9o6ojvac
217000,,2.4244537353515625,1.7466353178024292,2.5514419078826904,9o6ojvac
218000,,2.425079345703125,1.743369460105896,2.5527892112731934,9o6ojvac
218403,1.825484037399292,,,,9o6ojvac
219000,,2.426208734512329,1.7386012077331543,2.551574945449829,9o6ojvac
220000,,2.4238131046295166,1.741254448890686,2.5568645000457764,9o6ojvac
220357,1.7935293912887573,,,,9o6ojvac
221000,,2.4237518310546875,1.7430628538131714,2.556062936782837,9o6ojvac
222000,,2.4253902435302734,1.742108941078186,2.5550854206085205,9o6ojvac
222988,1.7888282537460327,,,,9o6ojvac
223000,,2.4271762371063232,1.7436950206756592,2.5542125701904297,9o6ojvac
224000,,2.4237220287323,1.7444475889205933,2.5491039752960205,9o6ojvac
225000,,2.4249985218048096,1.7472707033157349,2.553861379623413,9o6ojvac
226000,,2.4240753650665283,1.7437033653259277,2.545001745223999,9o6ojvac
226740,1.8032405376434326,,,,9o6ojvac
227000,,2.4235498905181885,1.7440800666809082,2.5497312545776367,9o6ojvac
228000,,2.422959089279175,1.740884780883789,2.5501530170440674,9o6ojvac
229000,,2.4223568439483643,1.7440954446792603,2.5489375591278076,9o6ojvac
230000,,2.422168254852295,1.7441033124923706,2.5453178882598877,9o6ojvac
231000,,2.4225170612335205,1.7457705736160278,2.5461716651916504,9o6ojvac
231062,1.788174033164978,,,,9o6ojvac
232000,,2.4230120182037354,1.7475250959396362,2.5470547676086426,9o6ojvac
233000,,2.4226887226104736,1.741620659828186,2.548715353012085,9o6ojvac
233161,1.7821937799453735,,,,9o6ojvac
234000,,2.421720504760742,1.738784909248352,2.5418848991394043,9o6ojvac
235000,,2.423943042755127,1.742324948310852,2.5446360111236572,9o6ojvac
235289,1.7762246131896973,,,,9o6ojvac
236000,,2.4233157634735107,1.7488927841186523,2.5427138805389404,9o6ojvac
237000,,2.4227380752563477,1.7409272193908691,2.542459011077881,9o6ojvac
237245,1.7718393802642822,,,,9o6ojvac
238000,,2.422215461730957,1.7309060096740723,2.544455051422119,9o6ojvac
238939,1.803309679031372,,,,9o6ojvac
239000,,2.419235944747925,1.7354038953781128,2.544172763824463,9o6ojvac
240000,,2.420039176940918,1.7385690212249756,2.539909839630127,9o6ojvac
241000,,2.4188361167907715,1.7395424842834473,2.536832332611084,9o6ojvac
242000,,2.4206154346466064,1.7391798496246338,2.539623975753784,9o6ojvac
243000,,2.422309398651123,1.740165114402771,2.5401782989501953,9o6ojvac
243006,1.7847508192062378,,,,9o6ojvac
244000,,2.419691562652588,1.7553818225860596,2.5392487049102783,9o6ojvac
245000,,2.4228336811065674,1.7414823770523071,2.5409960746765137,9o6ojvac
246000,,2.4182472229003906,1.738651156425476,2.5402333736419678,9o6ojvac
246471,1.7736046314239502,,,,9o6ojvac
247000,,2.418948173522949,1.7390587329864502,2.5383286476135254,9o6ojvac
248000,,2.4145445823669434,1.7457424402236938,2.536240339279175,9o6ojvac
249000,,2.4175143241882324,1.737928867340088,2.5383150577545166,9o6ojvac
249487,1.7739747762680054,,,,9o6ojvac
250000,,2.419172763824463,1.7397972345352173,2.540832996368408,9o6ojvac
251000,,2.4208483695983887,1.7427881956100464,2.5430362224578857,9o6ojvac
251761,1.7971711158752441,,,,9o6ojvac
252000,,2.4162538051605225,1.7563807964324951,2.5394580364227295,9o6ojvac
253000,,2.416593313217163,1.7400919198989868,2.538933277130127,9o6ojvac
254000,,2.417444944381714,1.7410495281219482,2.5214602947235107,9o6ojvac
255000,,2.414362907409668,1.7372705936431885,2.5332276821136475,9o6ojvac
255377,1.7761086225509644,,,,9o6ojvac
256000,,2.416419506072998,1.7393661737442017,2.5349347591400146,9o6ojvac
257000,,2.4168217182159424,1.7367870807647705,2.541602373123169,9o6ojvac
257410,1.7944973707199097,,,,9o6ojvac
258000,,2.412576913833618,1.7360221147537231,2.533039093017578,9o6ojvac
259000,,2.4136903285980225,1.7431434392929077,2.5359861850738525,9o6ojvac
259200,1.780720829963684,,,,9o6ojvac
260000,,2.415332794189453,1.731127142906189,2.531759023666382,9o6ojvac
260290,1.769417405128479,,,,9o6ojvac
261000,,2.413668394088745,1.7326836585998535,2.5336456298828125,9o6ojvac
261621,1.819325566291809,,,,9o6ojvac
262000,,2.4132649898529053,1.7383376359939575,2.5340383052825928,9o6ojvac
263000,,2.4133901596069336,1.7344911098480225,2.5305678844451904,9o6ojvac
263617,1.7939101457595825,,,,9o6ojvac
264000,,2.4124531745910645,1.7319903373718262,2.5361690521240234,9o6ojvac
265000,,2.413173198699951,1.7309677600860596,2.5312697887420654,9o6ojvac
266000,,2.413027048110962,1.747927188873291,2.536072254180908,9o6ojvac
267000,,2.4116077423095703,1.7317358255386353,2.5375425815582275,9o6ojvac
268000,,2.4111201763153076,1.7331745624542236,2.5332911014556885,9o6ojvac
268483,1.764047384262085,,,,9o6ojvac
269000,,2.4108927249908447,1.7304565906524658,2.523693084716797,9o6ojvac
270000,,2.4141767024993896,1.7332890033721924,2.532505750656128,9o6ojvac
270677,1.763248324394226,,,,9o6ojvac
271000,,2.4145431518554688,1.7339787483215332,2.5342116355895996,9o6ojvac
272000,,2.413696050643921,1.7318137884140015,2.534959077835083,9o6ojvac
272350,1.8022518157958984,,,,9o6ojvac
273000,,2.4129443168640137,1.733549952507019,2.5350475311279297,9o6ojvac
274000,,2.410419464111328,1.7345216274261475,2.532576322555542,9o6ojvac
274476,1.7696632146835327,,,,9o6ojvac
275000,,2.4118919372558594,1.7361843585968018,2.537231922149658,9o6ojvac
276000,,2.411532163619995,1.7363442182540894,2.5346078872680664,9o6ojvac
277000,,2.408712863922119,1.7391612529754639,2.5345773696899414,9o6ojvac
278000,,2.4111034870147705,1.7365986108779907,2.5342278480529785,9o6ojvac
279000,,2.410187244415283,1.7265088558197021,2.5303456783294678,9o6ojvac
279371,1.7625638246536255,,,,9o6ojvac
280000,,2.4108359813690186,1.733845591545105,2.537076950073242,9o6ojvac
280893,1.7840886116027832,,,,9o6ojvac
281000,,2.4102234840393066,1.7339720726013184,2.532611846923828,9o6ojvac
282000,,2.4067912101745605,1.7346830368041992,2.524646282196045,9o6ojvac
282410,1.7778271436691284,,,,9o6ojvac
283000,,2.40779972076416,1.7307840585708618,2.529170513153076,9o6ojvac
284000,,2.4102861881256104,1.732934594154358,2.5313377380371094,9o6ojvac
284683,1.7550917863845825,,,,9o6ojvac
285000,,2.4172019958496094,1.7313920259475708,2.528534173965454,9o6ojvac
286000,,2.4086105823516846,1.7309013605117798,2.5299248695373535,9o6ojvac
286546,1.7679346799850464,,,,9o6ojvac
287000,,2.409601926803589,1.7351387739181519,2.5293614864349365,9o6ojvac
288000,,2.407158613204956,1.7351090908050537,2.5294134616851807,9o6ojvac
288319,1.7663012742996216,,,,9o6ojvac
289000,,2.4053430557250977,1.7345942258834839,2.52878737449646,9o6ojvac
290000,,2.405285120010376,1.7311855554580688,2.527952194213867,9o6ojvac
290914,1.771133303642273,,,,9o6ojvac
291000,,2.4064152240753174,1.732492208480835,2.5288710594177246,9o6ojvac
292000,,2.4072535037994385,1.7306454181671143,2.525907516479492,9o6ojvac
292713,1.770247459411621,,,,9o6ojvac
293000,,2.404902935028076,1.731378436088562,2.528412342071533,9o6ojvac
294000,,2.4049415588378906,1.7400952577590942,2.527545928955078,9o6ojvac
294909,1.771350383758545,,,,9o6ojvac
295000,,2.405794382095337,1.7287445068359375,2.525510311126709,9o6ojvac
296000,,2.404757022857666,1.7281221151351929,2.5254225730895996,9o6ojvac
296292,1.7797573804855347,,,,9o6ojvac
297000,,2.4055607318878174,1.7238726615905762,2.524979591369629,9o6ojvac
297970,1.7865666151046753,,,,9o6ojvac
298000,,2.4042904376983643,1.727821707725525,2.522022247314453,9o6ojvac
299000,,2.411699056625366,1.732533574104309,2.52528977394104,9o6ojvac
299333,1.7288717031478882,,,,9o6ojvac
300000,,2.40704607963562,1.7302075624465942,2.5225746631622314,9o6ojvac
301000,,2.4052529335021973,1.7283803224563599,2.52384877204895,9o6ojvac
302000,,2.4043023586273193,1.7376091480255127,2.526806116104126,9o6ojvac
303000,,2.4055564403533936,1.7312688827514648,2.5244367122650146,9o6ojvac
304000,,2.402078628540039,1.7278002500534058,2.527068853378296,9o6ojvac
304381,1.775946855545044,,,,9o6ojvac
305000,,2.4027233123779297,1.7280024290084839,2.5234625339508057,9o6ojvac
306000,,2.4025352001190186,1.7239958047866821,2.529996395111084,9o6ojvac
307000,,2.4017581939697266,1.7300817966461182,2.5243258476257324,9o6ojvac
307200,1.7698253393173218,,,,9o6ojvac
308000,,2.4027137756347656,1.7255051136016846,2.5218493938446045,9o6ojvac
309000,,2.4032883644104004,1.7268800735473633,2.5244805812835693,9o6ojvac
309941,1.74640691280365,,,,9o6ojvac
310000,,2.4005119800567627,1.7224271297454834,2.5229177474975586,9o6ojvac
311000,,2.40165376663208,1.7256767749786377,2.5238380432128906,9o6ojvac
312000,,2.4011855125427246,1.727142333984375,2.521867513656616,9o6ojvac
313000,,2.400217294692993,1.7282363176345825,2.5235610008239746,9o6ojvac
314000,,2.4003653526306152,1.7293224334716797,2.522113800048828,9o6ojvac
314282,1.754141926765442,,,,9o6ojvac
315000,,2.4012317657470703,1.7447596788406372,2.524461507797241,9o6ojvac
316000,,2.4008216857910156,1.7256355285644531,2.5252797603607178,9o6ojvac
316172,1.7496000528335571,,,,9o6ojvac
317000,,2.4013831615448,1.731756329536438,2.524596929550171,9o6ojvac
318000,,2.398648738861084,1.7279953956604004,2.5241167545318604,9o6ojvac
319000,,2.401423454284668,1.7235373258590698,2.5148167610168457,9o6ojvac
319890,1.7434889078140259,,,,9o6ojvac
320000,,2.398221015930176,1.7249317169189453,2.5163042545318604,9o6ojvac
321000,,2.406270980834961,1.7204598188400269,2.516371250152588,9o6ojvac
322000,,2.39945387840271,1.7225440740585327,2.5200753211975098,9o6ojvac
323000,,2.4003050327301025,1.72141695022583,2.5174615383148193,9o6ojvac
324000,,2.393045663833618,1.7234584093093872,2.5127201080322266,9o6ojvac
324056,1.7411061525344849,,,,9o6ojvac
325000,,2.3981943130493164,1.7233103513717651,2.5171964168548584,9o6ojvac
326000,,2.39927077293396,1.721917748451233,2.522783041000366,9o6ojvac
327000,,2.4002561569213867,1.734524130821228,2.5265979766845703,9o6ojvac
328000,,2.396881341934204,1.7231855392456055,2.520582675933838,9o6ojvac
329000,,2.395449638366699,1.7197195291519165,2.5182573795318604,9o6ojvac
329555,1.755139946937561,,,,9o6ojvac
330000,,2.3982763290405273,1.720151662826538,2.5188496112823486,9o6ojvac
331000,,2.400083303451538,1.718717098236084,2.517632484436035,9o6ojvac
331760,1.7513014078140259,,,,9o6ojvac
332000,,2.396430730819702,1.7189286947250366,2.517350196838379,9o6ojvac
332018,1.7557262182235718,,,,qpzn5ll4
332044,1.7660317420959473,,,,9o6ojvac
332063,1.7264084815979004,,,,qpzn5ll4
332087,1.7818994522094727,,,,qpzn5ll4
332109,1.732646107673645,,,,qpzn5ll4
332134,1.7524375915527344,,,,qpzn5ll4
332152,1.7472894191741943,,,,qpzn5ll4
332175,1.7442857027053833,,,,qpzn5ll4
332198,1.737994909286499,,,,qpzn5ll4
332220,1.7472219467163086,,,,qpzn5ll4
332239,1.738739252090454,,,,qpzn5ll4
332260,1.7702150344848633,,,,qpzn5ll4
332280,1.7269777059555054,,,,qpzn5ll4
332308,1.762178897857666,,,,qpzn5ll4
332327,1.7455335855484009,,,,qpzn5ll4
332353,1.73612380027771,,,,qpzn5ll4
332375,1.7611907720565796,,,,qpzn5ll4
332398,1.75969398021698,,,,qpzn5ll4
332421,1.749133825302124,,,,qpzn5ll4
332448,1.7221227884292603,,,,qpzn5ll4
332469,1.7741317749023438,,,,qpzn5ll4
332491,1.7795400619506836,,,,qpzn5ll4
332515,1.7426124811172485,,,,qpzn5ll4
332535,1.7709860801696777,,,,qpzn5ll4
332557,1.7590371370315552,,,,qpzn5ll4
332582,1.7478688955307007,,,,qpzn5ll4
332604,1.7650997638702393,,,,qpzn5ll4
332622,1.7493641376495361,,,,qpzn5ll4
332647,1.7584677934646606,,,,qpzn5ll4
332666,1.7417171001434326,,,,qpzn5ll4
332690,1.771038293838501,,,,qpzn5ll4
332710,1.7558907270431519,,,,qpzn5ll4
332732,1.7709845304489136,,,,qpzn5ll4
332749,1.7687870264053345,,,,qpzn5ll4
332771,1.7767972946166992,,,,qpzn5ll4
332792,1.7475382089614868,,,,qpzn5ll4
332816,1.7613650560379028,,,,qpzn5ll4
332833,1.7486038208007812,,,,qpzn5ll4
332853,1.770763635635376,,,,qpzn5ll4
332874,1.7960902452468872,,,,qpzn5ll4
332897,1.7572853565216064,,,,qpzn5ll4
332915,1.7623372077941895,,,,qpzn5ll4
332937,1.7745184898376465,,,,qpzn5ll4
332957,1.7305408716201782,,,,qpzn5ll4
332979,1.7581499814987183,,,,qpzn5ll4
332999,1.755445957183838,,,,qpzn5ll4
333000,,2.3946480751037598,1.7142572402954102,2.5146946907043457,qpzn5ll4
333011,1.7594387531280518,,,,qpzn5ll4
333024,1.7701854705810547,,,,qpzn5ll4
333036,1.7598581314086914,,,,d6857ej7
333046,1.757211685180664,,,,d6857ej7
333056,1.7666079998016357,,,,d6857ej7
333067,1.7784463167190552,,,,d6857ej7
333077,1.763178825378418,,,,d6857ej7
333087,1.771746039390564,,,,qpzn5ll4
333096,1.7733631134033203,,,,qpzn5ll4
333109,1.7488688230514526,,,,d6857ej7
333121,1.7409915924072266,,,,qpzn5ll4
333134,1.7608757019042969,,,,qpzn5ll4
333144,1.7737278938293457,,,,qpzn5ll4
333155,1.766581416130066,,,,qpzn5ll4
333167,1.754002332687378,,,,d6857ej7
333176,1.7639673948287964,,,,qpzn5ll4
333186,1.7648210525512695,,,,qpzn5ll4
333197,1.77484929561615,,,,qpzn5ll4
333209,1.769295334815979,,,,d6857ej7
333220,1.7506717443466187,,,,d6857ej7
333231,1.7710016965866089,,,,qpzn5ll4
333242,1.7566683292388916,,,,d6857ej7
333252,1.7522766590118408,,,,qpzn5ll4
333262,1.7615586519241333,,,,qpzn5ll4
333275,1.7849310636520386,,,,d6857ej7
333287,1.750686764717102,,,,qpzn5ll4
333301,1.7906185388565063,,,,d6857ej7
333313,1.7505372762680054,,,,qpzn5ll4
333324,1.7694956064224243,,,,d6857ej7
333336,1.7763324975967407,,,,d6857ej7
333348,1.7532401084899902,,,,d6857ej7
333361,1.7746336460113525,,,,d6857ej7
333371,1.7489073276519775,,,,qpzn5ll4
333383,1.7451934814453125,,,,d6857ej7
333397,1.761021375656128,,,,d6857ej7
333407,1.7417263984680176,,,,qpzn5ll4
333417,1.7343028783798218,,,,qpzn5ll4
333429,1.745422124862671,,,,d6857ej7
333442,1.7578579187393188,,,,d6857ej7
333452,1.7690074443817139,,,,qpzn5ll4
333461,1.7657579183578491,,,,qpzn5ll4
333473,1.7304404973983765,,,,qpzn5ll4
333486,1.7536377906799316,,,,qpzn5ll4
333499,1.7890818119049072,,,,qpzn5ll4
333510,1.760164737701416,,,,d6857ej7
333523,1.7564916610717773,,,,d6857ej7
333533,1.7769865989685059,,,,d6857ej7
333544,1.7544149160385132,,,,d6857ej7
333553,1.7751904726028442,,,,qpzn5ll4
333565,1.7472691535949707,,,,d6857ej7
333577,1.7443181276321411,,,,d6857ej7
333587,1.7771949768066406,,,,d6857ej7
333597,1.742456078529358,,,,qpzn5ll4
333608,1.763759732246399,,,,d6857ej7
333618,1.756626844406128,,,,d6857ej7
333627,1.7470487356185913,,,,qpzn5ll4
333639,1.7757073640823364,,,,d6857ej7
333652,1.7513189315795898,,,,d6857ej7
333662,1.7574821710586548,,,,d6857ej7
333673,1.7728720903396606,,,,d6857ej7
333684,1.7717885971069336,,,,qpzn5ll4
333695,1.7374926805496216,,,,qpzn5ll4
333705,1.7596039772033691,,,,qpzn5ll4
333716,1.7256711721420288,,,,qpzn5ll4
333727,1.7923736572265625,,,,qpzn5ll4
333737,1.753458857536316,,,,d6857ej7
333747,1.769661784172058,,,,d6857ej7
333757,1.7444586753845215,,,,d6857ej7
333768,1.7572335004806519,,,,d6857ej7
333778,1.7844409942626953,,,,qpzn5ll4
333790,1.773254156112671,,,,d6857ej7
333801,1.7763930559158325,,,,qpzn5ll4
333815,1.761330485343933,,,,d6857ej7
333823,1.7484519481658936,,,,qpzn5ll4
333833,1.7966601848602295,,,,qpzn5ll4
333844,1.7599562406539917,,,,qpzn5ll4
333854,1.73728346824646,,,,d6857ej7
333865,1.778018593788147,,,,d6857ej7
333876,1.7711368799209595,,,,d6857ej7
333887,1.7558220624923706,,,,d6857ej7
333900,1.7577292919158936,,,,d6857ej7
333909,1.7585694789886475,,,,qpzn5ll4
333919,1.7654720544815063,,,,d6857ej7
333929,1.736419916152954,,,,qpzn5ll4
333940,1.7680644989013672,,,,qpzn5ll4
333951,1.7730703353881836,,,,d6857ej7
333971,1.7748336791992188,,,,d6857ej7
333994,1.7616794109344482,,,,d6857ej7
334000,,2.3947935104370117,1.7161945104599,2.516218423843384,d6857ej7
334015,1.7464404106140137,,,,d6857ej7
334038,1.7807248830795288,,,,d6857ej7
334057,1.747610092163086,,,,d6857ej7
334076,1.7449400424957275,,,,d6857ej7
334095,1.7741714715957642,,,,d6857ej7
334117,1.7783286571502686,,,,d6857ej7
334143,1.7307075262069702,,,,d6857ej7
334164,1.7913658618927002,,,,d6857ej7
334182,1.767987608909607,,,,d6857ej7
334204,1.780012845993042,,,,d6857ej7
334229,1.768986463546753,,,,d6857ej7
334249,1.7700097560882568,,,,d6857ej7
334274,1.7841920852661133,,,,d6857ej7
334300,1.7817338705062866,,,,d6857ej7
334322,1.761647343635559,,,,d6857ej7
334345,1.7453694343566895,,,,d6857ej7
334370,1.732850432395935,,,,d6857ej7
334394,1.777307152748108,,,,d6857ej7
334416,1.756521463394165,,,,d6857ej7
334436,1.7750773429870605,,,,d6857ej7
334454,1.7514557838439941,,,,d6857ej7
334478,1.7807172536849976,,,,d6857ej7
334505,1.7553532123565674,,,,d6857ej7
334530,1.743154764175415,,,,d6857ej7
334550,1.7815890312194824,,,,d6857ej7
334570,1.7676786184310913,,,,d6857ej7
334592,1.7841628789901733,,,,d6857ej7
334612,1.7533373832702637,,,,d6857ej7
334632,1.7649937868118286,,,,d6857ej7
334655,1.7376043796539307,,,,d6857ej7
334677,1.7301439046859741,,,,d6857ej7
334698,1.7477890253067017,,,,d6857ej7
334721,1.756635308265686,,,,d6857ej7
334742,1.7681355476379395,,,,d6857ej7
334762,1.7521872520446777,,,,d6857ej7
334784,1.7378867864608765,,,,d6857ej7
334810,1.7510708570480347,,,,d6857ej7
334832,1.756160855293274,,,,d6857ej7
334852,1.7712632417678833,,,,d6857ej7
334875,1.7521119117736816,,,,d6857ej7
334899,1.7562164068222046,,,,d6857ej7
334919,1.7438174486160278,,,,d6857ej7
334940,1.7480565309524536,,,,d6857ej7
335009,1.7775930166244507,,,,0reotjsg
335026,1.767333745956421,,,,0reotjsg
335043,1.7527740001678467,,,,0reotjsg
335060,1.7738250494003296,,,,0reotjsg
335074,1.7658967971801758,,,,t722dfru
335091,1.7488300800323486,,,,0reotjsg
335108,1.7315547466278076,,,,0reotjsg
335125,1.7177634239196777,,,,0reotjsg
335141,1.7770506143569946,,,,0reotjsg
335158,1.7631585597991943,,,,0reotjsg
335175,1.734080195426941,,,,0reotjsg
335189,1.7781440019607544,,,,0reotjsg
335204,1.7639979124069214,,,,0reotjsg
335221,1.76856529712677,,,,0reotjsg
335237,1.7725484371185303,,,,0reotjsg
335254,1.7425988912582397,,,,0reotjsg
335270,1.7590359449386597,,,,t722dfru
335286,1.7361459732055664,,,,0reotjsg
335302,1.743782877922058,,,,0reotjsg
335318,1.7436649799346924,,,,0reotjsg
335333,1.7709954977035522,,,,0reotjsg
335349,1.7517564296722412,,,,0reotjsg
335365,1.7275406122207642,,,,0reotjsg
335380,1.7462637424468994,,,,0reotjsg
335397,1.7607002258300781,,,,0reotjsg
335413,1.7836512327194214,,,,0reotjsg
335430,1.7607343196868896,,,,0reotjsg
335446,1.7732216119766235,,,,0reotjsg
335462,1.7640682458877563,,,,0reotjsg
335478,1.783077359199524,,,,0reotjsg
335495,1.7601686716079712,,,,0reotjsg
335512,1.7804009914398193,,,,0reotjsg
335527,1.782971978187561,,,,0reotjsg
335544,1.7652933597564697,,,,0reotjsg
335561,1.7650874853134155,,,,0reotjsg
335576,1.7530343532562256,,,,0reotjsg
335593,1.7687913179397583,,,,0reotjsg
335610,1.7740646600723267,,,,0reotjsg
335625,1.7881546020507812,,,,0reotjsg
335642,1.752783179283142,,,,0reotjsg
335885,1.732309103012085,,,,t722dfru
336000,,2.398216724395752,1.714172124862671,2.5171122550964355,t722dfru
336171,1.7554537057876587,,,,t722dfru
336624,1.766722559928894,,,,t722dfru
336917,1.7500253915786743,,,,t722dfru
337000,,2.394692897796631,1.7182003259658813,2.51387882232666,t722dfru
337246,1.7948596477508545,,,,t722dfru
337581,1.7593519687652588,,,,t722dfru
338000,,2.3966310024261475,1.7252990007400513,2.5151937007904053,t722dfru
338123,1.7777692079544067,,,,t722dfru
338442,1.7602227926254272,,,,t722dfru
338830,1.757692575454712,,,,t722dfru
339000,,2.396627902984619,1.7177884578704834,2.5155892372131348,t722dfru
339100,1.7570445537567139,,,,t722dfru
339404,1.739971399307251,,,,t722dfru
339812,1.7598382234573364,,,,t722dfru
340000,,2.3953254222869873,1.7147002220153809,2.5151424407958984,t722dfru
340283,1.7767469882965088,,,,t722dfru
340710,1.7808526754379272,,,,t722dfru
340985,1.7581027746200562,,,,t722dfru
341000,,2.394232749938965,1.7359777688980103,2.5145816802978516,t722dfru
341208,1.7520571947097778,,,,t722dfru
341717,1.7413771152496338,,,,t722dfru
342000,,2.3960182666778564,1.711342453956604,2.5136001110076904,t722dfru
342166,1.7321752309799194,,,,t722dfru
342451,1.7751917839050293,,,,t722dfru
342664,1.7406291961669922,,,,t722dfru
343000,,2.3922994136810303,1.7166526317596436,2.519282579421997,t722dfru
343446,1.7600822448730469,,,,t722dfru
343752,1.7391479015350342,,,,t722dfru
343936,1.762342095375061,,,,t722dfru
344000,,2.3947927951812744,1.7180113792419434,2.5151405334472656,t722dfru
344156,1.740946888923645,,,,t722dfru
344586,1.7503836154937744,,,,t722dfru
344787,1.7589998245239258,,,,t722dfru
345000,,2.3930699825286865,1.7136378288269043,2.513768196105957,t722dfru
345079,1.7501517534255981,,,,t722dfru
345341,1.774626612663269,,,,t722dfru
345706,1.7428233623504639,,,,t722dfru
345985,1.7571823596954346,,,,t722dfru
346000,,2.392000913619995,1.7141811847686768,2.512908935546875,t722dfru
346222,1.768630027770996,,,,t722dfru
346431,1.7408027648925781,,,,t722dfru
346717,1.749481201171875,,,,t722dfru
347000,,2.3932526111602783,1.7167354822158813,2.5123674869537354,t722dfru
347098,1.7228660583496094,,,,t722dfru
347478,1.7329401969909668,,,,t722dfru
347806,1.7279183864593506,,,,t722dfru
348000,1.7560533285140991,2.3930890560150146,1.7166978120803833,2.5122647285461426,t722dfru
348022,1.7668495178222656,,,,t722dfru
348596,1.7500423192977905,,,,t722dfru
349000,,2.396275281906128,1.7155284881591797,2.5110511779785156,t722dfru
349194,1.7466187477111816,,,,t722dfru
349517,1.7544831037521362,,,,t722dfru
349800,1.725662112236023,,,,t722dfru
350000,,2.3953933715820312,1.7161670923233032,2.508673906326294,t722dfru
350159,1.8037173748016357,,,,t722dfru
350570,1.7834022045135498,,,,t722dfru
350929,1.7372156381607056,,,,t722dfru
351000,,2.3917834758758545,1.71547532081604,2.5119519233703613,t722dfru
351335,1.7226835489273071,,,,t722dfru
351718,1.7547446489334106,,,,t722dfru
352000,,2.3928608894348145,1.7213749885559082,2.5106818675994873,t722dfru
352475,1.755424976348877,,,,t722dfru
352796,1.793338656425476,,,,t722dfru
353000,1.7487797737121582,2.389676809310913,1.713205337524414,2.5096981525421143,t722dfru
353019,1.7469804286956787,,,,t722dfru
353344,1.740588665008545,,,,t722dfru
353751,1.726418137550354,,,,t722dfru
354000,,2.390974283218384,1.7350820302963257,2.510436773300171,t722dfru
354065,1.749535083770752,,,,t722dfru
354331,1.7584736347198486,,,,t722dfru
354678,1.7228724956512451,,,,t722dfru
354981,1.7700631618499756,,,,t722dfru
355000,,2.3891937732696533,1.7163053750991821,2.508957862854004,t722dfru
355270,1.7506909370422363,,,,t722dfru
355687,1.7507705688476562,,,,t722dfru
355990,1.7654838562011719,,,,t722dfru
356000,,2.3880274295806885,1.715983271598816,2.509805679321289,t722dfru
356298,1.7523249387741089,,,,t722dfru
356693,1.7279592752456665,,,,t722dfru
357000,,2.39058780670166,1.7144213914871216,2.5104687213897705,t722dfru
357255,1.7692899703979492,,,,t722dfru
357529,1.7837624549865723,,,,t722dfru
357913,1.7466647624969482,,,,t722dfru
358000,,2.391625165939331,1.7189912796020508,2.5173609256744385,t722dfru
358259,1.7610032558441162,,,,t722dfru
358658,1.7172861099243164,,,,t722dfru
358893,1.759932041168213,,,,t722dfru
359000,,2.391247034072876,1.7146652936935425,2.5063834190368652,t722dfru
359100,1.7431703805923462,,,,t722dfru
359411,1.7518908977508545,,,,t722dfru
359797,1.7453672885894775,,,,t722dfru
360000,,2.3872499465942383,1.7139045000076294,2.510948419570923,t722dfru
360347,1.7526391744613647,,,,t722dfru
360655,1.7453618049621582,,,,t722dfru
361000,,2.3873331546783447,1.7188509702682495,2.511690139770508,t722dfru
361040,1.7735986709594727,,,,t722dfru
361285,1.7403608560562134,,,,t722dfru
361712,1.7544111013412476,,,,t722dfru
361885,1.7442128658294678,,,,t722dfru
362000,,2.386157751083374,1.7162935733795166,2.508347511291504,t722dfru
362115,1.7389789819717407,,,,t722dfru
362450,1.6990615129470825,,,,t722dfru
362896,1.748584508895874,,,,t722dfru
363000,,2.3868868350982666,1.7164753675460815,2.5061628818511963,t722dfru
363256,1.739458441734314,,,,t722dfru
363590,1.7295151948928833,,,,t722dfru
363902,1.7671254873275757,,,,t722dfru
364000,,2.3865153789520264,1.7159605026245117,2.5078558921813965,t722dfru
364379,1.7687386274337769,,,,t722dfru
364642,1.7744057178497314,,,,t722dfru
365000,,2.3836190700531006,1.71718430519104,2.505713939666748,t722dfru
365001,1.731061577796936,,,,q6zpizre
365017,1.7441346645355225,,,,q6zpizre
365033,1.74181067943573,,,,q6zpizre
365048,1.7361739873886108,,,,q6zpizre
365064,1.7432032823562622,,,,q6zpizre
365081,1.7533507347106934,,,,q6zpizre
365097,1.7515459060668945,,,,q6zpizre
365112,1.7679966688156128,,,,q6zpizre
365127,1.7467541694641113,,,,t722dfru
365143,1.7129408121109009,,,,q6zpizre
365159,1.751220703125,,,,q6zpizre
365175,1.7412340641021729,,,,q6zpizre
365192,1.7396429777145386,,,,q6zpizre
365208,1.7520103454589844,,,,q6zpizre
365224,1.7384635210037231,,,,q6zpizre
365241,1.7570676803588867,,,,q6zpizre
365258,1.7454349994659424,,,,q6zpizre
365273,1.7314040660858154,,,,q6zpizre
365290,1.75388765335083,,,,q6zpizre
365304,1.7276285886764526,,,,q6zpizre
365321,1.7460294961929321,,,,q6zpizre
365338,1.7600847482681274,,,,q6zpizre
365355,1.7669732570648193,,,,q6zpizre
365372,1.779268741607666,,,,q6zpizre
365386,1.7471474409103394,,,,t722dfru
365402,1.7446709871292114,,,,q6zpizre
365419,1.7414474487304688,,,,q6zpizre
365435,1.7596182823181152,,,,q6zpizre
365451,1.7547911405563354,,,,tk3qv8ba
365468,1.747605800628662,,,,tk3qv8ba
365485,1.7764410972595215,,,,tk3qv8ba
365502,1.7208033800125122,,,,tk3qv8ba
365519,1.7293983697891235,,,,tk3qv8ba
365536,1.7502243518829346,,,,tk3qv8ba
365553,1.7265270948410034,,,,tk3qv8ba
365570,1.720896601676941,,,,tk3qv8ba
365587,1.7350666522979736,,,,tk3qv8ba
365604,1.756993055343628,,,,tk3qv8ba
365621,1.7478885650634766,,,,tk3qv8ba
365638,1.7467169761657715,,,,tk3qv8ba
365655,1.7479296922683716,,,,tk3qv8ba
365672,1.7583383321762085,,,,tk3qv8ba
365689,1.7436857223510742,,,,tk3qv8ba
365721,1.7670421600341797,,,,ix57el7a
365746,1.7534061670303345,,,,ix57el7a
365780,1.7492316961288452,,,,ix57el7a
365814,1.739064335823059,,,,ix57el7a
365848,1.7499679327011108,,,,ix57el7a
365882,1.7526788711547852,,,,ix57el7a
365917,1.7322200536727905,,,,ix57el7a
365952,1.7476327419281006,,,,ix57el7a
365981,1.746044635772705,,,,ix57el7a
366000,,2.383471965789795,1.7151988744735718,2.5029428005218506,ix57el7a
366015,1.7528934478759766,,,,ix57el7a
366045,1.7546941041946411,,,,ix57el7a
366087,1.7099828720092773,,,,ix57el7a
366119,1.7527128458023071,,,,ix57el7a
366156,1.7484745979309082,,,,ix57el7a
366183,1.7496821880340576,,,,ix57el7a
366210,1.7453327178955078,,,,ix57el7a
366258,1.7558929920196533,,,,ix57el7a
366295,1.707970142364502,,,,ix57el7a
366327,1.7432167530059814,,,,ix57el7a
366355,1.7482293844223022,,,,ix57el7a
366398,1.729275107383728,,,,ix57el7a
366425,1.71881103515625,,,,ix57el7a
366450,1.7687510251998901,,,,ix57el7a
366483,1.7262507677078247,,,,ix57el7a
366518,1.7332963943481445,,,,ix57el7a
366554,1.7386854887008667,,,,ix57el7a
366594,1.7591904401779175,,,,ix57el7a
366617,1.7145253419876099,,,,ix57el7a
366648,1.7640280723571777,,,,ix57el7a
366680,1.738132119178772,,,,ix57el7a
366719,1.7323580980300903,,,,ix57el7a
366746,1.7598415613174438,,,,ix57el7a
366776,1.7274001836776733,,,,ix57el7a
366811,1.803626298904419,,,,ix57el7a
366848,1.7524409294128418,,,,ix57el7a
366872,1.7506438493728638,,,,ix57el7a
366906,1.725087285041809,,,,ix57el7a
366939,1.736896276473999,,,,ix57el7a
366977,1.7483088970184326,,,,ix57el7a
367000,1.7214720249176025,2.3835792541503906,1.7125014066696167,2.503154993057251,ix57el7a
367013,1.7491998672485352,,,,ix57el7a
367055,1.7465225458145142,,,,ix57el7a
367084,1.75596284866333,,,,ix57el7a
367119,1.7561947107315063,,,,ix57el7a
367147,1.7485334873199463,,,,ix57el7a
367186,1.7170628309249878,,,,ix57el7a
367230,1.7418633699417114,,,,ix57el7a
367258,1.7246183156967163,,,,ix57el7a
367289,1.7406539916992188,,,,ix57el7a
367321,1.7704365253448486,,,,ix57el7a
367367,1.7498834133148193,,,,ix57el7a
367400,1.7638944387435913,,,,ix57el7a
367439,1.7370179891586304,,,,ix57el7a
367477,1.7226066589355469,,,,ix57el7a
367512,1.751617670059204,,,,ix57el7a
367540,1.728408694267273,,,,ix57el7a
367574,1.7458101511001587,,,,ix57el7a
367608,1.7784260511398315,,,,ix57el7a
367647,1.7114195823669434,,,,ix57el7a
367688,1.7705117464065552,,,,ix57el7a
367719,1.7283720970153809,,,,ix57el7a
367759,1.7350313663482666,,,,ix57el7a
367794,1.748960256576538,,,,ix57el7a
367826,1.7264676094055176,,,,ix57el7a
367862,1.7296960353851318,,,,ix57el7a
367890,1.749802589416504,,,,ix57el7a
367923,1.731160283088684,,,,ix57el7a
367961,1.7081401348114014,,,,ix57el7a
368000,,2.3833136558532715,1.7175923585891724,2.4979782104492188,ix57el7a
368003,1.726912498474121,,,,ix57el7a
368031,1.7739602327346802,,,,ccfzupze
368063,1.7494111061096191,,,,ix57el7a
368089,1.7425674200057983,,,,ix57el7a
368126,1.755348563194275,,,,ix57el7a
368152,1.7508738040924072,,,,ix57el7a
368181,1.7662248611450195,,,,ix57el7a
368204,1.7275151014328003,,,,ix57el7a
368235,1.7256592512130737,,,,ix57el7a
368265,1.7494149208068848,,,,ix57el7a
368297,1.7736666202545166,,,,ix57el7a
368324,1.7570589780807495,,,,ix57el7a
368353,1.7477459907531738,,,,ccfzupze
368388,1.772341012954712,,,,ix57el7a
368429,1.7562960386276245,,,,ix57el7a
368454,1.7180038690567017,,,,ix57el7a
368485,1.7670304775238037,,,,ix57el7a
368514,1.7499034404754639,,,,ix57el7a
368542,1.740134835243225,,,,ix57el7a
368575,1.7315369844436646,,,,ix57el7a
368605,1.7428948879241943,,,,ix57el7a
368643,1.7708638906478882,,,,ix57el7a
368667,1.7500038146972656,,,,ix57el7a
368699,1.7616312503814697,,,,ccfzupze
369000,,2.3841259479522705,1.7084071636199951,2.5015621185302734,ccfzupze
369084,1.768736720085144,,,,ccfzupze
369433,1.7190732955932617,,,,ccfzupze
369697,1.7670530080795288,,,,ccfzupze
369969,1.7543466091156006,,,,ccfzupze
370000,,2.384195327758789,1.71053946018219,2.5025947093963623,ccfzupze
370210,1.7401355504989624,,,,ccfzupze
370462,1.7597501277923584,,,,ccfzupze
370788,1.7685027122497559,,,,ccfzupze
371000,,2.383718252182007,1.7160162925720215,2.5050997734069824,ccfzupze
371294,1.744893193244934,,,,ccfzupze
371610,1.7582802772521973,,,,ccfzupze
371880,1.7443923950195312,,,,ccfzupze
372000,,2.385693311691284,1.710776448249817,2.505828619003296,ccfzupze
372122,1.7470608949661255,,,,ccfzupze
372404,1.7317737340927124,,,,ccfzupze
372765,1.7338521480560303,,,,ccfzupze
373000,,2.384019374847412,1.7060004472732544,2.5021512508392334,ccfzupze
373048,1.754957675933838,,,,ccfzupze
373461,1.7444722652435303,,,,ccfzupze
373744,1.733176350593567,,,,ccfzupze
374000,,2.380560874938965,1.7248132228851318,2.5009682178497314,ccfzupze
374012,1.7620201110839844,,,,ccfzupze
374221,1.7433854341506958,,,,ccfzupze
374662,1.740553855895996,,,,ccfzupze
375000,,2.381477117538452,1.7008463144302368,2.500308036804199,ccfzupze
375312,1.7475850582122803,,,,ccfzupze
375572,1.7292943000793457,,,,ccfzupze
375778,1.7225667238235474,,,,ccfzupze
376000,,2.3802998065948486,1.7062240839004517,2.5047950744628906,ccfzupze
376169,1.7200464010238647,,,,ccfzupze
376445,1.7256771326065063,,,,ccfzupze
376695,1.708617091178894,,,,ccfzupze
376893,1.7541431188583374,,,,ccfzupze
377000,,2.3831424713134766,1.7062532901763916,2.498392343521118,ccfzupze
377044,1.7764521837234497,,,,ccfzupze
377316,1.7205729484558105,,,,ccfzupze
377666,1.7529666423797607,,,,ccfzupze
377843,1.7694157361984253,,,,ccfzupze
378000,,2.381999969482422,1.708252191543579,2.500234365463257,ccfzupze
378138,1.718286395072937,,,,ccfzupze
378363,1.7296942472457886,,,,ccfzupze
378756,1.7499172687530518,,,,ccfzupze
378986,1.7196916341781616,,,,ccfzupze
379000,,2.3797004222869873,1.7074252367019653,2.4999561309814453,ccfzupze
379190,1.7431576251983643,,,,ccfzupze
379401,1.7318801879882812,,,,ccfzupze
379613,1.7526137828826904,,,,ccfzupze
379864,1.7551389932632446,,,,ccfzupze
380000,,2.38120698928833,1.7080577611923218,2.4972665309906006,ccfzupze
380144,1.7192606925964355,,,,ccfzupze
380481,1.760068416595459,,,,ccfzupze
380796,1.7567726373672485,,,,ccfzupze
380991,1.7524259090423584,,,,ccfzupze
381000,1.7538022994995117,2.3813843727111816,1.7067067623138428,2.497713327407837,ccfzupze
381384,1.700750708580017,,,,ccfzupze
381791,1.72709321975708,,,,ccfzupze
382000,,2.381500482559204,1.7008353471755981,2.4987847805023193,ccfzupze
382069,1.7266286611557007,,,,ccfzupze
382309,1.738077998161316,,,,ccfzupze
382524,1.7325619459152222,,,,ccfzupze
382783,1.7058371305465698,,,,ccfzupze
383000,,2.3786537647247314,1.7046840190887451,2.498363733291626,ccfzupze
383388,1.7520873546600342,,,,ccfzupze
383757,1.7304069995880127,,,,ccfzupze
384000,,2.3779749870300293,1.707350492477417,2.5006346702575684,ccfzupze
384338,1.729939579963684,,,,ccfzupze
384628,1.7447556257247925,,,,ccfzupze
384963,1.7094600200653076,,,,ccfzupze
385000,,2.3799636363983154,1.7131965160369873,2.5000193119049072,ccfzupze
385229,1.7246267795562744,,,,ccfzupze
385532,1.7353105545043945,,,,ccfzupze
385749,1.701156497001648,,,,ccfzupze
385948,1.7448335886001587,,,,ccfzupze
386000,1.7291797399520874,2.3771684169769287,1.7054203748703003,2.497199773788452,ccfzupze
386154,1.752821922302246,,,,ccfzupze
386589,1.749240517616272,,,,ccfzupze
386815,1.726945400238037,,,,ccfzupze
387000,,2.377312421798706,1.7251386642456055,2.4976162910461426,ccfzupze
387044,1.6750619411468506,,,,ccfzupze
387254,1.7190115451812744,,,,ccfzupze
387547,1.7573977708816528,,,,ccfzupze
387801,1.7399283647537231,,,,ccfzupze
388000,,2.376523971557617,1.707036018371582,2.496453046798706,ccfzupze
388039,1.72126042842865,,,,ccfzupze
388292,1.7322486639022827,,,,ccfzupze
388552,1.7268409729003906,,,,ccfzupze
388870,1.702089786529541,,,,ccfzupze
389000,,2.3780736923217773,1.7057173252105713,2.4931795597076416,ccfzupze
389109,1.6927183866500854,,,,ccfzupze
389470,1.7482562065124512,,,,ccfzupze
389924,1.7318685054779053,,,,ccfzupze
390000,,2.379009485244751,1.7043211460113525,2.4942567348480225,ccfzupze
390211,1.7059156894683838,,,,ccfzupze
390467,1.716259479522705,,,,ccfzupze
390745,1.7251982688903809,,,,ccfzupze
391000,,2.373605728149414,1.705836296081543,2.500537872314453,ccfzupze
391034,1.7172538042068481,,,,ccfzupze
391346,1.730447769165039,,,,ccfzupze
391637,1.7582703828811646,,,,ccfzupze
391839,1.7577054500579834,,,,ccfzupze
392000,,2.377768039703369,1.7067161798477173,2.491469383239746,ccfzupze
392001,1.7293950319290161,,,,ccfzupze
392296,1.7212235927581787,,,,ccfzupze
392530,1.7500451803207397,,,,ccfzupze
393000,,2.3749451637268066,1.7060474157333374,2.494227886199951,ccfzupze
393200,1.7460659742355347,,,,04uct8nk
393361,1.7378007173538208,,,,04uct8nk
393519,1.7184116840362549,,,,04uct8nk
393839,1.7498646974563599,,,,04uct8nk
394000,,2.3740029335021973,1.7058185338974,2.4934799671173096,04uct8nk
394210,1.7174004316329956,,,,04uct8nk
394685,1.7114970684051514,,,,04uct8nk
395000,,2.3744659423828125,1.7093746662139893,2.491044759750366,04uct8nk
395035,1.749319314956665,,,,04uct8nk
395414,1.7108768224716187,,,,04uct8nk
395909,1.7064621448516846,,,,04uct8nk
396000,,2.374174118041992,1.7095251083374023,2.491191864013672,04uct8nk
396373,1.7391042709350586,,,,04uct8nk
396706,1.7234926223754883,,,,04uct8nk
397000,,2.3777804374694824,1.7012962102890015,2.4942493438720703,04uct8nk
397023,1.7376670837402344,,,,04uct8nk
397545,1.7376431226730347,,,,04uct8nk
397947,1.7478200197219849,,,,04uct8nk
398000,,2.373993396759033,1.700689673423767,2.4935641288757324,04uct8nk
398555,1.761181116104126,,,,04uct8nk
398935,1.734066128730774,,,,04uct8nk
399000,,2.3735105991363525,1.7196046113967896,2.491621971130371,04uct8nk
399185,1.7328537702560425,,,,04uct8nk
399807,1.7337967157363892,,,,04uct8nk
400000,,2.374504327774048,1.695770025253296,2.493121385574341,04uct8nk
400226,1.7021969556808472,,,,04uct8nk
400595,1.720719814300537,,,,04uct8nk
401000,,2.374248504638672,1.7009732723236084,2.4975717067718506,04uct8nk
401169,1.704878568649292,,,,04uct8nk
401521,1.695273995399475,,,,04uct8nk
401831,1.7239753007888794,,,,04uct8nk
402000,,2.3781185150146484,1.6992461681365967,2.4975574016571045,04uct8nk
402051,1.7221976518630981,,,,04uct8nk
402531,1.729897379875183,,,,04uct8nk
402843,1.7136952877044678,,,,04uct8nk
403000,,2.3726933002471924,1.6988067626953125,2.489919900894165,04uct8nk
403224,1.752404808998108,,,,04uct8nk
403527,1.7388826608657837,,,,04uct8nk
403986,1.7372921705245972,,,,04uct8nk
404000,,2.3727636337280273,1.699437141418457,2.4897916316986084,04uct8nk
404299,1.7346371412277222,,,,04uct8nk
404524,1.7320740222930908,,,,04uct8nk
404953,1.7332510948181152,,,,04uct8nk
405000,,2.3706037998199463,1.7004451751708984,2.4901766777038574,04uct8nk
405368,1.7102503776550293,,,,04uct8nk
405796,1.7399717569351196,,,,04uct8nk
406000,1.717052936553955,2.3723561763763428,1.6994951963424683,2.4931392669677734,04uct8nk
406042,1.725762128829956,,,,04uct8nk
406636,1.7258315086364746,,,,04uct8nk
407000,,2.3738701343536377,1.6947181224822998,2.49342942237854,04uct8nk
407057,1.75342857837677,,,,04uct8nk
407333,1.733589768409729,,,,04uct8nk
407800,1.7193694114685059,,,,04uct8nk
408000,,2.37138295173645,1.6958625316619873,2.491820812225342,04uct8nk
408251,1.7224119901657104,,,,04uct8nk
408696,1.7158069610595703,,,,04uct8nk
409000,,2.3706283569335938,1.6971676349639893,2.493093729019165,04uct8nk
409061,1.712345838546753,,,,04uct8nk
409555,1.734273076057434,,,,04uct8nk
410000,,2.3715708255767822,1.7024883031845093,2.491793394088745,04uct8nk
410656,1.735031247138977,,,,04uct8nk
410880,1.735398769378662,,,,04uct8nk
411000,1.755639672279358,2.368590831756592,1.6996978521347046,2.4928243160247803,04uct8nk
411284,1.7139983177185059,,,,04uct8nk
411861,1.7410725355148315,,,,04uct8nk
412000,,2.370002031326294,1.7172138690948486,2.4914472103118896,04uct8nk
412252,1.7229409217834473,,,,04uct8nk
412678,1.7277812957763672,,,,04uct8nk
413000,,2.368720054626465,1.6993346214294434,2.487947940826416,04uct8nk
413108,1.7281088829040527,,,,04uct8nk
413488,1.7302852869033813,,,,04uct8nk
413943,1.7078232765197754,,,,04uct8nk
414000,,2.369086742401123,1.696847677230835,2.4900124073028564,04uct8nk
414298,1.6923060417175293,,,,04uct8nk
414781,1.7293221950531006,,,,04uct8nk
415000,,2.3712449073791504,1.6951124668121338,2.488511800765991,04uct8nk
415439,1.6902449131011963,,,,04uct8nk
415842,1.7107224464416504,,,,04uct8nk
416000,,2.3701038360595703,1.692617416381836,2.4928548336029053,04uct8nk
416302,1.7387299537658691,,,,04uct8nk
416722,1.706659197807312,,,,04uct8nk
416999,1.7025538682937622,,,,04uct8nk
417000,,2.3722803592681885,1.6949416399002075,2.4849624633789062,04uct8nk
417397,1.7109473943710327,,,,04uct8nk
417789,1.7200809717178345,,,,04uct8nk
418000,,2.368975877761841,1.6958063840866089,2.4921669960021973,04uct8nk
418360,1.7160569429397583,,,,04uct8nk
418795,1.6964092254638672,,,,04uct8nk
419000,,2.3656303882598877,1.6942726373672485,2.4911341667175293,04uct8nk
419255,1.6875990629196167,,,,04uct8nk
419723,1.748834252357483,,,,04uct8nk
419953,1.7149417400360107,,,,04uct8nk
420000,,2.368377923965454,1.6952813863754272,2.491281747817993,04uct8nk
420218,1.698163628578186,,,,04uct8nk
420744,1.7314997911453247,,,,04uct8nk
421000,,2.3676013946533203,1.697341799736023,2.483616828918457,04uct8nk
421349,1.720125675201416,,,,04uct8nk
421733,1.7187029123306274,,,,04uct8nk
422000,,2.3686094284057617,1.6970206499099731,2.4900925159454346,04uct8nk
422222,1.7287638187408447,,,,04uct8nk
422607,1.7195464372634888,,,,04uct8nk
423000,,2.365447759628296,1.6971807479858398,2.4883053302764893,04uct8nk
423056,1.7200614213943481,,,,04uct8nk
423420,1.6944156885147095,,,,04uct8nk
423769,1.7278714179992676,,,,04uct8nk
424000,,2.3660664558410645,1.6975570917129517,2.4893267154693604,04uct8nk
424163,1.7317135334014893,,,,04uct8nk
424408,1.723981499671936,,,,04uct8nk
424767,1.7121024131774902,,,,04uct8nk
425000,,2.3647871017456055,1.698704481124878,2.49096417427063,04uct8nk
425167,1.7365882396697998,,,,04uct8nk
425695,1.716835856437683,,,,04uct8nk
425996,1.7303776741027832,,,,04uct8nk
426000,,2.367051601409912,1.6953094005584717,2.4809987545013428,04uct8nk
426375,1.7193998098373413,,,,04uct8nk
426987,1.7164005041122437,,,,04uct8nk
427000,,2.3650307655334473,1.6926827430725098,2.487889051437378,04uct8nk
427328,1.7056626081466675,,,,04uct8nk
427709,1.7352224588394165,,,,04uct8nk
428000,,2.3775417804718018,1.696056842803955,2.4859237670898438,04uct8nk
428528,1.7034578323364258,,,,04uct8nk
428869,1.7169756889343262,,,,04uct8nk
429000,,2.368244171142578,1.7000837326049805,2.4841506481170654,04uct8nk
429327,1.6890206336975098,,,,04uct8nk
429726,1.6919314861297607,,,,04uct8nk
430000,1.6999417543411255,2.3685646057128906,1.6933850049972534,2.4847850799560547,04uct8nk
430048,1.7226589918136597,,,,tygy83c3
430130,1.7041951417922974,,,,tygy83c3
430228,1.6809260845184326,,,,tygy83c3
430317,1.7232604026794434,,,,tygy83c3
430445,1.6903992891311646,,,,tygy83c3
430614,1.6980016231536865,,,,tygy83c3
430721,1.715753197669983,,,,tygy83c3
430877,1.7177399396896362,,,,tygy83c3
430979,1.7340028285980225,,,,tygy83c3
431000,,2.366027355194092,1.692339301109314,2.4870338439941406,tygy83c3
431076,1.671983003616333,,,,tygy83c3
431214,1.7247141599655151,,,,tygy83c3
431426,1.706969976425171,,,,tygy83c3
431533,1.7084242105484009,,,,tygy83c3
431653,1.686694860458374,,,,tygy83c3
431738,1.7246975898742676,,,,tygy83c3
431908,1.7065285444259644,,,,tygy83c3
432000,,2.3651270866394043,1.6953426599502563,2.4845237731933594,tygy83c3
432004,1.7134168148040771,,,,tygy83c3
432133,1.704438328742981,,,,tygy83c3
432261,1.683976411819458,,,,tygy83c3
432389,1.715806484222412,,,,tygy83c3
432472,1.7153511047363281,,,,tygy83c3
432607,1.689817190170288,,,,tygy83c3
432741,1.7292685508728027,,,,tygy83c3
432838,1.6880857944488525,,,,tygy83c3
432974,1.7234679460525513,,,,tygy83c3
433000,,2.3658080101013184,1.7002284526824951,2.486870050430298,tygy83c3
433092,1.7111667394638062,,,,tygy83c3
433226,1.6869677305221558,,,,tygy83c3
433336,1.6927552223205566,,,,tygy83c3
433448,1.7102500200271606,,,,tygy83c3
433628,1.7242566347122192,,,,tygy83c3
433761,1.7082217931747437,,,,tygy83c3
433904,1.712130069732666,,,,tygy83c3
434000,,2.3640496730804443,1.692097783088684,2.4847443103790283,tygy83c3
434023,1.7258251905441284,,,,tygy83c3
434171,1.7046366930007935,,,,tygy83c3
434336,1.726306438446045,,,,tygy83c3
434473,1.6968073844909668,,,,tygy83c3
434560,1.7231402397155762,,,,tygy83c3
434673,1.7181836366653442,,,,tygy83c3
434812,1.7087801694869995,,,,tygy83c3
434901,1.6861447095870972,,,,tygy83c3
435000,,2.362879991531372,1.6922059059143066,2.4846925735473633,tygy83c3
435037,1.718772053718567,,,,tygy83c3
435193,1.7025673389434814,,,,tygy83c3
435318,1.6858282089233398,,,,tygy83c3
435451,1.6976370811462402,,,,tygy83c3
435575,1.6845495700836182,,,,tygy83c3
435688,1.732870101928711,,,,tygy83c3
435806,1.7056158781051636,,,,tygy83c3
435943,1.7107785940170288,,,,tygy83c3
436000,,2.3639602661132812,1.7095301151275635,2.481614828109741,tygy83c3
436052,1.7040746212005615,,,,tygy83c3
436169,1.7255687713623047,,,,tygy83c3
436271,1.7214648723602295,,,,tygy83c3
436437,1.7116843461990356,,,,tygy83c3
436558,1.7115978002548218,,,,tygy83c3
436679,1.738667368888855,,,,tygy83c3
436799,1.6996707916259766,,,,tygy83c3
436910,1.6970781087875366,,,,tygy83c3
437000,,2.3644371032714844,1.6882140636444092,2.4831631183624268,tygy83c3
437032,1.7168561220169067,,,,tygy83c3
437169,1.709234595298767,,,,tygy83c3
437291,1.6962494850158691,,,,tygy83c3
437431,1.7111902236938477,,,,tygy83c3
437531,1.7014542818069458,,,,tygy83c3
437605,1.7078710794448853,,,,tygy83c3
437713,1.7032164335250854,,,,tygy83c3
437864,1.7168468236923218,,,,tygy83c3
437953,1.671921968460083,,,,tygy83c3
438000,,2.362456798553467,1.6936484575271606,2.483642101287842,tygy83c3
438133,1.703567385673523,,,,tygy83c3
438270,1.7257955074310303,,,,tygy83c3
438410,1.7094651460647583,,,,tygy83c3
438501,1.7173787355422974,,,,tygy83c3
438579,1.6991254091262817,,,,tygy83c3
438710,1.7223694324493408,,,,tygy83c3
438799,1.7126655578613281,,,,tygy83c3
438886,1.6984233856201172,,,,tygy83c3
438981,1.693846344947815,,,,tygy83c3
439000,,2.3655202388763428,1.6922348737716675,2.4827287197113037,tygy83c3
439090,1.7018340826034546,,,,tygy83c3
439186,1.734359860420227,,,,tygy83c3
439331,1.6944564580917358,,,,tygy83c3
439445,1.730761170387268,,,,tygy83c3
439586,1.6980764865875244,,,,tygy83c3
439678,1.6988359689712524,,,,tygy83c3
439813,1.70780611038208,,,,tygy83c3
439924,1.7249219417572021,,,,tygy83c3
440000,,2.3616788387298584,1.6927862167358398,2.48217511177063,tygy83c3
440035,1.7254999876022339,,,,tygy83c3
440123,1.7294118404388428,,,,tygy83c3
440224,1.7032214403152466,,,,tygy83c3
440284,1.7047350406646729,,,,rvitwio3
440360,1.6888235807418823,,,,tygy83c3
440463,1.713830828666687,,,,tygy83c3
440632,1.7014461755752563,,,,tygy83c3
440718,1.7186633348464966,,,,tygy83c3
440852,1.6862448453903198,,,,tygy83c3
440927,1.691948652267456,,,,tygy83c3
441000,,2.3608572483062744,1.6910539865493774,2.480196475982666,rvitwio3
441413,1.7243136167526245,,,,rvitwio3
441875,1.7083938121795654,,,,rvitwio3
442000,,2.3596298694610596,1.6937689781188965,2.4808993339538574,rvitwio3
442246,1.6749916076660156,,,,rvitwio3
442635,1.6930081844329834,,,,rvitwio3
443000,,2.358531951904297,1.6984516382217407,2.4804372787475586,rvitwio3
443272,1.6799720525741577,,,,rvitwio3
443658,1.7151738405227661,,,,rvitwio3
443971,1.720367193222046,,,,rvitwio3
444000,,2.359575033187866,1.6908788681030273,2.4805994033813477,rvitwio3
444538,1.6923474073410034,,,,rvitwio3
445000,,2.358079671859741,1.6930428743362427,2.4799306392669678,rvitwio3
445037,1.730027198791504,,,,rvitwio3
445711,1.6964695453643799,,,,rvitwio3
446000,,2.358912944793701,1.7086622714996338,2.4767913818359375,rvitwio3
446074,1.7160183191299438,,,,rvitwio3
446630,1.708230972290039,,,,rvitwio3
447000,,2.3604114055633545,1.6903542280197144,2.47554349899292,rvitwio3
447166,1.6781442165374756,,,,rvitwio3
447526,1.6895860433578491,,,,rvitwio3
447932,1.6859878301620483,,,,rvitwio3
448000,,2.358778238296509,1.6922913789749146,2.4810681343078613,rvitwio3
448567,1.6917455196380615,,,,rvitwio3
448900,1.7256500720977783,,,,rvitwio3
449000,,2.3621408939361572,1.6930044889450073,2.4786183834075928,rvitwio3
449282,1.6781750917434692,,,,rvitwio3
449738,1.6784380674362183,,,,rvitwio3
450000,,2.359879970550537,1.6928629875183105,2.4777958393096924,rvitwio3
450138,1.7042677402496338,,,,rvitwio3
450450,1.711814045906067,,,,rvitwio3
450896,1.6947823762893677,,,,rvitwio3
451000,,2.356876850128174,1.6934579610824585,2.472872495651245,rvitwio3
451267,1.7025957107543945,,,,rvitwio3
451490,1.714679479598999,,,,rvitwio3
451953,1.6921759843826294,,,,rvitwio3
452000,,2.356440544128418,1.687552809715271,2.475123405456543,rvitwio3
452393,1.720428466796875,,,,rvitwio3
452877,1.6930456161499023,,,,rvitwio3
453000,1.7502310276031494,2.357949733734131,1.6861636638641357,2.4741227626800537,rvitwio3
453354,1.7012337446212769,,,,rvitwio3
454000,,2.358861207962036,1.6828742027282715,2.4765267372131348,rvitwio3
454008,1.6698498725891113,,,,rvitwio3
454251,1.724763035774231,,,,rvitwio3
454756,1.69374680519104,,,,rvitwio3
455000,,2.3550007343292236,1.684647560119629,2.4754931926727295,rvitwio3
455193,1.6865142583847046,,,,rvitwio3
455638,1.7315534353256226,,,,rvitwio3
456000,,2.355404853820801,1.6856919527053833,2.4748079776763916,rvitwio3
456189,1.7030229568481445,,,,rvitwio3
456723,1.6744695901870728,,,,rvitwio3
457000,,2.3570241928100586,1.69069242477417,2.4745655059814453,rvitwio3
457258,1.705798625946045,,,,rvitwio3
457780,1.7271029949188232,,,,rvitwio3
458000,1.6986600160598755,2.3554792404174805,1.6838915348052979,2.4731075763702393,rvitwio3
458079,1.7001159191131592,,,,rvitwio3
458734,1.6694663763046265,,,,rvitwio3
459000,,2.35760498046875,1.7038620710372925,2.475432872772217,rvitwio3
459183,1.7193713188171387,,,,rvitwio3
459637,1.6873730421066284,,,,rvitwio3
460000,,2.3537275791168213,1.6860065460205078,2.469435453414917,rvitwio3
460202,1.7246456146240234,,,,rvitwio3
460541,1.688018798828125,,,,rvitwio3
461000,,2.356412172317505,1.6887727975845337,2.472748279571533,rvitwio3
461073,1.699493408203125,,,,rvitwio3
461470,1.6814054250717163,,,,rvitwio3
462000,,2.3559887409210205,1.685402750968933,2.471856117248535,rvitwio3
462347,1.6932663917541504,,,,rvitwio3
462768,1.7205172777175903,,,,rvitwio3
463000,,2.3538424968719482,1.68626868724823,2.476351499557495,rvitwio3
463259,1.6698216199874878,,,,rvitwio3
463722,1.6758568286895752,,,,rvitwio3
464000,,2.3564043045043945,1.6855577230453491,2.4682865142822266,rvitwio3
464077,1.6750291585922241,,,,rvitwio3
464534,1.7060911655426025,,,,rvitwio3
465000,,2.352761745452881,1.6851600408554077,2.472877025604248,rvitwio3
465237,1.6935491561889648,,,,rvitwio3
465766,1.6687564849853516,,,,rvitwio3
466000,,2.351086139678955,1.6869665384292603,2.474935531616211,rvitwio3
466249,1.704352855682373,,,,rvitwio3
466741,1.712958812713623,,,,rvitwio3
466955,1.723888635635376,,,,rvitwio3
467000,,2.353208303451538,1.684869647026062,2.471421241760254,rvitwio3
467357,1.6907529830932617,,,,rvitwio3
468000,,2.351851224899292,1.6836272478103638,2.4661996364593506,rvitwio3
468470,1.686505675315857,,,,rvitwio3
468899,1.6792023181915283,,,,rvitwio3
469000,,2.35170578956604,1.6803100109100342,2.47109055519104,rvitwio3
469529,1.6790690422058105,,,,rvitwio3
469976,1.7028738260269165,,,,rvitwio3
470000,,2.3509445190429688,1.684360384941101,2.4712955951690674,rvitwio3
470292,1.6777271032333374,,,,rvitwio3
470749,1.6939785480499268,,,,rvitwio3
471000,,2.3509247303009033,1.6835994720458984,2.4707305431365967,rvitwio3
471173,1.6599228382110596,,,,rvitwio3
471479,1.7007423639297485,,,,rvitwio3
471803,1.6699223518371582,,,,rvitwio3
472000,,2.349271297454834,1.6818912029266357,2.4703338146209717,rvitwio3
472212,1.6633483171463013,,,,rvitwio3
472727,1.6858559846878052,,,,rvitwio3
473000,,2.352491855621338,1.6806092262268066,2.464277982711792,rvitwio3
473202,1.6637873649597168,,,,rvitwio3
473921,1.679802656173706,,,,rvitwio3
474000,,2.3496580123901367,1.6792622804641724,2.468777894973755,rvitwio3
474218,1.6878949403762817,,,,rvitwio3
474628,1.6780381202697754,,,,rvitwio3
474934,1.6895406246185303,,,,rvitwio3
475000,,2.3604066371917725,1.6822541952133179,2.4686057567596436,rvitwio3
475632,1.6587908267974854,,,,rvitwio3
476000,,2.3521296977996826,1.6835651397705078,2.4681951999664307,rvitwio3
476006,1.682706594467163,,,,rvitwio3
476519,1.6954139471054077,,,,rvitwio3
477000,1.6901295185089111,2.350088119506836,1.6809967756271362,2.46631121635437,rvitwio3
477046,1.6903302669525146,,,,rvitwio3
477611,1.6580523252487183,,,,rvitwio3
477992,1.6889384984970093,,,,rvitwio3
478000,,2.3529763221740723,1.6797740459442139,2.4704248905181885,rvitwio3
478449,1.677871584892273,,,,rvitwio3
478873,1.716156005859375,,,,rvitwio3
479000,,2.350541114807129,1.6848654747009277,2.469602584838867,rvitwio3
479330,1.6745030879974365,,,,rvitwio3
479607,1.693791151046753,,,,rvitwio3
480000,,2.351949691772461,1.6820217370986938,2.469172239303589,rvitwio3
480181,1.7010269165039062,,,,rvitwio3
480581,1.6889370679855347,,,,rvitwio3
481000,,2.3476030826568604,1.684451937675476,2.4683072566986084,rvitwio3
481025,1.658705234527588,,,,xu5nx0ih
481046,1.6842031478881836,,,,xu5nx0ih
481067,1.6713542938232422,,,,xu5nx0ih
481090,1.662672758102417,,,,xu5nx0ih
481113,1.7040797472000122,,,,xu5nx0ih
481137,1.6797353029251099,,,,xu5nx0ih
481156,1.6647840738296509,,,,xu5nx0ih
481177,1.691983699798584,,,,xu5nx0ih
481199,1.702657699584961,,,,xu5nx0ih
481221,1.6875650882720947,,,,xu5nx0ih
481242,1.7021430730819702,,,,xu5nx0ih
481261,1.7003055810928345,,,,xu5nx0ih
481283,1.6999993324279785,,,,xu5nx0ih
481309,1.6711134910583496,,,,xu5nx0ih
481331,1.7112336158752441,,,,xu5nx0ih
481350,1.6814582347869873,,,,xu5nx0ih
481371,1.6729027032852173,,,,xu5nx0ih
481396,1.6618465185165405,,,,xu5nx0ih
481417,1.6756170988082886,,,,xu5nx0ih
481444,1.7000006437301636,,,,xu5nx0ih
481463,1.6841752529144287,,,,xu5nx0ih
481486,1.6612869501113892,,,,xu5nx0ih
481508,1.7101385593414307,,,,xu5nx0ih
481529,1.6878056526184082,,,,xu5nx0ih
481549,1.6991089582443237,,,,xu5nx0ih
481573,1.738843321800232,,,,xu5nx0ih
481595,1.671572208404541,,,,xu5nx0ih
481613,1.7104477882385254,,,,xu5nx0ih
481634,1.6994104385375977,,,,xu5nx0ih
481656,1.6931837797164917,,,,xu5nx0ih
481678,1.6713496446609497,,,,xu5nx0ih
481701,1.682409644126892,,,,xu5nx0ih
481720,1.6729656457901,,,,xu5nx0ih
481740,1.693210244178772,,,,xu5nx0ih
481759,1.6948199272155762,,,,xu5nx0ih
481780,1.6983145475387573,,,,xu5nx0ih
481801,1.6862335205078125,,,,xu5nx0ih
481821,1.6862672567367554,,,,xu5nx0ih
481839,1.695641279220581,,,,xu5nx0ih
481858,1.6943244934082031,,,,xu5nx0ih
481880,1.7055643796920776,,,,xu5nx0ih
481903,1.7049672603607178,,,,xu5nx0ih
481922,1.6764352321624756,,,,xu5nx0ih
481943,1.6851391792297363,,,,xu5nx0ih
481964,1.6936149597167969,,,,xu5nx0ih
481984,1.6976896524429321,,,,xu5nx0ih
482000,,2.348313093185425,1.683308720588684,2.4686341285705566,xu5nx0ih
482002,1.6972131729125977,,,,xu5nx0ih
482018,1.6917072534561157,,,,4ncibxr6
482034,1.689436435699463,,,,xu5nx0ih
482048,1.694393277168274,,,,xu5nx0ih
482061,1.6774611473083496,,,,4ncibxr6
482074,1.670477032661438,,,,4ncibxr6
482087,1.6888083219528198,,,,xu5nx0ih
482101,1.7031118869781494,,,,xu5nx0ih
482117,1.680964708328247,,,,4ncibxr6
482132,1.6920945644378662,,,,xu5nx0ih
482148,1.6967639923095703,,,,4ncibxr6
482159,1.6758791208267212,,,,4ncibxr6
482174,1.6843628883361816,,,,xu5nx0ih
482189,1.6914408206939697,,,,4ncibxr6
482201,1.684997797012329,,,,xu5nx0ih
482215,1.6892987489700317,,,,xu5nx0ih
482232,1.6990488767623901,,,,xu5nx0ih
482247,1.7136270999908447,,,,xu5nx0ih
482260,1.6997849941253662,,,,4ncibxr6
482275,1.6883254051208496,,,,xu5nx0ih
482292,1.6934629678726196,,,,xu5nx0ih
482310,1.6878817081451416,,,,xu5nx0ih
482323,1.6945439577102661,,,,4ncibxr6
482340,1.6992589235305786,,,,xu5nx0ih
482355,1.6863564252853394,,,,xu5nx0ih
482371,1.7077940702438354,,,,4ncibxr6
482390,1.7003192901611328,,,,4ncibxr6
482406,1.6757863759994507,,,,xu5nx0ih
482421,1.6820348501205444,,,,xu5nx0ih
482433,1.6913143396377563,,,,xu5nx0ih
482449,1.7024201154708862,,,,xu5nx0ih
482462,1.69713294506073,,,,4ncibxr6
482478,1.7029175758361816,,,,4ncibxr6
482494,1.69905424118042,,,,xu5nx0ih
482509,1.69058358669281,,,,xu5nx0ih
482524,1.6782276630401611,,,,xu5nx0ih
482539,1.684279203414917,,,,xu5nx0ih
482554,1.6854499578475952,,,,xu5nx0ih
482570,1.6862934827804565,,,,xu5nx0ih
482585,1.698150396347046,,,,xu5nx0ih
482601,1.7317949533462524,,,,xu5nx0ih
482614,1.6788744926452637,,,,xu5nx0ih
482628,1.6833429336547852,,,,xu5nx0ih
482643,1.696237564086914,,,,4ncibxr6
482656,1.6888158321380615,,,,4ncibxr6
482671,1.6830428838729858,,,,xu5nx0ih
482685,1.7030093669891357,,,,xu5nx0ih
482701,1.6878551244735718,,,,4ncibxr6
482716,1.7094262838363647,,,,4ncibxr6
482729,1.690234899520874,,,,4ncibxr6
482742,1.6934720277786255,,,,xu5nx0ih
482755,1.6750903129577637,,,,xu5nx0ih
482770,1.6868215799331665,,,,4ncibxr6
482784,1.6736971139907837,,,,xu5nx0ih
482803,1.6913529634475708,,,,xu5nx0ih
482820,1.685786485671997,,,,xu5nx0ih
482834,1.6860976219177246,,,,xu5nx0ih
482847,1.6800428628921509,,,,xu5nx0ih
482866,1.668894648551941,,,,xu5nx0ih
482879,1.719805121421814,,,,xu5nx0ih
482897,1.7148933410644531,,,,xu5nx0ih
482909,1.6912504434585571,,,,xu5nx0ih
482921,1.6886296272277832,,,,xu5nx0ih
482935,1.685753583908081,,,,xu5nx0ih
482948,1.6990476846694946,,,,xu5nx0ih
482980,1.708248257637024,,,,4ncibxr6
483000,,2.3438782691955566,1.6821308135986328,2.4655237197875977,4ncibxr6
483032,1.69178307056427,,,,4ncibxr6
483071,1.7008593082427979,,,,4ncibxr6
483103,1.6702545881271362,,,,4ncibxr6
483155,1.662966251373291,,,,4ncibxr6
483202,1.6885207891464233,,,,4ncibxr6
483235,1.6978615522384644,,,,4ncibxr6
483275,1.6655038595199585,,,,4ncibxr6
483338,1.673244595527649,,,,4ncibxr6
483379,1.6980507373809814,,,,4ncibxr6
483427,1.7037100791931152,,,,4ncibxr6
483467,1.6931923627853394,,,,4ncibxr6
483523,1.68349027633667,,,,4ncibxr6
483560,1.6972665786743164,,,,4ncibxr6
483599,1.6813702583312988,,,,4ncibxr6
483653,1.6827954053878784,,,,4ncibxr6
483697,1.6684777736663818,,,,4ncibxr6
483741,1.6878070831298828,,,,4ncibxr6
483793,1.6653281450271606,,,,4ncibxr6
483833,1.673377513885498,,,,4ncibxr6
483870,1.68251371383667,,,,4ncibxr6
483913,1.7006675004959106,,,,4ncibxr6
483961,1.6849277019500732,,,,4ncibxr6
484000,,2.345460891723633,1.6796791553497314,2.465270519256592,4ncibxr6
484004,1.7006958723068237,,,,4ncibxr6
484037,1.694397211074829,,,,4ncibxr6
484098,1.6802371740341187,,,,4ncibxr6
484138,1.6790229082107544,,,,4ncibxr6
484179,1.6850199699401855,,,,4ncibxr6
484211,1.6759625673294067,,,,4ncibxr6
484260,1.7026679515838623,,,,4ncibxr6
484321,1.6660274267196655,,,,4ncibxr6
484364,1.6758846044540405,,,,4ncibxr6
484409,1.7105690240859985,,,,4ncibxr6
484453,1.6813924312591553,,,,4ncibxr6
484490,1.708578109741211,,,,4ncibxr6
484522,1.6980732679367065,,,,4ncibxr6
484574,1.6793376207351685,,,,4ncibxr6
484616,1.6899123191833496,,,,4ncibxr6
484666,1.7270337343215942,,,,4ncibxr6
484718,1.7124176025390625,,,,4ncibxr6
484764,1.650076150894165,,,,4ncibxr6
484800,1.7023640871047974,,,,4ncibxr6
484845,1.7021722793579102,,,,4ncibxr6
484895,1.7031499147415161,,,,4ncibxr6
484937,1.6851403713226318,,,,4ncibxr6
484981,1.6880589723587036,,,,4ncibxr6
485000,,2.344393253326416,1.6860076189041138,2.465562343597412,4ncibxr6
485027,1.6988754272460938,,,,4ncibxr6
485063,1.6793465614318848,,,,4ncibxr6
485106,1.6925737857818604,,,,4ncibxr6
485143,1.696179986000061,,,,4ncibxr6
485182,1.6839704513549805,,,,spg566z0
485212,1.6692554950714111,,,,4ncibxr6
485247,1.7091249227523804,,,,4ncibxr6
485283,1.67665696144104,,,,4ncibxr6
485325,1.7041393518447876,,,,4ncibxr6
485354,1.686781883239746,,,,4ncibxr6
485397,1.7097734212875366,,,,4ncibxr6
485434,1.6982200145721436,,,,4ncibxr6
485469,1.7068077325820923,,,,spg566z0
485519,1.6608357429504395,,,,4ncibxr6
485555,1.6673407554626465,,,,4ncibxr6
485596,1.6825155019760132,,,,4ncibxr6
485636,1.665474772453308,,,,4ncibxr6
485679,1.7070269584655762,,,,4ncibxr6
485722,1.6793826818466187,,,,4ncibxr6
485779,1.6700278520584106,,,,4ncibxr6
485829,1.6769022941589355,,,,4ncibxr6
485877,1.6607540845870972,,,,4ncibxr6
485907,1.683335542678833,,,,4ncibxr6
485937,1.6816128492355347,,,,4ncibxr6
486000,,2.3460896015167236,1.6803196668624878,2.468294858932495,spg566z0
486153,1.6735883951187134,,,,spg566z0
486532,1.67922842502594,,,,spg566z0
486858,1.6869566440582275,,,,spg566z0
487000,,2.3449504375457764,1.6814829111099243,2.466179370880127,spg566z0
487073,1.710874080657959,,,,spg566z0
487385,1.657014012336731,,,,spg566z0
487635,1.675698161125183,,,,spg566z0
488000,,2.344716787338257,1.6858049631118774,2.467724323272705,spg566z0
488123,1.6811844110488892,,,,spg566z0
488440,1.6847039461135864,,,,spg566z0
488802,1.669047236442566,,,,spg566z0
489000,,2.346609115600586,1.6772050857543945,2.466495990753174,spg566z0
489040,1.6823632717132568,,,,spg566z0
489336,1.662924885749817,,,,spg566z0
489649,1.6631208658218384,,,,spg566z0
490000,,2.34672212600708,1.677796721458435,2.463918447494507,spg566z0
490407,1.675740122795105,,,,spg566z0
490711,1.6321008205413818,,,,spg566z0
490985,1.7047415971755981,,,,spg566z0
491000,,2.342349052429199,1.6942976713180542,2.463873863220215,spg566z0
491202,1.6573091745376587,,,,spg566z0
491618,1.693060278892517,,,,spg566z0
491994,1.7083238363265991,,,,spg566z0
492000,,2.3447649478912354,1.6739495992660522,2.4642724990844727,spg566z0
492312,1.6769410371780396,,,,spg566z0
492572,1.6698418855667114,,,,spg566z0
492795,1.6763273477554321,,,,spg566z0
493000,,2.3436784744262695,1.679666519165039,2.4671900272369385,spg566z0
493182,1.674260139465332,,,,spg566z0
493476,1.7006651163101196,,,,spg566z0
493750,1.6671732664108276,,,,spg566z0
493935,1.6799434423446655,,,,spg566z0
494000,,2.3458080291748047,1.6776663064956665,2.463298797607422,spg566z0
494089,1.6826083660125732,,,,spg566z0
494382,1.6723741292953491,,,,spg566z0
494714,1.6634190082550049,,,,spg566z0
494924,1.6708718538284302,,,,spg566z0
495000,,2.343184232711792,1.6768805980682373,2.4626779556274414,spg566z0
495225,1.6750380992889404,,,,spg566z0
495527,1.693620204925537,,,,spg566z0
495858,1.7010090351104736,,,,spg566z0
496000,,2.341647148132324,1.6748647689819336,2.461057662963867,spg566z0
496078,1.6329630613327026,,,,spg566z0
496308,1.6876437664031982,,,,spg566z0
496490,1.6818656921386719,,,,spg566z0
496803,1.7096298933029175,,,,spg566z0
497000,,2.3432116508483887,1.6779532432556152,2.4612698554992676,spg566z0
497115,1.6597368717193604,,,,spg566z0
497474,1.6971144676208496,,,,spg566z0
497684,1.6872256994247437,,,,spg566z0
497985,1.6727542877197266,,,,spg566z0
498000,1.658461332321167,2.344517469406128,1.6765527725219727,2.458894968032837,spg566z0
498359,1.6691173315048218,,,,spg566z0
498806,1.7087103128433228,,,,spg566z0
499000,,2.3439133167266846,1.6707944869995117,2.460700035095215,spg566z0
499071,1.6879304647445679,,,,spg566z0
499329,1.6412984132766724,,,,spg566z0
499529,1.6951438188552856,,,,spg566z0
499793,1.6784629821777344,,,,spg566z0
500000,,2.3412394523620605,1.6740381717681885,2.459913730621338,spg566z0
500019,1.628060221672058,,,,spg566z0
500443,1.676443338394165,,,,spg566z0
500825,1.6813513040542603,,,,spg566z0
501000,,2.341508388519287,1.67693030834198,2.460484504699707,spg566z0
501096,1.6625932455062866,,,,spg566z0
501378,1.6942049264907837,,,,spg566z0
501741,1.6542497873306274,,,,spg566z0
502000,,2.3428096771240234,1.6802959442138672,2.4587841033935547,spg566z0
502002,1.6783499717712402,,,,spg566z0
502424,1.6431593894958496,,,,spg566z0
502686,1.6605143547058105,,,,spg566z0
502880,1.7157328128814697,,,,spg566z0
503000,1.6530938148498535,2.341432571411133,1.6766788959503174,2.458923578262329,spg566z0
503079,1.666947364807129,,,,spg566z0
503481,1.6793208122253418,,,,spg566z0
503778,1.6815823316574097,,,,spg566z0
504000,,2.344200849533081,1.6937968730926514,2.457681894302368,spg566z0
504031,1.6759576797485352,,,,spg566z0
504254,1.6596553325653076,,,,spg566z0
504547,1.7063603401184082,,,,spg566z0
504801,1.6849783658981323,,,,spg566z0
505000,,2.340968132019043,1.6756467819213867,2.4576351642608643,spg566z0
505075,1.6850063800811768,,,,spg566z0
505334,1.6761113405227661,,,,spg566z0
505675,1.6739718914031982,,,,spg566z0
505883,1.655884027481079,,,,spg566z0
506000,,2.3431649208068848,1.6771084070205688,2.4597413539886475,spg566z0
506202,1.67291259765625,,,,spg566z0
506622,1.6794471740722656,,,,spg566z0
506973,1.6638398170471191,,,,spg566z0
507000,,2.341700553894043,1.6765143871307373,2.455404281616211,spg566z0
507396,1.6846685409545898,,,,spg566z0
507616,1.672049880027771,,,,spg566z0
507913,1.6750541925430298,,,,spg566z0
508000,,2.3419227600097656,1.6767295598983765,2.4617533683776855,spg566z0
508128,1.6590147018432617,,,,spg566z0
508484,1.6611005067825317,,,,spg566z0
508771,1.6701326370239258,,,,spg566z0
508923,1.6600196361541748,,,,spg566z0
509000,,2.3436994552612305,1.6749290227890015,2.453964948654175,spg566z0
509142,1.6427359580993652,,,,spg566z0
509431,1.6372917890548706,,,,spg566z0
509797,1.6547919511795044,,,,spg566z0
510000,,2.340669631958008,1.6743109226226807,2.460437774658203,spg566z0
510247,1.6342401504516602,,,,spg566z0
510567,1.6683011054992676,,,,spg566z0
510815,1.6686158180236816,,,,spg566z0
511000,,2.3389971256256104,1.6761687994003296,2.4565014839172363,spg566z0
511055,1.6608574390411377,,,,55oplsxc
511163,1.671553611755371,,,,55oplsxc
511255,1.677712321281433,,,,spg566z0
511317,1.6737878322601318,,,,55oplsxc
511430,1.6736152172088623,,,,55oplsxc
511546,1.6737263202667236,,,,55oplsxc
511654,1.6762487888336182,,,,55oplsxc
511803,1.6871585845947266,,,,55oplsxc
511940,1.6773409843444824,,,,55oplsxc
512000,,2.3390755653381348,1.6715099811553955,2.4543986320495605,55oplsxc
512130,1.6406348943710327,,,,55oplsxc
512328,1.6921123266220093,,,,55oplsxc
512505,1.6793982982635498,,,,55oplsxc
512641,1.6724212169647217,,,,55oplsxc
512770,1.673840045928955,,,,55oplsxc
512945,1.6704950332641602,,,,55oplsxc
513000,,2.340390920639038,1.6743149757385254,2.4562535285949707,55oplsxc
513109,1.686487078666687,,,,55oplsxc
513246,1.6850649118423462,,,,55oplsxc
513418,1.6827285289764404,,,,55oplsxc
513519,1.6612755060195923,,,,55oplsxc
513741,1.6878960132598877,,,,55oplsxc
513848,1.6682671308517456,,,,55oplsxc
514000,,2.339888572692871,1.6807847023010254,2.4542598724365234,55oplsxc
514092,1.6721928119659424,,,,55oplsxc
514294,1.6623135805130005,,,,55oplsxc
514425,1.6322144269943237,,,,55oplsxc
514628,1.6763657331466675,,,,55oplsxc
514802,1.6813585758209229,,,,55oplsxc
514955,1.6796553134918213,,,,55oplsxc
515000,,2.3394949436187744,1.673257827758789,2.4562058448791504,55oplsxc
515128,1.657665491104126,,,,55oplsxc
515334,1.6612000465393066,,,,55oplsxc
515510,1.6573861837387085,,,,55oplsxc
515609,1.666691780090332,,,,55oplsxc
515807,1.6431549787521362,,,,55oplsxc
515947,1.6723041534423828,,,,55oplsxc
516000,,2.3364064693450928,1.6714259386062622,2.4523675441741943,55oplsxc
516148,1.673488974571228,,,,55oplsxc
516292,1.6757252216339111,,,,55oplsxc
516475,1.6716285943984985,,,,55oplsxc
516613,1.6900750398635864,,,,55oplsxc
516759,1.6737815141677856,,,,55oplsxc
516935,1.6575899124145508,,,,55oplsxc
517000,,2.337451457977295,1.690267562866211,2.4533867835998535,55oplsxc
517067,1.6773645877838135,,,,55oplsxc
517177,1.6772429943084717,,,,55oplsxc
517368,1.641253113746643,,,,55oplsxc
517537,1.652850866317749,,,,55oplsxc
517701,1.670897126197815,,,,55oplsxc
517816,1.6460813283920288,,,,55oplsxc
518000,,2.339280605316162,1.6685056686401367,2.45101261138916,55oplsxc
518171,1.6723154783248901,,,,55oplsxc
518320,1.64375901222229,,,,55oplsxc
518499,1.6852405071258545,,,,55oplsxc
518602,1.652054786682129,,,,55oplsxc
518731,1.6668860912322998,,,,55oplsxc
518899,1.6779721975326538,,,,55oplsxc
519000,,2.335846185684204,1.6735703945159912,2.4554214477539062,55oplsxc
519015,1.648319125175476,,,,55oplsxc
519240,1.6640874147415161,,,,55oplsxc
519408,1.6662139892578125,,,,55oplsxc
519517,1.6832093000411987,,,,55oplsxc
519657,1.6426019668579102,,,,55oplsxc
519763,1.6416821479797363,,,,55oplsxc
519881,1.639405369758606,,,,55oplsxc
519983,1.6635217666625977,,,,55oplsxc
520000,,2.3402512073516846,1.6726500988006592,2.453547716140747,55oplsxc
520112,1.6759042739868164,,,,55oplsxc
520274,1.643422245979309,,,,55oplsxc
520402,1.6638994216918945,,,,55oplsxc
520617,1.668532133102417,,,,55oplsxc
520730,1.6799479722976685,,,,55oplsxc
520899,1.6987777948379517,,,,55oplsxc
521000,,2.3348543643951416,1.6713354587554932,2.4517393112182617,55oplsxc
521050,1.6499983072280884,,,,55oplsxc
521204,1.6688956022262573,,,,55oplsxc
521304,1.6499313116073608,,,,55oplsxc
521467,1.6676077842712402,,,,55oplsxc
521718,1.7107151746749878,,,,55oplsxc
521896,1.6410138607025146,,,,55oplsxc
522000,,2.335052013397217,1.6698150634765625,2.450526714324951,55oplsxc
522019,1.6409122943878174,,,,55oplsxc
522141,1.6781320571899414,,,,55oplsxc
522260,1.6907964944839478,,,,55oplsxc
522353,1.6782329082489014,,,,55oplsxc
522473,1.6975189447402954,,,,55oplsxc
522613,1.6712976694107056,,,,55oplsxc
522710,1.666854739189148,,,,55oplsxc
522860,1.6709983348846436,,,,55oplsxc
523000,,2.3354971408843994,1.6717325448989868,2.45184326171875,55oplsxc
523006,1.6528737545013428,,,,55oplsxc
523252,1.657376766204834,,,,55oplsxc
523368,1.6688190698623657,,,,55oplsxc
523541,1.6855683326721191,,,,55oplsxc
523704,1.6677109003067017,,,,55oplsxc
523895,1.6769721508026123,,,,55oplsxc
524000,1.6490552425384521,2.3368427753448486,1.6700012683868408,2.4509201049804688,55oplsxc
524008,1.6469736099243164,,,,fl8tfmev
524046,1.6795240640640259,,,,55oplsxc
524088,1.6589075326919556,,,,fl8tfmev
524159,1.6181761026382446,,,,fl8tfmev
524204,1.6747026443481445,,,,fl8tfmev
524263,1.665702223777771,,,,fl8tfmev
524312,1.6539440155029297,,,,55oplsxc
524361,1.6781202554702759,,,,fl8tfmev
524430,1.6551954746246338,,,,fl8tfmev
524508,1.6238012313842773,,,,fl8tfmev
524574,1.6519805192947388,,,,55oplsxc
524626,1.651983618736267,,,,fl8tfmev
524665,1.6550524234771729,,,,fl8tfmev
524725,1.691493034362793,,,,55oplsxc
524791,1.6095558404922485,,,,55oplsxc
524847,1.6850242614746094,,,,fl8tfmev
524925,1.6546356678009033,,,,fl8tfmev
524990,1.6793019771575928,,,,fl8tfmev
525000,,2.3336832523345947,1.6700162887573242,2.449295997619629,fl8tfmev
525052,1.6685266494750977,,,,fl8tfmev
525143,1.6715192794799805,,,,fl8tfmev
525208,1.6901079416275024,,,,fl8tfmev
525324,1.687925100326538,,,,fl8tfmev
525413,1.659664273262024,,,,fl8tfmev
525491,1.6271281242370605,,,,fl8tfmev
525564,1.6793359518051147,,,,fl8tfmev
525641,1.6671704053878784,,,,fl8tfmev
525726,1.680192232131958,,,,fl8tfmev
525844,1.6525574922561646,,,,fl8tfmev
525922,1.6256816387176514,,,,fl8tfmev
526000,,2.3354575634002686,1.6732834577560425,2.4489097595214844,fl8tfmev
526004,1.6742585897445679,,,,fl8tfmev
526099,1.655442476272583,,,,fl8tfmev
526176,1.6573796272277832,,,,fl8tfmev
526228,1.677635908126831,,,,fl8tfmev
526334,1.667291283607483,,,,fl8tfmev
526420,1.6406359672546387,,,,fl8tfmev
526475,1.6596670150756836,,,,fl8tfmev
526546,1.6566718816757202,,,,fl8tfmev
526619,1.6539804935455322,,,,fl8tfmev
526718,1.6737905740737915,,,,fl8tfmev
526787,1.6542024612426758,,,,fl8tfmev
526852,1.6442127227783203,,,,fl8tfmev
526922,1.6429718732833862,,,,fl8tfmev
527000,,2.3347408771514893,1.676222324371338,2.4500555992126465,fl8tfmev
527036,1.6718488931655884,,,,fl8tfmev
527101,1.6863782405853271,,,,fl8tfmev
527184,1.6395747661590576,,,,fl8tfmev
527241,1.6733500957489014,,,,fl8tfmev
527329,1.661885142326355,,,,fl8tfmev
527408,1.6454646587371826,,,,fl8tfmev
527485,1.6579889059066772,,,,fl8tfmev
527570,1.6692825555801392,,,,fl8tfmev
527669,1.6629596948623657,,,,fl8tfmev
527771,1.6767266988754272,,,,fl8tfmev
527867,1.6645365953445435,,,,fl8tfmev
527937,1.6686584949493408,,,,fl8tfmev
528000,,2.334095001220703,1.666601300239563,2.4506139755249023,fl8tfmev
528009,1.6569139957427979,,,,fl8tfmev
528099,1.678966999053955,,,,fl8tfmev
528171,1.6476422548294067,,,,fl8tfmev
528272,1.6467669010162354,,,,fl8tfmev
528395,1.6643898487091064,,,,fl8tfmev
528501,1.656948447227478,,,,fl8tfmev
528559,1.6535704135894775,,,,fl8tfmev
528620,1.6759315729141235,,,,fl8tfmev
528710,1.687906265258789,,,,fl8tfmev
528775,1.6795222759246826,,,,fl8tfmev
528852,1.6565661430358887,,,,fl8tfmev
528927,1.6405948400497437,,,,fl8tfmev
529000,,2.332651138305664,1.6662507057189941,2.450806140899658,fl8tfmev
529016,1.6534305810928345,,,,fl8tfmev
529122,1.6269254684448242,,,,fl8tfmev
529235,1.6528880596160889,,,,fl8tfmev
529334,1.6681112051010132,,,,fl8tfmev
529424,1.6637334823608398,,,,fl8tfmev
529520,1.680854082107544,,,,fl8tfmev
529587,1.668853998184204,,,,fl8tfmev
529645,1.6588820219039917,,,,fl8tfmev
529711,1.6452573537826538,,,,fl8tfmev
529803,1.6444721221923828,,,,fl8tfmev
529867,1.6457340717315674,,,,fl8tfmev
529943,1.6800833940505981,,,,fl8tfmev
530000,,2.3329498767852783,1.685970664024353,2.4503207206726074,fl8tfmev
530012,1.6533032655715942,,,,fl8tfmev
530101,1.6454859972000122,,,,fl8tfmev
530185,1.6744554042816162,,,,fl8tfmev
530237,1.6437950134277344,,,,fl8tfmev
530378,1.6567213535308838,,,,fl8tfmev
530456,1.6632513999938965,,,,fl8tfmev
530525,1.667967677116394,,,,fl8tfmev
530618,1.6390889883041382,,,,fl8tfmev
530704,1.6643208265304565,,,,fl8tfmev
530781,1.629094123840332,,,,fl8tfmev
530839,1.6436361074447632,,,,fl8tfmev
530931,1.6406793594360352,,,,fl8tfmev
531000,,2.3333630561828613,1.6632765531539917,2.4502041339874268,fl8tfmev
531022,1.6638522148132324,,,,fl8tfmev
531077,1.654178500175476,,,,fl8tfmev
531147,1.6689504384994507,,,,fl8tfmev
531200,1.6567760705947876,,,,vipmyyn9
531268,1.6514878273010254,,,,fl8tfmev
531361,1.6569706201553345,,,,vipmyyn9
531681,1.6781306266784668,,,,vipmyyn9
532000,,2.3334004878997803,1.6680634021759033,2.4473154544830322,vipmyyn9
532084,1.6418172121047974,,,,vipmyyn9
532433,1.650352954864502,,,,vipmyyn9
532702,1.6607123613357544,,,,vipmyyn9
532995,1.645464301109314,,,,vipmyyn9
533000,,2.334242820739746,1.6702125072479248,2.448878288269043,vipmyyn9
533216,1.6653094291687012,,,,vipmyyn9
533478,1.6609768867492676,,,,vipmyyn9
533909,1.671915888786316,,,,vipmyyn9
534000,,2.3320302963256836,1.6743378639221191,2.449228525161743,vipmyyn9
534321,1.674041986465454,,,,vipmyyn9
534628,1.6486990451812744,,,,vipmyyn9
534907,1.6642382144927979,,,,vipmyyn9
535000,,2.3318803310394287,1.665120005607605,2.4474661350250244,vipmyyn9
535147,1.6581690311431885,,,,vipmyyn9
535520,1.6425085067749023,,,,vipmyyn9
535812,1.6659882068634033,,,,vipmyyn9
536000,,2.3304882049560547,1.6648720502853394,2.4480066299438477,vipmyyn9
536122,1.6537151336669922,,,,vipmyyn9
536531,1.6723510026931763,,,,vipmyyn9
536806,1.6759861707687378,,,,vipmyyn9
537000,,2.332054853439331,1.6841392517089844,2.4478933811187744,vipmyyn9
537067,1.627915859222412,,,,vipmyyn9
537283,1.6354819536209106,,,,vipmyyn9
537712,1.6554561853408813,,,,vipmyyn9
538000,,2.3325741291046143,1.6617705821990967,2.446838617324829,vipmyyn9
538071,1.659258484840393,,,,vipmyyn9
538402,1.6558457612991333,,,,vipmyyn9
538628,1.6581215858459473,,,,vipmyyn9
538841,1.6918559074401855,,,,vipmyyn9
539000,,2.329155921936035,1.6663130521774292,2.449105739593506,vipmyyn9
539222,1.627465009689331,,,,vipmyyn9
539485,1.6633758544921875,,,,vipmyyn9
539752,1.6416207551956177,,,,vipmyyn9
539936,1.657355785369873,,,,vipmyyn9
540000,,2.3353686332702637,1.6664812564849854,2.447272539138794,vipmyyn9
540089,1.6606299877166748,,,,vipmyyn9
540382,1.6437236070632935,,,,vipmyyn9
540710,1.6461797952651978,,,,vipmyyn9
540917,1.6582385301589966,,,,vipmyyn9
541000,,2.331007480621338,1.6641833782196045,2.4457271099090576,vipmyyn9
541204,1.6687257289886475,,,,vipmyyn9
541492,1.6557691097259521,,,,vipmyyn9
541818,1.6481040716171265,,,,vipmyyn9
542000,,2.330345392227173,1.663006067276001,2.4445533752441406,vipmyyn9
542059,1.6508651971817017,,,,vipmyyn9
542260,1.6522152423858643,,,,vipmyyn9
542434,1.6570847034454346,,,,vipmyyn9
542680,1.6467427015304565,,,,vipmyyn9
542955,1.6323496103286743,,,,vipmyyn9
543000,,2.3304951190948486,1.6647331714630127,2.4464056491851807,vipmyyn9
543310,1.6551258563995361,,,,vipmyyn9
543553,1.6293518543243408,,,,vipmyyn9
543874,1.6276203393936157,,,,vipmyyn9
544000,1.6603530645370483,2.331704616546631,1.6630409955978394,2.4448039531707764,vipmyyn9
544042,1.6528078317642212,,,,vipmyyn9
544596,1.6672738790512085,,,,vipmyyn9
544885,1.6333305835723877,,,,vipmyyn9
545000,,2.3317182064056396,1.6603113412857056,2.4460933208465576,vipmyyn9
545155,1.6453560590744019,,,,vipmyyn9
545409,1.6669719219207764,,,,vipmyyn9
545639,1.6567656993865967,,,,vipmyyn9
545852,1.59269118309021,,,,vipmyyn9
546000,,2.3271663188934326,1.6592116355895996,2.445844888687134,vipmyyn9
546124,1.6634635925292969,,,,vipmyyn9
546507,1.6490517854690552,,,,vipmyyn9
546841,1.643789529800415,,,,vipmyyn9
547000,,2.329596996307373,1.6625090837478638,2.4449877738952637,vipmyyn9
547189,1.6591628789901733,,,,vipmyyn9
547491,1.6439356803894043,,,,vipmyyn9
547842,1.6646475791931152,,,,vipmyyn9
548000,,2.330272674560547,1.6666476726531982,2.4448676109313965,vipmyyn9
548063,1.64881432056427,,,,vipmyyn9
548439,1.6634199619293213,,,,vipmyyn9
548717,1.639145851135254,,,,vipmyyn9
548880,1.635944128036499,,,,vipmyyn9
549000,1.6586776971817017,2.328404426574707,1.6636561155319214,2.4456162452697754,vipmyyn9
549075,1.6253808736801147,,,,vipmyyn9
549448,1.6302998065948486,,,,vipmyyn9
549734,1.6327582597732544,,,,vipmyyn9
549975,1.6273670196533203,,,,vipmyyn9
550000,,2.3282947540283203,1.680073857307434,2.443598747253418,vipmyyn9
550202,1.6249628067016602,,,,vipmyyn9
550410,1.620193362236023,,,,vipmyyn9
550738,1.6294246912002563,,,,vipmyyn9
550953,1.6623536348342896,,,,vipmyyn9
551000,,2.3253860473632812,1.6640174388885498,2.443739652633667,vipmyyn9
551248,1.657637357711792,,,,vipmyyn9
551513,1.640013575553894,,,,vipmyyn9
551779,1.608905553817749,,,,vipmyyn9
552000,,2.323854923248291,1.6636297702789307,2.4429984092712402,vipmyyn9
552042,1.6584198474884033,,,,vipmyyn9
552386,1.6305866241455078,,,,vipmyyn9
552775,1.6417423486709595,,,,vipmyyn9
553000,,2.3237993717193604,1.6613621711730957,2.4431159496307373,vipmyyn9
553159,1.6337921619415283,,,,vipmyyn9
553439,1.6345248222351074,,,,vipmyyn9
553727,1.6521100997924805,,,,vipmyyn9
554000,,2.323169231414795,1.6614856719970703,2.4465465545654297,vipmyyn9
554302,1.604666829109192,,,,vipmyyn9
554548,1.6539117097854614,,,,vipmyyn9
554823,1.6570286750793457,,,,vipmyyn9
554975,1.6552667617797852,,,,vipmyyn9
555000,,2.325981378555298,1.6607942581176758,2.438261032104492,vipmyyn9
555212,1.6283012628555298,,,,vipmyyn9
555474,1.6552103757858276,,,,vipmyyn9
555917,1.650729775428772,,,,vipmyyn9
556000,,2.323777914047241,1.6599774360656738,2.4443085193634033,vipmyyn9
556088,1.6648662090301514,,,,zz88xce7
556274,1.6367768049240112,,,,zz88xce7
556347,1.62674880027771,,,,vipmyyn9
556480,1.6334017515182495,,,,zz88xce7
556586,1.638508915901184,,,,vipmyyn9
556699,1.6520121097564697,,,,vipmyyn9
556819,1.626016616821289,,,,vipmyyn9
556972,1.6317975521087646,,,,zz88xce7
557000,,2.3225507736206055,1.6596027612686157,2.4402997493743896,zz88xce7
557151,1.6646257638931274,,,,zz88xce7
557400,1.6614586114883423,,,,zz88xce7
557578,1.6803265810012817,,,,zz88xce7
557738,1.6651489734649658,,,,zz88xce7
557924,1.626674771308899,,,,zz88xce7
558000,,2.323077440261841,1.6616885662078857,2.440929412841797,zz88xce7
558127,1.6605132818222046,,,,zz88xce7
558327,1.6588096618652344,,,,zz88xce7
558462,1.639527678489685,,,,zz88xce7
558636,1.6332207918167114,,,,zz88xce7
558859,1.644312858581543,,,,zz88xce7
559000,,2.321354627609253,1.66604745388031,2.4397647380828857,zz88xce7
559181,1.6422080993652344,,,,zz88xce7
559350,1.6433627605438232,,,,zz88xce7
559611,1.6552038192749023,,,,zz88xce7
559814,1.6094632148742676,,,,zz88xce7
559980,1.6314315795898438,,,,zz88xce7
560000,,2.3234798908233643,1.6589809656143188,2.4375712871551514,zz88xce7
560171,1.6436387300491333,,,,zz88xce7
560397,1.6099475622177124,,,,zz88xce7
560602,1.6397024393081665,,,,zz88xce7
560866,1.605599045753479,,,,zz88xce7
561000,,2.3215696811676025,1.6589926481246948,2.4374685287475586,zz88xce7
561098,1.650455117225647,,,,zz88xce7
561308,1.6322396993637085,,,,zz88xce7
561555,1.616569995880127,,,,zz88xce7
561745,1.6237447261810303,,,,zz88xce7
561944,1.633592963218689,,,,zz88xce7
562000,,2.323253631591797,1.6769951581954956,2.438897132873535,zz88xce7
562101,1.6450773477554321,,,,zz88xce7
562294,1.6440544128417969,,,,zz88xce7
562583,1.6346666812896729,,,,zz88xce7
562807,1.6666767597198486,,,,zz88xce7
563000,,2.323756456375122,1.6555579900741577,2.4387218952178955,zz88xce7
563031,1.6353137493133545,,,,zz88xce7
563271,1.6583099365234375,,,,zz88xce7
563497,1.6801354885101318,,,,zz88xce7
563628,1.628752589225769,,,,zz88xce7
563754,1.6629446744918823,,,,zz88xce7
563937,1.6151989698410034,,,,zz88xce7
564000,,2.3231000900268555,1.6605279445648193,2.4423720836639404,zz88xce7
564182,1.6528853178024292,,,,zz88xce7
564381,1.668116807937622,,,,zz88xce7
564521,1.6460158824920654,,,,zz88xce7
564695,1.6340216398239136,,,,zz88xce7
564831,1.632927417755127,,,,zz88xce7
564977,1.6402208805084229,,,,zz88xce7
565000,,2.3271608352661133,1.6590420007705688,2.4386136531829834,zz88xce7
565103,1.6351133584976196,,,,zz88xce7
565316,1.64332115650177,,,,zz88xce7
565543,1.648797631263733,,,,zz88xce7
565714,1.6412239074707031,,,,zz88xce7
565899,1.6509732007980347,,,,zz88xce7
566000,,2.3228161334991455,1.6559202671051025,2.4396440982818604,zz88xce7
566072,1.6602873802185059,,,,zz88xce7
566257,1.6372843980789185,,,,zz88xce7
566396,1.6174206733703613,,,,zz88xce7
566740,1.6193116903305054,,,,zz88xce7
566927,1.6653242111206055,,,,zz88xce7
567000,,2.3198955059051514,1.655087947845459,2.4358861446380615,zz88xce7
567086,1.647135615348816,,,,zz88xce7
567242,1.6427117586135864,,,,zz88xce7
567369,1.6458109617233276,,,,zz88xce7
567522,1.6390399932861328,,,,zz88xce7
567665,1.680872917175293,,,,zz88xce7
567845,1.63211989402771,,,,zz88xce7
568000,,2.320488929748535,1.6577705144882202,2.437520742416382,zz88xce7
568048,1.6432175636291504,,,,zz88xce7
568310,1.629054307937622,,,,zz88xce7
568466,1.631282091140747,,,,zz88xce7
568624,1.6446502208709717,,,,zz88xce7
568894,1.6663953065872192,,,,zz88xce7
569000,1.6553373336791992,2.3215112686157227,1.6563057899475098,2.437208414077759,zz88xce7
569034,1.6158521175384521,,,,zz88xce7
569281,1.6414443254470825,,,,zz88xce7
569496,1.6493775844573975,,,,zz88xce7
569707,1.6469271183013916,,,,zz88xce7
569976,1.6246894598007202,,,,zz88xce7
570000,,2.3228135108947754,1.6533665657043457,2.4362123012542725,zz88xce7
570092,1.6375375986099243,,,,zz88xce7
570268,1.6072760820388794,,,,zz88xce7
570436,1.6019980907440186,,,,zz88xce7
570530,1.6072418689727783,,,,zz88xce7
570723,1.634719967842102,,,,zz88xce7
570817,1.6157031059265137,,,,zz88xce7
571000,,2.3211488723754883,1.6552212238311768,2.436143398284912,zz88xce7
571019,1.6534432172775269,,,,zz88xce7
571193,1.6312140226364136,,,,zz88xce7
571446,1.647922396659851,,,,zz88xce7
571671,1.6207287311553955,,,,zz88xce7
571863,1.612802505493164,,,,zz88xce7
572000,,2.320629358291626,1.656100869178772,2.4334661960601807,zz88xce7
572048,1.6337639093399048,,,,zz88xce7
572264,1.6262763738632202,,,,zz88xce7
572473,1.6460537910461426,,,,zz88xce7
572707,1.6148691177368164,,,,zz88xce7
572938,1.635805606842041,,,,zz88xce7
573000,,2.3204238414764404,1.6607251167297363,2.43147873878479,zz88xce7
573137,1.6421363353729248,,,,zz88xce7
573288,1.613538146018982,,,,zz88xce7
573377,1.6421229839324951,,,,rgij63ht
573403,1.598839282989502,,,,rgij63ht
573425,1.6013296842575073,,,,rgij63ht
573447,1.5909548997879028,,,,rgij63ht
573467,1.619657039642334,,,,rgij63ht
573494,1.6005111932754517,,,,rgij63ht
573512,1.6245105266571045,,,,rgij63ht
573535,1.644506573677063,,,,rgij63ht
573558,1.6367011070251465,,,,rgij63ht
573580,1.6190088987350464,,,,rgij63ht
573601,1.611488699913025,,,,rgij63ht
573621,1.6230238676071167,,,,rgij63ht
573643,1.650888204574585,,,,rgij63ht
573668,1.618615746498108,,,,rgij63ht
573691,1.630087971687317,,,,rgij63ht
573715,1.6088511943817139,,,,rgij63ht
573735,1.643714427947998,,,,rgij63ht
573758,1.6322115659713745,,,,rgij63ht
573779,1.62296462059021,,,,rgij63ht
573806,1.6494815349578857,,,,rgij63ht
573826,1.6111873388290405,,,,rgij63ht
573850,1.6341933012008667,,,,rgij63ht
573872,1.6514734029769897,,,,rgij63ht
573893,1.6251485347747803,,,,rgij63ht
573915,1.665973424911499,,,,rgij63ht
573938,1.622403860092163,,,,rgij63ht
573960,1.632066011428833,,,,rgij63ht
573979,1.6323456764221191,,,,rgij63ht
574000,,2.319810390472412,1.6563459634780884,2.4338812828063965,rgij63ht
574020,1.6148642301559448,,,,rgij63ht
574043,1.6233991384506226,,,,rgij63ht
574065,1.6050329208374023,,,,rgij63ht
574084,1.6423779726028442,,,,rgij63ht
574102,1.6461881399154663,,,,rgij63ht
574122,1.609447717666626,,,,rgij63ht
574142,1.6371684074401855,,,,rgij63ht
574164,1.6333152055740356,,,,rgij63ht
574184,1.6452977657318115,,,,rgij63ht
574203,1.6248866319656372,,,,rgij63ht
574223,1.6001017093658447,,,,rgij63ht
574245,1.6185810565948486,,,,rgij63ht
574266,1.6450639963150024,,,,rgij63ht
574285,1.6587954759597778,,,,rgij63ht
574306,1.6635440587997437,,,,rgij63ht
574326,1.6329410076141357,,,,rgij63ht
574345,1.6315593719482422,,,,rgij63ht
574365,1.6089766025543213,,,,rgij63ht
574387,1.649259090423584,,,,rgij63ht
574407,1.6235891580581665,,,,rgij63ht
574427,1.62116277217865,,,,rgij63ht
574445,1.6336060762405396,,,,rgij63ht
574465,1.6149168014526367,,,,rgij63ht
574490,1.6033177375793457,,,,rgij63ht
574510,1.6477775573730469,,,,rgij63ht
574531,1.628731608390808,,,,rgij63ht
574549,1.6068519353866577,,,,rgij63ht
574570,1.6367989778518677,,,,rgij63ht
574592,1.6434086561203003,,,,rgij63ht
574614,1.6442841291427612,,,,rgij63ht
574639,1.6220777034759521,,,,rgij63ht
574662,1.661679983139038,,,,rgij63ht
574682,1.648993730545044,,,,rgij63ht
574704,1.628981113433838,,,,rgij63ht
574729,1.651289701461792,,,,rgij63ht
574751,1.6518359184265137,,,,rgij63ht
574774,1.6231080293655396,,,,rgij63ht
574793,1.6334731578826904,,,,rgij63ht
574812,1.6211023330688477,,,,rgij63ht
574833,1.6227853298187256,,,,rgij63ht
574861,1.6198246479034424,,,,rgij63ht
574886,1.6126881837844849,,,,rgij63ht
574906,1.6448599100112915,,,,rgij63ht
574925,1.6316817998886108,,,,rgij63ht
574947,1.6608891487121582,,,,rgij63ht
574967,1.6396899223327637,,,,rgij63ht
574987,1.6414611339569092,,,,rgij63ht
575000,1.6406574249267578,2.3185784816741943,1.656894564628601,2.430206537246704,rgij63ht
575004,1.6481404304504395,,,,a2nz69tz
575013,1.6493442058563232,,,,rgij63ht
575023,1.6200677156448364,,,,rgij63ht
575032,1.6322038173675537,,,,a2nz69tz
575042,1.6375117301940918,,,,a2nz69tz
575051,1.659759759902954,,,,a2nz69tz
575060,1.6448888778686523,,,,rgij63ht
575069,1.6551460027694702,,,,a2nz69tz
575079,1.6305142641067505,,,,a2nz69tz
575088,1.6146694421768188,,,,a2nz69tz
575097,1.6259737014770508,,,,a2nz69tz
575106,1.6193509101867676,,,,rgij63ht
575115,1.6303712129592896,,,,rgij63ht
575124,1.636191725730896,,,,rgij63ht
575133,1.6415292024612427,,,,rgij63ht
575143,1.588401436805725,,,,rgij63ht
575154,1.6548494100570679,,,,a2nz69tz
575163,1.6366033554077148,,,,rgij63ht
575174,1.6520670652389526,,,,a2nz69tz
575182,1.6392134428024292,,,,rgij63ht
575192,1.6127070188522339,,,,rgij63ht
575202,1.6506776809692383,,,,a2nz69tz
575210,1.638572335243225,,,,rgij63ht
575220,1.647465705871582,,,,rgij63ht
575230,1.6239938735961914,,,,rgij63ht
575239,1.6237372159957886,,,,a2nz69tz
575248,1.6101279258728027,,,,a2nz69tz
575263,1.6200695037841797,,,,a2nz69tz
575280,1.6365121603012085,,,,a2nz69tz
575297,1.5988975763320923,,,,a2nz69tz
575314,1.6291199922561646,,,,a2nz69tz
575331,1.6254278421401978,,,,a2nz69tz
575348,1.6266063451766968,,,,a2nz69tz
575365,1.6463091373443604,,,,a2nz69tz
575382,1.6424132585525513,,,,a2nz69tz
575399,1.6420921087265015,,,,a2nz69tz
575416,1.647616982460022,,,,a2nz69tz
575433,1.637463927268982,,,,a2nz69tz
575450,1.6510015726089478,,,,a2nz69tz
575467,1.622357964515686,,,,a2nz69tz
575484,1.6095058917999268,,,,a2nz69tz
575501,1.6406506299972534,,,,a2nz69tz
575518,1.6467117071151733,,,,a2nz69tz
575535,1.6404213905334473,,,,a2nz69tz
575552,1.609124779701233,,,,a2nz69tz
575569,1.6476038694381714,,,,a2nz69tz
575586,1.6456080675125122,,,,a2nz69tz
575603,1.6372705698013306,,,,a2nz69tz
575620,1.651390552520752,,,,a2nz69tz
575637,1.6277313232421875,,,,a2nz69tz
575654,1.6164662837982178,,,,a2nz69tz
575671,1.6265662908554077,,,,a2nz69tz
575688,1.6288965940475464,,,,a2nz69tz
575705,1.6268229484558105,,,,a2nz69tz
575722,1.5916093587875366,,,,a2nz69tz
575739,1.605148434638977,,,,a2nz69tz
575756,1.6286284923553467,,,,a2nz69tz
575773,1.6729650497436523,,,,a2nz69tz
575790,1.6284886598587036,,,,a2nz69tz
575807,1.6261775493621826,,,,a2nz69tz
575824,1.6444356441497803,,,,a2nz69tz
575841,1.6280213594436646,,,,a2nz69tz
575858,1.6319231986999512,,,,a2nz69tz
575875,1.6759920120239258,,,,a2nz69tz
575892,1.6254488229751587,,,,a2nz69tz
575909,1.5999265909194946,,,,a2nz69tz
575926,1.6171444654464722,,,,a2nz69tz
575943,1.6165419816970825,,,,a2nz69tz
575960,1.6183021068572998,,,,a2nz69tz
575977,1.6420433521270752,,,,a2nz69tz
575994,1.6089931726455688,,,,a2nz69tz
576000,1.6698639392852783,2.317863702774048,1.6551398038864136,2.430546522140503,a2nz69tz
576011,1.6461080312728882,,,,a2nz69tz
576028,1.5971885919570923,,,,a2nz69tz
576045,1.6434502601623535,,,,a2nz69tz
576062,1.6164817810058594,,,,a2nz69tz
576079,1.643773078918457,,,,a2nz69tz
576096,1.6343189477920532,,,,a2nz69tz
576113,1.6311417818069458,,,,a2nz69tz
576130,1.6288052797317505,,,,a2nz69tz
576147,1.6123875379562378,,,,a2nz69tz
576164,1.6211342811584473,,,,a2nz69tz
576181,1.651554822921753,,,,a2nz69tz
576198,1.6095603704452515,,,,a2nz69tz
576215,1.620803952217102,,,,a2nz69tz
576232,1.5976251363754272,,,,a2nz69tz
576249,1.6464816331863403,,,,a2nz69tz
576280,1.618864893913269,,,,rx6bq94m
576304,1.6264276504516602,,,,rx6bq94m
576332,1.6432842016220093,,,,rx6bq94m
576359,1.6059837341308594,,,,rx6bq94m
576390,1.6538175344467163,,,,rx6bq94m
576420,1.6160616874694824,,,,rx6bq94m
576447,1.634948492050171,,,,rx6bq94m
576476,1.6358247995376587,,,,rx6bq94m
576508,1.6402199268341064,,,,rx6bq94m
576533,1.6442803144454956,,,,rx6bq94m
576568,1.6449408531188965,,,,rx6bq94m
576594,1.6399245262145996,,,,rx6bq94m
576628,1.644086241722107,,,,rx6bq94m
576658,1.6384683847427368,,,,rx6bq94m
576696,1.623471975326538,,,,rx6bq94m
576724,1.6145498752593994,,,,rx6bq94m
576748,1.6010119915008545,,,,rx6bq94m
576776,1.6573177576065063,,,,rx6bq94m
576813,1.67391836643219,,,,rx6bq94m
576847,1.6197271347045898,,,,rx6bq94m
576871,1.6245390176773071,,,,rx6bq94m
576901,1.6229454278945923,,,,rx6bq94m
576926,1.6308199167251587,,,,rx6bq94m
576963,1.6171478033065796,,,,rx6bq94m
576985,1.6066735982894897,,,,rx6bq94m
577000,,2.3194174766540527,1.6559598445892334,2.4334676265716553,rx6bq94m
577007,1.620527744293213,,,,rx6bq94m
577034,1.630291223526001,,,,rx6bq94m
577066,1.6102782487869263,,,,rx6bq94m
577096,1.6276828050613403,,,,rx6bq94m
577126,1.629717469215393,,,,rx6bq94m
577158,1.6303670406341553,,,,rx6bq94m
577180,1.6418081521987915,,,,rx6bq94m
577207,1.6526305675506592,,,,rx6bq94m
577231,1.6088061332702637,,,,rx6bq94m
577259,1.6263717412948608,,,,rx6bq94m
577290,1.6045182943344116,,,,rx6bq94m
577311,1.6460189819335938,,,,rx6bq94m
577337,1.625700831413269,,,,rx6bq94m
577360,1.5980041027069092,,,,rx6bq94m
577395,1.619754672050476,,,,rx6bq94m
577417,1.6595633029937744,,,,rx6bq94m
577437,1.6321278810501099,,,,rx6bq94m
577468,1.5923664569854736,,,,rx6bq94m
577496,1.6194677352905273,,,,rx6bq94m
577530,1.6647034883499146,,,,rx6bq94m
577563,1.641736626625061,,,,rx6bq94m
577594,1.63050377368927,,,,rx6bq94m
577626,1.629487156867981,,,,rx6bq94m
577656,1.632411003112793,,,,rx6bq94m
577682,1.6332827806472778,,,,rx6bq94m
577707,1.6197072267532349,,,,rx6bq94m
577746,1.6298803091049194,,,,rx6bq94m
577780,1.6355899572372437,,,,rx6bq94m
577805,1.650943398475647,,,,rx6bq94m
577834,1.6409001350402832,,,,rx6bq94m
577859,1.6276787519454956,,,,rx6bq94m
577887,1.6296136379241943,,,,rx6bq94m
577923,1.6507176160812378,,,,rx6bq94m
577952,1.6407968997955322,,,,rx6bq94m
577982,1.6229609251022339,,,,rx6bq94m
578000,1.6313807964324951,2.3187594413757324,1.6578104496002197,2.4336884021759033,rx6bq94m
578012,1.6331815719604492,,,,rx6bq94m
578046,1.6057944297790527,,,,rx6bq94m
578074,1.651364803314209,,,,rx6bq94m
578102,1.6633899211883545,,,,rx6bq94m
578135,1.638881802558899,,,,rx6bq94m
578167,1.6206425428390503,,,,rx6bq94m
578197,1.615242838859558,,,,rx6bq94m
578235,1.587485909461975,,,,rx6bq94m
578264,1.6377801895141602,,,,rx6bq94m
578293,1.6265864372253418,,,,rx6bq94m
578324,1.6281964778900146,,,,rx6bq94m
578354,1.6177103519439697,,,,rx6bq94m
578383,1.6381678581237793,,,,rx6bq94m
578417,1.6403061151504517,,,,rx6bq94m
578440,1.6249430179595947,,,,rx6bq94m
578465,1.6386103630065918,,,,rx6bq94m
578504,1.6481856107711792,,,,rx6bq94m
578529,1.635619878768921,,,,rx6bq94m
578570,1.6464512348175049,,,,rx6bq94m
578591,1.6500965356826782,,,,rx6bq94m
578627,1.6055911779403687,,,,rx6bq94m
578651,1.6408262252807617,,,,rx6bq94m
578684,1.624675989151001,,,,rx6bq94m
578709,1.6196458339691162,,,,rx6bq94m
578735,1.633243441581726,,,,rx6bq94m
578763,1.6441525220870972,,,,rx6bq94m
578791,1.6384623050689697,,,,rx6bq94m
578819,1.6144604682922363,,,,rx6bq94m
578841,1.6204347610473633,,,,eph5jd94
578858,1.6233032941818237,,,,eph5jd94
578875,1.5928961038589478,,,,eph5jd94
578892,1.647356629371643,,,,eph5jd94
578909,1.6296207904815674,,,,eph5jd94
578926,1.6424204111099243,,,,eph5jd94
578943,1.6511995792388916,,,,eph5jd94
578960,1.64896821975708,,,,eph5jd94
578977,1.6410671472549438,,,,eph5jd94
578994,1.6134670972824097,,,,eph5jd94
579000,1.5973756313323975,2.3187601566314697,1.655075192451477,2.432974338531494,eph5jd94
579011,1.6148216724395752,,,,eph5jd94
579028,1.6260794401168823,,,,eph5jd94
579045,1.6397758722305298,,,,eph5jd94
579062,1.6170737743377686,,,,eph5jd94
579079,1.6101360321044922,,,,eph5jd94
579096,1.620897650718689,,,,eph5jd94
579113,1.6542471647262573,,,,eph5jd94
579130,1.6437433958053589,,,,7jwl0zmw
579147,1.616938829421997,,,,7jwl0zmw
579164,1.6633286476135254,,,,7jwl0zmw
579181,1.663076639175415,,,,7jwl0zmw
579198,1.6487408876419067,,,,7jwl0zmw
579215,1.6229063272476196,,,,7jwl0zmw
579232,1.603135585784912,,,,7jwl0zmw
579249,1.6230881214141846,,,,7jwl0zmw
579266,1.6312847137451172,,,,7jwl0zmw
579283,1.6223336458206177,,,,7jwl0zmw
579300,1.6117373704910278,,,,7jwl0zmw
579317,1.6198246479034424,,,,7jwl0zmw
579334,1.6500338315963745,,,,7jwl0zmw
579351,1.6218855381011963,,,,7jwl0zmw
579368,1.6052765846252441,,,,7jwl0zmw
579385,1.608841896057129,,,,7jwl0zmw
579402,1.6007956266403198,,,,7jwl0zmw
579419,1.6273539066314697,,,,7jwl0zmw
579436,1.6209591627120972,,,,7jwl0zmw
579453,1.60154390335083,,,,7jwl0zmw
579470,1.6388996839523315,,,,7jwl0zmw
579487,1.591076374053955,,,,7jwl0zmw
579504,1.6507878303527832,,,,7jwl0zmw
579521,1.5975664854049683,,,,7jwl0zmw
579538,1.6224807500839233,,,,7jwl0zmw
579555,1.6364927291870117,,,,7jwl0zmw
579572,1.6597075462341309,,,,7jwl0zmw
579589,1.6178644895553589,,,,7jwl0zmw
579606,1.6547937393188477,,,,7jwl0zmw
579623,1.6421806812286377,,,,7jwl0zmw
579640,1.6299116611480713,,,,7jwl0zmw
579657,1.6327890157699585,,,,7jwl0zmw
579674,1.6282966136932373,,,,7jwl0zmw
579691,1.6367437839508057,,,,7jwl0zmw
579708,1.645469307899475,,,,7jwl0zmw
579725,1.6311017274856567,,,,7jwl0zmw
579742,1.6043193340301514,,,,7jwl0zmw
579759,1.6143743991851807,,,,7jwl0zmw
579776,1.6272368431091309,,,,7jwl0zmw
579793,1.6532063484191895,,,,7jwl0zmw
579810,1.6505892276763916,,,,7jwl0zmw
579827,1.6152987480163574,,,,7jwl0zmw
579844,1.6384882926940918,,,,7jwl0zmw
579861,1.642342209815979,,,,7jwl0zmw
579878,1.646284580230713,,,,7jwl0zmw
579895,1.671339988708496,,,,7jwl0zmw
579912,1.6278027296066284,,,,7jwl0zmw
579929,1.6130900382995605,,,,7jwl0zmw
579946,1.6104094982147217,,,,7jwl0zmw
580011,1.619597315788269,,,,iwfdnfof
580026,1.6110800504684448,,,,iwfdnfof
580039,1.6156882047653198,,,,iwfdnfof
580061,1.6426044702529907,,,,47u9l6k0
580177,1.6301499605178833,,,,47u9l6k0
580274,1.6117408275604248,,,,47u9l6k0
580361,1.6570192575454712,,,,47u9l6k0
580504,1.6061546802520752,,,,47u9l6k0
580623,1.6167975664138794,,,,47u9l6k0
580721,1.6388473510742188,,,,47u9l6k0
580841,1.6450821161270142,,,,47u9l6k0
580925,1.6207481622695923,,,,47u9l6k0
581000,,2.319336414337158,1.6553122997283936,2.432556629180908,47u9l6k0
581003,1.60939621925354,,,,47u9l6k0
581101,1.6189104318618774,,,,47u9l6k0
581210,1.5981764793395996,,,,47u9l6k0
581363,1.6453726291656494,,,,47u9l6k0
581472,1.6172431707382202,,,,47u9l6k0
581578,1.6323904991149902,,,,47u9l6k0
581681,1.6592707633972168,,,,47u9l6k0
581749,1.5957249402999878,,,,47u9l6k0
581902,1.5873148441314697,,,,47u9l6k0
581975,1.6412477493286133,,,,47u9l6k0
582000,,2.318056344985962,1.656554937362671,2.4297776222229004,47u9l6k0
582059,1.6357707977294922,,,,47u9l6k0
582174,1.6296334266662598,,,,47u9l6k0
582286,1.6180968284606934,,,,47u9l6k0
582407,1.6329889297485352,,,,47u9l6k0
582475,1.6141257286071777,,,,47u9l6k0
582567,1.6145418882369995,,,,47u9l6k0
582655,1.6271687746047974,,,,47u9l6k0
582778,1.6425480842590332,,,,47u9l6k0
582846,1.6479374170303345,,,,47u9l6k0
582968,1.6268558502197266,,,,47u9l6k0
583000,,2.318023443222046,1.661346197128296,2.4320993423461914,47u9l6k0
583082,1.624178171157837,,,,47u9l6k0
583196,1.629178524017334,,,,47u9l6k0
583299,1.62384831905365,,,,47u9l6k0
583408,1.6336865425109863,,,,47u9l6k0
583547,1.6315078735351562,,,,47u9l6k0
583657,1.6020146608352661,,,,47u9l6k0
583788,1.6788914203643799,,,,47u9l6k0
583897,1.6426278352737427,,,,47u9l6k0
583971,1.6141328811645508,,,,47u9l6k0
584000,,2.3181886672973633,1.6517876386642456,2.429243326187134,47u9l6k0
584099,1.6490274667739868,,,,47u9l6k0
584214,1.6240569353103638,,,,47u9l6k0
584356,1.5992655754089355,,,,47u9l6k0
584473,1.6423486471176147,,,,47u9l6k0
584554,1.6072516441345215,,,,47u9l6k0
584649,1.643381118774414,,,,47u9l6k0
584752,1.636266827583313,,,,47u9l6k0
584849,1.6037108898162842,,,,47u9l6k0
584946,1.6209132671356201,,,,47u9l6k0
585000,,2.3168296813964844,1.6529306173324585,2.430107831954956,47u9l6k0
585048,1.600109338760376,,,,47u9l6k0
585211,1.6062616109848022,,,,47u9l6k0
585326,1.6225489377975464,,,,47u9l6k0
585448,1.6634581089019775,,,,47u9l6k0
585547,1.6419399976730347,,,,47u9l6k0
585628,1.6053701639175415,,,,47u9l6k0
585720,1.6022816896438599,,,,47u9l6k0
585823,1.6346383094787598,,,,47u9l6k0
585935,1.6123912334442139,,,,47u9l6k0
586000,,2.3177194595336914,1.671570062637329,2.4308321475982666,47u9l6k0
586010,1.610203504562378,,,,47u9l6k0
586125,1.6034932136535645,,,,47u9l6k0
586208,1.6224796772003174,,,,47u9l6k0
586360,1.6209298372268677,,,,47u9l6k0
586456,1.6570565700531006,,,,47u9l6k0
586554,1.6215448379516602,,,,47u9l6k0
586662,1.6714593172073364,,,,47u9l6k0
586748,1.6451958417892456,,,,47u9l6k0
586823,1.6220216751098633,,,,47u9l6k0
586957,1.640166997909546,,,,47u9l6k0
587000,,2.3173742294311523,1.6477843523025513,2.4310529232025146,47u9l6k0
587038,1.621511459350586,,,,47u9l6k0
587166,1.5936490297317505,,,,47u9l6k0
587257,1.6356902122497559,,,,47u9l6k0
587371,1.615592360496521,,,,47u9l6k0
587475,1.6265013217926025,,,,47u9l6k0
587558,1.6162227392196655,,,,47u9l6k0
587628,1.6038570404052734,,,,47u9l6k0
587722,1.6533620357513428,,,,47u9l6k0
587837,1.6288416385650635,,,,47u9l6k0
587937,1.5879483222961426,,,,47u9l6k0
588000,,2.3143835067749023,1.6526591777801514,2.4345836639404297,47u9l6k0
588015,1.6057921648025513,,,,47u9l6k0
588196,1.6150906085968018,,,,47u9l6k0
588325,1.6101353168487549,,,,47u9l6k0
588417,1.625314712524414,,,,47u9l6k0
588508,1.6017875671386719,,,,47u9l6k0
588598,1.616026759147644,,,,47u9l6k0
588708,1.629284143447876,,,,47u9l6k0
588790,1.6254295110702515,,,,47u9l6k0
588855,1.5828406810760498,,,,47u9l6k0
588943,1.6255613565444946,,,,47u9l6k0
589000,,2.321922779083252,1.6525466442108154,2.4331002235412598,47u9l6k0
589003,1.6405980587005615,,,,cq8c50dn
589020,1.6217012405395508,,,,cq8c50dn
589035,1.6459593772888184,,,,cq8c50dn
589048,1.6033806800842285,,,,cq8c50dn
589062,1.6036399602890015,,,,cq8c50dn
589077,1.6410675048828125,,,,cq8c50dn
589091,1.6024940013885498,,,,cq8c50dn
589106,1.6014595031738281,,,,cq8c50dn
589120,1.622797966003418,,,,cq8c50dn
589134,1.6700341701507568,,,,cq8c50dn
589147,1.6369702816009521,,,,cq8c50dn
589162,1.5985679626464844,,,,cq8c50dn
589176,1.6261727809906006,,,,cq8c50dn
589191,1.6439034938812256,,,,47u9l6k0
589207,1.6387217044830322,,,,cq8c50dn
589224,1.601828694343567,,,,cq8c50dn
589241,1.646639347076416,,,,cq8c50dn
589258,1.6184755563735962,,,,cq8c50dn
589275,1.6233233213424683,,,,cq8c50dn
589292,1.6071480512619019,,,,cq8c50dn
589309,1.6138936281204224,,,,cq8c50dn
589326,1.6453746557235718,,,,cq8c50dn
589343,1.6422957181930542,,,,cq8c50dn
589360,1.6039588451385498,,,,cq8c50dn
589377,1.605743169784546,,,,cq8c50dn
589394,1.6217094659805298,,,,cq8c50dn
589411,1.6365344524383545,,,,cq8c50dn
589428,1.652280569076538,,,,cq8c50dn
589445,1.59540855884552,,,,cq8c50dn
589462,1.6211562156677246,,,,cq8c50dn
589479,1.6334571838378906,,,,cq8c50dn
589496,1.6137325763702393,,,,cq8c50dn
589513,1.6165015697479248,,,,cq8c50dn
589530,1.6210660934448242,,,,cq8c50dn
589547,1.6019351482391357,,,,cq8c50dn
589564,1.6262773275375366,,,,cq8c50dn
589581,1.6008856296539307,,,,cq8c50dn
589598,1.6447150707244873,,,,cq8c50dn
589615,1.6302210092544556,,,,cq8c50dn
589632,1.6332688331604004,,,,cq8c50dn
589649,1.6148979663848877,,,,cq8c50dn
589666,1.6119565963745117,,,,cq8c50dn
589683,1.6055877208709717,,,,cq8c50dn
589700,1.6312119960784912,,,,cq8c50dn
589717,1.6091850996017456,,,,cq8c50dn
589734,1.633694052696228,,,,cq8c50dn
589751,1.6157917976379395,,,,cq8c50dn
589768,1.6307930946350098,,,,cq8c50dn
589785,1.632908821105957,,,,cq8c50dn
589802,1.6152724027633667,,,,cq8c50dn
589819,1.6260629892349243,,,,cq8c50dn
589836,1.6050310134887695,,,,cq8c50dn
589853,1.6160045862197876,,,,cq8c50dn
589870,1.624070167541504,,,,cq8c50dn
589887,1.6305891275405884,,,,cq8c50dn
589904,1.6229064464569092,,,,cq8c50dn
589921,1.6447054147720337,,,,cq8c50dn
589938,1.6093533039093018,,,,cq8c50dn
590006,1.6271791458129883,,,,6y3lb115
590023,1.603932499885559,,,,6y3lb115
590040,1.6283674240112305,,,,6y3lb115
590057,1.6432766914367676,,,,6y3lb115
590074,1.6267200708389282,,,,6y3lb115
590091,1.6468385457992554,,,,6y3lb115
590108,1.6206965446472168,,,,6y3lb115
590125,1.6172760725021362,,,,iusez48f
590142,1.6285574436187744,,,,iusez48f
590159,1.6580430269241333,,,,iusez48f
590176,1.6346609592437744,,,,iusez48f
590193,1.6187313795089722,,,,iusez48f
590210,1.6209310293197632,,,,iusez48f
590227,1.6385129690170288,,,,iusez48f
590244,1.6346275806427002,,,,iusez48f
590261,1.620054006576538,,,,iusez48f
590278,1.6366665363311768,,,,iusez48f
590295,1.6131328344345093,,,,iusez48f
590312,1.625885009765625,,,,iusez48f
590329,1.6232560873031616,,,,iusez48f
590346,1.6531341075897217,,,,iusez48f
590363,1.6004798412322998,,,,iusez48f
590380,1.6186686754226685,,,,iusez48f
590397,1.6248618364334106,,,,iusez48f
590414,1.6364927291870117,,,,iusez48f
590431,1.6194534301757812,,,,iusez48f
590448,1.6360570192337036,,,,iusez48f
590465,1.6315709352493286,,,,iusez48f
590482,1.5988167524337769,,,,iusez48f
590499,1.6419110298156738,,,,iusez48f
590516,1.619349479675293,,,,iusez48f
590533,1.6020814180374146,,,,iusez48f
590550,1.633711338043213,,,,iusez48f
590567,1.6415709257125854,,,,iusez48f
590584,1.625587821006775,,,,iusez48f
590601,1.6425199508666992,,,,iusez48f
590618,1.615400791168213,,,,iusez48f
590635,1.6654465198516846,,,,iusez48f
590652,1.6325739622116089,,,,iusez48f
590669,1.627490520477295,,,,iusez48f
590686,1.6540350914001465,,,,iusez48f
590703,1.6125868558883667,,,,iusez48f
590720,1.618593692779541,,,,iusez48f
590737,1.627352237701416,,,,iusez48f
590754,1.6015626192092896,,,,iusez48f
590771,1.63851797580719,,,,iusez48f
590788,1.6334916353225708,,,,iusez48f
590805,1.6224863529205322,,,,iusez48f
590822,1.6310499906539917,,,,iusez48f
590839,1.6088840961456299,,,,iusez48f
590856,1.6075712442398071,,,,iusez48f
590873,1.6354204416275024,,,,iusez48f
590890,1.6152375936508179,,,,iusez48f
590907,1.6304348707199097,,,,iusez48f
590924,1.6063841581344604,,,,iusez48f
590941,1.6227809190750122,,,,iusez48f
590958,1.6333574056625366,,,,iusez48f
590975,1.639337420463562,,,,iusez48f
590992,1.6350725889205933,,,,iusez48f
591000,1.621196985244751,2.317237615585327,1.6534993648529053,2.429760217666626,iusez48f
591009,1.6540945768356323,,,,iusez48f
591026,1.5992985963821411,,,,iusez48f
591043,1.615204095840454,,,,iusez48f
591060,1.598854899406433,,,,iusez48f
591077,1.6209362745285034,,,,iusez48f
591094,1.5976632833480835,,,,iusez48f
591111,1.5723357200622559,,,,iusez48f
591128,1.5994256734848022,,,,iusez48f
591145,1.6032171249389648,,,,iusez48f
591162,1.6144089698791504,,,,iusez48f
591179,1.6103615760803223,,,,iusez48f
591196,1.6134228706359863,,,,iusez48f
591213,1.6319447755813599,,,,iusez48f
591230,1.6387208700180054,,,,iusez48f
591247,1.625326156616211,,,,iusez48f
591264,1.605554223060608,,,,iusez48f
591281,1.5920768976211548,,,,iusez48f
591298,1.628517985343933,,,,iusez48f
591315,1.6056591272354126,,,,iusez48f
591332,1.618119478225708,,,,iusez48f
591349,1.6354924440383911,,,,iusez48f
591405,1.6523468494415283,,,,zp1dnv7k
591472,1.6011130809783936,,,,zp1dnv7k
591547,1.6242862939834595,,,,zp1dnv7k
591628,1.6233384609222412,,,,zp1dnv7k
591694,1.6399619579315186,,,,zp1dnv7k
591841,1.6407017707824707,,,,zp1dnv7k
591918,1.612796664237976,,,,zp1dnv7k
592000,1.6117944717407227,2.317610502243042,1.6544207334518433,2.43159818649292,zp1dnv7k
592001,1.6329313516616821,,,,zp1dnv7k
592080,1.6486425399780273,,,,zp1dnv7k
592187,1.6631932258605957,,,,zp1dnv7k
592262,1.63284432888031,,,,zp1dnv7k
592322,1.6324416399002075,,,,zp1dnv7k
592392,1.6401768922805786,,,,zp1dnv7k
592482,1.6400090456008911,,,,zp1dnv7k
592547,1.6377758979797363,,,,zp1dnv7k
592652,1.6247947216033936,,,,zp1dnv7k
592750,1.6302441358566284,,,,zp1dnv7k
592822,1.6479711532592773,,,,zp1dnv7k
592901,1.634063482284546,,,,zp1dnv7k
592980,1.603804349899292,,,,zp1dnv7k
593000,,2.31593656539917,1.653714895248413,2.4283130168914795,zp1dnv7k
593056,1.621410608291626,,,,zp1dnv7k
593171,1.6167811155319214,,,,zp1dnv7k
593264,1.5866072177886963,,,,zp1dnv7k
593339,1.6282782554626465,,,,zp1dnv7k
593430,1.6135377883911133,,,,zp1dnv7k
593504,1.6291396617889404,,,,zp1dnv7k
593562,1.6027488708496094,,,,zp1dnv7k
593673,1.639013409614563,,,,zp1dnv7k
593764,1.6290712356567383,,,,zp1dnv7k
593815,1.5880022048950195,,,,zp1dnv7k
593879,1.6413769721984863,,,,zp1dnv7k
593960,1.620201826095581,,,,zp1dnv7k
594000,,2.3149664402008057,1.6594421863555908,2.430833339691162,zp1dnv7k
594042,1.6093308925628662,,,,zp1dnv7k
594128,1.6352447271347046,,,,zp1dnv7k
594193,1.617957592010498,,,,zp1dnv7k
594259,1.5979053974151611,,,,zp1dnv7k
594357,1.6232351064682007,,,,zp1dnv7k
594442,1.6172860860824585,,,,zp1dnv7k
594525,1.622867465019226,,,,zp1dnv7k
594581,1.5892616510391235,,,,zp1dnv7k
594670,1.6103782653808594,,,,zp1dnv7k
594742,1.6174601316452026,,,,zp1dnv7k
594811,1.6164271831512451,,,,zp1dnv7k
594912,1.6141875982284546,,,,zp1dnv7k
595000,,2.3160057067871094,1.6511828899383545,2.4297592639923096,zp1dnv7k
595083,1.6202439069747925,,,,zp1dnv7k
595184,1.6317564249038696,,,,zp1dnv7k
595264,1.5925673246383667,,,,zp1dnv7k
595339,1.620953917503357,,,,zp1dnv7k
595422,1.635787844657898,,,,zp1dnv7k
595516,1.6236878633499146,,,,zp1dnv7k
595606,1.6121159791946411,,,,zp1dnv7k
595738,1.6280362606048584,,,,zp1dnv7k
595840,1.5931353569030762,,,,zp1dnv7k
595898,1.58553147315979,,,,zp1dnv7k
595958,1.5872125625610352,,,,zp1dnv7k
596000,,2.3157546520233154,1.6534254550933838,2.4302761554718018,zp1dnv7k
596030,1.601063847541809,,,,zp1dnv7k
596110,1.6240248680114746,,,,zp1dnv7k
596193,1.6399869918823242,,,,zp1dnv7k
596258,1.6057771444320679,,,,zp1dnv7k
596351,1.6451317071914673,,,,zp1dnv7k
596448,1.5866297483444214,,,,zp1dnv7k
596578,1.6199383735656738,,,,zp1dnv7k
596674,1.6142055988311768,,,,zp1dnv7k
596759,1.6126346588134766,,,,zp1dnv7k
596849,1.6073212623596191,,,,zp1dnv7k
596921,1.5945930480957031,,,,zp1dnv7k
596979,1.6310003995895386,,,,zp1dnv7k
597000,,2.315244674682617,1.6695170402526855,2.428182363510132,zp1dnv7k
597054,1.621169090270996,,,,zp1dnv7k
597116,1.6210298538208008,,,,zp1dnv7k
597202,1.61228346824646,,,,zp1dnv7k
597276,1.614550232887268,,,,zp1dnv7k
597356,1.589064121246338,,,,zp1dnv7k
597436,1.6023668050765991,,,,zp1dnv7k
597525,1.6067262887954712,,,,zp1dnv7k
597571,1.621195912361145,,,,zp1dnv7k
597717,1.6467454433441162,,,,zp1dnv7k
597800,1.6115211248397827,,,,zp1dnv7k
597862,1.5936250686645508,,,,zp1dnv7k
597933,1.6132982969284058,,,,zp1dnv7k
598000,,2.3154168128967285,1.6466189622879028,2.4281954765319824,zp1dnv7k
598012,1.6039777994155884,,,,zp1dnv7k
598054,1.6328068971633911,,,,zp1dnv7k
598092,1.6116101741790771,,,,zp1dnv7k
598131,1.5981229543685913,,,,ron11u1m
598166,1.6496176719665527,,,,zp1dnv7k
598204,1.6080154180526733,,,,ron11u1m
598262,1.6320915222167969,,,,ron11u1m
598305,1.6330989599227905,,,,zp1dnv7k
598353,1.6252819299697876,,,,ron11u1m
598406,1.642086148262024,,,,ron11u1m
598461,1.621559739112854,,,,zp1dnv7k
598509,1.6389232873916626,,,,zp1dnv7k
598550,1.606897234916687,,,,zp1dnv7k
598610,1.6099070310592651,,,,zp1dnv7k
598644,1.6245476007461548,,,,ron11u1m
598734,1.654964804649353,,,,ron11u1m
598847,1.6228967905044556,,,,ron11u1m
598931,1.6000618934631348,,,,ron11u1m
599000,,2.312242269515991,1.6503596305847168,2.423983335494995,ron11u1m
599027,1.6079705953598022,,,,ron11u1m
599132,1.6210826635360718,,,,ron11u1m
599214,1.6297062635421753,,,,ron11u1m
599371,1.6260863542556763,,,,ron11u1m
599458,1.650430679321289,,,,ron11u1m
599564,1.5923491716384888,,,,ron11u1m
599653,1.613974928855896,,,,ron11u1m
599732,1.635360836982727,,,,ron11u1m
599858,1.6233583688735962,,,,ron11u1m
599957,1.6265875101089478,,,,ron11u1m
600000,,2.31302809715271,1.651063323020935,2.424691915512085,ron11u1m
600029,1.6067129373550415,,,,ron11u1m
600137,1.6359916925430298,,,,ron11u1m
600225,1.6373955011367798,,,,ron11u1m
600376,1.6350804567337036,,,,ron11u1m
600460,1.596733808517456,,,,ron11u1m
600521,1.5850353240966797,,,,ron11u1m
600621,1.5932692289352417,,,,ron11u1m
600738,1.622201681137085,,,,ron11u1m
600818,1.6279683113098145,,,,ron11u1m
600885,1.5936527252197266,,,,ron11u1m
601000,,2.3137357234954834,1.6591302156448364,2.4264562129974365,ron11u1m
601046,1.6184717416763306,,,,ron11u1m
601154,1.6070821285247803,,,,ron11u1m
601255,1.617863416671753,,,,ron11u1m
601341,1.6312352418899536,,,,ron11u1m
601461,1.6372251510620117,,,,ron11u1m
601610,1.6218719482421875,,,,ron11u1m
601707,1.6344317197799683,,,,ron11u1m
601830,1.6237109899520874,,,,ron11u1m
601915,1.578913927078247,,,,ron11u1m
602000,,2.314584493637085,1.6503061056137085,2.4260571002960205,ron11u1m
602024,1.630751132965088,,,,ron11u1m
602156,1.6161044836044312,,,,ron11u1m
602252,1.6143196821212769,,,,ron11u1m
602391,1.5871130228042603,,,,ron11u1m
602517,1.6188074350357056,,,,ron11u1m
602586,1.6015801429748535,,,,ron11u1m
602683,1.5982582569122314,,,,ron11u1m
602806,1.5965083837509155,,,,ron11u1m
602870,1.6268311738967896,,,,ron11u1m
602962,1.5952115058898926,,,,ron11u1m
603000,,2.3138668537139893,1.6508705615997314,2.426384687423706,ron11u1m
603063,1.6346027851104736,,,,ron11u1m
603230,1.597650408744812,,,,ron11u1m
603334,1.613903522491455,,,,ron11u1m
603451,1.5901085138320923,,,,ron11u1m
603555,1.605135440826416,,,,ron11u1m
603629,1.6289548873901367,,,,ron11u1m
603715,1.6290494203567505,,,,ron11u1m
603806,1.6339691877365112,,,,ron11u1m
603906,1.6267012357711792,,,,ron11u1m
604000,,2.312645673751831,1.6687003374099731,2.4250833988189697,ron11u1m
604004,1.603407621383667,,,,ron11u1m
604098,1.6271238327026367,,,,ron11u1m
604193,1.6055643558502197,,,,ron11u1m
604305,1.614733099937439,,,,ron11u1m
604449,1.6073658466339111,,,,ron11u1m
604525,1.6107581853866577,,,,ron11u1m
604633,1.609585165977478,,,,ron11u1m
604740,1.5978904962539673,,,,ron11u1m
604812,1.6268965005874634,,,,ron11u1m
604910,1.6170024871826172,,,,ron11u1m
605000,,2.3129773139953613,1.645180583000183,2.4267501831054688,ron11u1m
605022,1.6079943180084229,,,,ron11u1m
605124,1.5962536334991455,,,,ron11u1m
605223,1.602973461151123,,,,ron11u1m
605312,1.6245704889297485,,,,ron11u1m
605442,1.669305443763733,,,,ron11u1m
605531,1.6341737508773804,,,,ron11u1m
605598,1.622875452041626,,,,ron11u1m
605678,1.5732911825180054,,,,ron11u1m
605795,1.6096056699752808,,,,ron11u1m
605922,1.616237759590149,,,,ron11u1m
605995,1.5901424884796143,,,,ron11u1m
606000,,2.3115642070770264,1.649568796157837,2.4300856590270996,ron11u1m
606118,1.6267218589782715,,,,ron11u1m
606257,1.6215623617172241,,,,ron11u1m
606376,1.6689587831497192,,,,ron11u1m
606453,1.6228493452072144,,,,ron11u1m
606551,1.6231403350830078,,,,ron11u1m
606666,1.6548922061920166,,,,ron11u1m
606752,1.6053721904754639,,,,ron11u1m
606806,1.6176210641860962,,,,ron11u1m
606893,1.62179434299469,,,,ron11u1m
606971,1.6143583059310913,,,,ron11u1m
607378,1.6399177312850952,,,,0ttgnsmq
608000,,2.3118975162506104,1.648240566253662,2.4259588718414307,0ttgnsmq
608454,1.6265790462493896,,,,0ttgnsmq
609000,,2.310847043991089,1.651187777519226,2.4256579875946045,0ttgnsmq
609216,1.6179300546646118,,,,0ttgnsmq
610000,,2.310972213745117,1.6555293798446655,2.4258716106414795,0ttgnsmq
610123,1.634466528892517,,,,0ttgnsmq
610926,1.6272526979446411,,,,0ttgnsmq
611000,,2.3121085166931152,1.6474888324737549,2.425062417984009,0ttgnsmq
611910,1.6024785041809082,,,,0ttgnsmq
612000,,2.3108410835266113,1.648734450340271,2.4257638454437256,0ttgnsmq
612979,1.5960463285446167,,,,0ttgnsmq
613000,,2.311673402786255,1.6681396961212158,2.424955129623413,0ttgnsmq
613815,1.598794937133789,,,,0ttgnsmq
614000,,2.3107495307922363,1.6446008682250977,2.4258646965026855,0ttgnsmq
614731,1.6041581630706787,,,,0ttgnsmq
615000,,2.309616804122925,1.6496400833129883,2.4292571544647217,0ttgnsmq
615567,1.6289342641830444,,,,0ttgnsmq
616000,,2.313420534133911,1.6494475603103638,2.4264142513275146,0ttgnsmq
616045,1.5977071523666382,,,,0ttgnsmq
616942,1.609764575958252,,,,0ttgnsmq
617000,,2.3084018230438232,1.6477848291397095,2.4241104125976562,0ttgnsmq
617818,1.6171588897705078,,,,0ttgnsmq
618000,,2.3064754009246826,1.6468946933746338,2.422146797180176,0ttgnsmq
618396,1.6119636297225952,,,,0ttgnsmq
619000,,2.306173801422119,1.6477622985839844,2.423112630844116,0ttgnsmq
619877,1.603273868560791,,,,0ttgnsmq
620000,1.6267095804214478,2.3072214126586914,1.6470534801483154,2.4240963459014893,0ttgnsmq
620841,1.5786634683609009,,,,0ttgnsmq
621000,,2.30938720703125,1.643725872039795,2.4204142093658447,0ttgnsmq
621268,1.5933533906936646,,,,0ttgnsmq
622000,,2.3053524494171143,1.6443623304367065,2.4191322326660156,0ttgnsmq
622388,1.6330722570419312,,,,0ttgnsmq
623000,,2.306572437286377,1.6463549137115479,2.4189612865448,0ttgnsmq
623151,1.6334822177886963,,,,0ttgnsmq
623938,1.6170709133148193,,,,0ttgnsmq
624000,,2.3080413341522217,1.6506236791610718,2.4202933311462402,0ttgnsmq
624800,1.5927801132202148,,,,0ttgnsmq
625000,,2.306941032409668,1.646359920501709,2.4209115505218506,0ttgnsmq
625533,1.598565936088562,,,,0ttgnsmq
626000,,2.3076882362365723,1.664204478263855,2.420384407043457,0ttgnsmq
626246,1.607738971710205,,,,0ttgnsmq
627000,,2.3058342933654785,1.6471590995788574,2.419006109237671,0ttgnsmq
627228,1.6143633127212524,,,,0ttgnsmq
627875,1.6260474920272827,,,,0ttgnsmq
628000,,2.306525707244873,1.6473852396011353,2.4199962615966797,0ttgnsmq
628434,1.578658103942871,,,,0ttgnsmq
629000,,2.307643175125122,1.6450926065444946,2.4202518463134766,0ttgnsmq
629640,1.6372073888778687,,,,0ttgnsmq
630000,,2.305349588394165,1.6448746919631958,2.4242002964019775,0ttgnsmq
630548,1.608492374420166,,,,0ttgnsmq
631000,,2.308450222015381,1.6459283828735352,2.4174280166625977,0ttgnsmq
631296,1.5778535604476929,,,,0ttgnsmq
632000,,2.306889772415161,1.6454378366470337,2.4232847690582275,0ttgnsmq
632192,1.590382695198059,,,,0ttgnsmq
633000,,2.304669141769409,1.646052598953247,2.4219582080841064,0ttgnsmq
633013,1.594449758529663,,,,0ttgnsmq
633858,1.58089017868042,,,,0ttgnsmq
634000,,2.3057949542999268,1.6453765630722046,2.420689582824707,0ttgnsmq
634388,1.5956429243087769,,,,0ttgnsmq
635000,,2.305103063583374,1.6440625190734863,2.4148216247558594,0ttgnsmq
635256,1.6151907444000244,,,,0ttgnsmq
636000,,2.3063671588897705,1.644073486328125,2.4202466011047363,0ttgnsmq
636005,1.6244127750396729,,,,0ttgnsmq
637000,,2.304485559463501,1.6434441804885864,2.4205050468444824,0ttgnsmq
637109,1.612282156944275,,,,0ttgnsmq
637769,1.5734601020812988,,,,0ttgnsmq
638000,,2.3025059700012207,1.6435459852218628,2.4189157485961914,0ttgnsmq
638362,1.6033921241760254,,,,0ttgnsmq
638848,1.6271367073059082,,,,0ttgnsmq
639000,,2.3034820556640625,1.6446173191070557,2.422569990158081,0ttgnsmq
639630,1.617352843284607,,,,0ttgnsmq
640000,,2.3062350749969482,1.6448973417282104,2.415717124938965,0ttgnsmq
640215,1.5865901708602905,,,,0ttgnsmq
641000,,2.3025920391082764,1.6394444704055786,2.4189655780792236,0ttgnsmq
641125,1.565294623374939,,,,0ttgnsmq
641917,1.5825129747390747,,,,0ttgnsmq
642000,,2.3144540786743164,1.6425918340682983,2.419389247894287,0ttgnsmq
642869,1.578550934791565,,,,0ttgnsmq
643000,,2.3053691387176514,1.6467548608779907,2.419990062713623,0ttgnsmq
643597,1.5904148817062378,,,,0ttgnsmq
644000,1.6167030334472656,2.3028581142425537,1.6413830518722534,2.4196133613586426,0ttgnsmq
644611,1.6202210187911987,,,,0ttgnsmq
645000,,2.3042380809783936,1.6403498649597168,2.417818069458008,0ttgnsmq
645449,1.6205124855041504,,,,0ttgnsmq
646000,,2.302198886871338,1.6419568061828613,2.4173998832702637,0ttgnsmq
646299,1.5870810747146606,,,,0ttgnsmq
647000,,2.3034825325012207,1.6405454874038696,2.418248176574707,0ttgnsmq
647015,1.6097215414047241,,,,0ttgnsmq
647889,1.568764090538025,,,,0ttgnsmq
648000,,2.3007044792175293,1.6424140930175781,2.4175379276275635,0ttgnsmq
648815,1.5933599472045898,,,,0ttgnsmq
649000,,2.2990708351135254,1.6443150043487549,2.416843891143799,0ttgnsmq
649793,1.577083945274353,,,,0ttgnsmq
650000,,2.302410840988159,1.6424140930175781,2.4185054302215576,0ttgnsmq
650505,1.6070995330810547,,,,0ttgnsmq
651000,,2.3025755882263184,1.6431883573532104,2.4169423580169678,0ttgnsmq
651057,1.582883358001709,,,,0ttgnsmq
652000,,2.3007822036743164,1.6716251373291016,2.4173707962036133,0ttgnsmq
652872,1.6093173027038574,,,,0ttgnsmq
653000,,2.305516242980957,1.6464662551879883,2.4176998138427734,0ttgnsmq
653536,1.603072166442871,,,,0ttgnsmq
654000,,2.2999186515808105,1.6399232149124146,2.4231770038604736,0ttgnsmq
654155,1.611716389656067,,,,0ttgnsmq
655000,,2.3112456798553467,1.6434755325317383,2.4146616458892822,0ttgnsmq
655470,1.567855715751648,,,,0ttgnsmq
656000,,2.3010201454162598,1.6407101154327393,2.414273262023926,0ttgnsmq
656281,1.6002774238586426,,,,0ttgnsmq
657000,,2.3003571033477783,1.639599084854126,2.413102865219116,0ttgnsmq
657053,1.568723201751709,,,,0ttgnsmq
657682,1.6071751117706299,,,,0ttgnsmq
658000,,2.3000802993774414,1.6389119625091553,2.4156672954559326,0ttgnsmq
658236,1.6143380403518677,,,,0ttgnsmq
659000,,2.3008065223693848,1.643989086151123,2.416165351867676,0ttgnsmq
659447,1.5697866678237915,,,,0ttgnsmq
660000,,2.3001129627227783,1.6408230066299438,2.416614532470703,0ttgnsmq
660272,1.5870906114578247,,,,0ttgnsmq
660769,1.5970557928085327,,,,0ttgnsmq
661000,,2.302241563796997,1.6419633626937866,2.415916681289673,0ttgnsmq
661305,1.6100038290023804,,,,0ttgnsmq
662000,,2.300440788269043,1.639704704284668,2.4145400524139404,0ttgnsmq
662128,1.562446117401123,,,,0ttgnsmq
662798,1.5658555030822754,,,,0ttgnsmq
663000,,2.298784017562866,1.6389914751052856,2.4132113456726074,0ttgnsmq
663653,1.6042444705963135,,,,0ttgnsmq
664000,,2.3001275062561035,1.6386998891830444,2.413727283477783,0ttgnsmq
664452,1.576824426651001,,,,0ttgnsmq
665000,,2.2981202602386475,1.639299750328064,2.415900230407715,0ttgnsmq
665125,1.5872917175292969,,,,0ttgnsmq
665993,1.5793124437332153,,,,0ttgnsmq
666000,1.6049787998199463,2.30391001701355,1.6389899253845215,2.4160826206207275,0ttgnsmq
666571,1.6027008295059204,,,,0ttgnsmq
667000,,2.302177906036377,1.6378564834594727,2.416705846786499,0ttgnsmq
667125,1.6005947589874268,,,,0ttgnsmq
667826,1.5851939916610718,,,,0ttgnsmq
668000,,2.302621603012085,1.6366896629333496,2.4171745777130127,0ttgnsmq
668483,1.5616607666015625,,,,0ttgnsmq
669000,,2.3007712364196777,1.636510968208313,2.4183120727539062,0ttgnsmq
669032,1.6025991439819336,,,,0ttgnsmq
669803,1.5535047054290771,,,,0ttgnsmq
670000,,2.3007090091705322,1.6423943042755127,2.417628288269043,0ttgnsmq
670565,1.587342619895935,,,,0ttgnsmq
671000,,2.303490400314331,1.6368329524993896,2.417172431945801,0ttgnsmq
671007,1.5917872190475464,,,,0ttgnsmq
671898,1.5993268489837646,,,,0ttgnsmq
672000,,2.300091505050659,1.6379165649414062,2.414677381515503,0ttgnsmq
672509,1.5889543294906616,,,,0ttgnsmq
673000,,2.3071556091308594,1.638410210609436,2.4187328815460205,0ttgnsmq
673449,1.5997766256332397,,,,0ttgnsmq
674000,,2.3011326789855957,1.6372289657592773,2.4157562255859375,0ttgnsmq
674158,1.5799204111099243,,,,0ttgnsmq
675000,,2.3010189533233643,1.6361900568008423,2.4173872470855713,0ttgnsmq
676000,,2.301175594329834,1.635915994644165,2.415679454803467,0ttgnsmq
676073,1.559570550918579,,,,0ttgnsmq
676737,1.5627589225769043,,,,0ttgnsmq
677000,,2.29906964302063,1.6442896127700806,2.4123756885528564,0ttgnsmq
677379,1.6110491752624512,,,,0ttgnsmq
678000,,2.3012166023254395,1.6385549306869507,2.414461851119995,0ttgnsmq
678390,1.6085320711135864,,,,0ttgnsmq
678973,1.6062856912612915,,,,0ttgnsmq
