_step,train/CE loss,_segment
2,1.497747540473938,0gquyaos
2,1.5552376508712769,ufsc2yts
19,1.238054633140564,0gquyaos
19,1.3223254680633545,ufsc2yts
31,1.2127323150634766,0gquyaos
31,1.1941732168197632,ufsc2yts
56,1.2674016952514648,0gquyaos
56,1.2270337343215942,ufsc2yts
61,1.2215739488601685,0gquyaos
61,1.1946030855178833,ufsc2yts
63,1.2403302192687988,0gquyaos
63,1.2093169689178467,ufsc2yts
74,1.1956628561019897,0gquyaos
74,1.2186758518218994,ufsc2yts
117,1.1868696212768555,0gquyaos
117,1.1893237829208374,ufsc2yts
130,1.209565281867981,0gquyaos
130,1.2343629598617554,ufsc2yts
182,1.2955105304718018,0gquyaos
182,1.2365845441818237,ufsc2yts
184,1.2428299188613892,0gquyaos
184,1.2528573274612427,ufsc2yts
185,1.1996984481811523,0gquyaos
185,1.1922390460968018,ufsc2yts
189,1.2986396551132202,0gquyaos
189,1.196792721748352,ufsc2yts
200,1.2291131019592285,0gquyaos
200,1.2328135967254639,ufsc2yts
224,1.2151803970336914,0gquyaos
224,1.2101963758468628,ufsc2yts
228,1.1796343326568604,0gquyaos
228,1.2212074995040894,ufsc2yts
270,1.254854679107666,0gquyaos
270,1.190635323524475,ufsc2yts
274,1.1821057796478271,0gquyaos
274,1.214905023574829,ufsc2yts
280,1.1886780261993408,0gquyaos
280,1.1590536832809448,ufsc2yts
284,1.1910337209701538,0gquyaos
284,1.2182412147521973,ufsc2yts
291,1.20691978931427,0gquyaos
291,1.2509126663208008,ufsc2yts
314,1.1980187892913818,0gquyaos
314,1.2017796039581299,ufsc2yts
322,1.1799516677856445,0gquyaos
322,1.1895407438278198,ufsc2yts
323,1.237256646156311,0gquyaos
323,1.1916592121124268,ufsc2yts
332,1.2269917726516724,0gquyaos
332,1.1947448253631592,ufsc2yts
344,1.1739603281021118,0gquyaos
344,1.2117704153060913,ufsc2yts
353,1.2318323850631714,0gquyaos
353,1.2002371549606323,ufsc2yts
361,1.2455759048461914,0gquyaos
361,1.203928828239441,ufsc2yts
371,1.1822174787521362,0gquyaos
371,1.1894110441207886,ufsc2yts
378,1.1928832530975342,0gquyaos
378,1.1938672065734863,ufsc2yts
397,1.2032506465911865,0gquyaos
397,1.1981866359710693,ufsc2yts
425,1.203240990638733,0gquyaos
425,1.1818174123764038,ufsc2yts
445,1.2199516296386719,0gquyaos
445,1.2163089513778687,ufsc2yts
446,1.2703900337219238,0gquyaos
446,1.252077341079712,ufsc2yts
469,1.2191962003707886,0gquyaos
469,1.208023190498352,ufsc2yts
480,1.2842670679092407,0gquyaos
480,1.19475257396698,ufsc2yts
519,1.2556918859481812,0gquyaos
519,1.205718994140625,ufsc2yts
524,1.1798732280731201,0gquyaos
524,1.1962076425552368,ufsc2yts
565,1.2425733804702759,0gquyaos
565,1.1724027395248413,ufsc2yts
571,1.2436423301696777,0gquyaos
571,1.1712521314620972,ufsc2yts
612,1.2078760862350464,0gquyaos
612,1.2224899530410767,ufsc2yts
614,1.1795982122421265,0gquyaos
614,1.2060010433197021,ufsc2yts
638,1.191357135772705,0gquyaos
638,1.2619596719741821,ufsc2yts
643,1.219215750694275,0gquyaos
643,1.2781143188476562,ufsc2yts
650,1.1693224906921387,0gquyaos
650,1.2196985483169556,ufsc2yts
654,1.2062273025512695,0gquyaos
654,1.2317389249801636,ufsc2yts
681,1.18145751953125,0gquyaos
681,1.213145136833191,ufsc2yts
699,1.19951593875885,0gquyaos
699,1.252936840057373,ufsc2yts
708,1.2459547519683838,0gquyaos
708,1.202085256576538,ufsc2yts
734,1.239815592765808,0gquyaos
734,1.2308011054992676,ufsc2yts
839,1.166449785232544,0gquyaos
839,1.2694119215011597,ufsc2yts
841,1.2522319555282593,0gquyaos
841,1.2117259502410889,ufsc2yts
868,1.2468338012695312,0gquyaos
868,1.180302619934082,ufsc2yts
877,1.230785608291626,0gquyaos
877,1.2397469282150269,ufsc2yts
884,1.22830331325531,0gquyaos
884,1.1901031732559204,ufsc2yts
885,1.1962378025054932,0gquyaos
885,1.2010623216629028,ufsc2yts
905,1.247456669807434,0gquyaos
905,1.2007520198822021,ufsc2yts
910,1.2048543691635132,0gquyaos
910,1.23783278465271,ufsc2yts
912,1.2292039394378662,0gquyaos
912,1.2126179933547974,ufsc2yts
928,1.2207934856414795,0gquyaos
928,1.2229337692260742,ufsc2yts
940,1.1969338655471802,0gquyaos
940,1.2255111932754517,ufsc2yts
1037,1.2074724435806274,0gquyaos
1037,1.2307683229446411,ufsc2yts
1049,1.2185834646224976,0gquyaos
1049,1.1630924940109253,ufsc2yts
1056,1.1955721378326416,0gquyaos
1056,1.2153303623199463,ufsc2yts
1068,1.183579444885254,0gquyaos
1068,1.1904124021530151,ufsc2yts
1073,1.1876553297042847,0gquyaos
1073,1.2513542175292969,ufsc2yts
1084,1.2424602508544922,0gquyaos
1084,1.1484425067901611,ufsc2yts
1101,1.1952382326126099,0gquyaos
1101,1.2558567523956299,ufsc2yts
1130,1.1958554983139038,0gquyaos
1130,1.193403720855713,ufsc2yts
1134,1.218924641609192,0gquyaos
1134,1.2294056415557861,ufsc2yts
1151,1.184163212776184,0gquyaos
1151,1.2011607885360718,ufsc2yts
1153,1.1635884046554565,0gquyaos
1153,1.1876370906829834,ufsc2yts
1155,1.2540209293365479,0gquyaos
1155,1.2057652473449707,ufsc2yts
1165,1.272603988647461,0gquyaos
1165,1.205933928489685,ufsc2yts
1171,1.221531867980957,0gquyaos
1171,1.234067440032959,ufsc2yts
1210,1.2330502271652222,0gquyaos
1210,1.2146426439285278,ufsc2yts
1213,1.1993485689163208,0gquyaos
1213,1.2146540880203247,ufsc2yts
1264,1.224979043006897,0gquyaos
1264,1.2569350004196167,ufsc2yts
1266,1.2272752523422241,0gquyaos
1266,1.2496869564056396,ufsc2yts
1371,1.1127177476882935,0gquyaos
1371,1.1948997974395752,ufsc2yts
1372,1.2315748929977417,0gquyaos
1372,1.1559242010116577,ufsc2yts
1382,1.2087976932525635,0gquyaos
1382,1.2088325023651123,ufsc2yts
1400,1.2508670091629028,0gquyaos
1400,1.2032619714736938,ufsc2yts
1413,1.214800238609314,0gquyaos
1413,1.1874058246612549,ufsc2yts
1426,1.1817454099655151,0gquyaos
1426,1.1798763275146484,ufsc2yts
1433,1.2293938398361206,0gquyaos
1433,1.2405821084976196,ufsc2yts
1447,1.219416618347168,0gquyaos
1447,1.2442764043807983,ufsc2yts
1454,1.2094240188598633,0gquyaos
1454,1.2513306140899658,ufsc2yts
1458,1.2287970781326294,0gquyaos
1458,1.162103295326233,ufsc2yts
1491,1.2222208976745605,0gquyaos
1491,1.2528067827224731,ufsc2yts
1505,1.2396373748779297,0gquyaos
1505,1.1983225345611572,ufsc2yts
1531,1.1691322326660156,0gquyaos
1531,1.199301838874817,ufsc2yts
1532,1.2243621349334717,0gquyaos
1532,1.2039783000946045,ufsc2yts
1533,1.1684715747833252,0gquyaos
1533,1.1847563982009888,ufsc2yts
1548,1.223380208015442,0gquyaos
1548,1.2581653594970703,ufsc2yts
1578,1.2218931913375854,0gquyaos
1578,1.178873062133789,ufsc2yts
1588,1.2128336429595947,0gquyaos
1588,1.1903940439224243,ufsc2yts
1624,1.1501177549362183,0gquyaos
1624,1.1972284317016602,ufsc2yts
1653,1.2417150735855103,0gquyaos
1653,1.2172040939331055,ufsc2yts
1669,1.1701136827468872,0gquyaos
1669,1.1973685026168823,ufsc2yts
1681,1.1471269130706787,0gquyaos
1681,1.2384603023529053,ufsc2yts
1685,1.1903786659240723,0gquyaos
1685,1.193379282951355,ufsc2yts
1694,1.188393235206604,0gquyaos
1694,1.2502541542053223,ufsc2yts
1697,1.2726675271987915,0gquyaos
1697,1.227892518043518,ufsc2yts
1702,1.1930650472640991,0gquyaos
1702,1.200974702835083,ufsc2yts
1710,1.2293506860733032,0gquyaos
1710,1.1922858953475952,ufsc2yts
1725,1.1951184272766113,0gquyaos
1725,1.2142637968063354,ufsc2yts
1738,1.205091118812561,0gquyaos
1738,1.2047861814498901,ufsc2yts
1741,1.1743911504745483,0gquyaos
1741,1.213638186454773,ufsc2yts
1770,1.2131397724151611,0gquyaos
1770,1.1666795015335083,ufsc2yts
1844,1.2229852676391602,0gquyaos
1844,1.2215075492858887,ufsc2yts
1858,1.2128158807754517,0gquyaos
1858,1.1842278242111206,ufsc2yts
1860,1.182578682899475,0gquyaos
1860,1.188949704170227,ufsc2yts
1875,1.219852089881897,0gquyaos
1875,1.1857472658157349,ufsc2yts
1904,1.2512521743774414,0gquyaos
1904,1.220442295074463,ufsc2yts
1910,1.2213704586029053,0gquyaos
1910,1.2358471155166626,ufsc2yts
1914,1.197901964187622,0gquyaos
1914,1.1551631689071655,ufsc2yts
1917,1.2176638841629028,0gquyaos
1917,1.1978638172149658,ufsc2yts
1945,1.2317878007888794,0gquyaos
1945,1.2021570205688477,ufsc2yts
1957,1.2232320308685303,0gquyaos
1957,1.2460216283798218,ufsc2yts
1961,1.2067136764526367,0gquyaos
1961,1.2216445207595825,ufsc2yts
1969,1.1543904542922974,0gquyaos
1969,1.2180731296539307,ufsc2yts
1995,1.2279958724975586,0gquyaos
1995,1.2066057920455933,ufsc2yts
2002,1.1706382036209106,0gquyaos
2002,1.1968321800231934,ufsc2yts
2009,1.1716821193695068,0gquyaos
2009,1.2308399677276611,ufsc2yts
2035,1.2348289489746094,0gquyaos
2035,1.1832839250564575,ufsc2yts
2057,1.241787075996399,0gquyaos
2057,1.1787543296813965,ufsc2yts
2073,1.2231945991516113,0gquyaos
2073,1.2040079832077026,ufsc2yts
2084,1.2062324285507202,0gquyaos
2084,1.1367076635360718,ufsc2yts
2127,1.1756469011306763,0gquyaos
2127,1.226163387298584,ufsc2yts
2133,1.2340607643127441,0gquyaos
2133,1.1617134809494019,ufsc2yts
2138,1.2620019912719727,0gquyaos
2138,1.251554250717163,ufsc2yts
2141,1.216077446937561,0gquyaos
2141,1.2003321647644043,ufsc2yts
2184,1.2368881702423096,0gquyaos
2184,1.2322989702224731,ufsc2yts
2191,1.2144850492477417,0gquyaos
2191,1.2566325664520264,ufsc2yts
2199,1.1525057554244995,0gquyaos
2199,1.18289315700531,ufsc2yts
2202,1.177240252494812,0gquyaos
2202,1.203904628753662,ufsc2yts
2210,1.243077039718628,0gquyaos
2210,1.22372305393219,ufsc2yts
2216,1.236849069595337,0gquyaos
2216,1.1909571886062622,ufsc2yts
2246,1.2168534994125366,0gquyaos
2246,1.170767068862915,ufsc2yts
2261,1.2615829706192017,0gquyaos
2261,1.2152273654937744,ufsc2yts
2267,1.1825796365737915,0gquyaos
2267,1.240920066833496,ufsc2yts
2272,1.191931962966919,0gquyaos
2272,1.1850214004516602,ufsc2yts
2315,1.2197065353393555,0gquyaos
2315,1.1632490158081055,ufsc2yts
2339,1.2183396816253662,0gquyaos
2339,1.206954836845398,ufsc2yts
2375,1.2179468870162964,0gquyaos
2375,1.1617285013198853,ufsc2yts
2378,1.1396843194961548,0gquyaos
2378,1.2381582260131836,ufsc2yts
2385,1.1794439554214478,0gquyaos
2385,1.2409204244613647,ufsc2yts
2389,1.2370566129684448,0gquyaos
2389,1.1528172492980957,ufsc2yts
2405,1.2073369026184082,0gquyaos
2405,1.1857547760009766,ufsc2yts
2407,1.2360457181930542,0gquyaos
2407,1.2320979833602905,ufsc2yts
2414,1.2567112445831299,0gquyaos
2414,1.179791808128357,ufsc2yts
2418,1.157210111618042,0gquyaos
2418,1.191717267036438,ufsc2yts
2446,1.2290312051773071,0gquyaos
2446,1.1714119911193848,ufsc2yts
2453,1.2340586185455322,0gquyaos
2453,1.2562196254730225,ufsc2yts
2458,1.2222055196762085,0gquyaos
2458,1.2435156106948853,ufsc2yts
2460,1.2136462926864624,0gquyaos
2460,1.2103545665740967,ufsc2yts
2462,1.1793748140335083,0gquyaos
2462,1.1805951595306396,ufsc2yts
2465,1.1752012968063354,0gquyaos
2465,1.19399893283844,ufsc2yts
2478,1.1575074195861816,0gquyaos
2478,1.2604405879974365,ufsc2yts
2501,1.1721104383468628,0gquyaos
2501,1.1859899759292603,ufsc2yts
2555,1.2004857063293457,0gquyaos
2555,1.2048332691192627,ufsc2yts
2581,1.151975154876709,0gquyaos
2581,1.2337753772735596,ufsc2yts
2589,1.2195088863372803,0gquyaos
2589,1.2185019254684448,ufsc2yts
2607,1.2405520677566528,0gquyaos
2607,1.2385637760162354,ufsc2yts
2635,1.1837663650512695,0gquyaos
2635,1.1581133604049683,ufsc2yts
2655,1.2672287225723267,0gquyaos
2655,1.185838222503662,ufsc2yts
2723,1.2430660724639893,0gquyaos
2723,1.249329924583435,ufsc2yts
2725,1.2176681756973267,0gquyaos
2725,1.1961448192596436,ufsc2yts
2749,1.2130601406097412,0gquyaos
2749,1.1701432466506958,ufsc2yts
2756,1.2121189832687378,0gquyaos
2756,1.204397439956665,ufsc2yts
2767,1.2036489248275757,0gquyaos
2767,1.2464221715927124,ufsc2yts
2779,1.1819218397140503,0gquyaos
2779,1.09992253780365,ufsc2yts
2786,1.208720088005066,0gquyaos
2786,1.1889431476593018,ufsc2yts
2788,1.2276898622512817,0gquyaos
2788,1.211521863937378,ufsc2yts
2859,1.2072529792785645,0gquyaos
2859,1.1875295639038086,ufsc2yts
2864,1.1982601881027222,0gquyaos
2864,1.1856358051300049,ufsc2yts
2909,1.2385824918746948,0gquyaos
2909,1.186269998550415,ufsc2yts
2976,1.228665828704834,0gquyaos
2976,1.2256823778152466,ufsc2yts
2985,1.2008193731307983,0gquyaos
2985,1.1885786056518555,ufsc2yts
3007,1.2475301027297974,0gquyaos
3007,1.193555474281311,ufsc2yts
3077,1.197619915008545,0gquyaos
3077,1.1854522228240967,ufsc2yts
3092,1.212247371673584,0gquyaos
3092,1.1784895658493042,ufsc2yts
3093,1.2245107889175415,0gquyaos
3093,1.1723257303237915,ufsc2yts
3123,1.1817559003829956,0gquyaos
3123,1.2192593812942505,ufsc2yts
3181,1.1869062185287476,0gquyaos
3181,1.212233543395996,ufsc2yts
3189,1.1704092025756836,0gquyaos
3189,1.2146706581115723,ufsc2yts
3199,1.2338534593582153,0gquyaos
3199,1.2594391107559204,ufsc2yts
3201,1.2086009979248047,0gquyaos
3201,1.21491277217865,ufsc2yts
3255,1.1691083908081055,0gquyaos
3255,1.196926236152649,ufsc2yts
3272,1.1905320882797241,0gquyaos
3272,1.2137655019760132,ufsc2yts
3294,1.2061188220977783,0gquyaos
3294,1.1658687591552734,ufsc2yts
3299,1.1878916025161743,0gquyaos
3299,1.1602838039398193,ufsc2yts
3318,1.2260587215423584,0gquyaos
3318,1.2146658897399902,ufsc2yts
3321,1.173343300819397,0gquyaos
3321,1.2486668825149536,ufsc2yts
3333,1.2118810415267944,0gquyaos
3333,1.2398107051849365,ufsc2yts
3336,1.2073712348937988,0gquyaos
3336,1.1930196285247803,ufsc2yts
3373,1.1719790697097778,0gquyaos
3373,1.194103479385376,ufsc2yts
3374,1.1927597522735596,0gquyaos
3374,1.1696311235427856,ufsc2yts
3399,1.2186115980148315,0gquyaos
3399,1.273428201675415,ufsc2yts
3425,1.1583675146102905,0gquyaos
3425,1.2353544235229492,ufsc2yts
3426,1.2050966024398804,0gquyaos
3426,1.1313098669052124,ufsc2yts
3440,1.173577904701233,0gquyaos
3440,1.2315089702606201,ufsc2yts
3442,1.2087295055389404,0gquyaos
3442,1.2125874757766724,ufsc2yts
3448,1.2256267070770264,0gquyaos
3448,1.1710904836654663,ufsc2yts
3506,1.212129831314087,0gquyaos
3506,1.1997123956680298,ufsc2yts
3559,1.1854609251022339,0gquyaos
3559,1.2002073526382446,ufsc2yts
3562,1.197239637374878,0gquyaos
3562,1.2131255865097046,ufsc2yts
3574,1.2261897325515747,0gquyaos
3574,1.1825886964797974,ufsc2yts
3610,1.1900203227996826,0gquyaos
3610,1.1689136028289795,ufsc2yts
3611,1.1906089782714844,0gquyaos
3611,1.1582367420196533,ufsc2yts
3628,1.2494983673095703,0gquyaos
3628,1.2006992101669312,ufsc2yts
3657,1.2173105478286743,0gquyaos
3657,1.1840417385101318,ufsc2yts
3658,1.1947232484817505,0gquyaos
3658,1.2143031358718872,ufsc2yts
3675,1.1669933795928955,0gquyaos
3675,1.2120428085327148,ufsc2yts
3690,1.2235636711120605,0gquyaos
3690,1.1801339387893677,ufsc2yts
3699,1.236006498336792,0gquyaos
3699,1.2560570240020752,ufsc2yts
3703,1.1701266765594482,0gquyaos
3703,1.1757732629776,ufsc2yts
3706,1.173624873161316,0gquyaos
3706,1.2223008871078491,ufsc2yts
3733,1.171385645866394,0gquyaos
3733,1.2689203023910522,ufsc2yts
3788,1.2253206968307495,0gquyaos
3788,1.2087661027908325,ufsc2yts
3802,1.2150754928588867,0gquyaos
3802,1.255393385887146,ufsc2yts
3816,1.1356065273284912,0gquyaos
3816,1.2458469867706299,ufsc2yts
3830,1.222772240638733,0gquyaos
3830,1.1987950801849365,ufsc2yts
3869,1.1639717817306519,0gquyaos
3869,1.164871335029602,ufsc2yts
3872,1.237017035484314,0gquyaos
3872,1.2247209548950195,ufsc2yts
3880,1.1769740581512451,0gquyaos
3880,1.2183228731155396,ufsc2yts
3897,1.1583263874053955,0gquyaos
3897,1.1904441118240356,ufsc2yts
3902,1.1863459348678589,0gquyaos
3902,1.1920597553253174,ufsc2yts
3907,1.2194684743881226,0gquyaos
3907,1.1673765182495117,ufsc2yts
3913,1.203343152999878,0gquyaos
3913,1.163761019706726,ufsc2yts
3926,1.1980667114257812,0gquyaos
3926,1.2462646961212158,ufsc2yts
3937,1.1913915872573853,0gquyaos
3937,1.2005523443222046,ufsc2yts
3955,1.2297074794769287,0gquyaos
3955,1.1853445768356323,ufsc2yts
3964,1.1867743730545044,0gquyaos
3964,1.1972780227661133,ufsc2yts
3971,1.2391680479049683,0gquyaos
3971,1.199937343597412,ufsc2yts
4001,1.2031434774398804,0gquyaos
4001,1.2209464311599731,ufsc2yts
4023,1.1993178129196167,0gquyaos
4023,1.217198133468628,ufsc2yts
4040,1.2034697532653809,0gquyaos
4040,1.1875152587890625,ufsc2yts
4065,1.1764086484909058,0gquyaos
4065,1.1373651027679443,ufsc2yts
4081,1.222368836402893,0gquyaos
4081,1.2021312713623047,ufsc2yts
4100,1.1980526447296143,0gquyaos
4100,1.2099145650863647,ufsc2yts
4102,1.2663958072662354,0gquyaos
4102,1.2072359323501587,ufsc2yts
4122,1.20289945602417,0gquyaos
4122,1.2378580570220947,ufsc2yts
4128,1.16948401927948,0gquyaos
4128,1.225501537322998,ufsc2yts
4147,1.2133005857467651,0gquyaos
4147,1.209644079208374,ufsc2yts
4164,1.1842048168182373,0gquyaos
4164,1.168241262435913,ufsc2yts
4168,1.1750972270965576,0gquyaos
4168,1.1930252313613892,ufsc2yts
4169,1.1845433712005615,0gquyaos
4169,1.1790767908096313,ufsc2yts
4176,1.2262977361679077,0gquyaos
4176,1.1474545001983643,ufsc2yts
4182,1.2005630731582642,0gquyaos
4182,1.2257508039474487,ufsc2yts
4222,1.186527967453003,0gquyaos
4222,1.1875522136688232,ufsc2yts
4230,1.1855088472366333,0gquyaos
4230,1.225792646408081,ufsc2yts
4237,1.2541968822479248,0gquyaos
4237,1.1998884677886963,ufsc2yts
4243,1.183802604675293,0gquyaos
4243,1.2021030187606812,ufsc2yts
4253,1.1911485195159912,0gquyaos
4253,1.2261548042297363,ufsc2yts
4311,1.1918693780899048,0gquyaos
4311,1.1815932989120483,ufsc2yts
4334,1.2358800172805786,0gquyaos
4334,1.2229831218719482,ufsc2yts
4336,1.1424791812896729,0gquyaos
4336,1.1595916748046875,ufsc2yts
4344,1.2286419868469238,0gquyaos
4344,1.2413909435272217,ufsc2yts
4365,1.1947920322418213,0gquyaos
4365,1.2020198106765747,ufsc2yts
4391,1.1302852630615234,0gquyaos
4391,1.1668462753295898,ufsc2yts
4404,1.175695538520813,0gquyaos
4404,1.2030003070831299,ufsc2yts
4490,1.2200218439102173,0gquyaos
4490,1.2124284505844116,ufsc2yts
4520,1.1955726146697998,0gquyaos
4520,1.2256532907485962,ufsc2yts
4531,1.2010184526443481,0gquyaos
4531,1.2366119623184204,ufsc2yts
4538,1.1985021829605103,0gquyaos
4538,1.1777477264404297,ufsc2yts
4545,1.2083868980407715,0gquyaos
4545,1.206463098526001,ufsc2yts
4548,1.2078524827957153,0gquyaos
4548,1.221717357635498,ufsc2yts
4550,1.1718502044677734,0gquyaos
4550,1.2201977968215942,ufsc2yts
4566,1.162612795829773,0gquyaos
4566,1.198347568511963,ufsc2yts
4597,1.1820104122161865,0gquyaos
4597,1.2803491353988647,ufsc2yts
4602,1.1745985746383667,0gquyaos
4602,1.229182481765747,ufsc2yts
4604,1.1568082571029663,0gquyaos
4604,1.2829169034957886,ufsc2yts
4616,1.1381481885910034,0gquyaos
4616,1.1701130867004395,ufsc2yts
4649,1.2293148040771484,0gquyaos
4649,1.1949636936187744,ufsc2yts
4671,1.1898325681686401,0gquyaos
4671,1.179124116897583,ufsc2yts
4709,1.2040032148361206,0gquyaos
4709,1.196974754333496,ufsc2yts
4733,1.1501761674880981,0gquyaos
4733,1.212613582611084,ufsc2yts
4760,1.1926257610321045,0gquyaos
4760,1.213158369064331,ufsc2yts
4765,1.1499511003494263,0gquyaos
4765,1.1423369646072388,ufsc2yts
4777,1.2013517618179321,0gquyaos
4777,1.2060476541519165,ufsc2yts
4812,1.1789219379425049,0gquyaos
4812,1.1614693403244019,ufsc2yts
4854,1.1723288297653198,0gquyaos
4854,1.2481664419174194,ufsc2yts
4866,1.1980671882629395,0gquyaos
4866,1.156346082687378,ufsc2yts
4867,1.1561145782470703,0gquyaos
4867,1.1685887575149536,ufsc2yts
4872,1.1915260553359985,0gquyaos
4872,1.1970853805541992,ufsc2yts
4876,1.2015560865402222,0gquyaos
4876,1.2210320234298706,ufsc2yts
4883,1.1937965154647827,0gquyaos
4883,1.16018545627594,ufsc2yts
4910,1.1824647188186646,0gquyaos
4910,1.2468353509902954,ufsc2yts
4927,1.1946943998336792,0gquyaos
4927,1.1614365577697754,ufsc2yts
4947,1.2310017347335815,0gquyaos
4947,1.2122913599014282,ufsc2yts
4975,1.2081339359283447,0gquyaos
4975,1.2262804508209229,ufsc2yts
4996,1.1821550130844116,0gquyaos
4996,1.2100778818130493,ufsc2yts
4997,1.1814063787460327,0gquyaos
4997,1.1670721769332886,ufsc2yts
5037,1.2252652645111084,0gquyaos
5037,1.2017768621444702,ufsc2yts
5048,1.2265267372131348,0gquyaos
5048,1.1395759582519531,ufsc2yts
5098,1.2332254648208618,0gquyaos
5098,1.2108577489852905,ufsc2yts
5122,1.148072361946106,0gquyaos
5122,1.2261290550231934,ufsc2yts
5140,1.245041012763977,0gquyaos
5140,1.1616647243499756,ufsc2yts
5155,1.1272380352020264,0gquyaos
5155,1.1775116920471191,ufsc2yts
5169,1.2026246786117554,0gquyaos
5169,1.1988499164581299,ufsc2yts
5193,1.1899148225784302,0gquyaos
5193,1.2052583694458008,ufsc2yts
5207,1.146819829940796,0gquyaos
5207,1.2112160921096802,ufsc2yts
5230,1.2068034410476685,0gquyaos
5230,1.2130401134490967,ufsc2yts
5266,1.1593313217163086,0gquyaos
5266,1.1632132530212402,ufsc2yts
5283,1.2828117609024048,0gquyaos
5283,1.1804691553115845,ufsc2yts
5308,1.1843775510787964,0gquyaos
5308,1.2156034708023071,ufsc2yts
5336,1.2011202573776245,0gquyaos
5336,1.2530953884124756,ufsc2yts
5357,1.201018214225769,0gquyaos
5357,1.1948020458221436,ufsc2yts
5360,1.1804853677749634,0gquyaos
5360,1.1925415992736816,ufsc2yts
5388,1.1558210849761963,0gquyaos
5388,1.123210072517395,ufsc2yts
5407,1.2396636009216309,0gquyaos
5407,1.1802376508712769,ufsc2yts
5451,1.1990748643875122,0gquyaos
5451,1.1973801851272583,ufsc2yts
5461,1.1661971807479858,0gquyaos
5461,1.1938953399658203,ufsc2yts
5475,1.1281025409698486,0gquyaos
5475,1.1909435987472534,ufsc2yts
5489,1.165855884552002,0gquyaos
5489,1.1352192163467407,ufsc2yts
5531,1.2046787738800049,0gquyaos
5531,1.1910626888275146,ufsc2yts
5542,1.2399256229400635,0gquyaos
5542,1.2060940265655518,ufsc2yts
5547,1.2198210954666138,0gquyaos
5547,1.197568655014038,ufsc2yts
5555,1.2329157590866089,0gquyaos
5555,1.180051326751709,ufsc2yts
5556,1.1721711158752441,0gquyaos
5556,1.252529263496399,ufsc2yts
5589,1.2241438627243042,0gquyaos
5589,1.1889864206314087,ufsc2yts
5606,1.222337007522583,0gquyaos
5606,1.1652530431747437,ufsc2yts
5611,1.2124342918395996,0gquyaos
5611,1.1704210042953491,ufsc2yts
5645,1.260770320892334,0gquyaos
5645,1.1627684831619263,ufsc2yts
5655,1.180556058883667,0gquyaos
5655,1.2212170362472534,ufsc2yts
5660,1.167493462562561,0gquyaos
5660,1.1553528308868408,ufsc2yts
5705,1.1864887475967407,0gquyaos
5705,1.2055230140686035,ufsc2yts
5710,1.1729252338409424,0gquyaos
5710,1.0977386236190796,ufsc2yts
5711,1.153290867805481,0gquyaos
5711,1.2037495374679565,ufsc2yts
5720,1.12503981590271,0gquyaos
5720,1.193558931350708,ufsc2yts
5732,1.205946922302246,0gquyaos
5732,1.1973652839660645,ufsc2yts
5744,1.21086585521698,0gquyaos
5744,1.1294487714767456,ufsc2yts
5759,1.2223848104476929,0gquyaos
5759,1.188599705696106,ufsc2yts
5806,1.1682209968566895,0gquyaos
5806,1.2110081911087036,ufsc2yts
5823,1.2495689392089844,0gquyaos
5823,1.1829067468643188,ufsc2yts
5828,1.165541648864746,0gquyaos
5828,1.1979557275772095,ufsc2yts
5829,1.218465805053711,0gquyaos
5829,1.1905370950698853,ufsc2yts
5843,1.1800429821014404,0gquyaos
5843,1.1561375856399536,ufsc2yts
5866,1.1688528060913086,0gquyaos
5866,1.1809141635894775,ufsc2yts
5867,1.1673890352249146,0gquyaos
5867,1.2070120573043823,ufsc2yts
5878,1.217636227607727,0gquyaos
5878,1.193475365638733,ufsc2yts
5935,1.1450875997543335,0gquyaos
5935,1.2025038003921509,ufsc2yts
5937,1.2035853862762451,0gquyaos
5937,1.208984375,ufsc2yts
5944,1.163124680519104,0gquyaos
5944,1.2389843463897705,ufsc2yts
5963,1.1675972938537598,0gquyaos
5963,1.1944843530654907,ufsc2yts
5979,1.1791908740997314,0gquyaos
5979,1.151602864265442,ufsc2yts
5985,1.1318602561950684,0gquyaos
5985,1.1994818449020386,ufsc2yts
6012,1.171195387840271,0gquyaos
6012,1.1913504600524902,ufsc2yts
6033,1.2082781791687012,0gquyaos
6033,1.1630957126617432,ufsc2yts
6052,1.191879391670227,0gquyaos
6052,1.2027692794799805,ufsc2yts
6067,1.1816641092300415,0gquyaos
6067,1.2093878984451294,ufsc2yts
6074,1.184889316558838,0gquyaos
6074,1.1533042192459106,ufsc2yts
6079,1.233664870262146,0gquyaos
6079,1.1846661567687988,ufsc2yts
6086,1.2322361469268799,0gquyaos
6086,1.1699150800704956,ufsc2yts
6092,1.1749883890151978,0gquyaos
6092,1.2396246194839478,ufsc2yts
6101,1.1785624027252197,0gquyaos
6101,1.208445429801941,ufsc2yts
6109,1.1401134729385376,0gquyaos
6109,1.181073546409607,ufsc2yts
6116,1.2137222290039062,0gquyaos
6116,1.1699280738830566,ufsc2yts
6131,1.198058009147644,0gquyaos
6131,1.1774792671203613,ufsc2yts
6156,1.171781063079834,0gquyaos
6156,1.1677570343017578,ufsc2yts
6169,1.162975549697876,0gquyaos
6169,1.174075722694397,ufsc2yts
6185,1.1982735395431519,0gquyaos
6185,1.2230401039123535,ufsc2yts
6194,1.2244572639465332,0gquyaos
6194,1.1222959756851196,ufsc2yts
6202,1.2028937339782715,0gquyaos
6202,1.171265959739685,ufsc2yts
6208,1.1921777725219727,0gquyaos
6208,1.1681621074676514,ufsc2yts
6221,1.1705482006072998,0gquyaos
6221,1.149436354637146,ufsc2yts
6258,1.2511566877365112,0gquyaos
6258,1.203485369682312,ufsc2yts
6283,1.2347126007080078,0gquyaos
6283,1.2291921377182007,ufsc2yts
6296,1.1790711879730225,0gquyaos
6296,1.1177055835723877,ufsc2yts
6368,1.2108153104782104,0gquyaos
6368,1.1926472187042236,ufsc2yts
6382,1.2034153938293457,0gquyaos
6382,1.2341034412384033,ufsc2yts
6450,1.2062345743179321,0gquyaos
6450,1.193006992340088,ufsc2yts
6452,1.153039574623108,0gquyaos
6452,1.1752302646636963,ufsc2yts
6484,1.149327278137207,0gquyaos
6484,1.185653567314148,ufsc2yts
6512,1.1843713521957397,0gquyaos
6512,1.189050316810608,ufsc2yts
6514,1.1889455318450928,0gquyaos
6514,1.2488960027694702,ufsc2yts
6516,1.1610268354415894,0gquyaos
6516,1.200670838356018,ufsc2yts
6525,1.1377700567245483,0gquyaos
6525,1.1737890243530273,ufsc2yts
6535,1.1954355239868164,0gquyaos
6535,1.1547168493270874,ufsc2yts
6537,1.1439942121505737,0gquyaos
6537,1.1842536926269531,ufsc2yts
6554,1.1650663614273071,0gquyaos
6554,1.2070010900497437,ufsc2yts
6583,1.14384925365448,0gquyaos
6583,1.1761692762374878,ufsc2yts
6618,1.168068528175354,0gquyaos
6618,1.1700671911239624,ufsc2yts
6630,1.2628965377807617,0gquyaos
6630,1.1626245975494385,ufsc2yts
6661,1.169862151145935,0gquyaos
6661,1.1623342037200928,ufsc2yts
6662,1.1970040798187256,0gquyaos
6662,1.2010153532028198,ufsc2yts
6671,1.1113046407699585,0gquyaos
6671,1.1505687236785889,ufsc2yts
6712,1.1504675149917603,0gquyaos
6712,1.1921465396881104,ufsc2yts
6717,1.1649054288864136,0gquyaos
6717,1.1603426933288574,ufsc2yts
6743,1.1646955013275146,0gquyaos
6743,1.2183201313018799,ufsc2yts
6744,1.1271556615829468,0gquyaos
6744,1.199119210243225,ufsc2yts
6748,1.1852401494979858,0gquyaos
6748,1.1614916324615479,ufsc2yts
6773,1.2115269899368286,0gquyaos
6773,1.2324999570846558,ufsc2yts
6786,1.155971646308899,0gquyaos
6786,1.1726199388504028,ufsc2yts
6807,1.2086127996444702,0gquyaos
6807,1.1610713005065918,ufsc2yts
6814,1.1577425003051758,0gquyaos
6814,1.1552202701568604,ufsc2yts
6815,1.2074867486953735,0gquyaos
6815,1.153342843055725,ufsc2yts
6819,1.163360834121704,0gquyaos
6819,1.1371113061904907,ufsc2yts
6823,1.208346962928772,0gquyaos
6823,1.2263174057006836,ufsc2yts
6846,1.1259474754333496,0gquyaos
6846,1.183098316192627,ufsc2yts
6878,1.1698461771011353,0gquyaos
6878,1.151728868484497,ufsc2yts
6884,1.1902457475662231,0gquyaos
6884,1.187256097793579,ufsc2yts
6957,1.1612056493759155,0gquyaos
6957,1.1523425579071045,ufsc2yts
6994,1.2498537302017212,0gquyaos
6994,1.1800774335861206,ufsc2yts
7030,1.2134300470352173,0gquyaos
7030,1.184360384941101,ufsc2yts
7031,1.1782915592193604,0gquyaos
7031,1.1723896265029907,ufsc2yts
7071,1.2094331979751587,0gquyaos
7071,1.1417961120605469,ufsc2yts
7141,1.1860905885696411,0gquyaos
7141,1.244163990020752,ufsc2yts
7146,1.1689616441726685,0gquyaos
7146,1.2010979652404785,ufsc2yts
7166,1.1523680686950684,0gquyaos
7166,1.1691250801086426,ufsc2yts
7182,1.1191046237945557,0gquyaos
7182,1.2089699506759644,ufsc2yts
7190,1.2452077865600586,0gquyaos
7190,1.178350567817688,ufsc2yts
7194,1.1792806386947632,0gquyaos
7194,1.2090179920196533,ufsc2yts
7210,1.1662958860397339,0gquyaos
7210,1.1334046125411987,ufsc2yts
7223,1.2179789543151855,0gquyaos
7223,1.1568905115127563,ufsc2yts
7226,1.2286059856414795,0gquyaos
7226,1.1576913595199585,ufsc2yts
7235,1.2227787971496582,0gquyaos
7235,1.2150222063064575,ufsc2yts
7291,1.1026489734649658,0gquyaos
7291,1.2250819206237793,ufsc2yts
7294,1.1611052751541138,0gquyaos
7294,1.137087345123291,ufsc2yts
7305,1.1580264568328857,0gquyaos
7305,1.1818857192993164,ufsc2yts
7312,1.1450759172439575,0gquyaos
7312,1.224960207939148,ufsc2yts
7371,1.1515064239501953,0gquyaos
7371,1.2369214296340942,ufsc2yts
7375,1.2178617715835571,0gquyaos
7375,1.1646218299865723,ufsc2yts
7396,1.1681581735610962,0gquyaos
7396,1.1736085414886475,ufsc2yts
7402,1.2061177492141724,0gquyaos
7402,1.1269817352294922,ufsc2yts
7441,1.1634399890899658,0gquyaos
7441,1.224727749824524,ufsc2yts
7446,1.1561306715011597,0gquyaos
7446,1.1732323169708252,ufsc2yts
7451,1.1954448223114014,0gquyaos
7451,1.208379864692688,ufsc2yts
7478,1.1870297193527222,0gquyaos
7478,1.1347593069076538,ufsc2yts
7485,1.2056303024291992,0gquyaos
7485,1.1888859272003174,ufsc2yts
7497,1.1532890796661377,0gquyaos
7497,1.155090093612671,ufsc2yts
7504,1.1526241302490234,0gquyaos
7504,1.1296497583389282,ufsc2yts
7526,1.2315512895584106,0gquyaos
7526,1.278082251548767,ufsc2yts
7535,1.174493670463562,0gquyaos
7535,1.1504451036453247,ufsc2yts
7548,1.221676230430603,0gquyaos
7548,1.2320218086242676,ufsc2yts
7558,1.1029351949691772,0gquyaos
7558,1.204175591468811,ufsc2yts
7568,1.1522212028503418,0gquyaos
7568,1.171549677848816,ufsc2yts
7572,1.1681034564971924,0gquyaos
7572,1.1077688932418823,ufsc2yts
7581,1.1351878643035889,0gquyaos
7581,1.1681467294692993,ufsc2yts
7595,1.1460825204849243,0gquyaos
7595,1.1682673692703247,ufsc2yts
7611,1.1300712823867798,0gquyaos
7611,1.1504484415054321,ufsc2yts
7628,1.1755720376968384,0gquyaos
7628,1.1682312488555908,ufsc2yts
7630,1.1878879070281982,0gquyaos
7630,1.196979284286499,ufsc2yts
7648,1.190804362297058,0gquyaos
7648,1.22580087184906,ufsc2yts
7652,1.1660442352294922,0gquyaos
7652,1.156875729560852,ufsc2yts
7657,1.2015005350112915,0gquyaos
7657,1.1884838342666626,ufsc2yts
7664,1.1859062910079956,0gquyaos
7664,1.1275064945220947,ufsc2yts
7676,1.1661717891693115,0gquyaos
7676,1.1339797973632812,ufsc2yts
7685,1.164002776145935,0gquyaos
7685,1.2000592947006226,ufsc2yts
7705,1.1332581043243408,0gquyaos
7705,1.2031172513961792,ufsc2yts
7728,1.1588349342346191,0gquyaos
7728,1.1550178527832031,ufsc2yts
7731,1.212748646736145,0gquyaos
7731,1.166208028793335,ufsc2yts
7746,1.2493901252746582,0gquyaos
7746,1.2033294439315796,ufsc2yts
7763,1.1683889627456665,0gquyaos
7763,1.1696926355361938,ufsc2yts
7778,1.1681358814239502,0gquyaos
7778,1.2117193937301636,ufsc2yts
7795,1.1509255170822144,0gquyaos
7795,1.1988205909729004,ufsc2yts
7821,1.1849286556243896,0gquyaos
7821,1.1592801809310913,ufsc2yts
7831,1.177839756011963,0gquyaos
7831,1.1624232530593872,ufsc2yts
7841,1.1835970878601074,0gquyaos
7841,1.1540356874465942,ufsc2yts
7867,1.1573817729949951,0gquyaos
7867,1.1582635641098022,ufsc2yts
7892,1.1341018676757812,0gquyaos
7892,1.1814454793930054,ufsc2yts
7899,1.1738977432250977,0gquyaos
7899,1.2069027423858643,ufsc2yts
7922,1.1552960872650146,0gquyaos
7922,1.1866068840026855,ufsc2yts
7924,1.1249877214431763,0gquyaos
7924,1.184891700744629,ufsc2yts
7932,1.177451491355896,0gquyaos
7932,1.188254475593567,ufsc2yts
7935,1.2224807739257812,0gquyaos
7935,1.214304804801941,ufsc2yts
7936,1.224652886390686,0gquyaos
7936,1.1920089721679688,ufsc2yts
7953,1.21464204788208,0gquyaos
7953,1.1699720621109009,ufsc2yts
8015,1.185732364654541,0gquyaos
8015,1.1425230503082275,ufsc2yts
8091,1.141078233718872,0gquyaos
8091,1.1627955436706543,ufsc2yts
8169,1.2115612030029297,0gquyaos
8169,1.230621099472046,ufsc2yts
8170,1.1960285902023315,0gquyaos
8170,1.1591973304748535,ufsc2yts
8182,1.1562868356704712,0gquyaos
8182,1.1355409622192383,ufsc2yts
8202,1.1546030044555664,0gquyaos
8202,1.1528635025024414,ufsc2yts
8222,1.1688083410263062,0gquyaos
8222,1.1992263793945312,ufsc2yts
8235,1.211978554725647,0gquyaos
8235,1.1720452308654785,ufsc2yts
8248,1.1896049976348877,0gquyaos
8248,1.2433693408966064,ufsc2yts
8257,1.1951278448104858,0gquyaos
8257,1.1494325399398804,ufsc2yts
8270,1.126247525215149,0gquyaos
8270,1.1809386014938354,ufsc2yts
8279,1.1540143489837646,0gquyaos
8279,1.2177213430404663,ufsc2yts
8290,1.2031468152999878,0gquyaos
8290,1.1904265880584717,ufsc2yts
8306,1.1901506185531616,0gquyaos
8306,1.1676421165466309,ufsc2yts
8355,1.2152408361434937,0gquyaos
8355,1.1605315208435059,ufsc2yts
8378,1.1854792833328247,0gquyaos
8378,1.1612039804458618,ufsc2yts
8408,1.1503093242645264,0gquyaos
8408,1.2013989686965942,ufsc2yts
8410,1.1872777938842773,0gquyaos
8410,1.145937442779541,ufsc2yts
8417,1.1970776319503784,0gquyaos
8417,1.1612622737884521,ufsc2yts
8445,1.1452988386154175,0gquyaos
8445,1.2112640142440796,ufsc2yts
8446,1.187828540802002,0gquyaos
8446,1.1666505336761475,ufsc2yts
8448,1.1721034049987793,0gquyaos
8448,1.1922976970672607,ufsc2yts
8476,1.188682198524475,0gquyaos
8476,1.1272859573364258,ufsc2yts
8485,1.1571874618530273,0gquyaos
8485,1.228615403175354,ufsc2yts
8501,1.1608524322509766,0gquyaos
8501,1.2172647714614868,ufsc2yts
8514,1.1930121183395386,0gquyaos
8514,1.1756075620651245,ufsc2yts
8517,1.1657700538635254,0gquyaos
8517,1.1775684356689453,ufsc2yts
8521,1.2118141651153564,0gquyaos
8521,1.2177836894989014,ufsc2yts
8536,1.1105659008026123,0gquyaos
8536,1.1130043268203735,ufsc2yts
8555,1.146148681640625,0gquyaos
8555,1.1258889436721802,ufsc2yts
8556,1.1986202001571655,0gquyaos
8556,1.1612344980239868,ufsc2yts
8567,1.1665939092636108,0gquyaos
8567,1.1459224224090576,ufsc2yts
8574,1.1230802536010742,0gquyaos
8574,1.1779608726501465,ufsc2yts
8577,1.1180644035339355,0gquyaos
8577,1.1168293952941895,ufsc2yts
8579,1.179685115814209,0gquyaos
8579,1.1445122957229614,ufsc2yts
8666,1.2099204063415527,0gquyaos
8666,1.1834162473678589,ufsc2yts
8674,1.1626975536346436,0gquyaos
8674,1.2321419715881348,ufsc2yts
8685,1.1766111850738525,0gquyaos
8685,1.1645123958587646,ufsc2yts
8695,1.1422477960586548,0gquyaos
8695,1.1280957460403442,ufsc2yts
8701,1.0691717863082886,0gquyaos
8701,1.158860445022583,ufsc2yts
8720,1.2179768085479736,0gquyaos
8720,1.1861519813537598,ufsc2yts
8750,1.2247703075408936,0gquyaos
8750,1.148287296295166,ufsc2yts
8752,1.1432698965072632,0gquyaos
8752,1.1648662090301514,ufsc2yts
8757,1.0975961685180664,0gquyaos
8757,1.1667475700378418,ufsc2yts
8764,1.1913553476333618,0gquyaos
8764,1.1730265617370605,ufsc2yts
8782,1.1915920972824097,0gquyaos
8782,1.1366546154022217,ufsc2yts
8789,1.2100132703781128,0gquyaos
8789,1.1449310779571533,ufsc2yts
8799,1.185747504234314,0gquyaos
8799,1.112565040588379,ufsc2yts
8805,1.2154477834701538,0gquyaos
8805,1.161240816116333,ufsc2yts
8806,1.1804230213165283,0gquyaos
8806,1.2199333906173706,ufsc2yts
8826,1.198925256729126,0gquyaos
8826,1.1866836547851562,ufsc2yts
8831,1.174119234085083,0gquyaos
8831,1.1725001335144043,ufsc2yts
8849,1.1060713529586792,0gquyaos
8849,1.1403380632400513,ufsc2yts
8851,1.1884706020355225,0gquyaos
8851,1.1507412195205688,ufsc2yts
8870,1.1048346757888794,0gquyaos
8870,1.185483694076538,ufsc2yts
8893,1.1975940465927124,0gquyaos
8893,1.1432485580444336,ufsc2yts
8900,1.1527023315429688,0gquyaos
8900,1.19737708568573,ufsc2yts
8905,1.2213326692581177,0gquyaos
8905,1.2052290439605713,ufsc2yts
8926,1.1587518453598022,0gquyaos
8926,1.1338109970092773,ufsc2yts
8935,1.1523016691207886,0gquyaos
8935,1.1109766960144043,ufsc2yts
8936,1.2034493684768677,0gquyaos
8936,1.190503478050232,ufsc2yts
8941,1.1018668413162231,0gquyaos
8941,1.20722234249115,ufsc2yts
8943,1.2410181760787964,0gquyaos
8943,1.1404674053192139,ufsc2yts
8950,1.221901535987854,0gquyaos
8950,1.1511565446853638,ufsc2yts
8958,1.1904994249343872,0gquyaos
8958,1.2061946392059326,ufsc2yts
8971,1.1851245164871216,0gquyaos
8971,1.0928369760513306,ufsc2yts
8977,1.1834015846252441,0gquyaos
8977,1.1802502870559692,ufsc2yts
8979,1.1938968896865845,0gquyaos
8979,1.1182422637939453,ufsc2yts
8981,1.152992606163025,0gquyaos
8981,1.164557695388794,ufsc2yts
8983,1.167758822441101,0gquyaos
8983,1.262141227722168,ufsc2yts
9021,1.1772089004516602,0gquyaos
9021,1.1338322162628174,ufsc2yts
9044,1.1974061727523804,0gquyaos
9044,1.134055733680725,ufsc2yts
9045,1.1989558935165405,0gquyaos
9045,1.1731079816818237,ufsc2yts
9046,1.2139960527420044,0gquyaos
9046,1.187024712562561,ufsc2yts
9051,1.1751810312271118,0gquyaos
9051,1.115423321723938,ufsc2yts
9066,1.1609209775924683,0gquyaos
9066,1.1083528995513916,ufsc2yts
9089,1.196990728378296,0gquyaos
9089,1.161435604095459,ufsc2yts
9090,1.1286765336990356,0gquyaos
9090,1.181877613067627,ufsc2yts
9103,1.1884193420410156,0gquyaos
9103,1.1967713832855225,ufsc2yts
9120,1.166229486465454,0gquyaos
9120,1.1556316614151,ufsc2yts
9128,1.1529128551483154,0gquyaos
9128,1.0998213291168213,ufsc2yts
9156,1.2307722568511963,0gquyaos
9156,1.1325764656066895,ufsc2yts
9161,1.2447515726089478,0gquyaos
9161,1.138256311416626,ufsc2yts
9165,1.1481897830963135,0gquyaos
9165,1.2509446144104004,ufsc2yts
9183,1.2063432931900024,0gquyaos
9183,1.1285020112991333,ufsc2yts
9186,1.142659068107605,0gquyaos
9186,1.175744891166687,ufsc2yts
9233,1.1640561819076538,0gquyaos
9233,1.1798337697982788,ufsc2yts
9282,1.1602764129638672,0gquyaos
9282,1.1984586715698242,ufsc2yts
9306,1.174828290939331,0gquyaos
9306,1.1156193017959595,ufsc2yts
9316,1.1299530267715454,0gquyaos
9316,1.1245346069335938,ufsc2yts
9331,1.1773661375045776,0gquyaos
9331,1.1682167053222656,ufsc2yts
9334,1.107306957244873,0gquyaos
9334,1.13517165184021,ufsc2yts
9366,1.191571831703186,0gquyaos
9366,1.137408971786499,ufsc2yts
9373,1.2013990879058838,0gquyaos
9373,1.1726850271224976,ufsc2yts
9382,1.1890568733215332,0gquyaos
9382,1.1331015825271606,ufsc2yts
9384,1.1373411417007446,0gquyaos
9384,1.1432000398635864,ufsc2yts
9430,1.1643195152282715,0gquyaos
9430,1.1848888397216797,ufsc2yts
9445,1.1948095560073853,0gquyaos
9445,1.1508768796920776,ufsc2yts
9502,1.180163860321045,0gquyaos
9502,1.1778981685638428,ufsc2yts
9531,1.1689159870147705,0gquyaos
9531,1.170311689376831,ufsc2yts
9533,1.1545382738113403,0gquyaos
9533,1.1638405323028564,ufsc2yts
9543,1.208848476409912,0gquyaos
9543,1.140580177307129,ufsc2yts
9586,1.239403486251831,0gquyaos
9586,1.1416491270065308,ufsc2yts
9617,1.1540955305099487,0gquyaos
9617,1.1715753078460693,ufsc2yts
9619,1.167609453201294,0gquyaos
9619,1.142465353012085,ufsc2yts
9624,1.234885573387146,0gquyaos
9624,1.1423704624176025,ufsc2yts
9656,1.1481678485870361,0gquyaos
9656,1.1828964948654175,ufsc2yts
9665,1.1975390911102295,0gquyaos
9665,1.114819884300232,ufsc2yts
9666,1.167000651359558,0gquyaos
9666,1.2246683835983276,ufsc2yts
9674,1.1336698532104492,0gquyaos
9674,1.1855894327163696,ufsc2yts
9675,1.196110725402832,0gquyaos
9675,1.1021990776062012,ufsc2yts
9678,1.198158860206604,0gquyaos
9678,1.1783876419067383,ufsc2yts
9687,1.1763277053833008,0gquyaos
9687,1.1667231321334839,ufsc2yts
9703,1.1495490074157715,0gquyaos
9703,1.1714386940002441,ufsc2yts
9710,1.1480811834335327,0gquyaos
9710,1.139943242073059,ufsc2yts
9714,1.0946565866470337,0gquyaos
9714,1.186208963394165,ufsc2yts
9715,1.1143666505813599,0gquyaos
9715,1.1743327379226685,ufsc2yts
9730,1.1900328397750854,0gquyaos
9730,1.2340776920318604,ufsc2yts
9735,1.1407428979873657,0gquyaos
9735,1.1525084972381592,ufsc2yts
9738,1.1424040794372559,0gquyaos
9738,1.1978031396865845,ufsc2yts
9741,1.180702567100525,0gquyaos
9741,1.1137218475341797,ufsc2yts
9782,1.0837337970733643,0gquyaos
9782,1.1541566848754883,ufsc2yts
9787,1.1454917192459106,0gquyaos
9787,1.1281236410140991,ufsc2yts
9792,1.126006841659546,0gquyaos
9792,1.1708227396011353,ufsc2yts
9812,1.1754872798919678,0gquyaos
9812,1.1350518465042114,ufsc2yts
9842,1.167266845703125,0gquyaos
9842,1.1542798280715942,ufsc2yts
9843,1.1628646850585938,0gquyaos
9843,1.1333868503570557,ufsc2yts
9875,1.1252869367599487,0gquyaos
9875,1.1509780883789062,ufsc2yts
9879,1.169334053993225,0gquyaos
9879,1.1303609609603882,ufsc2yts
9880,1.1772105693817139,0gquyaos
9880,1.1958283185958862,ufsc2yts
9899,1.1921414136886597,0gquyaos
9899,1.147283673286438,ufsc2yts
9900,1.116194248199463,0gquyaos
9900,1.1101198196411133,ufsc2yts
9917,1.1778135299682617,0gquyaos
9917,1.1382625102996826,ufsc2yts
9924,1.2003077268600464,0gquyaos
9924,1.1350024938583374,ufsc2yts
9942,1.2071698904037476,0gquyaos
9942,1.1224019527435303,ufsc2yts
9964,1.150727391242981,0gquyaos
9964,1.1511917114257812,ufsc2yts
9987,1.185215711593628,0gquyaos
9987,1.1657559871673584,ufsc2yts
10035,1.1511917114257812,0gquyaos
10035,1.1754547357559204,ufsc2yts
10048,1.185021996498108,0gquyaos
10048,1.110489845275879,ufsc2yts
10050,1.1524182558059692,0gquyaos
10050,1.1141331195831299,ufsc2yts
10060,1.117527723312378,0gquyaos
10060,1.1874449253082275,ufsc2yts
10072,1.172730803489685,0gquyaos
10072,1.127280354499817,ufsc2yts
10079,1.1738563776016235,0gquyaos
10079,1.1816922426223755,ufsc2yts
10124,1.1194560527801514,0gquyaos
10124,1.1769053936004639,ufsc2yts
10132,1.1449594497680664,0gquyaos
10132,1.1857504844665527,ufsc2yts
10138,1.1160861253738403,0gquyaos
10138,1.1531181335449219,ufsc2yts
10151,1.14650297164917,0gquyaos
10151,1.1265699863433838,ufsc2yts
10160,1.182725429534912,0gquyaos
10160,1.1848547458648682,ufsc2yts
10176,1.1685925722122192,0gquyaos
10176,1.1831337213516235,ufsc2yts
10203,1.1602472066879272,0gquyaos
10203,1.1464320421218872,ufsc2yts
10204,1.1446099281311035,0gquyaos
10204,1.1937170028686523,ufsc2yts
10224,1.147484540939331,0gquyaos
10224,1.2033759355545044,ufsc2yts
10225,1.1727067232131958,0gquyaos
10225,1.1760728359222412,ufsc2yts
10234,1.1647897958755493,0gquyaos
10234,1.166120171546936,ufsc2yts
10241,1.1430507898330688,0gquyaos
10241,1.1713387966156006,ufsc2yts
10257,1.1972815990447998,0gquyaos
10257,1.152090072631836,ufsc2yts
10279,1.1564955711364746,0gquyaos
10279,1.1986879110336304,ufsc2yts
10282,1.1467746496200562,0gquyaos
10282,1.2285659313201904,ufsc2yts
10283,1.183284878730774,0gquyaos
10283,1.1802306175231934,ufsc2yts
10288,1.1367671489715576,0gquyaos
10288,1.0973869562149048,ufsc2yts
10297,1.1618950366973877,0gquyaos
10297,1.1121463775634766,ufsc2yts
10304,1.1302634477615356,0gquyaos
10304,1.1054084300994873,ufsc2yts
10305,1.206787347793579,0gquyaos
10305,1.1356525421142578,ufsc2yts
10341,1.1562830209732056,0gquyaos
10341,1.212963581085205,ufsc2yts
10363,1.1636323928833008,0gquyaos
10363,1.20574152469635,ufsc2yts
10373,1.143173098564148,0gquyaos
10373,1.10680091381073,ufsc2yts
10383,1.16653311252594,0gquyaos
10383,1.113900065422058,ufsc2yts
10396,1.1937100887298584,0gquyaos
10396,1.1349462270736694,ufsc2yts
10441,1.1593137979507446,0gquyaos
10441,1.1571143865585327,ufsc2yts
10450,1.174280047416687,0gquyaos
10450,1.1421393156051636,ufsc2yts
10492,1.1406209468841553,0gquyaos
10492,1.152241587638855,ufsc2yts
10516,1.1777464151382446,0gquyaos
10516,1.151419758796692,ufsc2yts
10517,1.1670341491699219,0gquyaos
10517,1.174951195716858,ufsc2yts
10527,1.142313003540039,0gquyaos
10527,1.1632506847381592,ufsc2yts
10559,1.153191328048706,0gquyaos
10559,1.1335935592651367,ufsc2yts
10575,1.1790894269943237,0gquyaos
10575,1.1646631956100464,ufsc2yts
10632,1.1601122617721558,0gquyaos
10632,1.146976351737976,ufsc2yts
10643,1.1659213304519653,0gquyaos
10643,1.1875094175338745,ufsc2yts
10654,1.1521912813186646,0gquyaos
10654,1.1538329124450684,ufsc2yts
10663,1.1557765007019043,0gquyaos
10663,1.065407156944275,ufsc2yts
10668,1.1103403568267822,0gquyaos
10668,1.1307731866836548,ufsc2yts
10706,1.1807554960250854,0gquyaos
10706,1.0886778831481934,ufsc2yts
10756,1.1648311614990234,0gquyaos
10756,1.1812896728515625,ufsc2yts
10759,1.1671130657196045,0gquyaos
10759,1.1728308200836182,ufsc2yts
10777,1.1674013137817383,0gquyaos
10777,1.203801155090332,ufsc2yts
10781,1.1511001586914062,0gquyaos
10781,1.1651314496994019,ufsc2yts
10783,1.1985687017440796,0gquyaos
10783,1.2158323526382446,ufsc2yts
10814,1.0689258575439453,0gquyaos
10814,1.1732217073440552,ufsc2yts
10818,1.1162387132644653,0gquyaos
10818,1.1770784854888916,ufsc2yts
10834,1.1357258558273315,0gquyaos
10834,1.2014455795288086,ufsc2yts
10852,1.1535459756851196,0gquyaos
10852,1.1399680376052856,ufsc2yts
10858,1.1325896978378296,0gquyaos
10858,1.2075533866882324,ufsc2yts
10871,1.135739803314209,0gquyaos
10871,1.1970648765563965,ufsc2yts
10886,1.1935718059539795,0gquyaos
10886,1.1485990285873413,ufsc2yts
10896,1.2234699726104736,0gquyaos
10896,1.1978408098220825,ufsc2yts
10922,1.1511743068695068,0gquyaos
10922,1.1529327630996704,ufsc2yts
10927,1.1649069786071777,0gquyaos
10927,1.130496859550476,ufsc2yts
10942,1.1691888570785522,0gquyaos
10942,1.1480920314788818,ufsc2yts
10955,1.1632084846496582,0gquyaos
10955,1.195928692817688,ufsc2yts
10984,1.2047473192214966,0gquyaos
10984,1.1414498090744019,ufsc2yts
10985,1.1175825595855713,0gquyaos
10985,1.2187070846557617,ufsc2yts
10986,1.1116483211517334,0gquyaos
10986,1.1595414876937866,ufsc2yts
10999,1.1430426836013794,0gquyaos
10999,1.2140076160430908,ufsc2yts
11017,1.136059045791626,0gquyaos
11017,1.1221345663070679,ufsc2yts
11050,1.1494470834732056,0gquyaos
11050,1.152084469795227,ufsc2yts
11059,1.133239984512329,0gquyaos
11059,1.166586995124817,ufsc2yts
11073,1.1940110921859741,0gquyaos
11073,1.194108486175537,ufsc2yts
11077,1.2049155235290527,0gquyaos
11077,1.1205174922943115,ufsc2yts
11078,1.1590917110443115,0gquyaos
11078,1.2147961854934692,ufsc2yts
11086,1.1519525051116943,0gquyaos
11086,1.1865617036819458,ufsc2yts
11108,1.1781151294708252,0gquyaos
11108,1.1514397859573364,ufsc2yts
11123,1.1536668539047241,0gquyaos
11123,1.1818968057632446,ufsc2yts
11140,1.1693241596221924,0gquyaos
11140,1.1610536575317383,ufsc2yts
11141,1.1622320413589478,0gquyaos
11141,1.169185996055603,ufsc2yts
11147,1.1706981658935547,0gquyaos
11147,1.162534236907959,ufsc2yts
11170,1.1335161924362183,0gquyaos
11170,1.1468147039413452,ufsc2yts
11181,1.1696338653564453,0gquyaos
11181,1.1723134517669678,ufsc2yts
11190,1.1686457395553589,0gquyaos
11190,1.1763508319854736,ufsc2yts
11206,1.1680880784988403,0gquyaos
11206,1.1612980365753174,ufsc2yts
11222,1.1643818616867065,0gquyaos
11222,1.1357717514038086,ufsc2yts
11242,1.1025913953781128,0gquyaos
11242,1.1006922721862793,ufsc2yts
11245,1.1345075368881226,0gquyaos
11245,1.192221999168396,ufsc2yts
11260,1.1481602191925049,0gquyaos
11260,1.1896857023239136,ufsc2yts
11267,1.161775827407837,0gquyaos
11267,1.1554245948791504,ufsc2yts
11298,1.1698068380355835,0gquyaos
11298,1.1428242921829224,ufsc2yts
11299,1.1544654369354248,0gquyaos
11299,1.1959202289581299,ufsc2yts
11308,1.1321008205413818,0gquyaos
11308,1.1653716564178467,ufsc2yts
11316,1.1533228158950806,0gquyaos
11316,1.1660001277923584,ufsc2yts
11321,1.1671674251556396,0gquyaos
11321,1.1963708400726318,ufsc2yts
11322,1.1507192850112915,0gquyaos
11322,1.194810152053833,ufsc2yts
11327,1.1295350790023804,0gquyaos
11327,1.1671686172485352,ufsc2yts
11340,1.1323716640472412,0gquyaos
11340,1.0687443017959595,ufsc2yts
11348,1.1258788108825684,0gquyaos
11348,1.2066072225570679,ufsc2yts
11369,1.1677310466766357,0gquyaos
11369,1.174817442893982,ufsc2yts
11396,1.1712427139282227,0gquyaos
11396,1.1766053438186646,ufsc2yts
11401,1.184414029121399,0gquyaos
11401,1.183796763420105,ufsc2yts
11402,1.0767475366592407,0gquyaos
11402,1.1631978750228882,ufsc2yts
11403,1.1716920137405396,0gquyaos
11403,1.0829031467437744,ufsc2yts
11408,1.1200051307678223,0gquyaos
11408,1.1637957096099854,ufsc2yts
11431,1.133650779724121,0gquyaos
11431,1.1375452280044556,ufsc2yts
11434,1.1339260339736938,0gquyaos
11434,1.145399808883667,ufsc2yts
11465,1.1813243627548218,0gquyaos
11465,1.1930261850357056,ufsc2yts
11466,1.1611837148666382,0gquyaos
11466,1.1208908557891846,ufsc2yts
11470,1.1270692348480225,0gquyaos
11470,1.157525897026062,ufsc2yts
11473,1.175225019454956,0gquyaos
11473,1.1119141578674316,ufsc2yts
11476,1.0987402200698853,0gquyaos
11476,1.1487023830413818,ufsc2yts
11490,1.1081938743591309,0gquyaos
11490,1.1981947422027588,ufsc2yts
11507,1.1666632890701294,0gquyaos
11507,1.11764657497406,ufsc2yts
11522,1.1251381635665894,0gquyaos
11522,1.1776677370071411,ufsc2yts
11524,1.15476655960083,0gquyaos
11524,1.137726902961731,ufsc2yts
11526,1.1183571815490723,0gquyaos
11526,1.1096367835998535,ufsc2yts
11530,1.163957118988037,0gquyaos
11530,1.1485704183578491,ufsc2yts
11545,1.1247625350952148,0gquyaos
11545,1.1371906995773315,ufsc2yts
11588,1.2062435150146484,0gquyaos
11588,1.1925506591796875,ufsc2yts
11608,1.184385895729065,0gquyaos
11608,1.1577764749526978,ufsc2yts
11613,1.127489686012268,0gquyaos
11613,1.1582286357879639,ufsc2yts
11620,1.204840898513794,0gquyaos
11620,1.1865471601486206,ufsc2yts
11621,1.2019803524017334,0gquyaos
11621,1.1285791397094727,ufsc2yts
11657,1.227452039718628,0gquyaos
11657,1.1235013008117676,ufsc2yts
11665,1.1585160493850708,0gquyaos
11665,1.2083544731140137,ufsc2yts
11680,1.0663517713546753,0gquyaos
11680,1.1648659706115723,ufsc2yts
11685,1.156490445137024,0gquyaos
11685,1.1426490545272827,ufsc2yts
11704,1.1571197509765625,0gquyaos
11704,1.1255067586898804,ufsc2yts
11717,1.098812460899353,0gquyaos
11717,1.109624981880188,ufsc2yts
11793,1.1288137435913086,0gquyaos
11793,1.150048851966858,ufsc2yts
11801,1.1413291692733765,0gquyaos
11801,1.2058147192001343,ufsc2yts
11803,1.1339137554168701,0gquyaos
11803,1.1590299606323242,ufsc2yts
11814,1.094019889831543,0gquyaos
11814,1.1347275972366333,ufsc2yts
11829,1.1968212127685547,0gquyaos
11829,1.1620382070541382,ufsc2yts
11845,1.213555097579956,0gquyaos
11845,1.1001709699630737,ufsc2yts
11859,1.153283953666687,0gquyaos
11859,1.0989152193069458,ufsc2yts
11860,1.1054216623306274,0gquyaos
11860,1.157174825668335,ufsc2yts
11864,1.122408151626587,0gquyaos
11864,1.0997265577316284,ufsc2yts
11882,1.1653443574905396,0gquyaos
11882,1.150014877319336,ufsc2yts
11887,1.21012544631958,0gquyaos
11887,1.119171380996704,ufsc2yts
11898,1.163217306137085,0gquyaos
11898,1.1616804599761963,ufsc2yts
11953,1.1734225749969482,0gquyaos
11953,1.1306661367416382,ufsc2yts
11955,1.1908382177352905,0gquyaos
11955,1.1442618370056152,ufsc2yts
12006,1.0973286628723145,0gquyaos
12006,1.1414799690246582,ufsc2yts
12008,1.179774284362793,0gquyaos
12008,1.1901798248291016,ufsc2yts
12024,1.147740364074707,0gquyaos
12024,1.1192811727523804,ufsc2yts
12048,1.1358513832092285,0gquyaos
12048,1.1833966970443726,ufsc2yts
12052,1.1500180959701538,0gquyaos
12052,1.1378138065338135,ufsc2yts
12065,1.197921872138977,0gquyaos
12065,1.1424546241760254,ufsc2yts
12076,1.134290099143982,0gquyaos
12076,1.191830039024353,ufsc2yts
12098,1.126344919204712,0gquyaos
12098,1.1416783332824707,ufsc2yts
12115,1.1241393089294434,0gquyaos
12115,1.1827906370162964,ufsc2yts
12129,1.1778066158294678,0gquyaos
12129,1.1886398792266846,ufsc2yts
12144,1.1249475479125977,0gquyaos
12144,1.1598728895187378,ufsc2yts
12148,1.1633944511413574,0gquyaos
12148,1.1451486349105835,ufsc2yts
12252,1.13768470287323,0gquyaos
12252,1.1301521062850952,ufsc2yts
12277,1.2030190229415894,0gquyaos
12277,1.1291558742523193,ufsc2yts
12292,1.1504870653152466,0gquyaos
12292,1.1569055318832397,ufsc2yts
12310,1.1409169435501099,0gquyaos
12310,1.195888638496399,ufsc2yts
12324,1.1834909915924072,0gquyaos
12324,1.1350418329238892,ufsc2yts
12346,1.130215048789978,0gquyaos
12346,1.1262143850326538,ufsc2yts
12348,1.1940345764160156,0gquyaos
12348,1.2085155248641968,ufsc2yts
12357,1.1341794729232788,0gquyaos
12357,1.0669503211975098,ufsc2yts
12368,1.1668823957443237,0gquyaos
12368,1.1623200178146362,ufsc2yts
12378,1.1473822593688965,0gquyaos
12378,1.142433762550354,ufsc2yts
12393,1.122964859008789,0gquyaos
12393,1.1127701997756958,ufsc2yts
12447,1.1159452199935913,0gquyaos
12447,1.1445248126983643,ufsc2yts
12458,1.12855863571167,0gquyaos
12458,1.1048154830932617,ufsc2yts
12466,1.1423709392547607,0gquyaos
12466,1.1896700859069824,ufsc2yts
12474,1.1254090070724487,0gquyaos
12474,1.0675162076950073,ufsc2yts
12478,1.111164927482605,0gquyaos
12478,1.1632672548294067,ufsc2yts
12481,1.1049659252166748,0gquyaos
12481,1.151041030883789,ufsc2yts
12483,1.1904186010360718,0gquyaos
12483,1.1767264604568481,ufsc2yts
12526,1.1287800073623657,0gquyaos
12526,1.155402660369873,ufsc2yts
12535,1.1778098344802856,0gquyaos
12535,1.163536548614502,ufsc2yts
12541,1.1639691591262817,0gquyaos
12541,1.1041179895401,ufsc2yts
12553,1.0677915811538696,0gquyaos
12553,1.1063827276229858,ufsc2yts
12574,1.105650782585144,0gquyaos
12574,1.151883602142334,ufsc2yts
12579,1.1075605154037476,0gquyaos
12579,1.1926456689834595,ufsc2yts
12588,1.146709680557251,0gquyaos
12588,1.1342438459396362,ufsc2yts
12594,1.1789835691452026,0gquyaos
12594,1.1596932411193848,ufsc2yts
12597,1.14007568359375,0gquyaos
12597,1.1519111394882202,ufsc2yts
12598,1.2267309427261353,0gquyaos
12598,1.1560505628585815,ufsc2yts
12611,1.1662793159484863,0gquyaos
12611,1.1267417669296265,ufsc2yts
12659,1.127328872680664,0gquyaos
12659,1.1617616415023804,ufsc2yts
12661,1.1660181283950806,0gquyaos
12661,1.1681244373321533,ufsc2yts
12684,1.1308002471923828,0gquyaos
12684,1.1549192667007446,ufsc2yts
12793,1.1360254287719727,0gquyaos
12793,1.164735198020935,ufsc2yts
12796,1.1417784690856934,0gquyaos
12796,1.1300327777862549,ufsc2yts
12801,1.176878809928894,0gquyaos
12801,1.136773705482483,ufsc2yts
12806,1.092685580253601,0gquyaos
12806,1.084639072418213,ufsc2yts
12828,1.1652735471725464,0gquyaos
12828,1.1054322719573975,ufsc2yts
12837,1.0731887817382812,0gquyaos
12837,1.1278530359268188,ufsc2yts
12874,1.1746548414230347,0gquyaos
12874,1.1795644760131836,ufsc2yts
12877,1.122410535812378,0gquyaos
12877,1.0993858575820923,ufsc2yts
12894,1.1150516271591187,0gquyaos
12894,1.155142903327942,ufsc2yts
12895,1.1416369676589966,0gquyaos
12895,1.1358708143234253,ufsc2yts
12911,1.1376413106918335,0gquyaos
12911,1.1428428888320923,ufsc2yts
12913,1.130792260169983,0gquyaos
12913,1.1012122631072998,ufsc2yts
12923,1.165297269821167,0gquyaos
12923,1.1207263469696045,ufsc2yts
12964,1.132223129272461,0gquyaos
12964,1.1779956817626953,ufsc2yts
12967,1.1173475980758667,0gquyaos
12967,1.1944701671600342,ufsc2yts
12976,1.1539586782455444,0gquyaos
12976,1.1551145315170288,ufsc2yts
12985,1.0947420597076416,0gquyaos
12985,1.1577190160751343,ufsc2yts
12990,1.152132511138916,0gquyaos
12990,1.1121001243591309,ufsc2yts
12991,1.1417427062988281,0gquyaos
12991,1.1628162860870361,ufsc2yts
13000,1.1788291931152344,0gquyaos
13000,1.1117615699768066,ufsc2yts
13021,1.182941198348999,0gquyaos
13021,1.1547764539718628,ufsc2yts
13022,1.138335943222046,0gquyaos
13022,1.2019679546356201,ufsc2yts
13025,1.1515108346939087,0gquyaos
13025,1.1176022291183472,ufsc2yts
13035,1.1495883464813232,0gquyaos
13035,1.1069178581237793,ufsc2yts
13042,1.1531533002853394,0gquyaos
13042,1.1122915744781494,ufsc2yts
13054,1.133778691291809,0gquyaos
13054,1.1365878582000732,ufsc2yts
13100,1.156170129776001,0gquyaos
13100,1.206892490386963,ufsc2yts
13180,1.1312081813812256,0gquyaos
13180,1.1185415983200073,ufsc2yts
13182,1.1315170526504517,0gquyaos
13182,1.1195836067199707,ufsc2yts
13218,1.1167453527450562,0gquyaos
13218,1.152561902999878,ufsc2yts
13232,1.1209982633590698,0gquyaos
13232,1.1397160291671753,ufsc2yts
13242,1.1775356531143188,0gquyaos
13242,1.1265093088150024,ufsc2yts
13244,1.1402653455734253,0gquyaos
13244,1.1115468740463257,ufsc2yts
13248,1.1588916778564453,0gquyaos
13248,1.0827637910842896,ufsc2yts
13269,1.1073681116104126,0gquyaos
13269,1.087450385093689,ufsc2yts
13281,1.1608595848083496,0gquyaos
13281,1.1411685943603516,ufsc2yts
13312,1.0882301330566406,0gquyaos
13312,1.1436452865600586,ufsc2yts
13354,1.1822454929351807,0gquyaos
13354,1.1513370275497437,ufsc2yts
13359,1.1328716278076172,0gquyaos
13359,1.1370458602905273,ufsc2yts
13382,1.1238797903060913,0gquyaos
13382,1.1530548334121704,ufsc2yts
13384,1.1681536436080933,0gquyaos
13384,1.1380354166030884,ufsc2yts
13388,1.1617381572723389,0gquyaos
13388,1.141839623451233,ufsc2yts
13411,1.1590449810028076,0gquyaos
13411,1.1856576204299927,ufsc2yts
13423,1.1416224241256714,0gquyaos
13423,1.1720774173736572,ufsc2yts
13467,1.1524040699005127,0gquyaos
13467,1.1447038650512695,ufsc2yts
13497,1.139493703842163,0gquyaos
13497,1.0604969263076782,ufsc2yts
13589,1.112562894821167,0gquyaos
13589,1.1652876138687134,ufsc2yts
13596,1.117926836013794,0gquyaos
13596,1.1257390975952148,ufsc2yts
13606,1.171892523765564,0gquyaos
13606,1.1432667970657349,ufsc2yts
13621,1.0996812582015991,0gquyaos
13621,1.157731294631958,ufsc2yts
13627,1.1262587308883667,0gquyaos
13627,1.185725450515747,ufsc2yts
13636,1.1415157318115234,0gquyaos
13636,1.1476210355758667,ufsc2yts
13637,1.0999683141708374,0gquyaos
13637,1.094861388206482,ufsc2yts
13650,1.145699143409729,0gquyaos
13650,1.1645690202713013,ufsc2yts
13698,1.1340383291244507,0gquyaos
13698,1.1184364557266235,ufsc2yts
13707,1.160135269165039,0gquyaos
13707,1.199149489402771,ufsc2yts
13723,1.1164934635162354,0gquyaos
13723,1.1656502485275269,ufsc2yts
13739,1.1870232820510864,0gquyaos
13739,1.1720110177993774,ufsc2yts
13791,1.1128461360931396,0gquyaos
13791,1.0783073902130127,ufsc2yts
13806,1.1623934507369995,0gquyaos
13806,1.1320561170578003,ufsc2yts
13841,1.2091543674468994,0gquyaos
13841,1.116011381149292,ufsc2yts
13852,1.1367685794830322,0gquyaos
13852,1.1184650659561157,ufsc2yts
13882,1.1187002658843994,0gquyaos
13882,1.138775110244751,ufsc2yts
13884,1.1206016540527344,0gquyaos
13884,1.1593507528305054,ufsc2yts
13885,1.1562819480895996,0gquyaos
13885,1.1747243404388428,ufsc2yts
13887,1.1601879596710205,0gquyaos
13887,1.1437705755233765,ufsc2yts
13958,1.1812756061553955,0gquyaos
13958,1.1365387439727783,ufsc2yts
13981,1.1569287776947021,0gquyaos
13981,1.0943076610565186,ufsc2yts
13995,1.1316090822219849,0gquyaos
13995,1.1759772300720215,ufsc2yts
14007,1.1293866634368896,0gquyaos
14007,1.1865530014038086,ufsc2yts
14008,1.133692979812622,0gquyaos
14008,1.1089503765106201,ufsc2yts
14014,1.0904357433319092,0gquyaos
14014,1.199211835861206,ufsc2yts
14027,1.1582372188568115,0gquyaos
14027,1.1324979066848755,ufsc2yts
14044,1.0803462266921997,0gquyaos
14044,1.1053881645202637,ufsc2yts
14048,1.126331090927124,0gquyaos
14048,1.1830434799194336,ufsc2yts
14057,1.1413021087646484,0gquyaos
14057,1.1702114343643188,ufsc2yts
14069,1.1344612836837769,0gquyaos
14069,1.0917680263519287,ufsc2yts
14071,1.1196740865707397,0gquyaos
14071,1.102925181388855,ufsc2yts
14089,1.137151837348938,0gquyaos
14089,1.13406240940094,ufsc2yts
14092,1.1527448892593384,0gquyaos
14092,1.1158703565597534,ufsc2yts
14104,1.0948134660720825,0gquyaos
14104,1.1017214059829712,ufsc2yts
14105,1.1583294868469238,0gquyaos
14105,1.1284172534942627,ufsc2yts
14131,1.1697874069213867,0gquyaos
14131,1.112904667854309,ufsc2yts
14155,1.1899791955947876,0gquyaos
14155,1.0800294876098633,ufsc2yts
14156,1.1332919597625732,0gquyaos
14156,1.1654162406921387,ufsc2yts
14167,1.1296789646148682,0gquyaos
14167,1.0813045501708984,ufsc2yts
14176,1.1090887784957886,0gquyaos
14176,1.105032205581665,ufsc2yts
14180,1.15634024143219,0gquyaos
14180,1.1475212574005127,ufsc2yts
14194,1.0693248510360718,0gquyaos
14194,1.1354773044586182,ufsc2yts
14197,1.1471456289291382,0gquyaos
14197,1.1773144006729126,ufsc2yts
14251,1.1544246673583984,0gquyaos
14251,1.1108760833740234,ufsc2yts
14259,1.1513413190841675,0gquyaos
14259,1.1775760650634766,ufsc2yts
14260,1.1372135877609253,0gquyaos
14260,1.156504511833191,ufsc2yts
14268,1.1497684717178345,0gquyaos
14268,1.1117613315582275,ufsc2yts
14309,1.1055718660354614,0gquyaos
14309,1.1813552379608154,ufsc2yts
14317,1.2411606311798096,0gquyaos
14317,1.146742582321167,ufsc2yts
14329,1.1398159265518188,0gquyaos
14329,1.1784985065460205,ufsc2yts
14333,1.1029056310653687,0gquyaos
14333,1.1706290245056152,ufsc2yts
14385,1.092397928237915,0gquyaos
14385,1.1160883903503418,ufsc2yts
14391,1.1521961688995361,0gquyaos
14391,1.1309468746185303,ufsc2yts
14403,1.1357803344726562,0gquyaos
14403,1.1138203144073486,ufsc2yts
14409,1.1413124799728394,0gquyaos
14409,1.106418251991272,ufsc2yts
14417,1.0936185121536255,0gquyaos
14417,1.0931074619293213,ufsc2yts
14431,1.0921344757080078,0gquyaos
14431,1.0269280672073364,ufsc2yts
14461,1.1359487771987915,0gquyaos
14461,1.1581720113754272,ufsc2yts
14467,1.1837952136993408,0gquyaos
14467,1.1829965114593506,ufsc2yts
14469,1.1221154928207397,0gquyaos
14469,1.1374064683914185,ufsc2yts
14473,1.1065008640289307,0gquyaos
14473,1.1591850519180298,ufsc2yts
14496,1.0675400495529175,0gquyaos
14496,1.1588441133499146,ufsc2yts
14498,1.1002410650253296,0gquyaos
14498,1.1625577211380005,ufsc2yts
14506,1.1027460098266602,0gquyaos
14506,1.1001968383789062,ufsc2yts
14517,1.1188666820526123,0gquyaos
14517,1.147523283958435,ufsc2yts
14520,1.1626567840576172,0gquyaos
14520,1.1071003675460815,ufsc2yts
14524,1.1474946737289429,0gquyaos
14524,1.1611511707305908,ufsc2yts
14529,1.1016474962234497,0gquyaos
14529,1.110610842704773,ufsc2yts
14531,1.1315312385559082,0gquyaos
14531,1.1124285459518433,ufsc2yts
14537,1.1031150817871094,0gquyaos
14537,1.09260892868042,ufsc2yts
14546,1.135495662689209,0gquyaos
14546,1.054857850074768,ufsc2yts
14579,1.1702229976654053,0gquyaos
14579,1.1156350374221802,ufsc2yts
14639,1.1255626678466797,0gquyaos
14639,1.1000663042068481,ufsc2yts
14671,1.0641840696334839,0gquyaos
14671,1.0695362091064453,ufsc2yts
14678,1.093390703201294,0gquyaos
14678,1.159523606300354,ufsc2yts
14683,1.1829886436462402,0gquyaos
14683,1.1649627685546875,ufsc2yts
14684,1.1009420156478882,0gquyaos
14684,1.1048953533172607,ufsc2yts
14691,1.1135672330856323,0gquyaos
14691,1.1245532035827637,ufsc2yts
14697,1.1643396615982056,0gquyaos
14697,1.1373587846755981,ufsc2yts
14714,1.2028696537017822,0gquyaos
14714,1.1404443979263306,ufsc2yts
14730,1.1560723781585693,0gquyaos
14730,1.1328380107879639,ufsc2yts
14738,1.134883999824524,0gquyaos
14738,1.1478623151779175,ufsc2yts
14756,1.1043015718460083,0gquyaos
14756,1.123039722442627,ufsc2yts
14781,1.1286377906799316,0gquyaos
14781,1.101199746131897,ufsc2yts
14783,1.1221649646759033,0gquyaos
14783,1.1582565307617188,ufsc2yts
14793,1.1030434370040894,0gquyaos
14793,1.1224696636199951,ufsc2yts
14800,1.1243681907653809,0gquyaos
14800,1.1546785831451416,ufsc2yts
14804,1.1357536315917969,0gquyaos
14804,1.0965605974197388,ufsc2yts
14805,1.0849283933639526,0gquyaos
14805,1.1432781219482422,ufsc2yts
14807,1.0994102954864502,0gquyaos
14807,1.157270073890686,ufsc2yts
14817,1.1073448657989502,0gquyaos
14817,1.0774742364883423,ufsc2yts
14852,1.1154916286468506,0gquyaos
14852,1.1765942573547363,ufsc2yts
14870,1.135918378829956,0gquyaos
14870,1.2009894847869873,ufsc2yts
14886,1.1309492588043213,0gquyaos
14886,1.1357561349868774,ufsc2yts
14902,1.0958527326583862,0gquyaos
14902,1.1521501541137695,ufsc2yts
14928,1.1407139301300049,0gquyaos
14928,1.1524430513381958,ufsc2yts
14941,1.1295987367630005,0gquyaos
14941,1.1362226009368896,ufsc2yts
14950,1.1574727296829224,0gquyaos
14950,1.1233307123184204,ufsc2yts
14955,1.1842888593673706,0gquyaos
14955,1.147128701210022,ufsc2yts
14986,1.170177936553955,0gquyaos
14986,1.149872064590454,ufsc2yts
14988,1.137290120124817,0gquyaos
14988,1.1638264656066895,ufsc2yts
14996,1.1438014507293701,0gquyaos
14996,1.1429654359817505,ufsc2yts
15017,1.1712557077407837,0gquyaos
15017,1.1296422481536865,ufsc2yts
15019,1.1171152591705322,0gquyaos
15019,1.0785714387893677,ufsc2yts
15046,1.119238257408142,0gquyaos
15046,1.1432188749313354,ufsc2yts
15067,1.1279091835021973,0gquyaos
15067,1.1206135749816895,ufsc2yts
15071,1.1594078540802002,0gquyaos
15071,1.1463369131088257,ufsc2yts
15102,1.1168005466461182,0gquyaos
15102,1.1160459518432617,ufsc2yts
15119,1.126001238822937,0gquyaos
15119,1.1478339433670044,ufsc2yts
15124,1.1311230659484863,0gquyaos
15124,1.1170347929000854,ufsc2yts
15159,1.0857090950012207,0gquyaos
15159,1.1314592361450195,ufsc2yts
15186,1.1908748149871826,0gquyaos
15186,1.084680438041687,ufsc2yts
15193,1.1229486465454102,0gquyaos
15193,1.110766053199768,ufsc2yts
15251,1.1100677251815796,0gquyaos
15251,1.1319169998168945,ufsc2yts
15272,1.135170817375183,0gquyaos
15272,1.0936659574508667,ufsc2yts
15305,1.1138893365859985,0gquyaos
15305,1.1652265787124634,ufsc2yts
15324,1.141858696937561,0gquyaos
15324,1.1159164905548096,ufsc2yts
15367,1.1546580791473389,0gquyaos
15367,1.1321290731430054,ufsc2yts
15370,1.1401184797286987,0gquyaos
15370,1.1234736442565918,ufsc2yts
15373,1.1588832139968872,0gquyaos
15373,1.137049913406372,ufsc2yts
15388,1.100417971611023,0gquyaos
15388,1.1508592367172241,ufsc2yts
15411,1.12605619430542,0gquyaos
15411,1.109491229057312,ufsc2yts
15443,1.1144037246704102,0gquyaos
15443,1.128584623336792,ufsc2yts
15446,1.132838487625122,0gquyaos
15446,1.1189470291137695,ufsc2yts
15470,1.1292392015457153,0gquyaos
15470,1.1120107173919678,ufsc2yts
15487,1.137884497642517,0gquyaos
15487,1.0985678434371948,ufsc2yts
15488,1.1187572479248047,0gquyaos
15488,1.120181918144226,ufsc2yts
15490,1.064405083656311,0gquyaos
15490,1.1349633932113647,ufsc2yts
15507,1.1711713075637817,0gquyaos
15507,1.1506867408752441,ufsc2yts
15527,1.1182458400726318,0gquyaos
15527,1.0998296737670898,ufsc2yts
15531,1.161420226097107,0gquyaos
15531,1.1584570407867432,ufsc2yts
15570,1.1332015991210938,0gquyaos
15570,1.1057398319244385,ufsc2yts
15573,1.1287368535995483,0gquyaos
15573,1.13242506980896,ufsc2yts
15591,1.11198890209198,0gquyaos
15591,1.1430126428604126,ufsc2yts
15637,1.1691455841064453,0gquyaos
15637,1.1324793100357056,ufsc2yts
15638,1.1260535717010498,0gquyaos
15638,1.132030725479126,ufsc2yts
15657,1.1891958713531494,0gquyaos
15657,1.1464022397994995,ufsc2yts
15696,1.1247633695602417,0gquyaos
15696,1.1086024045944214,ufsc2yts
15714,1.1545008420944214,0gquyaos
15714,1.1385085582733154,ufsc2yts
15757,1.1397497653961182,0gquyaos
15757,1.1397262811660767,ufsc2yts
15770,1.0999118089675903,0gquyaos
15770,1.1115913391113281,ufsc2yts
15777,1.0840035676956177,0gquyaos
15777,1.128641128540039,ufsc2yts
15825,1.1390020847320557,0gquyaos
15825,1.1342716217041016,ufsc2yts
15830,1.1561166048049927,0gquyaos
15830,1.1116212606430054,ufsc2yts
15831,1.1240417957305908,0gquyaos
15831,1.1691575050354004,ufsc2yts
15836,1.0871647596359253,0gquyaos
15836,1.1184278726577759,ufsc2yts
15841,1.132315993309021,0gquyaos
15841,1.1526947021484375,ufsc2yts
15850,1.1242371797561646,0gquyaos
15850,1.0695552825927734,ufsc2yts
15853,1.156509518623352,0gquyaos
15853,1.0946274995803833,ufsc2yts
15855,1.1134306192398071,0gquyaos
15855,1.1482139825820923,ufsc2yts
15863,1.0735468864440918,0gquyaos
15863,1.0640994310379028,ufsc2yts
15893,1.133705496788025,0gquyaos
15893,1.0882552862167358,ufsc2yts
15894,1.1095582246780396,0gquyaos
15894,1.0758415460586548,ufsc2yts
15908,1.1346501111984253,0gquyaos
15908,1.1246657371520996,ufsc2yts
15929,1.0613709688186646,0gquyaos
15929,1.124109148979187,ufsc2yts
15942,1.085679292678833,0gquyaos
15942,1.1009666919708252,ufsc2yts
15961,1.1125414371490479,0gquyaos
15961,1.143566608428955,ufsc2yts
15991,1.1194236278533936,0gquyaos
15991,1.1387556791305542,ufsc2yts
16033,1.1025400161743164,0gquyaos
16033,1.1448566913604736,ufsc2yts
16040,1.1083818674087524,0gquyaos
16040,1.151684045791626,ufsc2yts
16045,1.1343187093734741,0gquyaos
16045,1.1048498153686523,ufsc2yts
16058,1.1020687818527222,0gquyaos
16058,1.1019177436828613,ufsc2yts
16061,1.044648289680481,0gquyaos
16061,1.1326451301574707,ufsc2yts
16086,1.1176056861877441,0gquyaos
16086,1.0907399654388428,ufsc2yts
16096,1.1237013339996338,0gquyaos
16096,1.082503318786621,ufsc2yts
16151,1.1645846366882324,0gquyaos
16151,1.122106671333313,ufsc2yts
16162,1.1018340587615967,0gquyaos
16162,1.138231873512268,ufsc2yts
16189,1.121379017829895,0gquyaos
16189,1.1576576232910156,ufsc2yts
16194,1.1264804601669312,0gquyaos
16194,1.0889878273010254,ufsc2yts
16212,1.0750128030776978,0gquyaos
16212,1.130828619003296,ufsc2yts
16218,1.1159697771072388,0gquyaos
16218,1.1066731214523315,ufsc2yts
16246,1.1061475276947021,0gquyaos
16246,1.1081830263137817,ufsc2yts
16289,1.0974647998809814,0gquyaos
16289,1.118338704109192,ufsc2yts
16291,1.0405313968658447,0gquyaos
16291,1.077688217163086,ufsc2yts
16300,1.0861419439315796,0gquyaos
16300,1.1378673315048218,ufsc2yts
16329,1.1845694780349731,0gquyaos
16329,1.173068642616272,ufsc2yts
16335,1.116496205329895,0gquyaos
16335,1.1451570987701416,ufsc2yts
16338,1.1102337837219238,0gquyaos
16338,1.1302694082260132,ufsc2yts
16351,1.122337818145752,0gquyaos
16351,1.173865556716919,ufsc2yts
16358,1.1149793863296509,0gquyaos
16358,1.2114394903182983,ufsc2yts
16360,1.1511155366897583,0gquyaos
16360,1.1314256191253662,ufsc2yts
16365,1.1178100109100342,0gquyaos
16365,1.0986344814300537,ufsc2yts
16378,1.136330246925354,0gquyaos
16378,1.1012922525405884,ufsc2yts
16464,1.0680543184280396,0gquyaos
16464,1.1154664754867554,ufsc2yts
16469,1.1097807884216309,0gquyaos
16469,1.119698405265808,ufsc2yts
16473,1.1231237649917603,0gquyaos
16473,1.1568902730941772,ufsc2yts
16491,1.1606539487838745,0gquyaos
16491,1.1525665521621704,ufsc2yts
16492,1.1197630167007446,0gquyaos
16492,1.0841031074523926,ufsc2yts
16523,1.1743896007537842,0gquyaos
16523,1.143789529800415,ufsc2yts
16552,1.0893291234970093,0gquyaos
16552,1.110669732093811,ufsc2yts
16555,1.1313480138778687,0gquyaos
16555,1.1468812227249146,ufsc2yts
16577,1.1249239444732666,0gquyaos
16577,1.110337257385254,ufsc2yts
16602,1.11479914188385,0gquyaos
16602,1.1018261909484863,ufsc2yts
16604,1.0702663660049438,0gquyaos
16604,1.0966100692749023,ufsc2yts
16623,1.1347157955169678,0gquyaos
16623,1.1337999105453491,ufsc2yts
16628,1.1500749588012695,0gquyaos
16628,1.137571930885315,ufsc2yts
16639,1.1456336975097656,0gquyaos
16639,1.0983843803405762,ufsc2yts
16707,1.1237560510635376,0gquyaos
16707,1.143617868423462,ufsc2yts
16718,1.1072828769683838,0gquyaos
16718,1.1497235298156738,ufsc2yts
16723,1.1306188106536865,0gquyaos
16723,1.131892204284668,ufsc2yts
16741,1.0941767692565918,0gquyaos
16741,1.134893774986267,ufsc2yts
16767,1.1037068367004395,0gquyaos
16767,1.118162751197815,ufsc2yts
16809,1.151635766029358,0gquyaos
16809,1.1322320699691772,ufsc2yts
16840,1.1264307498931885,0gquyaos
16840,1.147867202758789,ufsc2yts
16842,1.0886256694793701,0gquyaos
16842,1.1217414140701294,ufsc2yts
16853,1.1102700233459473,0gquyaos
16853,1.1017818450927734,ufsc2yts
16855,1.1680705547332764,0gquyaos
16855,1.0978816747665405,ufsc2yts
16858,1.1483389139175415,0gquyaos
16858,1.1373002529144287,ufsc2yts
16870,1.1015654802322388,0gquyaos
16870,1.1247061491012573,ufsc2yts
16917,1.1291577816009521,0gquyaos
16917,1.066994071006775,ufsc2yts
16936,1.0931029319763184,0gquyaos
16936,1.1374074220657349,ufsc2yts
16938,1.126703143119812,0gquyaos
16938,1.115795612335205,ufsc2yts
16963,1.1440712213516235,0gquyaos
16963,1.140697717666626,ufsc2yts
16974,1.0862597227096558,0gquyaos
16974,1.1924773454666138,ufsc2yts
16986,1.0699708461761475,0gquyaos
16986,1.150674819946289,ufsc2yts
16993,1.0671255588531494,0gquyaos
16993,1.0916428565979004,ufsc2yts
16998,1.1600584983825684,0gquyaos
16998,1.0909312963485718,ufsc2yts
17002,1.1501047611236572,0gquyaos
17002,1.1015071868896484,ufsc2yts
17029,1.151303768157959,0gquyaos
17029,1.112102746963501,ufsc2yts
17046,1.114067792892456,0gquyaos
17046,1.1195077896118164,ufsc2yts
17063,1.0922372341156006,0gquyaos
17063,1.1190983057022095,ufsc2yts
17121,1.0858814716339111,0gquyaos
17121,1.1196874380111694,ufsc2yts
17138,1.0872256755828857,0gquyaos
17138,1.0812253952026367,ufsc2yts
17145,1.0883523225784302,0gquyaos
17145,1.1588973999023438,ufsc2yts
17174,1.1260004043579102,0gquyaos
17174,1.1049795150756836,ufsc2yts
17186,1.1452233791351318,0gquyaos
17186,1.13285231590271,ufsc2yts
17196,1.1032179594039917,0gquyaos
17196,1.1108378171920776,ufsc2yts
17208,1.109586238861084,0gquyaos
17208,1.1376888751983643,ufsc2yts
17229,1.0800395011901855,0gquyaos
17229,1.0962941646575928,ufsc2yts
17233,1.1353271007537842,0gquyaos
17233,1.0760082006454468,ufsc2yts
17253,1.117122769355774,0gquyaos
17253,1.1608034372329712,ufsc2yts
17257,1.114107608795166,0gquyaos
17257,1.1036779880523682,ufsc2yts
17258,1.1646533012390137,0gquyaos
17258,1.1848331689834595,ufsc2yts
17288,1.1115641593933105,0gquyaos
17288,1.0751737356185913,ufsc2yts
17298,1.1088141202926636,0gquyaos
17298,1.157623291015625,ufsc2yts
17370,1.1157302856445312,0gquyaos
17370,1.1517313718795776,ufsc2yts
17377,1.0964348316192627,0gquyaos
17377,1.1466671228408813,ufsc2yts
17400,1.107266902923584,0gquyaos
17400,1.0765777826309204,ufsc2yts
17418,1.0901899337768555,0gquyaos
17418,1.0818860530853271,ufsc2yts
17424,1.0985361337661743,0gquyaos
17424,1.117811679840088,ufsc2yts
17427,1.1018009185791016,0gquyaos
17427,1.1125848293304443,ufsc2yts
17432,1.1628808975219727,0gquyaos
17432,1.101443886756897,ufsc2yts
17439,1.1678905487060547,0gquyaos
17439,1.1034698486328125,ufsc2yts
17443,1.1531733274459839,0gquyaos
17443,1.0910073518753052,ufsc2yts
17448,1.1230746507644653,0gquyaos
17448,1.1296532154083252,ufsc2yts
17452,1.1595792770385742,0gquyaos
17452,1.0976959466934204,ufsc2yts
17459,1.1083790063858032,0gquyaos
17459,1.130347490310669,ufsc2yts
17475,1.1398601531982422,0gquyaos
17475,1.0927059650421143,ufsc2yts
17507,1.085522174835205,0gquyaos
17507,1.0787978172302246,ufsc2yts
17532,1.130573034286499,0gquyaos
17532,1.1258835792541504,ufsc2yts
17542,1.1275341510772705,0gquyaos
17542,1.1413553953170776,ufsc2yts
17553,1.0730036497116089,0gquyaos
17553,1.1151479482650757,ufsc2yts
17603,1.1105234622955322,0gquyaos
17603,1.1691254377365112,ufsc2yts
17608,1.0996365547180176,0gquyaos
17608,1.0996475219726562,ufsc2yts
17627,1.072007179260254,0gquyaos
17627,1.1242294311523438,ufsc2yts
17656,1.1524207592010498,0gquyaos
17656,1.1147831678390503,ufsc2yts
17661,1.0892900228500366,0gquyaos
17661,1.204742431640625,ufsc2yts
17679,1.0423539876937866,0gquyaos
17679,1.0723838806152344,ufsc2yts
17686,1.048743486404419,0gquyaos
17686,1.1786662340164185,ufsc2yts
17717,1.084725260734558,0gquyaos
17717,1.112463116645813,ufsc2yts
17726,1.0925533771514893,0gquyaos
17726,1.1466495990753174,ufsc2yts
17727,1.0952483415603638,0gquyaos
17727,1.1394814252853394,ufsc2yts
17733,1.1121265888214111,0gquyaos
17733,1.1019365787506104,ufsc2yts
17739,1.0815629959106445,0gquyaos
17739,1.1471370458602905,ufsc2yts
17744,1.1034183502197266,0gquyaos
17744,1.0807130336761475,ufsc2yts
17746,1.154402494430542,0gquyaos
17746,1.0632332563400269,ufsc2yts
17749,1.0499558448791504,0gquyaos
17749,1.0822415351867676,ufsc2yts
17774,1.0894193649291992,0gquyaos
17774,1.1150027513504028,ufsc2yts
17775,1.135709285736084,0gquyaos
17775,1.0939342975616455,ufsc2yts
17780,1.1102757453918457,0gquyaos
17780,1.0861432552337646,ufsc2yts
17796,1.1335580348968506,0gquyaos
17796,1.1497588157653809,ufsc2yts
17799,1.1380600929260254,0gquyaos
17799,1.142443299293518,ufsc2yts
17800,1.065325140953064,0gquyaos
17800,1.1074843406677246,ufsc2yts
17851,1.096490502357483,0gquyaos
17851,1.129860520362854,ufsc2yts
17861,1.1480132341384888,0gquyaos
17861,1.0849758386611938,ufsc2yts
17864,1.1062666177749634,0gquyaos
17864,1.0826159715652466,ufsc2yts
17867,1.1058789491653442,0gquyaos
17867,1.0968960523605347,ufsc2yts
17873,1.111781358718872,0gquyaos
17873,1.0688118934631348,ufsc2yts
17880,1.1181020736694336,0gquyaos
17880,1.0586501359939575,ufsc2yts
17882,1.1377310752868652,0gquyaos
17882,1.1033046245574951,ufsc2yts
17895,1.0918482542037964,0gquyaos
17895,1.1383558511734009,ufsc2yts
17907,1.1174404621124268,0gquyaos
17907,1.0512080192565918,ufsc2yts
17935,1.1626322269439697,0gquyaos
17935,1.1150360107421875,ufsc2yts
17937,1.1208568811416626,0gquyaos
17937,1.0864571332931519,ufsc2yts
17948,1.1672873497009277,0gquyaos
17948,1.084317684173584,ufsc2yts
17963,1.0534138679504395,0gquyaos
17963,1.1301908493041992,ufsc2yts
17982,1.101039171218872,0gquyaos
17982,1.0982667207717896,ufsc2yts
17989,1.1065208911895752,0gquyaos
17989,1.102207899093628,ufsc2yts
18000,1.0986453294754028,0gquyaos
18000,1.115333080291748,ufsc2yts
18015,1.0789650678634644,0gquyaos
18015,1.1150047779083252,ufsc2yts
18019,1.108036756515503,0gquyaos
18019,1.1241694688796997,ufsc2yts
18024,1.1083265542984009,0gquyaos
18024,1.114853024482727,ufsc2yts
18037,1.0604344606399536,0gquyaos
18037,1.1156632900238037,ufsc2yts
18063,1.1289573907852173,0gquyaos
18063,1.1284857988357544,ufsc2yts
18068,1.1052098274230957,0gquyaos
18068,1.1004022359848022,ufsc2yts
18075,1.1227132081985474,0gquyaos
18075,1.1666337251663208,ufsc2yts
18079,1.0900696516036987,0gquyaos
18079,1.118530511856079,ufsc2yts
18085,1.1160999536514282,0gquyaos
18085,1.1234056949615479,ufsc2yts
18105,1.1284795999526978,0gquyaos
18105,1.1483999490737915,ufsc2yts
18107,1.120512843132019,0gquyaos
18107,1.041435718536377,ufsc2yts
18132,1.075125813484192,0gquyaos
18132,1.1068209409713745,ufsc2yts
18154,1.174970030784607,0gquyaos
18154,1.1091126203536987,ufsc2yts
18157,1.1029410362243652,0gquyaos
18157,1.0941944122314453,ufsc2yts
18180,1.0901758670806885,0gquyaos
18180,1.0784186124801636,ufsc2yts
18233,1.120755910873413,0gquyaos
18233,1.1237441301345825,ufsc2yts
18250,1.098009705543518,0gquyaos
18250,1.1235836744308472,ufsc2yts
18259,1.1097239255905151,0gquyaos
18259,1.0964018106460571,ufsc2yts
18284,1.0410608053207397,0gquyaos
18284,1.100359320640564,ufsc2yts
18286,1.1010631322860718,0gquyaos
18286,1.0395410060882568,ufsc2yts
18293,1.0763275623321533,0gquyaos
18293,1.1350637674331665,ufsc2yts
18318,1.0828742980957031,0gquyaos
18318,1.1565912961959839,ufsc2yts
18344,1.1320432424545288,0gquyaos
18344,1.1166263818740845,ufsc2yts
18357,1.1296085119247437,0gquyaos
18357,1.1014336347579956,ufsc2yts
18448,1.0856297016143799,0gquyaos
18448,1.0721299648284912,ufsc2yts
18477,1.1779767274856567,0gquyaos
18477,1.1580801010131836,ufsc2yts
18481,1.0423221588134766,0gquyaos
18481,1.1183671951293945,ufsc2yts
18520,1.1496156454086304,0gquyaos
18520,1.074652910232544,ufsc2yts
18533,1.1367558240890503,0gquyaos
18533,1.1452549695968628,ufsc2yts
18552,1.1090238094329834,0gquyaos
18552,1.0896258354187012,ufsc2yts
18583,1.088637351989746,0gquyaos
18583,1.1046760082244873,ufsc2yts
18589,1.1602320671081543,0gquyaos
18589,1.1145293712615967,ufsc2yts
18594,1.106656551361084,0gquyaos
18594,1.151959776878357,ufsc2yts
18598,1.073931097984314,0gquyaos
18598,1.1525251865386963,ufsc2yts
18614,1.1141016483306885,0gquyaos
18614,1.1232565641403198,ufsc2yts
18621,1.1448743343353271,0gquyaos
18621,1.0593852996826172,ufsc2yts
18631,1.1231818199157715,0gquyaos
18631,1.0923056602478027,ufsc2yts
18643,1.122351884841919,0gquyaos
18643,1.1413331031799316,ufsc2yts
18644,1.0744284391403198,0gquyaos
18644,1.0816106796264648,ufsc2yts
18681,1.0640358924865723,0gquyaos
18681,1.083006739616394,ufsc2yts
18700,1.0939563512802124,0gquyaos
18700,1.1116193532943726,ufsc2yts
18717,1.0635608434677124,0gquyaos
18717,1.0765247344970703,ufsc2yts
18719,1.1004091501235962,0gquyaos
18719,1.1397993564605713,ufsc2yts
18729,1.1187206506729126,0gquyaos
18729,1.1877938508987427,ufsc2yts
18734,1.128191351890564,0gquyaos
18734,1.1113982200622559,ufsc2yts
18744,1.0950764417648315,0gquyaos
18744,1.1453077793121338,ufsc2yts
18751,1.126702070236206,0gquyaos
18751,1.1444957256317139,ufsc2yts
18757,1.061893105506897,0gquyaos
18757,1.081313967704773,ufsc2yts
18778,1.1644681692123413,0gquyaos
18778,1.0922424793243408,ufsc2yts
18809,1.0693033933639526,0gquyaos
18809,1.1416475772857666,ufsc2yts
18815,1.1115086078643799,0gquyaos
18815,1.1368058919906616,ufsc2yts
18835,1.1404446363449097,0gquyaos
18835,1.1272530555725098,ufsc2yts
18861,1.0752160549163818,0gquyaos
18861,1.0579800605773926,ufsc2yts
18865,1.0977437496185303,0gquyaos
18865,1.0681031942367554,ufsc2yts
18875,1.1090487241744995,0gquyaos
18875,1.1110345125198364,ufsc2yts
18881,1.0722099542617798,0gquyaos
18881,1.1220790147781372,ufsc2yts
18882,1.0593245029449463,0gquyaos
18882,1.0819077491760254,ufsc2yts
18909,1.1097100973129272,0gquyaos
18909,1.1250203847885132,ufsc2yts
18910,1.0934970378875732,0gquyaos
18910,1.150824785232544,ufsc2yts
18921,1.1111109256744385,0gquyaos
18921,1.0855685472488403,ufsc2yts
18922,1.1261664628982544,0gquyaos
18922,1.1164580583572388,ufsc2yts
18929,1.1588324308395386,0gquyaos
18929,1.0855929851531982,ufsc2yts
18967,1.1169672012329102,0gquyaos
18967,1.1012881994247437,ufsc2yts
18975,1.0581480264663696,0gquyaos
18975,1.0710877180099487,ufsc2yts
18979,1.0915977954864502,0gquyaos
18979,1.1465108394622803,ufsc2yts
19001,1.1026852130889893,0gquyaos
19001,1.1307671070098877,ufsc2yts
19010,1.1291940212249756,0gquyaos
19010,1.1303274631500244,ufsc2yts
19031,1.1302694082260132,0gquyaos
19031,1.0860015153884888,ufsc2yts
19044,1.1539307832717896,0gquyaos
19044,1.0795948505401611,ufsc2yts
19065,1.0870485305786133,0gquyaos
19065,1.06932532787323,ufsc2yts
19076,1.0722389221191406,0gquyaos
19076,1.1414839029312134,ufsc2yts
19097,1.1136616468429565,0gquyaos
19097,1.1292215585708618,ufsc2yts
19127,1.106483817100525,0gquyaos
19127,1.1202863454818726,ufsc2yts
19138,1.099919319152832,0gquyaos
19138,1.1125231981277466,ufsc2yts
19144,1.118627667427063,0gquyaos
19144,1.0929969549179077,ufsc2yts
19160,1.0656743049621582,0gquyaos
19160,1.0668690204620361,ufsc2yts
19164,1.1002352237701416,0gquyaos
19164,1.0785481929779053,ufsc2yts
19183,1.0886162519454956,0gquyaos
19183,1.1095675230026245,ufsc2yts
19184,1.1068118810653687,0gquyaos
19184,1.088022232055664,ufsc2yts
19196,1.1313142776489258,0gquyaos
19196,1.1331838369369507,ufsc2yts
19202,1.0460679531097412,0gquyaos
19202,1.1052508354187012,ufsc2yts
19204,1.0987496376037598,0gquyaos
19204,1.0901868343353271,ufsc2yts
19245,1.093336820602417,0gquyaos
19245,1.087658405303955,ufsc2yts
19246,1.0711613893508911,0gquyaos
19246,1.1201553344726562,ufsc2yts
19252,1.136367678642273,0gquyaos
19252,1.1270833015441895,ufsc2yts
19254,1.059376835823059,0gquyaos
19254,1.1249973773956299,ufsc2yts
19273,1.1121180057525635,0gquyaos
19273,1.1398684978485107,ufsc2yts
19284,1.1447638273239136,0gquyaos
19284,1.096361517906189,ufsc2yts
19303,1.1333787441253662,0gquyaos
19303,1.062574028968811,ufsc2yts
19331,1.0871483087539673,0gquyaos
19331,1.1114026308059692,ufsc2yts
19347,1.1005052328109741,0gquyaos
19347,1.1355715990066528,ufsc2yts
19364,1.1185404062271118,0gquyaos
19364,1.117940068244934,ufsc2yts
19368,1.1268409490585327,0gquyaos
19368,1.119085669517517,ufsc2yts
19390,1.1041042804718018,0gquyaos
19390,1.0899652242660522,ufsc2yts
19398,1.064376950263977,0gquyaos
19398,1.122481107711792,ufsc2yts
19403,1.0980535745620728,0gquyaos
19403,1.1287380456924438,ufsc2yts
19407,1.0951670408248901,0gquyaos
19407,1.0846195220947266,ufsc2yts
19410,1.0702805519104004,0gquyaos
19410,1.1178938150405884,ufsc2yts
19434,1.0488861799240112,0gquyaos
19434,1.1204702854156494,ufsc2yts
19443,1.1259797811508179,0gquyaos
19443,1.038555383682251,ufsc2yts
19506,1.056699275970459,0gquyaos
19506,1.0693528652191162,ufsc2yts
19533,1.1136153936386108,0gquyaos
19533,1.0756593942642212,ufsc2yts
19547,1.0954675674438477,0gquyaos
19547,1.1223320960998535,ufsc2yts
19562,1.1562163829803467,0gquyaos
19562,1.109323501586914,ufsc2yts
19571,1.0904940366744995,0gquyaos
19571,1.132908582687378,ufsc2yts
19577,1.1127890348434448,0gquyaos
19577,1.1180362701416016,ufsc2yts
19586,1.110526442527771,0gquyaos
19586,1.0956847667694092,ufsc2yts
19600,1.0709384679794312,0gquyaos
19600,1.0610730648040771,ufsc2yts
19616,1.082614541053772,0gquyaos
19616,1.0346715450286865,ufsc2yts
19621,1.1588424444198608,0gquyaos
19621,1.1365833282470703,ufsc2yts
19637,1.028160810470581,0gquyaos
19637,1.1102622747421265,ufsc2yts
19639,1.1171362400054932,0gquyaos
19639,1.0632721185684204,ufsc2yts
19670,1.1226693391799927,0gquyaos
19670,1.0945372581481934,ufsc2yts
19678,1.1302037239074707,0gquyaos
19678,1.1602011919021606,ufsc2yts
19724,1.1302765607833862,0gquyaos
19724,1.1448725461959839,ufsc2yts
19738,1.1078988313674927,0gquyaos
19738,1.1322077512741089,ufsc2yts
19757,1.1288306713104248,0gquyaos
19757,1.097171664237976,ufsc2yts
19758,1.1206432580947876,0gquyaos
19758,1.0794802904129028,ufsc2yts
19771,1.0359090566635132,0gquyaos
19771,1.1183421611785889,ufsc2yts
19773,1.1086667776107788,0gquyaos
19773,1.0958337783813477,ufsc2yts
19801,1.0756492614746094,0gquyaos
19801,1.1095246076583862,ufsc2yts
19814,1.0639623403549194,0gquyaos
19814,1.1133804321289062,ufsc2yts
19816,1.1070022583007812,0gquyaos
19816,1.1395971775054932,ufsc2yts
19834,1.064258337020874,0gquyaos
19834,1.0640121698379517,ufsc2yts
19846,1.0874719619750977,0gquyaos
19846,1.0809524059295654,ufsc2yts
19870,1.0859575271606445,0gquyaos
19870,1.0892030000686646,ufsc2yts
19878,1.0513845682144165,0gquyaos
19878,1.0998444557189941,ufsc2yts
19881,1.104740023612976,0gquyaos
19881,1.1296933889389038,ufsc2yts
19885,1.105112910270691,0gquyaos
19885,1.083703637123108,ufsc2yts
19898,1.1247012615203857,0gquyaos
19898,1.0824333429336548,ufsc2yts
19913,1.0927871465682983,0gquyaos
19913,1.1036367416381836,ufsc2yts
19925,1.159812569618225,0gquyaos
19925,1.152713656425476,ufsc2yts
19936,1.1108869314193726,0gquyaos
19936,1.0965865850448608,ufsc2yts
19953,1.1174598932266235,0gquyaos
19953,1.116610050201416,ufsc2yts
19974,1.0881291627883911,0gquyaos
19974,1.0474978685379028,ufsc2yts
19981,1.038184404373169,0gquyaos
19981,1.1238183975219727,ufsc2yts
19990,1.1761988401412964,0gquyaos
19990,1.0964146852493286,ufsc2yts
20039,1.175816535949707,0gquyaos
20039,1.0594520568847656,ufsc2yts
20075,1.0863769054412842,0gquyaos
20075,1.1092066764831543,ufsc2yts
20094,1.143080711364746,0gquyaos
20094,1.109915018081665,ufsc2yts
20099,1.1007931232452393,0gquyaos
20099,1.1191332340240479,ufsc2yts
20108,1.1129087209701538,0gquyaos
20108,1.173827052116394,ufsc2yts
20116,1.1303728818893433,0gquyaos
20116,1.0572001934051514,ufsc2yts
20159,1.1170363426208496,0gquyaos
20159,1.072320818901062,ufsc2yts
20187,1.0845547914505005,0gquyaos
20187,1.110732078552246,ufsc2yts
20202,1.0735079050064087,0gquyaos
20202,1.1188260316848755,ufsc2yts
20209,1.093481421470642,0gquyaos
20209,1.1013531684875488,ufsc2yts
20228,1.1085323095321655,0gquyaos
20228,1.0950876474380493,ufsc2yts
20238,1.1358000040054321,0gquyaos
20238,1.0632060766220093,ufsc2yts
20248,1.0887454748153687,0gquyaos
20248,1.1232867240905762,ufsc2yts
20251,1.1338493824005127,0gquyaos
20251,1.1164321899414062,ufsc2yts
20266,1.1218503713607788,0gquyaos
20266,1.094509243965149,ufsc2yts
20268,1.0858631134033203,0gquyaos
20268,1.099963903427124,ufsc2yts
20270,1.1291451454162598,0gquyaos
20270,1.0711899995803833,ufsc2yts
20292,1.071030855178833,0gquyaos
20292,1.0586963891983032,ufsc2yts
20299,1.1473549604415894,0gquyaos
20299,1.1042543649673462,ufsc2yts
20331,1.1175647974014282,0gquyaos
20331,1.0883475542068481,ufsc2yts
20334,1.0935657024383545,0gquyaos
20334,1.1324498653411865,ufsc2yts
20343,1.1240227222442627,0gquyaos
20343,1.0885179042816162,ufsc2yts
20345,1.1163456439971924,0gquyaos
20345,1.1109005212783813,ufsc2yts
20346,1.0522960424423218,0gquyaos
20346,1.05070161819458,ufsc2yts
20351,1.142147183418274,0gquyaos
20351,1.1001183986663818,ufsc2yts
20354,1.1143962144851685,0gquyaos
20354,1.0671628713607788,ufsc2yts
20401,1.1442861557006836,0gquyaos
20401,1.121732234954834,ufsc2yts
20462,1.0805190801620483,0gquyaos
20462,1.076319694519043,ufsc2yts
20477,1.113661289215088,0gquyaos
20477,1.0758475065231323,ufsc2yts
20488,1.1657487154006958,0gquyaos
20488,1.1019848585128784,ufsc2yts
20494,1.0929867029190063,0gquyaos
20494,1.0736302137374878,ufsc2yts
20513,1.1289260387420654,0gquyaos
20513,1.1091365814208984,ufsc2yts
20515,1.1073939800262451,0gquyaos
20515,1.138453722000122,ufsc2yts
20523,1.0459250211715698,0gquyaos
20523,1.1198809146881104,ufsc2yts
20535,1.0647093057632446,0gquyaos
20535,1.1063153743743896,ufsc2yts
20541,1.1248141527175903,0gquyaos
20541,1.0791620016098022,ufsc2yts
20552,1.0867093801498413,0gquyaos
20552,1.119490146636963,ufsc2yts
20675,1.149165153503418,0gquyaos
20675,1.1094919443130493,ufsc2yts
20687,1.0778117179870605,0gquyaos
20687,1.093538761138916,ufsc2yts
20705,1.1384485960006714,0gquyaos
20705,1.043841004371643,ufsc2yts
20707,1.077217698097229,0gquyaos
20707,1.1277985572814941,ufsc2yts
20724,1.1386358737945557,0gquyaos
20724,1.1282408237457275,ufsc2yts
20737,1.0215485095977783,0gquyaos
20737,1.087536096572876,ufsc2yts
20744,1.1082020998001099,0gquyaos
20744,1.0889734029769897,ufsc2yts
20746,1.1341780424118042,0gquyaos
20746,1.1280940771102905,ufsc2yts
20752,1.1054264307022095,0gquyaos
20752,1.1368193626403809,ufsc2yts
20762,1.1335407495498657,0gquyaos
20762,1.099615216255188,ufsc2yts
20774,1.0861278772354126,0gquyaos
20774,1.1132383346557617,ufsc2yts
20779,1.0896278619766235,0gquyaos
20779,1.0742042064666748,ufsc2yts
20785,1.1102070808410645,0gquyaos
20785,1.100909948348999,ufsc2yts
20800,1.0684208869934082,0gquyaos
20800,1.1078420877456665,ufsc2yts
20817,1.1253451108932495,0gquyaos
20817,1.097869634628296,ufsc2yts
20844,1.0881434679031372,0gquyaos
20844,1.0597788095474243,ufsc2yts
20870,1.1198064088821411,0gquyaos
20870,1.1198630332946777,ufsc2yts
20875,1.0664548873901367,0gquyaos
20875,1.005187749862671,ufsc2yts
20883,1.0561726093292236,0gquyaos
20883,1.0798665285110474,ufsc2yts
20913,1.1020057201385498,0gquyaos
20913,1.0698606967926025,ufsc2yts
20943,1.1126608848571777,0gquyaos
20943,1.1089080572128296,ufsc2yts
20951,1.1019253730773926,0gquyaos
20951,1.078722596168518,ufsc2yts
20978,1.1358917951583862,0gquyaos
20978,1.1716336011886597,ufsc2yts
20981,1.0631871223449707,0gquyaos
20981,1.0911325216293335,ufsc2yts
20990,1.0668195486068726,0gquyaos
20990,1.060569167137146,ufsc2yts
21003,1.0383696556091309,0gquyaos
21003,1.1519311666488647,ufsc2yts
21029,1.0311343669891357,0gquyaos
21029,1.1529675722122192,ufsc2yts
21041,1.1527177095413208,0gquyaos
21041,1.130266785621643,ufsc2yts
21042,1.09590744972229,0gquyaos
21042,1.079469919204712,ufsc2yts
21073,1.1374566555023193,0gquyaos
21073,1.0876656770706177,ufsc2yts
21092,1.1269395351409912,0gquyaos
21092,1.053863763809204,ufsc2yts
21093,1.134902000427246,0gquyaos
21093,1.0908859968185425,ufsc2yts
21098,1.1211645603179932,0gquyaos
21098,1.1041542291641235,ufsc2yts
21109,1.0959810018539429,0gquyaos
21109,1.0787246227264404,ufsc2yts
21114,1.092087984085083,0gquyaos
21114,1.0893861055374146,ufsc2yts
21133,1.0998622179031372,0gquyaos
21133,1.0920687913894653,ufsc2yts
21166,1.1362494230270386,0gquyaos
21166,1.1000339984893799,ufsc2yts
21186,1.101208209991455,0gquyaos
21186,1.1238728761672974,ufsc2yts
21202,1.0670928955078125,0gquyaos
21202,1.0956928730010986,ufsc2yts
21244,1.1320470571517944,0gquyaos
21244,1.094726800918579,ufsc2yts
21250,1.128117322921753,0gquyaos
21250,1.1288682222366333,ufsc2yts
21279,1.0992646217346191,0gquyaos
21279,1.0846009254455566,ufsc2yts
21298,1.1122689247131348,0gquyaos
21298,1.1258901357650757,ufsc2yts
21314,1.082940936088562,0gquyaos
21314,1.1127731800079346,ufsc2yts
21319,1.0666165351867676,0gquyaos
21319,1.101436734199524,ufsc2yts
21361,1.08673095703125,0gquyaos
21361,1.0700277090072632,ufsc2yts
21364,1.1162258386611938,0gquyaos
21364,1.1199700832366943,ufsc2yts
21386,1.0998059511184692,0gquyaos
21386,1.0910708904266357,ufsc2yts
21419,1.0810998678207397,0gquyaos
21419,1.1019119024276733,ufsc2yts
21434,1.1251025199890137,0gquyaos
21434,1.1088790893554688,ufsc2yts
21448,1.1003328561782837,0gquyaos
21448,1.0963637828826904,ufsc2yts
21460,1.0537965297698975,0gquyaos
21460,1.079484462738037,ufsc2yts
21470,1.102418065071106,0gquyaos
21470,1.078202724456787,ufsc2yts
21497,1.079566478729248,0gquyaos
21497,1.1095079183578491,ufsc2yts
21512,1.0825883150100708,0gquyaos
21512,1.0746654272079468,ufsc2yts
21562,1.108141541481018,0gquyaos
21562,1.1206023693084717,ufsc2yts
21575,1.1048640012741089,0gquyaos
21575,1.1065305471420288,ufsc2yts
21622,1.130286455154419,0gquyaos
21622,1.1290265321731567,ufsc2yts
21634,1.070511817932129,0gquyaos
21634,1.085989236831665,ufsc2yts
21638,1.0577806234359741,0gquyaos
21638,1.0509660243988037,ufsc2yts
21660,1.1127601861953735,0gquyaos
21660,1.1492887735366821,ufsc2yts
21666,1.0887945890426636,0gquyaos
21666,1.1000230312347412,ufsc2yts
21680,1.0592830181121826,0gquyaos
21680,1.1025800704956055,ufsc2yts
21693,1.107244849205017,0gquyaos
21693,1.0800738334655762,ufsc2yts
21699,1.1221345663070679,0gquyaos
21699,1.0739690065383911,ufsc2yts
21775,1.099038004875183,0gquyaos
21775,1.1113293170928955,ufsc2yts
21781,1.0503735542297363,0gquyaos
21781,1.140830397605896,ufsc2yts
21852,1.1208287477493286,0gquyaos
21852,1.113893985748291,ufsc2yts
21859,1.0763109922409058,0gquyaos
21859,1.083428144454956,ufsc2yts
21872,1.1045266389846802,0gquyaos
21872,1.0487523078918457,ufsc2yts
21878,1.1075677871704102,0gquyaos
21878,1.06483793258667,ufsc2yts
21883,1.0852584838867188,0gquyaos
21883,1.1217526197433472,ufsc2yts
21924,1.0667837858200073,0gquyaos
21924,1.1225953102111816,ufsc2yts
21946,1.1162467002868652,0gquyaos
21946,1.0783978700637817,ufsc2yts
21951,1.067703127861023,0gquyaos
21951,1.1447542905807495,ufsc2yts
21954,1.106235146522522,0gquyaos
21954,1.1417721509933472,ufsc2yts
21959,1.1543067693710327,0gquyaos
21959,1.084465742111206,ufsc2yts
21971,1.0952755212783813,0gquyaos
21971,1.0704641342163086,ufsc2yts
21973,1.1098347902297974,0gquyaos
21973,1.1443995237350464,ufsc2yts
21975,1.0784038305282593,0gquyaos
21975,1.0899676084518433,ufsc2yts
21998,1.0654600858688354,0gquyaos
21998,1.0730762481689453,ufsc2yts
22013,1.1340733766555786,0gquyaos
22013,1.0786290168762207,ufsc2yts
22020,1.0830280780792236,0gquyaos
22020,1.0876320600509644,ufsc2yts
22058,1.0901416540145874,0gquyaos
22058,1.104322075843811,ufsc2yts
22068,1.095249056816101,0gquyaos
22068,1.1263766288757324,ufsc2yts
22083,1.098686695098877,0gquyaos
22083,1.1015812158584595,ufsc2yts
22159,1.118733525276184,0gquyaos
22159,1.1055313348770142,ufsc2yts
22173,1.0976624488830566,0gquyaos
22173,1.056483268737793,ufsc2yts
22180,1.117578387260437,0gquyaos
22180,1.075905442237854,ufsc2yts
22202,1.0750808715820312,0gquyaos
22202,1.0250341892242432,ufsc2yts
22211,1.0577106475830078,0gquyaos
22211,1.1046043634414673,ufsc2yts
22220,1.1246062517166138,0gquyaos
22220,1.1099642515182495,ufsc2yts
22255,1.0929561853408813,0gquyaos
22255,1.0629342794418335,ufsc2yts
22273,1.0849765539169312,0gquyaos
22273,1.0109338760375977,ufsc2yts
22287,1.0791341066360474,0gquyaos
22287,1.117152452468872,ufsc2yts
22294,1.0953984260559082,0gquyaos
22294,1.041882872581482,ufsc2yts
22301,1.107072114944458,0gquyaos
22301,1.1169575452804565,ufsc2yts
22347,1.0939462184906006,0gquyaos
22347,1.06647527217865,ufsc2yts
22393,1.0957573652267456,0gquyaos
22393,1.0612173080444336,ufsc2yts
22396,1.0471478700637817,0gquyaos
22396,1.109856367111206,ufsc2yts
22399,1.0850800275802612,0gquyaos
22399,1.0777366161346436,ufsc2yts
22404,1.0941967964172363,0gquyaos
22404,1.1045070886611938,ufsc2yts
22418,1.1073662042617798,0gquyaos
22418,1.0896302461624146,ufsc2yts
22433,1.0601248741149902,0gquyaos
22433,1.0725102424621582,ufsc2yts
22437,1.1289176940917969,0gquyaos
22437,1.1318004131317139,ufsc2yts
22439,1.1035031080245972,0gquyaos
22439,1.0806835889816284,ufsc2yts
22458,1.1147183179855347,0gquyaos
22458,1.1313141584396362,ufsc2yts
22460,1.0873950719833374,0gquyaos
22460,1.125449776649475,ufsc2yts
22461,1.0776571035385132,0gquyaos
22461,1.0993566513061523,ufsc2yts
22467,1.1440397500991821,0gquyaos
22467,1.1310768127441406,ufsc2yts
22476,1.0799057483673096,0gquyaos
22476,1.0630642175674438,ufsc2yts
22486,1.1205956935882568,0gquyaos
22486,1.119352102279663,ufsc2yts
22528,1.0994166135787964,0gquyaos
22528,1.09676992893219,ufsc2yts
22529,1.057989478111267,0gquyaos
22529,1.1432385444641113,ufsc2yts
22544,1.0822153091430664,0gquyaos
22544,1.0765811204910278,ufsc2yts
22556,1.1164605617523193,0gquyaos
22556,1.0631370544433594,ufsc2yts
22575,1.093821406364441,0gquyaos
22575,1.100392460823059,ufsc2yts
22616,1.1051080226898193,0gquyaos
22616,1.099128007888794,ufsc2yts
22640,1.0616834163665771,0gquyaos
22640,1.0904804468154907,ufsc2yts
22675,1.0892295837402344,0gquyaos
22675,1.1042019128799438,ufsc2yts
22683,1.1301171779632568,0gquyaos
22683,1.058746337890625,ufsc2yts
22684,1.0813095569610596,0gquyaos
22684,1.0551748275756836,ufsc2yts
22699,1.1085608005523682,0gquyaos
22699,1.0620989799499512,ufsc2yts
22718,1.084920048713684,0gquyaos
22718,1.107042670249939,ufsc2yts
22727,1.099273920059204,0gquyaos
22727,1.0808985233306885,ufsc2yts
22733,1.0651229619979858,0gquyaos
22733,1.111858606338501,ufsc2yts
22734,1.103025197982788,0gquyaos
22734,1.0988991260528564,ufsc2yts
22745,1.0783159732818604,0gquyaos
22745,1.0887997150421143,ufsc2yts
22755,1.1405078172683716,0gquyaos
22755,1.123548984527588,ufsc2yts
22767,1.0350605249404907,0gquyaos
22767,1.1133767366409302,ufsc2yts
22768,1.1017979383468628,0gquyaos
22768,1.0832206010818481,ufsc2yts
22800,1.1016830205917358,0gquyaos
22800,1.1427167654037476,ufsc2yts
22842,1.103104829788208,0gquyaos
22842,1.0901622772216797,ufsc2yts
22857,1.1086853742599487,0gquyaos
22857,1.0946837663650513,ufsc2yts
22858,1.0767658948898315,0gquyaos
22858,1.0714612007141113,ufsc2yts
22882,1.138597846031189,0gquyaos
22882,1.0966843366622925,ufsc2yts
22913,1.1113967895507812,0gquyaos
22913,1.0427460670471191,ufsc2yts
22917,1.0543618202209473,0gquyaos
22917,1.1390796899795532,ufsc2yts
22944,1.066496729850769,0gquyaos
22944,1.1012239456176758,ufsc2yts
22970,1.1358458995819092,0gquyaos
22970,1.1109191179275513,ufsc2yts
22985,1.0468415021896362,0gquyaos
22985,1.146270990371704,ufsc2yts
22995,1.1017228364944458,0gquyaos
22995,1.0697088241577148,ufsc2yts
23007,1.1051831245422363,0gquyaos
23007,1.0732992887496948,ufsc2yts
23017,1.1279971599578857,0gquyaos
23017,1.0727663040161133,ufsc2yts
23034,1.102176547050476,0gquyaos
23034,1.120449185371399,ufsc2yts
23042,1.1333221197128296,0gquyaos
23042,1.1132277250289917,ufsc2yts
23044,1.0620373487472534,0gquyaos
23044,1.0801414251327515,ufsc2yts
23049,1.0638232231140137,0gquyaos
23049,1.0866353511810303,ufsc2yts
23058,1.0842660665512085,0gquyaos
23058,1.0846991539001465,ufsc2yts
23061,1.0902458429336548,0gquyaos
23061,1.1440192461013794,ufsc2yts
23104,1.1056339740753174,0gquyaos
23104,1.0736913681030273,ufsc2yts
23113,1.098635196685791,0gquyaos
23113,1.0568335056304932,ufsc2yts
23125,1.1193128824234009,0gquyaos
23125,1.0707930326461792,ufsc2yts
23128,1.1021935939788818,0gquyaos
23128,1.1191742420196533,ufsc2yts
23137,1.0566121339797974,0gquyaos
23137,1.1240789890289307,ufsc2yts
23180,1.0855977535247803,0gquyaos
23180,1.092911958694458,ufsc2yts
23186,1.1518763303756714,0gquyaos
23186,1.0614798069000244,ufsc2yts
23234,1.0618867874145508,0gquyaos
23234,1.122941017150879,ufsc2yts
23259,1.1265678405761719,0gquyaos
23259,1.0576115846633911,ufsc2yts
23261,1.0639351606369019,0gquyaos
23261,1.0679724216461182,ufsc2yts
23302,1.106978178024292,0gquyaos
23302,1.1442829370498657,ufsc2yts
23327,1.1384589672088623,0gquyaos
23327,1.1579866409301758,ufsc2yts
23341,1.014857530593872,0gquyaos
23341,1.0724990367889404,ufsc2yts
23346,1.1105821132659912,0gquyaos
23346,1.081246018409729,ufsc2yts
23350,1.1334203481674194,0gquyaos
23350,1.1273647546768188,ufsc2yts
23357,1.0848215818405151,0gquyaos
23357,1.0555099248886108,ufsc2yts
23381,1.1171520948410034,0gquyaos
23381,1.0858933925628662,ufsc2yts
23388,1.0862277746200562,0gquyaos
23388,1.0977329015731812,ufsc2yts
23389,1.1667304039001465,0gquyaos
23389,1.1241934299468994,ufsc2yts
23451,1.0802091360092163,0gquyaos
23451,1.0599961280822754,ufsc2yts
23455,1.1013919115066528,0gquyaos
23455,1.1344488859176636,ufsc2yts
23469,1.0881688594818115,0gquyaos
23469,1.076224446296692,ufsc2yts
23476,1.0770008563995361,0gquyaos
23476,1.1426291465759277,ufsc2yts
23484,1.116565465927124,0gquyaos
23484,1.1182361841201782,ufsc2yts
23501,1.0390371084213257,0gquyaos
23501,1.0516345500946045,ufsc2yts
23508,1.0876972675323486,0gquyaos
23508,1.0963464975357056,ufsc2yts
23535,1.070302128791809,0gquyaos
23535,1.1291825771331787,ufsc2yts
23548,1.0839011669158936,0gquyaos
23548,1.026930332183838,ufsc2yts
23568,1.0993094444274902,0gquyaos
23568,1.0764245986938477,ufsc2yts
23585,1.0807175636291504,0gquyaos
23585,1.0656334161758423,ufsc2yts
23637,1.1104809045791626,0gquyaos
23637,1.0779681205749512,ufsc2yts
23640,1.1567457914352417,0gquyaos
23640,1.1141574382781982,ufsc2yts
23658,1.0848160982131958,0gquyaos
23658,1.1009531021118164,ufsc2yts
23665,1.1042778491973877,0gquyaos
23665,1.0898833274841309,ufsc2yts
23679,1.1052992343902588,0gquyaos
23679,1.0391846895217896,ufsc2yts
23691,1.0807257890701294,0gquyaos
23691,1.0750304460525513,ufsc2yts
23722,1.0985747575759888,0gquyaos
23722,1.0983413457870483,ufsc2yts
23731,1.143303632736206,0gquyaos
23731,1.0073809623718262,ufsc2yts
23751,1.0855369567871094,0gquyaos
23751,1.1306416988372803,ufsc2yts
23764,1.0671299695968628,0gquyaos
23764,1.058719277381897,ufsc2yts
23771,1.0517091751098633,0gquyaos
23771,1.1170092821121216,ufsc2yts
23780,1.0810999870300293,0gquyaos
23780,1.0917751789093018,ufsc2yts
23808,1.094306230545044,0gquyaos
23808,1.1265417337417603,ufsc2yts
23822,1.1189045906066895,0gquyaos
23822,1.1269375085830688,ufsc2yts
23823,1.0707484483718872,0gquyaos
23823,1.071393370628357,ufsc2yts
23832,1.1526410579681396,0gquyaos
23832,1.0768707990646362,ufsc2yts
23835,1.0856159925460815,0gquyaos
23835,1.1551060676574707,ufsc2yts
23839,1.0915879011154175,0gquyaos
23839,1.0552330017089844,ufsc2yts
